Date,Adj Close,Close,High,Low,Open,Volume,Company
2020-01-01,427.9308776855469,444.9461364746094,452.0134582519531,441.4615478515625,447.64544677734375,5154996,Airtel
2020-01-02,429.72454833984375,446.8111267089844,450.9337158203125,445.1424560546875,445.73138427734375,4933053,Airtel
2020-01-03,429.6300964355469,446.71295166015625,450.7373962402344,443.1793212890625,447.3019104003906,5154587,Airtel
2020-01-06,424.4851379394531,441.3634033203125,449.0196533203125,436.4555358886719,445.5350646972656,7538915,Airtel
2020-01-07,420.1897583007813,436.8972473144531,446.9092712402344,434.9341125488281,443.6701049804688,4353883,Airtel
2020-01-08,433.1702575683594,450.3938598632813,452.25885009765625,432.23480224609375,434.4433288574219,14118818,Airtel
2020-01-09,434.3502807617188,451.6208190917969,466.1971435546875,446.9092712402344,459.7678527832031,18180867,Airtel
2020-01-10,431.4237976074219,448.5779418945313,457.3630065917969,445.8295593261719,456.2341918945313,37724966,Airtel
2020-01-13,442.6578063964844,460.2586364746094,461.6328430175781,445.8786315917969,450.54107666015625,15206224,Airtel
2020-01-14,443.0826416015625,460.7003479003906,463.9395446777344,458.00103759765625,460.2586364746094,8238486,Airtel
2020-01-15,441.6665649414063,459.2279968261719,463.301513671875,456.4305114746094,460.84759521484375,10875259,Airtel
2020-01-16,447.3779602050781,465.16650390625,468.1602783203125,459.375244140625,460.5531005859375,16290593,Airtel
2020-01-17,472.06451416015625,490.8345947265625,494.5154724121094,466.3443908691406,466.3443908691406,61915666,Airtel
2020-01-20,480.2303771972656,499.3251647949219,503.25146484375,485.1414794921875,489.8039245605469,45298836,Airtel
2020-01-21,483.1097106933594,502.3189697265625,505.5090637207031,495.1044006347656,500.6012268066406,65202963,Airtel
2020-01-22,485.7057495117188,505.0182800292969,514.0978393554688,497.3620300292969,505.263671875,20285793,Airtel
2020-01-23,494.3436584472656,513.9996337890625,516.3063354492188,502.9078979492188,505.5090637207031,15772863,Airtel
2020-01-24,494.91015625,514.588623046875,517.6314697265625,504.67474365234375,510.90771484375,23824625,Airtel
2020-01-27,485.6114196777344,504.9201354980469,514.4413452148438,502.4661865234375,511.5457153320313,11856786,Airtel
2020-01-28,463.7569580078125,482.1967468261719,504.9201354980469,477.14166259765625,504.87103271484375,31674769,Airtel
2020-01-29,462.8129577636719,481.2151794433594,492.1596984863281,479.2520446777344,484.0126647949219,20037283,Airtel
2020-01-30,462.3880920410156,480.7734680175781,483.81634521484375,471.2522277832031,482.9329223632813,15337903,Airtel
2020-01-31,468.66595458984375,487.3009338378906,490.1965637207031,478.0250854492188,484.1108093261719,18356252,Airtel
2020-02-03,481.50482177734375,500.6502990722656,503.8894653320313,486.9082946777344,486.9082946777344,15212799,Airtel
2020-02-04,489.8595581054688,509.3371887207031,512.968994140625,494.17193603515625,504.5274963378906,14646591,Airtel
2020-02-05,503.5008239746094,523.5208740234375,527.5944213867188,506.2943115234375,508.4537658691406,30647706,Airtel
2020-02-06,516.1981201171875,536.7230224609375,542.6124267578125,524.257080078125,525.1895751953125,17180298,Airtel
2020-02-07,509.2594299316406,529.5084838867188,538.8825073242188,528.33056640625,538.7843017578125,8967847,Airtel
2020-02-10,508.5513610839844,528.7722778320312,533.631103515625,526.22021484375,530.24462890625,8570467,Airtel
2020-02-11,504.3976745605469,524.453369140625,534.6126708984375,522.9319458007812,529.5575561523438,6622800,Airtel
2020-02-12,509.4009704589844,529.6557006835938,532.3550415039062,525.1405029296875,526.1220703125,5160923,Airtel
2020-02-13,509.7314758300781,529.999267578125,532.7476806640625,521.9503784179688,529.7538452148438,5729055,Airtel
2020-02-14,533.3795776367188,554.587646484375,557.0906372070312,524.404296875,534.8580322265625,37517890,Airtel
2020-02-17,533.2378540039062,554.4403686523438,558.2194213867188,546.2442626953125,554.5385131835938,23354434,Airtel
2020-02-18,517.5669555664062,538.1463012695312,558.3666381835938,527.3980712890625,552.968017578125,21865560,Airtel
2020-02-19,512.9884033203125,533.3856811523438,543.397705078125,528.8213500976562,538.9806518554688,22088140,Airtel
2020-02-20,515.0652465820312,535.545166015625,541.8272094726562,528.6741333007812,533.68017578125,16010058,Airtel
2020-02-24,500.2439270019531,520.1344604492188,532.060546875,517.3860473632812,532.011474609375,9834434,Airtel
2020-02-25,505.2944946289063,525.3858642578125,528.0361328125,521.1651000976562,523.1773681640625,9804202,Airtel
2020-02-26,505.9553527832031,526.072998046875,529.4594116210938,510.7113952636719,522.8828735351562,18965240,Airtel
2020-02-27,501.89593505859375,521.8522338867188,525.9747924804688,517.2879028320312,524.8460083007812,11381143,Airtel
2020-02-28,494.20208740234375,513.8524169921875,518.662109375,504.0367126464844,515.2266235351562,16934165,Airtel
2020-03-02,489.3403015136719,508.7973327636719,526.1220703125,502.4171142578125,524.158935546875,10096159,Airtel
2020-03-03,491.6531982421875,511.2021789550781,523.5208740234375,504.67474365234375,514.3432006835938,10563605,Airtel
2020-03-04,487.8298645019531,507.226806640625,522.9810180664062,498.0491333007813,515.3247680664062,18066379,Airtel
2020-03-05,497.4117736816406,517.1897583007812,520.9197387695312,507.128662109375,513.1653442382812,14344961,Airtel
2020-03-06,490.0955505371094,509.5825805664063,513.9996337890625,502.02447509765625,508.2083740234375,9503868,Airtel
2020-03-09,468.4771423339844,487.1046142578125,502.5643615722656,482.00042724609375,500.6012268066406,15664232,Airtel
2020-03-11,466.164306640625,484.6997680664063,499.12884521484375,478.0250854492188,478.0250854492188,21401999,Airtel
2020-03-12,438.9288940429688,456.3814392089844,472.6264343261719,450.7373962402344,469.6817321777344,14471096,Airtel
2020-03-13,464.3233642578125,482.7857055664063,499.6687316894531,412.25982666015625,445.4369201660156,24254296,Airtel
2020-03-16,438.7872314453125,456.2341918945313,483.8654174804688,447.7436218261719,463.5469055175781,14936276,Airtel
2020-03-17,429.2525329589844,446.3203430175781,472.1356506347656,436.16107177734375,456.4305114746094,12629709,Airtel
2020-03-18,401.7339172363281,417.7075500488281,469.9761962890625,399.9411010742188,451.5226745605469,29342689,Airtel
2020-03-19,419.8594055175781,436.5537109375,443.3265380859375,355.08331298828125,408.7752380371094,24017236,Airtel
2020-03-20,436.757568359375,454.1238098144531,463.301513671875,428.60296630859375,436.7991027832031,19758966,Airtel
2020-03-23,384.552490234375,399.8429565429688,437.4862060546875,392.1376037597656,408.7261657714844,14907385,Airtel
2020-03-24,381.4371643066406,396.603759765625,429.7808532714844,392.775634765625,403.3275146484375,12947855,Airtel
2020-03-25,405.085205078125,421.1921081542969,430.1734924316406,398.1252136230469,399.05767822265625,14093189,Airtel
2020-03-26,444.3570556640625,462.0254821777344,484.356201171875,412.5052185058594,418.6400451660156,22302573,Airtel
2020-03-27,423.8243103027344,440.6763000488281,466.0499267578125,429.4373168945313,462.0254821777344,16378409,Airtel
2020-03-30,406.9260864257813,423.1061706542969,441.0198669433594,420.1123962402344,435.6702880859375,10210726,Airtel
2020-03-31,416.2248229980469,432.774658203125,438.7622375488281,416.1860961914063,432.872802734375,17059457,Airtel
2020-04-01,397.7689514160156,413.5849304199219,431.8912353515625,404.7998962402344,431.8912353515625,9646905,Airtel
2020-04-03,400.2234191894531,416.1370239257813,424.0386657714844,407.94091796875,424.0386657714844,14419445,Airtel
2020-04-07,443.8850402832031,461.5346984863281,476.7981262207031,425.16748046875,425.16748046875,15553539,Airtel
2020-04-08,435.8135070800781,453.1422424316406,482.0495300292969,444.6516723632813,465.6082153320313,13639333,Airtel
2020-04-09,461.3496398925781,479.6937561035156,483.2274169921875,462.3199462890625,462.3199462890625,11962829,Airtel
2020-04-13,483.5345153808594,502.76068115234375,511.3003234863281,481.9513549804688,481.9513549804688,24416550,Airtel
2020-04-15,481.9296875,501.0920104980469,526.072998046875,495.742431640625,524.10986328125,26277115,Airtel
2020-04-16,472.4420471191406,491.2272033691406,503.5459289550781,488.184326171875,490.7854919433594,17401120,Airtel
2020-04-17,474.33013916015625,493.1903381347656,503.0551452636719,489.0186767578125,501.5827941894531,16430317,Airtel
2020-04-20,462.8601379394531,481.2642517089844,498.3435974121094,477.9269104003906,498.3435974121094,11688508,Airtel
2020-04-21,472.4892883300781,491.2762756347656,494.5154724121094,470.3197326660156,475.0803527832031,15781695,Airtel
2020-04-22,473.33892822265625,492.1596984863281,507.5213012695313,482.9820251464844,506.4906311035156,18447565,Airtel
2020-04-23,468.2411193847656,486.8592224121094,497.9509582519531,482.00042724609375,492.6014099121094,12767355,Airtel
2020-04-24,466.589111328125,485.1414794921875,489.8039245605469,475.5220642089844,485.7794799804688,12161869,Airtel
2020-04-27,466.4002685546875,484.9451599121094,493.779296875,482.0495300292969,488.8714294433594,10074370,Airtel
2020-04-28,458.4703979492188,476.699951171875,488.2825012207031,475.1785278320313,488.2825012207031,11729091,Airtel
2020-04-29,468.2411193847656,486.8592224121094,489.2149963378906,478.07415771484375,481.90228271484375,8371711,Airtel
2020-04-30,485.5169677734375,504.8219604492188,506.4415588378906,486.073974609375,493.828369140625,20170888,Airtel
2020-05-04,502.6984252929688,522.6865844726562,530.04833984375,490.6873474121094,493.1903381347656,34658164,Airtel
2020-05-05,498.4974060058594,518.3185424804688,543.495849609375,516.3554077148438,528.085205078125,30498970,Airtel
2020-05-06,515.4428100585938,535.937744140625,541.287353515625,520.28173828125,521.9503784179688,26074684,Airtel
2020-05-07,498.4974060058594,518.3185424804688,535.2997436523438,514.784912109375,535.2997436523438,15823732,Airtel
2020-05-08,500.3855285644531,520.28173828125,535.741455078125,518.56396484375,530.04833984375,13847608,Airtel
2020-05-11,506.1912841796875,526.318359375,538.3917236328125,522.2939453125,523.2264404296875,14490804,Airtel
2020-05-12,528.5177001953125,549.5325317382812,553.6060180664062,520.723388671875,523.1773681640625,23041211,Airtel
2020-05-13,524.8360595703125,545.7044067382812,559.2500610351562,539.1769409179688,557.9249877929688,21509772,Airtel
2020-05-14,509.6370544433594,529.901123046875,552.1336669921875,525.2386474609375,540.9437866210938,13428330,Airtel
2020-05-15,523.0895385742188,543.8884887695312,546.6369018554688,529.4594116210938,533.4838256835938,14758117,Airtel
2020-05-18,507.9378356933594,528.13427734375,548.6981811523438,525.3367919921875,546.6369018554688,21991328,Airtel
2020-05-19,565.287841796875,587.7647094726562,592.3781127929688,546.7350463867188,548.2073974609375,73259076,Airtel
2020-05-20,560.8037109375,583.1022338867188,600.721435546875,577.752685546875,593.8504638671875,36412918,Airtel
2020-05-21,561.2757568359375,583.593017578125,593.3596801757812,574.6116943359375,579.61767578125,20673544,Airtel
2020-05-22,560.0012817382812,582.2679443359375,586.3905029296875,576.1821899414062,585.9978637695312,11630640,Airtel
2020-05-26,527.9512939453125,548.943603515625,565.8265991210938,547.27490234375,561.4586181640625,77933211,Airtel
2020-05-27,531.5858154296875,552.72265625,555.1275024414062,543.6431274414062,550.6613159179688,22948762,Airtel
2020-05-28,531.2554931640625,552.3790893554688,557.5323486328125,545.7534790039062,554.2440795898438,16574283,Airtel
2020-05-29,521.6734619140625,542.4161376953125,553.6060180664062,533.7783203125,547.7166137695312,55206200,Airtel
2020-06-01,527.762451171875,548.7472534179688,551.2993774414062,540.0112915039062,548.6981811523438,40024637,Airtel
2020-06-02,526.8656616210938,547.8147583007812,561.7531127929688,545.8516235351562,552.6244506835938,32573015,Airtel
2020-06-03,520.776611328125,541.483642578125,557.8267822265625,539.1278686523438,557.5323486328125,29783799,Airtel
2020-06-04,540.41259765625,561.9003295898438,574.6116943359375,539.42236328125,542.1216430664062,30007267,Airtel
2020-06-05,551.6465454101562,573.5809936523438,579.1268920898438,556.9924926757812,573.2374877929688,48771843,Airtel
2020-06-08,552.40185546875,574.3662719726562,582.7587280273438,568.5259399414062,577.1637573242188,20813563,Airtel
2020-06-09,536.0228271484375,557.3359985351562,580.7464599609375,555.2747192382812,569.3111572265625,15219451,Airtel
2020-06-10,535.3619995117188,556.64892578125,565.3848876953125,552.673583984375,560.47705078125,19489440,Airtel
2020-06-11,520.9655151367188,541.679931640625,563.2254638671875,536.6248779296875,559.4954833984375,27803048,Airtel
2020-06-12,528.7537841796875,549.7778930664062,551.6428833007812,530.04833984375,530.04833984375,19224358,Airtel
2020-06-15,519.8798828125,540.5511474609375,553.3606567382812,538.8825073242188,545.7534790039062,13838935,Airtel
2020-06-16,514.4044189453125,534.8580322265625,548.99267578125,527.1036376953125,547.7166137695312,19430678,Airtel
2020-06-17,531.9161987304688,553.066162109375,555.0784301757812,531.0299072265625,536.7720947265625,20916747,Airtel
2020-06-18,529.5089721679688,550.5631713867188,562.342041015625,547.9129638671875,553.8514404296875,19692591,Airtel
2020-06-19,540.4597778320312,561.9494018554688,567.5443725585938,550.6613159179688,551.5447387695312,41924711,Airtel
2020-06-22,548.5313720703125,570.3418579101562,577.1637573242188,559.8881225585938,565.1885986328125,12954502,Airtel
2020-06-23,546.4071655273438,568.13330078125,573.826416015625,563.7653198242188,570.3418579101562,9944839,Airtel
2020-06-24,526.15771484375,547.07861328125,571.2743530273438,544.7719116210938,570.292724609375,12619809,Airtel
2020-06-25,527.7152709960938,548.6981811523438,553.3115844726562,539.8640747070312,543.6921997070312,15881470,Airtel
2020-06-26,529.0369262695312,550.0723876953125,555.9617919921875,546.8822631835938,549.6797485351562,11317405,Airtel
2020-06-29,535.3619995117188,556.64892578125,558.46484375,541.0419311523438,548.6000366210938,13162970,Airtel
2020-06-30,528.5177001953125,549.5325317382812,566.366455078125,547.127685546875,561.4586181640625,13182057,Airtel
2020-07-01,528.8009643554688,549.8270263671875,564.4033203125,548.0111083984375,564.4033203125,13894655,Airtel
2020-07-02,527.1961059570312,548.1583251953125,556.55078125,547.323974609375,554.3912963867188,13795692,Airtel
2020-07-03,548.9088134765625,570.7344360351562,572.6976318359375,550.2686767578125,551.4465942382812,21005887,Airtel
2020-07-06,544.330322265625,565.9738159179688,578.4398193359375,564.452392578125,576.7711181640625,16114629,Airtel
2020-07-07,535.4091186523438,556.697998046875,571.86328125,555.6182861328125,568.32958984375,12759442,Airtel
2020-07-08,529.8865966796875,550.955810546875,563.4217529296875,548.6981811523438,561.4586181640625,9581306,Airtel
2020-07-09,536.8252563476562,558.1703491210938,559.7408447265625,549.9742431640625,553.6060180664062,8611659,Airtel
2020-07-10,542.53662109375,564.1088256835938,568.32958984375,555.2256469726562,558.612060546875,13532330,Airtel
2020-07-13,553.9594116210938,575.98583984375,578.1453247070312,559.4954833984375,563.9125366210938,16660491,Airtel
2020-07-14,556.36669921875,578.4888916015625,585.8015747070312,567.8878784179688,573.728271484375,32935464,Airtel
2020-07-15,532.0579223632812,553.2134399414062,578.0962524414062,549.336181640625,578.0962524414062,20062926,Airtel
2020-07-16,531.2554931640625,552.3790893554688,555.7655029296875,543.1032104492188,555.4710083007812,11528871,Airtel
2020-07-17,535.0316162109375,556.3053588867188,563.3236083984375,551.3975219726562,552.72265625,12189475,Airtel
2020-07-20,543.5279541015625,565.1395263671875,571.76513671875,557.1397094726562,560.47705078125,9789671,Airtel
2020-07-21,535.9755859375,557.2869262695312,573.0411376953125,555.9127197265625,569.3111572265625,12005925,Airtel
2020-07-22,537.2972412109375,558.6611328125,564.8941040039062,552.4281616210938,557.5323486328125,11034525,Airtel
2020-07-23,535.4564208984375,556.7470703125,565.1395263671875,553.6060180664062,559.4954833984375,9718786,Airtel
2020-07-24,528.1400756835938,549.139892578125,556.943359375,545.16455078125,554.587646484375,9960443,Airtel
2020-07-27,528.187255859375,549.18896484375,553.3606567382812,534.1218872070312,547.9129638671875,10895560,Airtel
2020-07-28,533.0018310546875,554.1950073242188,563.6671752929688,545.06640625,548.2073974609375,14210206,Airtel
2020-07-29,534.5123291015625,555.7655029296875,558.6611328125,549.9251708984375,554.8330078125,9979767,Airtel
2020-07-30,521.7678833007812,542.5142822265625,569.7528686523438,533.0421142578125,565.3848876953125,45326361,Airtel
2020-07-31,523.797607421875,544.6246948242188,548.99267578125,536.2322387695312,540.7474365234375,13917435,Airtel
2020-08-03,516.71728515625,537.2628784179688,546.2442626953125,536.3303833007812,544.2811279296875,9392745,Airtel
2020-08-04,518.2749633789062,538.8825073242188,543.15234375,535.79052734375,537.9009399414062,12035116,Airtel
2020-08-05,527.6681518554688,548.6491088867188,550.1705322265625,536.4776611328125,541.8272094726562,12920232,Airtel
2020-08-06,526.1048583984375,545.06640625,551.3484497070312,542.4652099609375,551.3484497070312,10620956,Airtel
2020-08-07,531.3157348632812,550.4650268554688,553.01708984375,541.8762817382812,545.7534790039062,7346008,Airtel
2020-08-10,529.4682006835938,548.5509643554688,554.587646484375,544.5756225585938,553.9005126953125,9594610,Airtel
2020-08-11,522.1256713867188,540.9437866210938,550.1705322265625,540.0603637695312,547.7166137695312,8290695,Airtel
2020-08-12,518.9044189453125,537.6064453125,550.90673828125,535.2997436523438,539.8640747070312,12613101,Airtel
2020-08-13,507.2037658691406,525.4840087890625,538.1953735351562,514.588623046875,524.158935546875,37464752,Airtel
2020-08-14,500.8086242675781,518.8584594726562,532.8458251953125,515.3247680664062,532.8458251953125,18550546,Airtel
2020-08-17,493.9871520996094,511.7911071777344,522.6865844726562,508.5519409179688,520.7725219726562,19369462,Airtel
2020-08-18,498.6295776367188,516.600830078125,519.3492431640625,510.5641479492188,512.4291381835938,13771669,Airtel
2020-08-19,507.6773986816406,525.9747924804688,529.9501953125,517.3860473632812,519.2510375976562,17395288,Airtel
2020-08-20,497.9189453125,515.8646240234375,523.7662963867188,513.067138671875,521.2142333984375,13690809,Airtel
2020-08-21,492.8976135253906,510.6623229980469,520.0363159179688,506.4906311035156,520.0363159179688,22244899,Airtel
2020-08-24,499.1979675292969,517.1897583007812,522.58837890625,498.8343811035156,508.3556213378906,29714401,Airtel
2020-08-25,500.8560180664063,518.9075317382812,525.7785034179688,516.3063354492188,524.6497192382812,19881871,Airtel
2020-08-26,487.4499206542969,505.0182800292969,518.662109375,502.5643615722656,518.662109375,26386996,Airtel
2020-08-27,484.2760314941406,501.7300109863281,508.944580078125,498.6380615234375,504.9201354980469,22268191,Airtel
2020-08-28,495.9293823242188,513.8033447265625,519.7909545898438,502.6625061035156,502.6625061035156,22217757,Airtel
2020-08-31,486.12353515625,503.6440734863281,512.674560546875,499.1779479980469,508.944580078125,190329697,Airtel
2020-09-01,517.5306396484375,536.1831665039062,545.213623046875,504.7238159179688,507.9629821777344,75732733,Airtel
2020-09-02,521.6045532226562,540.4039306640625,548.6981811523438,535.0543823242188,539.8640747070312,35680638,Airtel
2020-09-03,509.7144470214844,528.085205078125,542.7106323242188,525.7785034179688,540.4039306640625,25084656,Airtel
2020-09-04,495.6451110839844,513.5088500976562,528.085205078125,509.9261474609375,521.7050170898438,28610361,Airtel
2020-09-07,488.3499755859375,505.9507751464844,518.2694702148438,500.8956909179688,515.3247680664062,16450037,Airtel
2020-09-08,471.9122009277344,488.9205322265625,507.3249816894531,484.8960876464844,506.4906311035156,33745174,Airtel
2020-09-09,477.7388610839844,494.9571838378906,497.3129577636719,482.0495300292969,484.159912109375,32068518,Airtel
2020-09-10,471.20159912109375,488.184326171875,498.6380615234375,482.1476745605469,498.6380615234375,21400064,Airtel
2020-09-11,465.8013305664063,482.5893859863281,493.1903381347656,479.5465087890625,490.098388671875,15888599,Airtel
2020-09-14,449.1739807128906,465.3628234863281,488.086181640625,459.6697082519531,486.8592224121094,53032505,Airtel
2020-09-15,460.0220031738281,476.601806640625,478.6630859375,461.387451171875,466.3934631347656,31436333,Airtel
2020-09-16,456.4217834472656,472.871826171875,481.6568908691406,471.6939392089844,478.0250854492188,13379581,Airtel
2020-09-17,453.81634521484375,470.1725158691406,473.4607849121094,465.2646484375,471.1540832519531,13750507,Airtel
2020-09-18,468.548828125,485.4359436035156,488.4788208007813,466.5407104492188,474.0987854003906,55830089,Airtel
2020-09-21,443.1578369140625,459.12982177734375,486.8592224121094,452.7496337890625,486.8592224121094,23162880,Airtel
2020-09-22,446.1895751953125,462.2708740234375,469.6817321777344,452.5042419433594,459.8660278320313,18950065,Airtel
2020-09-23,410.9927673339844,425.8055114746094,458.3936462402344,416.08795166015625,458.3936462402344,86810146,Airtel
2020-09-24,397.255126953125,411.5727233886719,425.5110168457031,408.4807739257813,417.4130554199219,36458719,Airtel
2020-09-25,416.53521728515625,431.5476989746094,436.7500305175781,414.3702087402344,417.1676635742188,34232784,Airtel
2020-09-28,420.3248901367188,435.4739685058594,439.4002685546875,426.0509033203125,437.7806701660156,21445626,Airtel
2020-09-29,412.6981201171875,427.57232666015625,436.3573913574219,421.5847473144531,435.8175354003906,18187111,Airtel
2020-09-30,398.818359375,413.19232177734375,432.2838745117188,410.4439086914063,429.9281005859375,27686374,Airtel
2020-10-01,409.6190185546875,424.3822326660156,426.59075927734375,415.8425598144531,418.1492614746094,13593932,Airtel
2020-10-05,402.1343688964844,416.6278076171875,429.4373168945313,415.20452880859375,424.3822326660156,15282146,Airtel
2020-10-06,404.3134460449219,418.8854370117188,422.0755310058594,415.3027038574219,419.1308288574219,11078299,Airtel
2020-10-07,400.2395324707031,414.6646728515625,423.7932739257813,413.3395385742188,419.91607666015625,10393534,Airtel
2020-10-08,402.1343688964844,416.6278076171875,427.4741821289063,411.37640380859375,418.1492614746094,17018635,Airtel
2020-10-09,402.8449096679688,417.3639831542969,426.9833984375,415.4989929199219,420.1123962402344,20948615,Airtel
2020-10-12,393.228515625,407.4010314941406,422.6644592285156,404.260009765625,420.1123962402344,14326607,Airtel
2020-10-13,393.4654235839844,407.64642333984375,419.6216125488281,405.4869689941406,413.3886413574219,28303313,Airtel
2020-10-14,391.523193359375,405.63421630859375,411.76904296875,403.72015380859375,408.7261657714844,14374547,Airtel
2020-10-15,378.2118835449219,391.8431396484375,407.8427429199219,387.7205505371094,405.7814636230469,28378188,Airtel
2020-10-16,380.5330505371094,394.24798583984375,399.79388427734375,391.0088195800781,396.9963989257813,23786283,Airtel
2020-10-19,376.7907409667969,390.3707885742188,397.1927185058594,386.7389831542969,396.1129760742188,17237471,Airtel
2020-10-20,383.7069396972656,397.5362548828125,405.5851440429688,389.6346130371094,390.3707885742188,26395238,Airtel
2020-10-21,396.9708862304688,411.27825927734375,412.4561462402344,396.1129760742188,398.2233581542969,23929199,Airtel
2020-10-22,408.0083923339844,422.7135620117188,424.3822326660156,410.2966918945313,411.27825927734375,27014551,Airtel
2020-10-23,411.5612182617188,426.3944396972656,429.5354614257813,419.42529296875,426.8852233886719,18512271,Airtel
2020-10-26,411.2296447753906,426.0509033203125,431.3513793945313,420.1123962402344,426.3453674316406,11956996,Airtel
2020-10-27,410.56640625,425.3638000488281,430.8115234375,419.6216125488281,426.0509033203125,13021129,Airtel
2020-10-28,428.09375,443.5228576660156,479.0066528320313,433.8543701171875,437.7806701660156,125905730,Airtel
2020-10-29,427.0989990234375,442.4922180175781,448.6761169433594,436.7991027832031,439.4493408203125,25537340,Airtel
2020-10-30,410.94537353515625,425.7564086914063,446.51666259765625,422.5663146972656,446.51666259765625,23483928,Airtel
2020-11-02,433.35198974609375,448.9705810546875,451.5226745605469,426.9833984375,426.9833984375,28703578,Airtel
2020-11-03,430.69921875,446.22216796875,452.2097473144531,439.2039489746094,449.55950927734375,16337850,Airtel
2020-11-04,429.2306823730469,444.7007446289063,447.1546630859375,438.9094848632813,444.6516723632813,10191499,Airtel
2020-11-05,433.25726318359375,448.8724060058594,453.38763427734375,444.259033203125,448.5779418945313,9407770,Airtel
2020-11-06,426.246337890625,441.6087951660156,451.8662109375,440.47998046875,448.5779418945313,12195207,Airtel
2020-11-09,446.994873046875,463.1051940917969,466.0008239746094,444.2099609375,447.8908386230469,24953555,Airtel
2020-11-10,441.8788146972656,457.8047180175781,465.4118957519531,456.4305114746094,465.2646484375,9800899,Airtel
2020-11-11,453.4373779296875,469.7798767089844,472.4791870117188,455.4980163574219,459.3261413574219,16032885,Airtel
2020-11-12,454.6216430664063,471.0068359375,474.2951049804688,466.2953186035156,468.0621337890625,14785276,Airtel
2020-11-13,450.7372131347656,466.9823913574219,469.1909484863281,461.33837890625,468.2093811035156,8428163,Airtel
2020-11-14,456.1849060058594,472.6264343261719,478.0250854492188,470.1725158691406,478.0250854492188,4014491,Airtel
2020-11-17,459.0745849609375,475.6202392578125,485.8285827636719,472.3810424804688,481.8532104492188,19050384,Airtel
2020-11-18,453.2478942871094,469.5835571289063,476.06195068359375,462.4180908203125,475.0312805175781,10504589,Airtel
2020-11-19,443.915771484375,459.91510009765625,472.5773620605469,458.3936462402344,467.227783203125,11541941,Airtel
2020-11-20,458.2692565917969,474.785888671875,476.9944152832031,456.7740783691406,461.82916259765625,12090462,Airtel
2020-11-23,452.1583557128906,468.4547729492188,477.7796936035156,466.3443908691406,477.7796936035156,10193531,Airtel
2020-11-24,449.3160705566406,465.5100402832031,472.3810424804688,462.5162658691406,469.5835571289063,9346208,Airtel
2020-11-25,439.69970703125,455.5470886230469,469.0927734375,450.1975402832031,467.7185974121094,14497115,Airtel
2020-11-26,443.773681640625,459.7678527832031,460.9948120117188,451.6208190917969,460.0623168945313,11535113,Airtel
2020-11-27,438.8944396972656,454.7127685546875,463.9395446777344,453.4858093261719,459.6697082519531,18491882,Airtel
2020-12-01,454.2427062988281,470.6142272949219,473.6080017089844,452.0134582519531,459.12982177734375,18534936,Airtel
2020-12-02,459.4061584472656,475.9637756347656,478.9084777832031,465.313720703125,472.1356506347656,20948620,Airtel
2020-12-03,454.6690673828125,471.0559387207031,480.1354675292969,465.2646484375,478.1232299804688,20094168,Airtel
2020-12-04,467.7908935546875,484.6506958007813,488.62603759765625,474.4914245605469,477.8778381347656,31622330,Airtel
2020-12-07,482.1917114257813,499.570556640625,501.0920104980469,485.4850158691406,488.8223571777344,22541162,Airtel
2020-12-08,477.1230163574219,494.3191528320313,506.7360229492188,490.4419555664063,504.5274963378906,19661141,Airtel
2020-12-09,476.6019287109375,493.779296875,497.558349609375,489.902099609375,495.59521484375,11826802,Airtel
2020-12-10,478.5915222167969,495.8406066894531,499.3742370605469,484.9942321777344,492.2578430175781,13441906,Airtel
2020-12-11,477.88092041015625,495.1044006347656,499.12884521484375,488.13525390625,499.12884521484375,14019094,Airtel
2020-12-14,476.6019287109375,493.779296875,502.5643615722656,491.914306640625,497.656494140625,14147649,Airtel
2020-12-15,477.69146728515625,494.9081115722656,497.4601745605469,488.9205322265625,496.5276794433594,13320211,Airtel
2020-12-16,489.060546875,506.68695068359375,509.2390441894531,492.8468017578125,494.9081115722656,17707777,Airtel
2020-12-17,488.0184020996094,505.6072387695313,512.870849609375,502.5643615722656,507.4721984863281,20023766,Airtel
2020-12-18,483.8023376464844,501.2392272949219,505.4109191894531,495.742431640625,504.4293518066406,11000487,Airtel
2020-12-21,465.0906982421875,481.8532104492188,501.7790832519531,471.3013305664063,498.1472778320313,15539470,Airtel
2020-12-22,473.99652099609375,491.0799865722656,495.693359375,476.601806640625,484.8960876464844,21632475,Airtel
2020-12-23,480.5337219238281,497.8528137207031,500.11041259765625,489.2149963378906,491.0799865722656,13326963,Airtel
2020-12-24,490.1027526855469,507.7666931152344,513.3616333007812,501.04290771484375,510.41693115234375,21241048,Airtel
2020-12-28,494.1766357421875,511.9874267578125,517.2879028320312,507.07958984375,510.51507568359375,13124256,Airtel
2020-12-29,492.8976135253906,510.6623229980469,515.2756958007812,505.6072387695313,513.3616333007812,11457626,Airtel
2020-12-30,489.01318359375,506.6378784179688,513.7542724609375,503.8403930664063,513.7542724609375,10691466,Airtel
2020-12-31,482.90228271484375,500.3067321777344,508.8954772949219,496.9693908691406,507.57037353515625,15816475,Airtel
2021-01-01,488.0657653808594,505.65631103515625,506.8832702636719,498.8343811035156,502.8097534179688,10377082,Airtel
2021-01-04,489.9132385253906,507.57037353515625,510.90771484375,502.1717224121094,507.4721984863281,13489114,Airtel
2021-01-05,486.9761962890625,504.5274963378906,507.3740539550781,501.6809387207031,504.5274963378906,10689423,Airtel
2021-01-06,497.68212890625,515.6192626953125,521.9503784179688,503.6440734863281,505.5090637207031,30837593,Airtel
2021-01-07,516.583251953125,535.2015991210938,544.2320556640625,517.3860473632812,522.19580078125,39444841,Airtel
2021-01-08,511.84613037109375,530.2937622070312,539.61865234375,527.3980712890625,539.1769409179688,14538362,Airtel
2021-01-11,518.3833618164062,537.0665893554688,544.1339111328125,531.5206909179688,531.5206909179688,19892197,Airtel
2021-01-12,536.0054321289062,555.3237915039062,558.513916015625,534.9561767578125,538.8825073242188,25857074,Airtel
2021-01-13,547.8483276367188,567.5934448242188,590.6112670898438,556.55078125,577.1637573242188,85239439,Airtel
2021-01-14,550.0272827148438,569.85107421875,574.022705078125,559.5445556640625,571.96142578125,16974338,Airtel
2021-01-15,570.9653930664062,591.5437622070312,599.3963623046875,582.8568725585938,598.3165893554688,57451072,Airtel
2021-01-18,556.0908203125,576.1331176757812,591.8873291015625,573.2374877929688,591.5437622070312,21359539,Airtel
2021-01-19,561.1595458984375,581.384521484375,586.4395751953125,575.69140625,580.2066040039062,11034273,Airtel
2021-01-20,564.8071899414062,585.16357421875,591.3965454101562,578.1453247070312,581.384521484375,13333007,Airtel
2021-01-21,550.7852172851562,570.6362915039062,592.91796875,563.8143920898438,589.18798828125,17380638,Airtel
2021-01-22,546.5218505859375,566.21923828125,574.7589111328125,562.1947631835938,573.1392822265625,12662954,Airtel
2021-01-25,550.216796875,570.04736328125,577.0165405273438,559.0537719726562,568.32958984375,12503932,Airtel
2021-01-27,540.7899169921875,560.2807006835938,571.0289306640625,551.9864501953125,569.3111572265625,15567653,Airtel
2021-01-28,540.8846435546875,560.37890625,565.2376708984375,552.3790893554688,556.0599975585938,15201598,Airtel
2021-01-29,524.4942016601562,543.397705078125,567.8388061523438,540.4530029296875,567.8388061523438,25521965,Airtel
2021-02-01,548.700927734375,568.4768676757812,570.3909301757812,539.0787963867188,548.6981811523438,14212955,Airtel
2021-02-02,567.8388671875,588.3045654296875,594.4884643554688,568.5750122070312,574.120849609375,21711996,Airtel
2021-02-03,576.8394775390625,597.6295166015625,611.0279541015625,588.4027099609375,598.1693725585938,30641248,Airtel
2021-02-04,569.023193359375,589.5315551757812,611.5187377929688,584.6727905273438,603.5679931640625,51976676,Airtel
2021-02-05,550.5484008789062,570.3909301757812,594.73388671875,565.6303100585938,592.6725463867188,35465208,Airtel
2021-02-08,565.8966064453125,586.2923583984375,592.5253295898438,573.924560546875,578.1453247070312,21646080,Airtel
2021-02-09,567.4599609375,587.9119262695312,596.5498046875,584.0347290039062,587.8628540039062,20927436,Airtel
2021-02-10,559.169921875,579.3231811523438,596.5498046875,569.5565795898438,593.8013916015625,31642664,Airtel
2021-02-11,566.6546630859375,587.07763671875,592.4271850585938,578.1453247070312,581.0900268554688,19253595,Airtel
2021-02-12,555.4276123046875,575.4459838867188,586.8322143554688,573.826416015625,586.8322143554688,15905053,Airtel
2021-02-15,562.4859619140625,582.7587280273438,591.8873291015625,579.1268920898438,581.1881713867188,17972742,Airtel
2021-02-16,562.7227783203125,583.0040893554688,590.5131225585938,582.0715942382812,584.0347290039062,15064854,Airtel
2021-02-17,562.6281127929688,582.9059448242188,587.7647094726562,579.1759643554688,585.9487915039062,16436661,Airtel
2021-02-18,558.0804443359375,578.1943969726562,586.9794311523438,574.4153442382812,585.9978637695312,22193564,Airtel
2021-02-19,550.7852172851562,570.6362915039062,585.0162963867188,564.8941040039062,579.1268920898438,19465126,Airtel
2021-02-22,540.3162231445312,559.7899169921875,574.120849609375,557.5323486328125,571.2743530273438,20227667,Airtel
2021-02-23,535.8160400390625,555.1275024414062,566.366455078125,553.6060180664062,564.4033203125,23764401,Airtel
2021-02-24,542.826904296875,562.39111328125,563.5198974609375,554.783935546875,557.6304931640625,8888950,Airtel
2021-02-25,548.700927734375,568.4768676757812,573.67919921875,566.41552734375,569.2130126953125,16230241,Airtel
2021-02-26,527.0523681640625,546.0479736328125,575.1515502929688,541.581787109375,563.9125366210938,198547005,Airtel
2021-03-01,504.2192993164063,522.39208984375,548.7963256835938,511.39849853515625,547.7166137695312,55091122,Airtel
2021-03-02,512.7461547851562,531.2262573242188,533.974609375,519.1038208007812,530.5391235351562,30622757,Airtel
2021-03-03,517.5780639648438,536.2322387695312,540.6002197265625,530.04833984375,538.6370849609375,24669015,Airtel
2021-03-04,511.230224609375,529.6557006835938,535.937744140625,528.085205078125,530.04833984375,17678275,Airtel
2021-03-05,504.7877502441406,522.9810180664062,528.5759887695312,514.73583984375,525.1405029296875,16658703,Airtel
2021-03-08,498.0611267089844,516.0119018554688,525.5822143554688,515.0794067382812,521.2142333984375,15293359,Airtel
2021-03-09,494.3186950683594,512.1346435546875,522.19580078125,504.8219604492188,520.330810546875,20181762,Airtel
2021-03-10,498.20318603515625,516.1591186523438,520.723388671875,506.8341979980469,510.6132507324219,19013738,Airtel
2021-03-12,496.6399230957031,514.5394897460938,522.9319458007812,511.9383544921875,520.7725219726562,11624491,Airtel
2021-03-15,495.3609313964844,513.2144165039062,518.0731811523438,506.8832702636719,518.0731811523438,10875944,Airtel
2021-03-16,501.47174072265625,519.5455322265625,523.9135131835938,514.3432006835938,514.3432006835938,13252045,Airtel
2021-03-17,495.4082946777344,513.2634887695312,521.2142333984375,509.4353637695313,519.0547485351562,8482758,Airtel
2021-03-18,499.4822387695313,517.4842529296875,522.39208984375,505.8526306152344,520.0853881835938,12465338,Airtel
2021-03-19,502.087646484375,520.1835327148438,524.8950805664062,515.8155517578125,518.2694702148438,49597558,Airtel
2021-03-22,500.2401428222656,518.2694702148438,524.158935546875,513.3616333007812,523.2264404296875,13581706,Airtel
2021-03-23,501.4244689941406,519.4964599609375,522.637451171875,512.5272827148438,519.9381713867188,15239339,Airtel
2021-03-24,496.1188354492188,513.9996337890625,523.6190795898438,511.8892822265625,518.2694702148438,10801499,Airtel
2021-03-25,481.0548095703125,498.3926696777344,513.9996337890625,490.3437805175781,513.7542724609375,17572322,Airtel
2021-03-26,495.0293273925781,512.870849609375,515.2266235351562,501.1901550292969,502.6625061035156,11148490,Airtel
2021-03-30,494.0819091796875,511.8892822265625,518.1713256835938,506.7360229492188,518.0731811523438,10691124,Airtel
2021-03-31,490.1027526855469,507.7666931152344,516.2081909179688,506.7360229492188,512.7236328125,7712521,Airtel
2021-04-01,493.418701171875,511.2021789550781,514.2450561523438,505.0673522949219,510.3678283691406,7111516,Airtel
2021-04-05,500.47698974609375,518.514892578125,519.2510375976562,505.1164245605469,511.2021789550781,9376649,Airtel
2021-04-06,504.2192993164063,522.39208984375,527.93798828125,514.883056640625,518.76025390625,13115141,Airtel
2021-04-07,513.1250610351562,531.6188354492188,536.8211669921875,525.3858642578125,527.1036376953125,21391503,Airtel
2021-04-08,514.4514770507812,532.9930419921875,538.4407958984375,530.5391235351562,536.7230224609375,11367448,Airtel
2021-04-09,516.583251953125,535.2015991210938,539.61865234375,526.6128540039062,529.5575561523438,11641539,Airtel
2021-04-12,494.9819946289063,512.82177734375,528.9195556640625,508.944580078125,527.6434936523438,9869735,Airtel
2021-04-13,507.961669921875,526.269287109375,530.04833984375,513.4597778320312,516.698974609375,6657701,Airtel
2021-04-15,510.9934692382813,529.4103393554688,536.0850219726562,520.47802734375,530.04833984375,9989813,Airtel
2021-04-16,512.31982421875,530.7845458984375,534.1218872070312,528.085205078125,530.097412109375,6273393,Airtel
2021-04-19,498.7716064453125,516.748046875,525.1405029296875,513.6070556640625,522.441162109375,7368743,Airtel
2021-04-20,502.3245239257813,520.428955078125,527.1036376953125,516.2081909179688,519.2510375976562,7369109,Airtel
2021-04-22,502.9402770996094,521.0669555664062,523.5699462890625,516.3554077148438,520.2326049804688,6675147,Airtel
2021-04-23,495.1240234375,512.968994140625,522.637451171875,509.5335083007813,519.2510375976562,7123670,Airtel
2021-04-26,499.8138122558594,517.8277587890625,518.76025390625,513.1162719726562,513.1162719726562,5929161,Airtel
2021-04-27,506.2089538574219,524.453369140625,528.6250610351562,516.5517578125,517.7296142578125,9875033,Airtel
2021-04-28,515.6831665039062,534.2691040039062,537.9009399414062,525.7294311523438,526.072998046875,12195400,Airtel
2021-04-29,512.41455078125,530.8826904296875,539.8640747070312,529.1649169921875,539.569580078125,8846896,Airtel
2021-04-30,508.5300903320313,526.8582153320312,536.9193115234375,523.6681518554688,523.6681518554688,8331737,Airtel
2021-05-03,529.4682006835938,548.5509643554688,552.1336669921875,519.3001098632812,520.2326049804688,14556346,Airtel
2021-05-04,523.40478515625,542.2689208984375,555.5200805664062,536.6248779296875,555.5200805664062,14196229,Airtel
2021-05-05,530.5103759765625,549.6306762695312,554.5385131835938,543.7903442382812,546.6369018554688,12095639,Airtel
2021-05-06,529.3734741210938,548.4528198242188,553.9986572265625,542.4161376953125,549.6306762695312,9169742,Airtel
2021-05-07,538.6109008789062,558.0231323242188,562.342041015625,546.6369018554688,550.857666015625,12894499,Airtel
2021-05-10,542.4479370117188,561.9984741210938,566.366455078125,558.612060546875,561.4586181640625,8365615,Airtel
2021-05-11,538.5161743164062,557.9249877929688,564.256103515625,553.6551513671875,555.0784301757812,8033470,Airtel
2021-05-12,532.2157592773438,551.3975219726562,558.6611328125,547.9129638671875,557.5323486328125,6815070,Airtel
2021-05-14,530.9367065429688,550.0723876953125,558.857421875,545.9006958007812,553.6060180664062,7697716,Airtel
2021-05-17,520.751953125,539.5205078125,553.5569458007812,535.741455078125,553.5569458007812,13677009,Airtel
2021-05-18,508.1511840820313,526.4656372070312,542.7106323242188,524.6987915039062,537.4100952148438,34968901,Airtel
2021-05-19,500.4296569824219,518.4658203125,530.5881958007812,516.502685546875,527.987060546875,19583966,Airtel
2021-05-20,493.2765808105469,511.054931640625,521.2142333984375,510.41693115234375,521.2142333984375,14036583,Airtel
2021-05-21,503.03509521484375,521.1651000976562,523.4718017578125,512.3800659179688,513.6070556640625,10492773,Airtel
2021-05-24,499.1031799316406,517.0916137695312,523.1773681640625,516.3063354492188,521.2142333984375,6386039,Airtel
2021-05-25,498.4400024414063,516.4044799804688,521.0178833007812,514.833984375,520.1344604492188,9412913,Airtel
2021-05-26,498.10845947265625,516.0609741210938,521.0178833007812,515.3247680664062,519.2510375976562,6908901,Airtel
2021-05-27,492.4712829589844,510.2206115722656,517.2879028320312,509.140869140625,516.4044799804688,22783169,Airtel
2021-05-28,496.0715026855469,513.9505615234375,518.76025390625,510.8095397949219,512.6254272460938,10248988,Airtel
2021-05-31,506.77740478515625,525.0423583984375,526.1220703125,515.4229125976562,515.8155517578125,12803471,Airtel
2021-06-01,504.8824768066406,523.0791625976562,528.4778442382812,520.527099609375,527.5453491210938,8435896,Airtel
2021-06-02,501.6612854003906,519.7418212890625,524.7478637695312,518.2694702148438,520.1344604492188,10567595,Airtel
2021-06-03,504.0772399902344,522.244873046875,523.5699462890625,518.76025390625,520.2326049804688,6290021,Airtel
2021-06-04,504.6930541992188,522.8828735351562,525.9257202148438,521.4105224609375,524.10986328125,4878809,Airtel
2021-06-07,508.2459411621094,526.5637817382812,531.0299072265625,523.1773681640625,524.158935546875,9674473,Airtel
2021-06-08,518.0517578125,536.7230224609375,537.9009399414062,524.158935546875,528.183349609375,12822963,Airtel
2021-06-09,511.6092529296875,530.04833984375,541.33642578125,525.4840087890625,539.765869140625,12674395,Airtel
2021-06-10,516.4884643554688,535.1034545898438,537.753662109375,530.3919067382812,533.87646484375,7018193,Airtel
2021-06-11,512.41455078125,530.8826904296875,539.61865234375,530.097412109375,535.4469604492188,7777365,Airtel
2021-06-14,510.9934692382813,529.4103393554688,530.8826904296875,519.5455322265625,530.8826904296875,5714387,Airtel
2021-06-15,513.977783203125,532.5022583007812,533.631103515625,528.4778442382812,531.0299072265625,7264778,Airtel
2021-06-16,508.5300903320313,526.8582153320312,533.7783203125,525.0423583984375,533.7783203125,10045600,Airtel
2021-06-17,500.8560180664063,518.9075317382812,531.2753295898438,517.3369750976562,529.5575561523438,10214732,Airtel
2021-06-18,510.4249877929688,528.8213500976562,531.913330078125,509.4353637695313,521.6068115234375,15000348,Airtel
2021-06-21,511.230224609375,529.6557006835938,531.913330078125,523.1773681640625,525.1405029296875,5742834,Airtel
2021-06-22,508.1985473632813,526.5147094726562,538.8825073242188,525.6312866210938,537.9500122070312,9114558,Airtel
2021-06-23,505.9721374511719,524.2080078125,529.2630615234375,522.8828735351562,528.085205078125,4767421,Airtel
2021-06-24,500.9507751464844,519.0056762695312,525.5822143554688,517.6805419921875,525.1405029296875,6419922,Airtel
2021-06-25,506.9669189453125,525.2386474609375,526.02392578125,519.5946044921875,521.5086669921875,5504204,Airtel
2021-06-28,503.27191162109375,521.4105224609375,527.1036376953125,520.67431640625,527.1036376953125,5265796,Airtel
2021-06-29,497.35052490234375,515.2756958007812,522.441162109375,514.3432006835938,521.4595947265625,8713975,Airtel
2021-06-30,498.0137023925781,515.9627685546875,520.625244140625,514.686767578125,517.2879028320312,5760552,Airtel
2021-07-01,495.1714172363281,513.01806640625,521.2142333984375,512.3800659179688,519.2510375976562,6575188,Airtel
2021-07-02,497.3978576660156,515.3247680664062,523.1773681640625,510.41693115234375,515.9136962890625,13309063,Airtel
2021-07-05,496.403076171875,514.2941284179688,518.76025390625,513.6561279296875,518.2694702148438,6373586,Airtel
2021-07-06,498.4400024414063,516.4044799804688,517.9750366210938,511.4966430664063,513.8524169921875,10494366,Airtel
2021-07-07,501.7560424804688,519.8400268554688,520.8215942382812,513.5579223632812,513.5579223632812,6669192,Airtel
2021-07-08,497.68212890625,515.6192626953125,522.9810180664062,513.9014892578125,520.2326049804688,5400962,Airtel
2021-07-09,508.0564270019531,526.367431640625,527.5944213867188,513.3616333007812,515.8155517578125,7303645,Airtel
2021-07-12,501.8034362792969,519.8890991210938,529.0177001953125,518.9075317382812,529.0177001953125,8932790,Airtel
2021-07-13,502.1824035644531,520.28173828125,525.6312866210938,518.4658203125,523.7172241210938,8138019,Airtel
2021-07-14,502.1824035644531,520.28173828125,521.6068115234375,516.9443969726562,519.2510375976562,6666859,Airtel
2021-07-15,497.82421875,515.7664794921875,522.6865844726562,515.3247680664062,522.6865844726562,6886797,Airtel
2021-07-16,512.6987915039062,531.1771240234375,533.3856811523438,516.2572631835938,517.2879028320312,11251138,Airtel
2021-07-19,510.1407165527344,528.5269165039062,534.6617431640625,519.5455322265625,529.0667724609375,9130551,Airtel
2021-07-20,498.10845947265625,516.0609741210938,526.9072875976562,513.3616333007812,526.5637817382812,7646460,Airtel
2021-07-22,517.95703125,536.6248779296875,537.9009399414062,513.9996337890625,521.3123779296875,20220601,Airtel
2021-07-23,519.4727783203125,538.1953735351562,550.3178100585938,522.9319458007812,537.6064453125,33200836,Airtel
2021-07-26,515.4464111328125,534.023681640625,543.6431274414062,532.109619140625,534.9561767578125,5214592,Airtel
2021-07-27,512.1303100585938,530.5881958007812,535.741455078125,526.269287109375,535.741455078125,5835018,Airtel
2021-07-28,538.0424194335938,557.4341430664062,560.1825561523438,527.93798828125,529.5575561523438,32532037,Airtel
2021-07-29,537.331787109375,556.697998046875,566.072021484375,554.587646484375,563.5198974609375,15844335,Airtel
2021-07-30,532.1209716796875,551.2993774414062,558.0231323242188,547.5203247070312,555.4710083007812,10125413,Airtel
2021-08-02,535.43701171875,554.73486328125,559.4464111328125,549.6797485351562,555.5692138671875,6372299,Airtel
2021-08-03,549.6957397460938,569.5075073242188,571.2743530273438,551.7410888671875,557.5323486328125,21680353,Airtel
2021-08-04,544.2007446289062,563.8143920898438,576.0840454101562,559.7899169921875,564.4033203125,21816567,Airtel
2021-08-05,567.22314453125,587.6665649414062,607.5924682617188,566.8572387695312,566.8572387695312,72423461,Airtel
2021-08-06,575.9393920898438,596.697021484375,605.5802612304688,577.654541015625,583.5439453125,29055626,Airtel
2021-08-09,567.7440795898438,588.2064208984375,601.4085693359375,586.5377807617188,598.75830078125,10078649,Airtel
2021-08-10,589.487548828125,610.7334594726562,616.4265747070312,587.3720703125,591.10205078125,34514358,Airtel
2021-08-11,588.20849609375,609.4083862304688,617.653564453125,602.39013671875,610.7334594726562,18731287,Airtel
2021-08-12,590.3876342773438,611.6659545898438,617.3590698242188,605.6293334960938,611.5187377929688,8430316,Airtel
2021-08-13,603.5567626953125,625.309814453125,627.0275268554688,606.7090454101562,611.6659545898438,21079044,Airtel
2021-08-16,600.7145385742188,622.3651123046875,632.1317138671875,620.3528442382812,626.9784545898438,10506327,Airtel
2021-08-17,593.4193725585938,614.8070068359375,626.2423095703125,611.5187377929688,622.3651123046875,11311229,Airtel
2021-08-18,590.1981201171875,611.4696655273438,622.3160400390625,609.4083862304688,614.3652954101562,7136872,Airtel
2021-08-20,581.4344482421875,602.39013671875,621.33447265625,595.8135986328125,608.083251953125,12770173,Airtel
2021-08-23,589.913818359375,611.1751708984375,618.8804931640625,596.4025268554688,607.0034790039062,12790616,Airtel
2021-08-24,587.4979858398438,608.6721801757812,616.3775024414062,605.6784057617188,616.3775024414062,5885050,Airtel
2021-08-25,580.2501220703125,601.1631469726562,610.8807373046875,599.7398681640625,610.8807373046875,8127668,Airtel
2021-08-26,556.0435180664062,576.0840454101562,600.2306518554688,573.5319213867188,598.75830078125,26316897,Airtel
2021-08-27,563.8597412109375,584.1820068359375,594.2431030273438,574.2681274414062,577.9490356445312,16444274,Airtel
2021-08-30,587.8296508789062,609.0157470703125,613.4818725585938,579.2250366210938,585.0162963867188,40506274,Airtel
2021-08-31,629.1372680664062,651.8121948242188,655.78759765625,613.4818725585938,614.5125122070312,60781970,Airtel
2021-09-01,631.36376953125,654.118896484375,660.8917846679688,641.9474487304688,655.689453125,30796359,Airtel
2021-09-02,631.45849609375,654.2171020507812,661.3334350585938,651.8121948242188,657.603515625,18951106,Airtel
2021-09-03,623.8317260742188,646.3154296875,657.2599487304688,641.9474487304688,655.689453125,7920313,Airtel
2021-09-06,620.1840209960938,642.536376953125,653.4808959960938,641.3585205078125,652.15576171875,10223448,Airtel
2021-09-07,635.2954711914062,658.1924438476562,667.9590454101562,636.0579833984375,645.8246459960938,28185127,Airtel
2021-09-08,632.7374877929688,655.5421752929688,671.1982421875,652.7446899414062,665.505126953125,20876941,Airtel
2021-09-09,650.075439453125,673.5049438476562,675.5171508789062,654.7569580078125,655.5421752929688,19784500,Airtel
2021-09-13,656.8494262695312,680.523193359375,684.1549682617188,673.21044921875,679.2471313476562,19704664,Airtel
2021-09-14,657.7021484375,681.4066162109375,686.8052368164062,676.4005737304688,682.1918334960938,11694600,Airtel
2021-09-15,687.3565063476562,712.1297607421875,721.4055786132812,683.3206787109375,684.1549682617188,56796797,Airtel
2021-09-16,680.8192749023438,705.35693359375,723.4178466796875,702.2158813476562,721.4547119140625,45001991,Airtel
2021-09-17,689.8671875,714.7308959960938,721.2092895507812,707.7127075195312,707.7127075195312,26649321,Airtel
2021-09-20,686.83544921875,711.5899047851562,720.1786499023438,707.0255737304688,711.6389770507812,14330899,Airtel
2021-09-21,688.446044921875,713.258544921875,727.0986938476562,708.6942749023438,709.5776977539062,14216876,Airtel
2021-09-22,688.5408325195312,713.3567504882812,718.55908203125,710.7555541992188,713.6021118164062,16348622,Airtel
2021-09-23,688.588134765625,713.4058227539062,726.460693359375,709.8721313476562,719.8841552734375,26497345,Airtel
2021-09-24,700.5256958007812,725.7736206054688,739.1229858398438,714.5836791992188,715.6143188476562,72175065,Airtel
2021-09-27,697.4142456054688,722.5499877929688,731.9000244140625,718.1500244140625,731.0,11282248,Airtel
2021-09-28,671.9326782226562,696.1500244140625,726.7999877929688,686.0,724.4000244140625,21944239,Airtel
2021-09-29,669.9539794921875,694.0999755859375,702.0,689.1500244140625,697.0,16729859,Airtel
2021-09-30,664.355712890625,688.2999877929688,709.7999877929688,686.7999877929688,695.7999877929688,13911568,Airtel
2021-10-01,652.3871459960938,675.9000244140625,687.3499755859375,667.6500244140625,687.3499755859375,14952128,Airtel
2021-10-04,657.69580078125,681.4000244140625,686.2000122070312,669.7000122070312,675.0,8917898,Airtel
2021-10-05,674.9248046875,699.25,703.4500122070312,680.4000244140625,684.4000244140625,25598885,Airtel
2021-10-06,667.347900390625,691.4000244140625,707.9500122070312,688.2000122070312,705.75,10406502,Airtel
2021-10-07,668.4096069335938,692.5,702.2000122070312,691.2999877929688,695.75,8121590,Airtel
2021-10-08,671.3052368164062,695.5,699.5499877929688,688.9000244140625,695.1500244140625,6297352,Airtel
2021-10-11,666.8170776367188,690.8499755859375,696.0499877929688,685.0,693.0999755859375,8792050,Airtel
2021-10-12,662.4735717773438,686.3499755859375,698.4000244140625,684.2000122070312,691.0,8579567,Airtel
2021-10-13,665.900146484375,689.9000244140625,696.7999877929688,683.0999755859375,689.0,7062149,Airtel
2021-10-14,661.9427490234375,685.7999877929688,694.0,681.8499755859375,693.0,9820591,Airtel
2021-10-18,656.923583984375,680.5999755859375,701.9500122070312,679.6500244140625,700.0,8574445,Airtel
2021-10-19,657.4061889648438,681.0999755859375,699.0,675.4500122070312,699.0,7328862,Airtel
2021-10-20,683.8048095703125,708.4500122070312,713.9000244140625,681.4000244140625,683.4000244140625,21217306,Airtel
2021-10-21,671.8361206054688,696.0499877929688,712.3499755859375,689.2000122070312,710.9500122070312,8908979,Airtel
2021-10-22,670.3400268554688,694.5,705.2999877929688,684.25,698.5,6587256,Airtel
2021-10-25,667.0582885742188,691.0999755859375,704.0,675.0,693.0,9540441,Airtel
2021-10-26,671.9808959960938,696.2000122070312,709.8499755859375,689.0,695.0,10953878,Airtel
2021-10-27,677.9169311523438,702.3499755859375,714.6500244140625,694.0,699.4000244140625,11878571,Airtel
2021-10-28,665.7553100585938,689.75,706.0499877929688,684.4000244140625,702.75,8884507,Airtel
2021-10-29,661.50830078125,685.3499755859375,701.0,677.0499877929688,692.2000122070312,8602343,Airtel
2021-11-01,687.7138671875,712.5,722.7999877929688,689.5999755859375,689.9500122070312,17121001,Airtel
2021-11-02,689.1134033203125,713.9500122070312,723.0999755859375,709.5499877929688,712.5,7725455,Airtel
2021-11-03,674.780029296875,699.0999755859375,732.5,696.0,725.75,23261507,Airtel
2021-11-04,676.7103881835938,701.0999755859375,704.7999877929688,699.2000122070312,704.0,1064714,Airtel
2021-11-08,684.3356323242188,709.0,714.9000244140625,704.0,707.4500122070312,7565546,Airtel
2021-11-09,688.3895263671875,713.2000122070312,716.4500122070312,705.1500244140625,711.7000122070312,5278131,Airtel
2021-11-10,709.865478515625,735.4500122070312,738.0,707.3499755859375,717.5,15180490,Airtel
2021-11-11,703.2537231445312,728.5999755859375,738.5999755859375,724.25,735.0,7421118,Airtel
2021-11-12,717.6354370117188,743.5,745.0,725.25,733.0,9207508,Airtel
2021-11-15,711.8924560546875,737.5499877929688,746.0,736.2000122070312,740.0,5454742,Airtel
2021-11-16,704.8947143554688,730.2999877929688,742.0499877929688,727.0499877929688,741.3499755859375,4639931,Airtel
2021-11-17,695.001220703125,720.0499877929688,732.3499755859375,716.25,724.5499877929688,8002927,Airtel
2021-11-18,689.49951171875,714.3499755859375,723.4500122070312,708.0,720.5999755859375,4469597,Airtel
2021-11-22,716.2841796875,742.0999755859375,755.9500122070312,733.0999755859375,740.0,36884348,Airtel
2021-11-23,732.499755859375,758.9000244140625,761.0,735.7000122070312,745.0,18240414,Airtel
2021-11-24,732.499755859375,758.9000244140625,781.7999877929688,756.25,764.0,21653712,Airtel
2021-11-25,738.5322875976562,765.1500244140625,768.5,752.7999877929688,759.0499877929688,8483653,Airtel
2021-11-26,713.0506591796875,738.75,763.0,733.0999755859375,763.0,11142921,Airtel
2021-11-29,713.6298217773438,739.3499755859375,755.0,727.0999755859375,752.0,15885643,Airtel
2021-11-30,702.9159545898438,728.25,750.2000122070312,722.6500244140625,740.0,14272616,Airtel
2021-12-01,697.1246337890625,722.25,737.4000244140625,718.25,733.0,10488561,Airtel
2021-12-02,707.0662841796875,732.5499877929688,735.7000122070312,714.1500244140625,723.9000244140625,11507427,Airtel
2021-12-03,693.3602905273438,718.3499755859375,734.6500244140625,716.2999877929688,730.0,11024093,Airtel
2021-12-06,673.3321533203125,697.5999755859375,721.9000244140625,693.8499755859375,718.0,8804487,Airtel
2021-12-07,674.5386962890625,698.8499755859375,705.7000122070312,694.0999755859375,702.3499755859375,10238693,Airtel
2021-12-08,690.271728515625,715.1500244140625,719.0,702.2999877929688,705.0,8296393,Airtel
2021-12-09,689.1134033203125,713.9500122070312,723.9500122070312,711.0,716.7999877929688,9069515,Airtel
2021-12-10,685.9765014648438,710.7000122070312,718.9000244140625,707.0,711.0,4251339,Airtel
2021-12-13,678.640869140625,703.0999755859375,718.4000244140625,698.3499755859375,715.0,9896899,Airtel
2021-12-14,667.5408325195312,691.5999755859375,706.2999877929688,688.4000244140625,701.0,9275631,Airtel
2021-12-15,661.6048583984375,685.4500122070312,694.9000244140625,684.0999755859375,691.75,7674319,Airtel
2021-12-16,657.69580078125,681.4000244140625,689.9000244140625,677.5999755859375,689.9000244140625,9633006,Airtel
2021-12-17,642.8797607421875,666.0499877929688,685.7000122070312,661.0999755859375,681.0,13850460,Airtel
2021-12-20,635.35107421875,658.25,661.1500244140625,645.0999755859375,659.1500244140625,11812939,Airtel
2021-12-21,643.7966918945312,667.0,670.9000244140625,659.2000122070312,663.9500122070312,8084499,Airtel
2021-12-22,660.9292602539062,684.75,686.0,667.0,667.0,8522226,Airtel
2021-12-23,655.137939453125,678.75,689.0,675.5,689.0,5602466,Airtel
2021-12-24,653.4970703125,677.0499877929688,682.8499755859375,672.6500244140625,682.0999755859375,3756020,Airtel
2021-12-27,652.2423095703125,675.75,678.3499755859375,668.6500244140625,674.9500122070312,3658572,Airtel
2021-12-28,656.3927001953125,680.0499877929688,683.5,675.0499877929688,679.8499755859375,3892590,Airtel
2021-12-29,653.3040771484375,676.8499755859375,683.5,675.0,679.9500122070312,3847574,Airtel
2021-12-30,655.717041015625,679.3499755859375,685.7999877929688,674.2000122070312,677.5,5701612,Airtel
2021-12-31,660.0122680664062,683.7999877929688,694.0999755859375,680.0,680.5,4598628,Airtel
2022-01-03,667.2512817382812,691.2999877929688,692.5999755859375,683.0999755859375,687.7999877929688,2939833,Airtel
2022-01-04,673.1874389648438,697.4500122070312,703.25,690.4000244140625,692.25,6473875,Airtel
2022-01-05,675.6487426757812,700.0,702.75,691.75,700.9000244140625,4586105,Airtel
2022-01-06,685.6869506835938,710.4000244140625,720.5,700.0,702.0,21642414,Airtel
2022-01-07,680.1852416992188,704.7000122070312,715.1500244140625,701.4500122070312,713.9000244140625,4315015,Airtel
2022-01-10,680.4264526367188,704.9500122070312,711.3499755859375,703.6500244140625,705.4000244140625,3565324,Airtel
2022-01-11,678.9786987304688,703.4500122070312,709.5499877929688,694.5999755859375,703.0,10642484,Airtel
2022-01-12,704.7981567382812,730.2000122070312,732.7000122070312,704.2000122070312,707.9500122070312,12366953,Airtel
2022-01-13,706.342529296875,731.7999877929688,735.6500244140625,726.1500244140625,729.0,5829874,Airtel
2022-01-14,695.5321044921875,720.5999755859375,730.9000244140625,718.4500122070312,729.9500122070312,5344096,Airtel
2022-01-17,703.2537231445312,728.5999755859375,734.75,719.5499877929688,720.0,4340924,Airtel
2022-01-18,689.49951171875,714.3499755859375,730.7000122070312,712.5499877929688,727.0,4312058,Airtel
2022-01-19,679.219970703125,703.7000122070312,715.0,701.7000122070312,714.0,5879490,Airtel
2022-01-20,690.5130615234375,715.4000244140625,719.6500244140625,705.25,706.0,4812496,Airtel
2022-01-21,671.0640258789062,695.25,714.0,689.3499755859375,709.5999755859375,6704622,Airtel
2022-01-24,665.900146484375,689.9000244140625,707.0,677.3499755859375,690.2999877929688,11091633,Airtel
2022-01-25,687.08642578125,711.8499755859375,720.4500122070312,682.1500244140625,684.0,14128764,Airtel
2022-01-27,682.6465454101562,707.25,716.0,701.5,706.5,8937312,Airtel
2022-01-28,690.8991088867188,715.7999877929688,754.0,701.6500244140625,714.9000244140625,21450677,Airtel
2022-01-31,703.9293823242188,729.2999877929688,735.0,719.5499877929688,728.0,10745370,Airtel
2022-02-01,697.8967895507812,723.0499877929688,735.0,718.2999877929688,733.0,4814511,Airtel
2022-02-02,699.8272094726562,725.0499877929688,731.75,720.5,726.0999755859375,3286577,Airtel
2022-02-03,696.5455932617188,721.6500244140625,729.0,718.5,726.0,3651578,Airtel
2022-02-04,695.1460571289062,720.2000122070312,723.25,716.5,721.0999755859375,3284198,Airtel
2022-02-07,681.9226684570312,706.5,720.0999755859375,699.5,718.0,6833983,Airtel
2022-02-08,684.2391357421875,708.9000244140625,714.7000122070312,701.0,711.2000122070312,7167684,Airtel
2022-02-09,694.325439453125,719.3499755859375,726.0999755859375,702.1500244140625,707.0999755859375,10185173,Airtel
2022-02-10,698.862060546875,724.0499877929688,726.9500122070312,708.5999755859375,722.9500122070312,6074014,Airtel
2022-02-11,690.271728515625,715.1500244140625,725.4000244140625,710.9000244140625,721.7000122070312,5646980,Airtel
2022-02-14,665.70703125,689.7000122070312,704.0,685.0,704.0,7441445,Airtel
2022-02-15,686.7969360351562,711.5499877929688,713.0999755859375,686.5999755859375,696.0,4650249,Airtel
2022-02-16,696.6903686523438,721.7999877929688,728.2000122070312,708.0,717.4000244140625,5433910,Airtel
2022-02-17,692.057373046875,717.0,727.5,715.0,724.4500122070312,5107708,Airtel
2022-02-18,687.7621459960938,712.5499877929688,719.5499877929688,711.3499755859375,712.0499877929688,4099366,Airtel
2022-02-21,685.2525634765625,709.9500122070312,716.5499877929688,703.0,708.0499877929688,4307430,Airtel
2022-02-22,674.9248046875,699.25,702.5,687.5,694.2000122070312,9148804,Airtel
2022-02-23,679.8956298828125,704.4000244140625,708.9500122070312,699.5,700.0999755859375,4124469,Airtel
2022-02-24,647.56103515625,670.9000244140625,688.5499877929688,645.4500122070312,682.0,14139461,Airtel
2022-02-25,664.6935424804688,688.6500244140625,695.1500244140625,677.5,677.5,6452099,Airtel
2022-02-28,662.6182861328125,686.5,690.0,666.4500122070312,681.0,8301523,Airtel
2022-03-02,650.79443359375,674.25,684.0,666.0,684.0,10220908,Airtel
2022-03-03,648.6709594726562,672.0499877929688,679.7999877929688,668.5999755859375,675.0,6517030,Airtel
2022-03-04,630.9594116210938,653.7000122070312,667.9500122070312,650.0,665.0,7094874,Airtel
2022-03-07,651.904541015625,675.4000244140625,679.3499755859375,639.0,640.0,12615451,Airtel
2022-03-08,659.2400512695312,683.0,686.8499755859375,667.5999755859375,675.0,8462985,Airtel
2022-03-09,667.4443969726562,691.5,698.0,674.2999877929688,682.0,9896395,Airtel
2022-03-10,673.4769287109375,697.75,707.5,690.5999755859375,699.9500122070312,5989327,Airtel
2022-03-11,670.6779174804688,694.8499755859375,702.4000244140625,691.5,696.7000122070312,3353880,Airtel
2022-03-14,676.0347900390625,700.4000244140625,704.8499755859375,688.1500244140625,688.1500244140625,4016137,Airtel
2022-03-15,678.640869140625,703.0999755859375,709.5,695.5,699.0,6006439,Airtel
2022-03-16,687.2312622070312,712.0,715.5,705.0,710.0,3843706,Airtel
2022-03-17,697.7521362304688,722.9000244140625,727.9500122070312,715.0,720.0,8168953,Airtel
2022-03-21,683.5635375976562,708.2000122070312,724.3499755859375,706.7999877929688,722.0,6317305,Airtel
2022-03-22,694.2290649414062,719.25,721.0,705.8499755859375,708.5,3000133,Airtel
2022-03-23,680.4264526367188,704.9500122070312,719.8499755859375,703.0,719.25,7974713,Airtel
2022-03-24,681.77783203125,706.3499755859375,708.8499755859375,697.8499755859375,698.0,3597143,Airtel
2022-03-25,684.6734008789062,709.3499755859375,714.4500122070312,705.8499755859375,712.2999877929688,2930336,Airtel
2022-03-28,707.5489501953125,733.0499877929688,737.0,710.0999755859375,715.25,7960258,Airtel
2022-03-29,728.6871337890625,754.9500122070312,763.0,737.0,740.4000244140625,15833573,Airtel
2022-03-30,723.4267578125,749.5,769.9000244140625,744.5999755859375,762.75,9938988,Airtel
2022-03-31,728.6871337890625,754.9500122070312,759.0,739.7000122070312,753.0,7371181,Airtel
2022-04-01,732.1135864257812,758.5,766.6500244140625,749.25,759.7999877929688,5920139,Airtel
2022-04-04,741.0901489257812,767.7999877929688,775.0,756.2000122070312,757.8499755859375,5783224,Airtel
2022-04-05,739.9318237304688,766.5999755859375,773.7999877929688,761.0,767.7999877929688,3990794,Airtel
2022-04-06,748.6670532226562,775.6500244140625,780.7000122070312,763.0,764.0,7490027,Airtel
2022-04-07,735.8779296875,762.4000244140625,777.8499755859375,759.5499877929688,775.0,5818505,Airtel
2022-04-08,735.58837890625,762.0999755859375,768.3499755859375,757.5999755859375,768.3499755859375,5583587,Airtel
2022-04-11,731.6793212890625,758.0499877929688,765.2000122070312,756.0,757.0,4927865,Airtel
2022-04-12,715.849853515625,741.6500244140625,759.9500122070312,740.0999755859375,759.9500122070312,3904026,Airtel
2022-04-13,714.8846435546875,740.6500244140625,756.5,737.9500122070312,742.0,6343030,Airtel
2022-04-18,704.1224975585938,729.5,740.1500244140625,723.4000244140625,736.6500244140625,8950327,Airtel
2022-04-19,698.3312377929688,723.5,739.0,716.8499755859375,739.0,9957060,Airtel
2022-04-20,713.6298217773438,739.3499755859375,744.5,723.9500122070312,730.0499877929688,6632292,Airtel
2022-04-21,710.1549682617188,735.75,743.9000244140625,730.0,743.9000244140625,6111830,Airtel
2022-04-22,713.0506591796875,738.75,740.9000244140625,729.0,731.0,5182247,Airtel
2022-04-25,713.6298217773438,739.3499755859375,743.0,729.1500244140625,729.9500122070312,3571031,Airtel
2022-04-26,729.9901733398438,756.2999877929688,758.9000244140625,739.0999755859375,745.0,4987848,Airtel
2022-04-27,726.3223876953125,752.5,761.5499877929688,746.4000244140625,750.0,4571399,Airtel
2022-04-28,721.3515014648438,747.3499755859375,754.2999877929688,744.5999755859375,751.0,6101866,Airtel
2022-04-29,713.2920532226562,739.0,761.0,735.5499877929688,752.0,7219115,Airtel
2022-05-02,715.5602416992188,741.3499755859375,742.9500122070312,730.3499755859375,734.0,3938533,Airtel
2022-05-04,697.2694702148438,722.4000244140625,739.3499755859375,717.0,737.0,6785271,Airtel
2022-05-05,693.939453125,718.9500122070312,733.0999755859375,714.25,726.0,4836692,Airtel
2022-05-06,685.5421752929688,710.25,723.9000244140625,707.75,711.25,5912312,Airtel
2022-05-09,686.7487182617188,711.5,720.5,704.4500122070312,706.0999755859375,4819274,Airtel
2022-05-10,694.6151733398438,719.6500244140625,728.5,710.1500244140625,711.0,6746893,Airtel
2022-05-11,697.7037963867188,722.8499755859375,735.0,716.9000244140625,719.6500244140625,6919703,Airtel
2022-05-12,680.8609008789062,705.4000244140625,722.7999877929688,701.25,715.25,6754953,Airtel
2022-05-13,665.900146484375,689.9000244140625,713.0,684.75,713.0,11938252,Airtel
2022-05-16,669.0852661132812,693.2000122070312,698.0,679.6500244140625,685.8499755859375,5412233,Airtel
2022-05-17,682.4534301757812,707.0499877929688,710.0,690.8499755859375,695.0,4847812,Airtel
2022-05-18,671.9326782226562,696.1500244140625,727.1500244140625,689.2000122070312,721.0,18992703,Airtel
2022-05-19,650.79443359375,674.25,693.0,667.8499755859375,685.0,7322668,Airtel
2022-05-20,663.9696655273438,687.9000244140625,691.5,683.0,688.5,5577407,Airtel
2022-05-23,661.990966796875,685.8499755859375,693.9000244140625,679.5999755859375,681.7999877929688,3788601,Airtel
2022-05-24,654.6070556640625,678.2000122070312,689.25,675.8499755859375,689.25,4053608,Airtel
2022-05-25,664.2592163085938,688.2000122070312,689.9000244140625,679.5499877929688,681.25,4188088,Airtel
2022-05-26,669.5196533203125,693.6500244140625,695.5,675.9000244140625,690.0,5780597,Airtel
2022-05-27,660.5913696289062,684.4000244140625,700.0,676.0,697.0499877929688,7131633,Airtel
2022-05-30,674.7317504882812,699.0499877929688,703.75,683.0,687.4500122070312,4675033,Airtel
2022-05-31,675.841796875,700.2000122070312,706.5999755859375,692.5999755859375,697.5,44593174,Airtel
2022-06-01,670.48486328125,694.6500244140625,706.2000122070312,691.25,701.5499877929688,3749781,Airtel
2022-06-02,671.7396850585938,695.9500122070312,696.9500122070312,683.0499877929688,688.9000244140625,3466993,Airtel
2022-06-03,662.6182861328125,686.5,700.7999877929688,685.25,697.0499877929688,6673615,Airtel
2022-06-06,659.1918334960938,682.9500122070312,689.7999877929688,676.5,682.2000122070312,6407024,Airtel
2022-06-07,661.4600830078125,685.2999877929688,687.25,673.2999877929688,678.1500244140625,8349903,Airtel
2022-06-08,640.2254638671875,663.2999877929688,687.7999877929688,660.4500122070312,682.5,13904149,Airtel
2022-06-09,652.8214111328125,676.3499755859375,679.4000244140625,655.0999755859375,660.0,6774925,Airtel
2022-06-10,649.9257202148438,673.3499755859375,676.4500122070312,668.0,668.0,3221484,Airtel
2022-06-13,647.9471435546875,671.2999877929688,673.3499755859375,658.0,660.0999755859375,5982102,Airtel
2022-06-14,658.3231811523438,682.0499877929688,689.4000244140625,669.0999755859375,669.0999755859375,8878530,Airtel
2022-06-15,658.3713989257812,682.0999755859375,685.0,673.5,681.9500122070312,6005970,Airtel
2022-06-16,631.4420166015625,654.2000122070312,683.9000244140625,650.0,683.0999755859375,9525587,Airtel
2022-06-17,621.259033203125,643.6500244140625,661.75,638.0,656.0,11085830,Airtel
2022-06-20,618.6046142578125,640.9000244140625,647.4500122070312,634.2000122070312,644.9500122070312,3883001,Airtel
2022-06-21,631.5385131835938,654.2999877929688,658.1500244140625,640.5,642.0999755859375,3515991,Airtel
2022-06-22,620.48681640625,642.8499755859375,650.3499755859375,641.4500122070312,648.5999755859375,4348884,Airtel
2022-06-23,637.2333374023438,660.2000122070312,664.5999755859375,647.75,648.1500244140625,4336533,Airtel
2022-06-24,647.8505859375,671.2000122070312,675.7000122070312,662.0999755859375,662.0999755859375,5621332,Airtel
2022-06-27,660.1571044921875,683.9500122070312,687.0,671.2000122070312,675.0,5284297,Airtel
2022-06-28,657.4544677734375,681.1500244140625,684.9000244140625,676.2999877929688,683.0,3216376,Airtel
2022-06-29,663.8731079101562,687.7999877929688,689.0999755859375,675.0,677.0,5011798,Airtel
2022-06-30,661.1222534179688,684.9500122070312,691.5999755859375,679.0,689.7999877929688,6505666,Airtel
2022-07-01,650.0223388671875,673.4500122070312,685.7999877929688,666.0,684.8499755859375,4488771,Airtel
2022-07-04,658.1784057617188,681.9000244140625,685.5,666.0499877929688,670.5,4229588,Airtel
2022-07-05,660.6396484375,684.4500122070312,689.2999877929688,680.0499877929688,683.2999877929688,3494504,Airtel
2022-07-06,669.8092651367188,693.9500122070312,694.9500122070312,684.2000122070312,684.5,4697006,Airtel
2022-07-07,662.9078979492188,686.7999877929688,696.5,685.4500122070312,692.0,3485283,Airtel
2022-07-08,670.9674682617188,695.1500244140625,696.5999755859375,686.6500244140625,688.0,2732170,Airtel
2022-07-11,637.571044921875,660.5499877929688,681.0,658.9500122070312,675.0,18687521,Airtel
2022-07-12,639.9358520507812,663.0,666.9000244140625,660.0,663.25,7416645,Airtel
2022-07-13,621.1141357421875,643.5,670.0,641.0,670.0,12030163,Airtel
2022-07-14,619.32861328125,641.6500244140625,652.2000122070312,628.75,650.0,11379990,Airtel
2022-07-15,629.1254272460938,651.7999877929688,657.5,643.25,648.9500122070312,5567877,Airtel
2022-07-18,639.9840087890625,663.0499877929688,670.0,649.1500244140625,657.0,8982417,Airtel
2022-07-19,649.4915161132812,672.9000244140625,677.0,663.0999755859375,675.0,7836419,Airtel
2022-07-20,647.3197631835938,670.6500244140625,680.0,668.2000122070312,680.0,4458819,Airtel
2022-07-21,654.7518310546875,678.3499755859375,679.9500122070312,671.2000122070312,671.5,3550107,Airtel
2022-07-22,655.2344970703125,678.8499755859375,681.9000244140625,675.2000122070312,679.7000122070312,2415220,Airtel
2022-07-25,654.8001098632812,678.4000244140625,686.5499877929688,676.5499877929688,680.0,2913348,Airtel
2022-07-26,660.3017578125,684.0999755859375,685.3499755859375,670.25,682.5999755859375,5016687,Airtel
2022-07-27,651.4219360351562,674.9000244140625,683.9500122070312,669.7000122070312,683.9500122070312,6237523,Airtel
2022-07-28,643.65185546875,666.8499755859375,679.4000244140625,664.2000122070312,678.7999877929688,7374170,Airtel
2022-07-29,654.3657836914062,677.9500122070312,680.6500244140625,671.0,672.7999877929688,7669970,Airtel
2022-08-01,673.2710571289062,694.4500122070312,697.7999877929688,677.0499877929688,677.9500122070312,8812526,Airtel
2022-08-02,665.8543701171875,686.7999877929688,700.2999877929688,681.1500244140625,700.0,6236599,Airtel
2022-08-03,672.0108032226562,693.1500244140625,696.8499755859375,687.0,688.0,5237250,Airtel
2022-08-04,673.1256713867188,694.2999877929688,698.5,680.7000122070312,698.2000122070312,6352142,Airtel
2022-08-05,682.1905517578125,703.6500244140625,710.0,696.3499755859375,698.0,5811092,Airtel
2022-08-08,682.869140625,704.3499755859375,709.8499755859375,699.0,707.9500122070312,5918607,Airtel
2022-08-10,693.436767578125,715.25,718.0,706.0,713.9000244140625,12201239,Airtel
2022-08-11,688.1528930664062,709.7999877929688,719.4000244140625,705.7000122070312,718.7999877929688,7142902,Airtel
2022-08-12,688.0560302734375,709.7000122070312,712.5,706.6500244140625,709.8499755859375,4540159,Airtel
2022-08-16,682.6267700195312,704.0999755859375,716.0,700.5,715.0,6679663,Airtel
2022-08-17,700.90185546875,722.9500122070312,724.6500244140625,702.2999877929688,707.0,8812954,Airtel
2022-08-18,710.8392944335938,733.2000122070312,736.0,720.9000244140625,725.0,10354897,Airtel
2022-08-19,709.9667358398438,732.2999877929688,737.5999755859375,726.0,730.2000122070312,13743828,Airtel
2022-08-22,705.4100952148438,727.5999755859375,734.4000244140625,724.4000244140625,731.8499755859375,8118490,Airtel
2022-08-23,715.1051025390625,737.5999755859375,742.5999755859375,722.5499877929688,725.0,8229797,Airtel
2022-08-24,716.2200927734375,738.75,754.2000122070312,718.0,722.8499755859375,14922081,Airtel
2022-08-25,718.4014282226562,741.0,754.0499877929688,735.25,744.7999877929688,9849958,Airtel
2022-08-26,708.5609130859375,730.8499755859375,741.5,728.0,741.5,5928897,Airtel
2022-08-29,698.62353515625,720.5999755859375,724.9000244140625,715.0999755859375,717.7000122070312,5878942,Airtel
2022-08-30,704.4405517578125,726.5999755859375,730.0999755859375,711.7999877929688,722.0,8894800,Airtel
2022-09-01,712.6328735351562,735.0499877929688,746.0,726.5,726.5,11869518,Airtel
2022-09-02,712.5844116210938,735.0,740.9000244140625,719.6500244140625,725.0,5693707,Airtel
2022-09-05,717.8197631835938,740.4000244140625,741.9500122070312,733.25,735.0,3660135,Airtel
2022-09-06,738.0338134765625,761.25,765.0,740.4000244140625,740.4000244140625,10166270,Airtel
2022-09-07,730.13232421875,753.0999755859375,761.9000244140625,686.2000122070312,755.5,126794211,Airtel
2022-09-08,746.3231201171875,769.7999877929688,776.0,757.0499877929688,759.0,10648073,Airtel
2022-09-09,742.3966064453125,765.75,774.7999877929688,762.9000244140625,773.0,4627905,Airtel
2022-09-12,745.6929321289062,769.1500244140625,771.4000244140625,764.5,767.0,2654087,Airtel
2022-09-13,760.3324584960938,784.25,788.9000244140625,770.0,774.0,8335652,Airtel
2022-09-14,759.4598388671875,783.3499755859375,788.4000244140625,775.75,776.0,6645392,Airtel
2022-09-15,761.1564331054688,785.0999755859375,790.6500244140625,782.0,788.0,5485310,Airtel
2022-09-16,755.8726806640625,779.6500244140625,788.0,776.4500122070312,788.0,20211162,Airtel
2022-09-19,758.8781127929688,782.75,786.0,772.2000122070312,773.5,5760313,Airtel
2022-09-20,767.9915161132812,792.1500244140625,796.9500122070312,785.0,786.7000122070312,7936714,Airtel
2022-09-21,756.4059448242188,780.2000122070312,797.0,779.0,792.1500244140625,9966193,Airtel
2022-09-22,760.1869506835938,784.0999755859375,794.7999877929688,776.3499755859375,791.2000122070312,7721133,Airtel
2022-09-23,747.8258056640625,771.3499755859375,788.0,768.7000122070312,788.0,9271829,Airtel
2022-09-26,732.0228881835938,755.0499877929688,771.1500244140625,753.2000122070312,769.9500122070312,13144297,Airtel
2022-09-27,737.4036865234375,760.5999755859375,765.0,757.2000122070312,758.8499755859375,5965026,Airtel
2022-09-28,738.2277221679688,761.4500122070312,771.0,755.0,755.5,5546932,Airtel
2022-09-29,741.3301391601562,764.6500244140625,769.0,759.2999877929688,763.9500122070312,5413233,Airtel
2022-09-30,775.505126953125,799.9000244140625,809.0,761.4500122070312,765.9500122070312,7469164,Airtel
2022-10-03,778.849853515625,803.3499755859375,815.5499877929688,798.0499877929688,803.4000244140625,12619046,Airtel
2022-10-04,784.0367431640625,808.7000122070312,816.75,807.5,813.0,5772140,Airtel
2022-10-06,764.5496826171875,788.5999755859375,815.8499755859375,786.6500244140625,810.5499877929688,6503205,Airtel
2022-10-07,768.9125366210938,793.0999755859375,796.7999877929688,784.7000122070312,792.0,6025982,Airtel
2022-10-10,768.1854248046875,792.3499755859375,794.7999877929688,779.7000122070312,784.9500122070312,3519416,Airtel
2022-10-11,756.5029296875,780.2999877929688,797.5,776.0,797.5,3699862,Airtel
2022-10-12,751.8977661132812,775.5499877929688,781.3499755859375,769.2000122070312,780.2999877929688,5984299,Airtel
2022-10-13,745.4506225585938,768.9000244140625,779.0,767.6500244140625,775.0,2842056,Airtel
2022-10-14,742.5905151367188,765.9500122070312,779.9500122070312,763.0499877929688,779.9500122070312,3608210,Airtel
2022-10-17,742.6389770507812,766.0,771.0,759.8499755859375,761.0,4566333,Airtel
2022-10-18,759.2659912109375,783.1500244140625,785.5999755859375,768.6500244140625,769.8499755859375,4391263,Airtel
2022-10-19,759.5083618164062,783.4000244140625,788.6500244140625,779.5,787.9500122070312,5219180,Airtel
2022-10-20,768.7186889648438,792.9000244140625,794.0,778.2999877929688,782.0,4756732,Airtel
2022-10-21,773.1298828125,797.4500122070312,802.8499755859375,789.75,790.0,4807736,Airtel
2022-10-24,777.6380615234375,802.0999755859375,807.5,800.0,800.0,522406,Airtel
2022-10-25,777.8319702148438,802.2999877929688,806.3499755859375,798.7000122070312,806.1500244140625,3184277,Airtel
2022-10-27,792.1806030273438,817.0999755859375,822.2000122070312,804.2000122070312,806.5,8159181,Airtel
2022-10-28,791.9381713867188,816.8499755859375,824.4000244140625,811.2999877929688,819.0,3905093,Airtel
2022-10-31,806.6261596679688,832.0,833.7999877929688,820.0,823.0,5487233,Airtel
2022-11-01,810.0679321289062,835.5499877929688,841.4500122070312,821.0499877929688,828.0,10488759,Airtel
2022-11-02,785.151611328125,809.8499755859375,830.0,807.25,830.0,11729925,Airtel
2022-11-03,793.6832885742188,818.6500244140625,824.4000244140625,804.2000122070312,809.75,5897840,Airtel
2022-11-04,791.501953125,816.4000244140625,821.7999877929688,809.2000122070312,815.7000122070312,3768226,Airtel
2022-11-07,797.6098022460938,822.7000122070312,824.0499877929688,809.0,817.0,7171570,Airtel
2022-11-09,794.071044921875,819.0499877929688,825.5,814.4500122070312,824.2000122070312,3969171,Airtel
2022-11-10,800.5668334960938,825.75,830.7000122070312,817.5499877929688,819.7999877929688,4425290,Airtel
2022-11-11,801.6817626953125,826.9000244140625,836.9000244140625,823.7999877929688,830.75,4325441,Airtel
2022-11-14,796.834228515625,821.9000244140625,830.7999877929688,817.0,818.0,10406576,Airtel
2022-11-15,809.7770385742188,835.25,838.75,822.6500244140625,822.6500244140625,6229710,Airtel
2022-11-16,815.5455322265625,841.2000122070312,844.0499877929688,828.0499877929688,837.5,3445345,Airtel
2022-11-17,820.3446655273438,846.1500244140625,849.4000244140625,838.4000244140625,841.7999877929688,4545534,Airtel
2022-11-18,811.7645263671875,837.2999877929688,851.8499755859375,831.0999755859375,849.9500122070312,7405949,Airtel
2022-11-21,825.2405395507812,851.2000122070312,852.7999877929688,835.0,837.0,5527122,Airtel
2022-11-22,821.7504272460938,847.5999755859375,860.5499877929688,845.0999755859375,853.4000244140625,7601660,Airtel
2022-11-23,817.5330200195312,843.25,851.8499755859375,841.5999755859375,851.8499755859375,4596816,Airtel
2022-11-24,822.4775390625,848.3499755859375,851.0,837.75,846.0,3455310,Airtel
2022-11-25,821.0232543945312,846.8499755859375,860.0,841.5999755859375,852.0,2991065,Airtel
2022-11-28,811.8615112304688,837.4000244140625,852.5499877929688,836.0499877929688,840.25,3668846,Airtel
2022-11-29,810.3587036132812,835.8499755859375,844.7999877929688,835.0,839.0,2680296,Airtel
2022-11-30,822.8653564453125,848.75,852.0,832.5999755859375,834.7999877929688,6874390,Airtel
2022-12-01,822.7198486328125,848.5999755859375,853.2000122070312,841.5999755859375,853.0,4506664,Airtel
2022-12-02,822.7683715820312,848.6500244140625,851.9500122070312,839.0999755859375,851.4000244140625,3505272,Airtel
2022-12-05,818.3571166992188,844.0999755859375,851.5999755859375,840.8499755859375,851.0,3311316,Airtel
2022-12-06,807.93505859375,833.3499755859375,845.0,829.7000122070312,844.9000244140625,5567349,Airtel
2022-12-07,808.565185546875,834.0,841.5999755859375,832.0,837.5499877929688,3771882,Airtel
2022-12-08,807.2078857421875,832.5999755859375,840.2000122070312,826.2999877929688,833.0,4822179,Airtel
2022-12-09,809.437744140625,834.9000244140625,836.5999755859375,823.9500122070312,830.2999877929688,4615843,Airtel
2022-12-12,803.1359252929688,828.4000244140625,836.9500122070312,825.4000244140625,832.5999755859375,3149823,Airtel
2022-12-13,812.4916381835938,838.0499877929688,840.0,822.0,822.0,3832999,Airtel
2022-12-14,803.9115600585938,829.2000122070312,842.0,828.1500244140625,840.6500244140625,7491333,Airtel
2022-12-15,801.1484375,826.3499755859375,831.0,824.3499755859375,829.0,2996482,Airtel
2022-12-16,797.6583251953125,822.75,832.7000122070312,819.9000244140625,825.0,4309644,Airtel
2022-12-19,814.77001953125,840.4000244140625,845.0499877929688,822.0,822.7000122070312,6397169,Airtel
2022-12-20,803.6691284179688,828.9500122070312,839.75,822.0,839.75,2828863,Airtel
2022-12-21,789.1751098632812,814.0,833.0499877929688,812.3499755859375,833.0,5079337,Airtel
2022-12-22,791.69580078125,816.5999755859375,824.7000122070312,809.5,819.0,3626834,Airtel
2022-12-23,783.98828125,808.6500244140625,817.9500122070312,805.0,814.0,2804496,Airtel
2022-12-26,786.2666625976562,811.0,815.2000122070312,801.1500244140625,805.0499877929688,6023206,Airtel
2022-12-27,789.95068359375,814.7999877929688,819.4500122070312,805.0,815.0,1782053,Airtel
2022-12-28,779.2861938476562,803.7999877929688,813.9000244140625,801.4500122070312,813.0,2907741,Airtel
2022-12-29,795.71923828125,820.75,824.75,760.0999755859375,807.0499877929688,6110313,Airtel
2022-12-30,781.5160522460938,806.0999755859375,824.7999877929688,804.9500122070312,824.7000122070312,3113243,Airtel
2023-01-02,788.6904296875,813.5,816.2000122070312,805.5999755859375,806.25,1626846,Airtel
2023-01-03,792.6652221679688,817.5999755859375,818.7999877929688,808.5,810.3499755859375,1717603,Airtel
2023-01-04,787.042236328125,811.7999877929688,820.4500122070312,806.2000122070312,818.9500122070312,2970216,Airtel
2023-01-05,782.4854736328125,807.0999755859375,825.0,803.75,825.0,5297349,Airtel
2023-01-06,771.72412109375,796.0,812.25,792.0,807.5499877929688,3199618,Airtel
2023-01-09,794.4104614257812,819.4000244140625,821.5,801.0499877929688,802.7000122070312,4340729,Airtel
2023-01-10,768.6701049804688,792.8499755859375,826.0999755859375,790.2999877929688,826.0999755859375,8392344,Airtel
2023-01-11,742.2026977539062,765.5499877929688,779.6500244140625,751.6500244140625,775.0,28389020,Airtel
2023-01-12,733.8165893554688,756.9000244140625,769.2999877929688,753.5499877929688,765.0,12732671,Airtel
2023-01-13,740.9907836914062,764.2999877929688,765.9500122070312,752.0,757.0,12279288,Airtel
2023-01-16,735.9979248046875,759.1500244140625,768.0999755859375,754.6500244140625,766.4000244140625,5779293,Airtel
2023-01-17,742.34814453125,765.7000122070312,768.9000244140625,758.75,759.1500244140625,6594428,Airtel
2023-01-18,752.8672485351562,776.5499877929688,780.0,766.0,768.2000122070312,5800899,Airtel
2023-01-19,748.4560546875,772.0,776.5,765.6500244140625,776.0,4169463,Airtel
2023-01-20,741.13623046875,764.4500122070312,775.8499755859375,758.2999877929688,775.8499755859375,6289718,Airtel
2023-01-23,749.1347045898438,772.7000122070312,776.0,763.8499755859375,767.9000244140625,2685320,Airtel
2023-01-24,751.9946899414062,775.6500244140625,777.5499877929688,761.0,773.0,5012125,Airtel
2023-01-25,752.8187255859375,776.5,780.5,768.0,774.9500122070312,6560514,Airtel
2023-01-27,750.8797607421875,774.5,778.9000244140625,765.7999877929688,774.9500122070312,6745926,Airtel
2023-01-30,746.7109375,770.2000122070312,774.9500122070312,763.0,771.5999755859375,5420851,Airtel
2023-01-31,746.8078002929688,770.2999877929688,779.0,768.4000244140625,775.0,8537557,Airtel
2023-02-01,745.6444702148438,769.0999755859375,784.6500244140625,756.5999755859375,775.9500122070312,4472974,Airtel
2023-02-02,754.0306396484375,777.75,781.0,765.0499877929688,765.0999755859375,2841909,Airtel
2023-02-03,768.7186889648438,792.9000244140625,794.9500122070312,778.4000244140625,779.9000244140625,5493687,Airtel
2023-02-06,765.179931640625,789.25,794.6500244140625,778.7999877929688,789.7000122070312,2407975,Airtel
2023-02-07,761.9320678710938,785.9000244140625,795.8499755859375,783.0,793.9000244140625,4126502,Airtel
2023-02-08,751.46142578125,775.0999755859375,781.0,765.0,778.0,9951783,Airtel
2023-02-09,743.2691040039062,766.6500244140625,775.0999755859375,761.2999877929688,770.0,5913945,Airtel
2023-02-10,748.4075317382812,771.9500122070312,773.2000122070312,761.0,768.9500122070312,2954992,Airtel
2023-02-13,745.15966796875,768.5999755859375,779.5999755859375,766.7000122070312,771.0,3705892,Airtel
2023-02-14,751.5584716796875,775.2000122070312,777.5999755859375,766.2000122070312,769.0,3502010,Airtel
2023-02-15,761.4473876953125,785.4000244140625,787.1500244140625,772.2000122070312,775.0,3602838,Airtel
2023-02-16,760.5263671875,784.4500122070312,790.5,780.5999755859375,789.6500244140625,3399428,Airtel
2023-02-17,753.1095581054688,776.7999877929688,787.4500122070312,770.2999877929688,785.9500122070312,3093216,Airtel
2023-02-20,755.3880004882812,779.1500244140625,793.7999877929688,777.0999755859375,781.25,3381774,Airtel
2023-02-21,755.291015625,779.0499877929688,788.0,778.1500244140625,783.0499877929688,2769616,Airtel
2023-02-22,748.6014404296875,772.1500244140625,781.6500244140625,766.5,777.0,3261898,Airtel
2023-02-23,739.6820678710938,762.9500122070312,777.5,761.8499755859375,774.0,4062194,Airtel
2023-02-24,734.0104370117188,757.0999755859375,775.7999877929688,755.0,775.7000122070312,4357223,Airtel
2023-02-27,729.9384765625,752.9000244140625,754.4000244140625,738.4500122070312,753.0,6719439,Airtel
2023-02-28,719.61328125,742.25,757.0999755859375,739.6500244140625,755.0,10562614,Airtel
2023-03-01,727.3208618164062,750.2000122070312,753.4500122070312,741.0,742.4000244140625,3744982,Airtel
2023-03-02,717.52880859375,740.0999755859375,751.7999877929688,735.7999877929688,751.0,4910541,Airtel
2023-03-03,741.0878295898438,764.4000244140625,765.9000244140625,743.5499877929688,745.0,5759333,Airtel
2023-03-06,743.2206420898438,766.5999755859375,775.9000244140625,765.0999755859375,766.7000122070312,4597345,Airtel
2023-03-08,743.1721801757812,766.5499877929688,769.9000244140625,760.7000122070312,764.0,3546995,Airtel
2023-03-09,749.8133544921875,773.4000244140625,795.0,770.2000122070312,795.0,5240056,Airtel
2023-03-10,750.1526489257812,773.75,778.9500122070312,768.2000122070312,773.0,4113931,Airtel
2023-03-13,741.9603271484375,765.2999877929688,777.7999877929688,763.1500244140625,777.4500122070312,3447889,Airtel
2023-03-14,748.2621459960938,771.7999877929688,776.75,764.0,764.0,3753502,Airtel
2023-03-15,733.57421875,756.6500244140625,765.5499877929688,752.5,758.0,8101060,Airtel
2023-03-16,723.2005004882812,745.9500122070312,759.0,743.5,750.0,7465693,Airtel
2023-03-17,734.1558837890625,757.25,759.4500122070312,739.1500244140625,750.0,9306857,Airtel
2023-03-20,731.780517578125,754.7999877929688,759.7999877929688,748.7999877929688,754.9500122070312,3566109,Airtel
2023-03-21,733.8650512695312,756.9500122070312,766.0,755.1500244140625,760.0,5332221,Airtel
2023-03-22,733.6226806640625,756.7000122070312,763.2000122070312,753.1500244140625,761.0,2680654,Airtel
2023-03-23,740.2637329101562,763.5499877929688,765.7999877929688,756.8499755859375,758.0,2454948,Airtel
2023-03-24,739.197265625,762.4500122070312,767.0,758.8499755859375,763.5499877929688,2336818,Airtel
2023-03-27,738.5185546875,761.75,769.7000122070312,759.3499755859375,763.0,2258853,Airtel
2023-03-28,725.6242065429688,748.4500122070312,765.5999755859375,742.7999877929688,765.5999755859375,4166723,Airtel
2023-03-29,720.922119140625,743.5999755859375,754.9000244140625,738.8499755859375,751.0,4891868,Airtel
2023-03-31,726.1575317382812,749.0,753.0,742.0499877929688,752.1500244140625,5796532,Airtel
2023-04-03,737.3551635742188,760.5499877929688,761.9000244140625,752.0499877929688,755.0,2120667,Airtel
2023-04-05,740.1668090820312,763.4500122070312,768.0,756.0,768.0,3197932,Airtel
2023-04-06,742.5905151367188,765.9500122070312,768.7000122070312,759.0999755859375,762.5999755859375,1777379,Airtel
2023-04-10,746.2745971679688,769.75,776.2999877929688,766.4500122070312,768.9500122070312,1701065,Airtel
2023-04-11,750.5404663085938,774.1500244140625,776.0,768.1500244140625,776.0,3485481,Airtel
2023-04-12,747.5834350585938,771.0999755859375,774.5499877929688,765.0999755859375,774.0,3794841,Airtel
2023-04-13,743.6569213867188,767.0499877929688,771.1500244140625,765.4500122070312,770.0,4292170,Airtel
2023-04-17,736.482666015625,759.6500244140625,789.0,754.3499755859375,789.0,9083437,Airtel
2023-04-18,736.57958984375,759.75,765.0,752.5499877929688,765.0,4051481,Airtel
2023-04-19,741.3301391601562,764.6500244140625,766.8499755859375,756.0,761.3499755859375,3429794,Airtel
2023-04-20,748.7468872070312,772.2999877929688,773.75,762.5999755859375,764.0,2355441,Airtel
2023-04-21,741.8633422851562,765.2000122070312,775.25,764.4500122070312,769.5999755859375,4524208,Airtel
2023-04-24,737.0643920898438,760.25,767.4000244140625,755.6500244140625,765.2000122070312,5271105,Airtel
2023-04-25,749.0377197265625,772.5999755859375,777.0,761.75,764.9500122070312,5773233,Airtel
2023-04-26,749.86181640625,773.4500122070312,779.9000244140625,767.0999755859375,779.9000244140625,5057352,Airtel
2023-04-27,762.5137329101562,786.5,789.2000122070312,771.3499755859375,772.0,4129769,Airtel
2023-04-28,774.92333984375,799.2999877929688,802.0499877929688,787.2000122070312,789.8499755859375,6572656,Airtel
2023-05-02,766.1010131835938,790.2000122070312,806.7999877929688,788.5499877929688,800.25,6301210,Airtel
2023-05-03,755.5333862304688,779.2999877929688,794.5,777.2000122070312,794.5,3908267,Airtel
2023-05-04,765.0345458984375,789.0999755859375,792.7000122070312,773.6500244140625,779.2999877929688,2457671,Airtel
2023-05-05,763.2893676757812,787.2999877929688,790.9500122070312,780.25,789.0999755859375,1438467,Airtel
2023-05-08,769.5426635742188,793.75,795.2999877929688,785.2000122070312,789.9000244140625,2489174,Airtel
2023-05-09,769.397216796875,793.5999755859375,798.3499755859375,790.5,796.9000244140625,2486331,Airtel
2023-05-10,771.7725219726562,796.0499877929688,797.5499877929688,788.0499877929688,797.0,2737334,Airtel
2023-05-11,764.5496826171875,788.5999755859375,794.5499877929688,783.7000122070312,794.5499877929688,4808171,Airtel
2023-05-12,767.797607421875,791.9500122070312,793.7000122070312,784.5,787.5,2576010,Airtel
2023-05-15,772.7420654296875,797.0499877929688,802.5,789.5499877929688,793.0,7569060,Airtel
2023-05-16,763.3378295898438,787.3499755859375,801.25,784.0,800.8499755859375,4846217,Airtel
2023-05-17,768.0885009765625,792.25,797.6500244140625,783.9000244140625,788.0,6529233,Airtel
2023-05-18,774.9718627929688,799.3499755859375,803.0,794.6500244140625,797.9500122070312,11383252,Airtel
2023-05-19,781.1766967773438,805.75,808.3499755859375,793.25,799.3499755859375,3432240,Airtel
2023-05-22,777.3956298828125,801.8499755859375,804.0,799.5,801.0,9996762,Airtel
2023-05-23,775.5536499023438,799.9500122070312,808.9500122070312,797.9500122070312,808.9500122070312,6516636,Airtel
2023-05-24,776.95947265625,801.4000244140625,802.9000244140625,795.0,802.9000244140625,9104329,Airtel
2023-05-25,797.6098022460938,822.7000122070312,825.5,797.8499755859375,799.5999755859375,9570396,Airtel
2023-05-26,793.004638671875,817.9500122070312,829.3499755859375,813.4000244140625,827.9000244140625,6150206,Airtel
2023-05-29,796.2039794921875,821.25,829.4000244140625,818.0,829.4000244140625,3684829,Airtel
2023-05-30,793.4893798828125,818.4500122070312,826.3499755859375,812.7999877929688,821.25,5148256,Airtel
2023-05-31,823.9802856445312,849.9000244140625,888.75,818.0,819.0,47342125,Airtel
2023-06-01,802.69970703125,827.9500122070312,837.9500122070312,823.0,837.9500122070312,9713155,Airtel
2023-06-02,810.9889526367188,836.5,839.2999877929688,826.9500122070312,832.7999877929688,6834131,Airtel
2023-06-05,809.0499267578125,834.5,841.3499755859375,832.1500244140625,838.5,5298053,Airtel
2023-06-06,804.1539306640625,829.4500122070312,838.25,826.1500244140625,834.5,2722174,Airtel
2023-06-07,818.5026245117188,844.25,847.5,827.25,828.9000244140625,4110739,Airtel
2023-06-08,810.504150390625,836.0,849.4000244140625,834.5499877929688,847.7000122070312,4050621,Airtel
2023-06-09,808.0803833007812,833.5,839.7999877929688,828.9500122070312,838.5499877929688,3332436,Airtel
2023-06-12,810.843505859375,836.3499755859375,843.0999755859375,831.75,834.8499755859375,1569715,Airtel
2023-06-13,808.9044799804688,834.3499755859375,844.0,832.75,838.0999755859375,3224345,Airtel
2023-06-14,802.69970703125,827.9500122070312,833.9500122070312,819.0,832.0,5108720,Airtel
2023-06-15,804.3963012695312,829.7000122070312,833.7999877929688,824.2000122070312,827.0,3865201,Airtel
2023-06-16,812.249267578125,837.7999877929688,840.0,820.7999877929688,822.5,4907797,Airtel
2023-06-19,802.8936157226562,828.1500244140625,840.0,827.5,840.0,3017364,Airtel
2023-06-20,805.8505859375,831.2000122070312,833.7000122070312,826.8499755859375,828.0999755859375,2691557,Airtel
2023-06-21,813.4126586914062,839.0,840.75,830.4000244140625,832.0,3022724,Airtel
2023-06-22,817.0968017578125,842.7999877929688,843.5,834.7000122070312,836.7000122070312,4380046,Airtel
2023-06-23,828.7308349609375,854.7999877929688,862.75,841.3499755859375,844.0,7667340,Airtel
2023-06-26,825.9677734375,851.9500122070312,857.3499755859375,846.3499755859375,857.3499755859375,4431992,Airtel
2023-06-27,838.5227661132812,864.9000244140625,871.3499755859375,853.5999755859375,856.5,5533649,Airtel
2023-06-28,845.6001586914062,872.2000122070312,873.5999755859375,863.5999755859375,869.5,6272649,Airtel
2023-06-30,851.9503784179688,878.75,883.0,867.0499877929688,880.0,5217511,Airtel
2023-07-03,852.3381958007812,879.1500244140625,884.1500244140625,874.5999755859375,880.0,3333167,Airtel
2023-07-04,838.7651977539062,865.1500244140625,873.7999877929688,853.2999877929688,873.7999877929688,7397493,Airtel
2023-07-05,840.219482421875,866.6500244140625,871.0,863.0499877929688,868.0,4284477,Airtel
2023-07-06,843.1279907226562,869.6500244140625,877.9000244140625,863.4500122070312,864.3499755859375,6365222,Airtel
2023-07-07,843.903564453125,870.4500122070312,883.5999755859375,862.5,865.0,18763997,Airtel
2023-07-10,858.3975830078125,885.4000244140625,889.5999755859375,865.0,867.0,4310681,Airtel
2023-07-11,864.6994018554688,891.9000244140625,893.1500244140625,886.2999877929688,890.0,3353977,Airtel
2023-07-12,862.808837890625,889.9500122070312,895.7000122070312,883.0999755859375,889.9500122070312,3033186,Airtel
2023-07-13,858.0582275390625,885.0499877929688,893.2999877929688,883.25,891.3499755859375,4228714,Airtel
2023-07-14,859.4640502929688,886.5,890.25,879.6500244140625,885.0,3860080,Airtel
2023-07-17,851.3201904296875,878.0999755859375,896.6500244140625,876.0,886.0,5614592,Airtel
2023-07-18,848.7510986328125,875.4500122070312,880.2000122070312,863.1500244140625,877.0499877929688,4731911,Airtel
2023-07-19,844.1943969726562,870.75,877.0,867.2000122070312,875.4500122070312,6641825,Airtel
2023-07-20,857.8643188476562,884.8499755859375,886.7000122070312,868.0,871.0,3779959,Airtel
2023-07-21,858.979248046875,886.0,891.9000244140625,874.7999877929688,878.0999755859375,7001587,Airtel
2023-07-24,861.0637817382812,888.1500244140625,892.5999755859375,880.7999877929688,885.0,4125577,Airtel
2023-07-25,856.700927734375,883.6500244140625,894.7000122070312,879.0999755859375,888.0,3652262,Airtel
2023-07-26,862.2756958007812,889.4000244140625,896.5,883.2999877929688,886.5,2845581,Airtel
2023-07-27,867.8502807617188,895.1500244140625,901.4000244140624,888.1500244140625,889.3499755859375,3445446,Airtel
2023-07-28,867.8018188476562,895.0999755859375,899.9000244140625,890.5499877929688,899.9000244140625,2314339,Airtel
2023-07-31,862.7604370117188,889.9000244140625,897.7999877929688,885.25,894.0,4424817,Airtel
2023-08-01,864.4569702148438,891.6500244140625,897.4000244140625,888.1500244140625,894.5,2087412,Airtel
2023-08-02,851.3201904296875,878.0999755859375,890.6500244140625,872.5999755859375,883.2000122070312,3328903,Airtel
2023-08-03,845.115478515625,871.7000122070312,882.0499877929688,865.0999755859375,875.0,4642067,Airtel
2023-08-04,862.5180053710938,889.6500244140625,892.9500122070312,866.2000122070312,869.0,7066276,Airtel
2023-08-07,864.2146606445312,891.4000244140625,900.5499877929688,884.0999755859375,885.1500244140625,4086452,Airtel
2023-08-08,858.3975830078125,885.4000244140625,894.2999877929688,880.4500122070312,892.0,3282856,Airtel
2023-08-09,856.7494506835938,883.7000122070312,897.4500122070312,878.7999877929688,885.0,3185159,Airtel
2023-08-10,848.1207885742188,874.7999877929688,883.9000244140625,868.2000122070312,882.0,3439922,Airtel
2023-08-11,847.8773803710938,870.5499877929688,873.7000122070312,865.0,872.0,2812690,Airtel
2023-08-14,844.468505859375,867.0499877929688,870.5999755859375,857.5999755859375,870.5,2665905,Airtel
2023-08-16,834.631591796875,856.9500122070312,874.0,853.2000122070312,870.0,3962408,Airtel
2023-08-17,834.3881225585938,856.7000122070312,859.8499755859375,850.0,857.2000122070312,3013019,Airtel
2023-08-18,833.9498291015625,856.25,862.0,852.25,856.7000122070312,4929835,Airtel
2023-08-21,849.2409057617188,871.9500122070312,874.0,854.0999755859375,855.6500244140625,3220142,Airtel
2023-08-22,854.79248046875,877.6500244140625,879.9500122070312,866.2000122070312,871.0,3333869,Airtel
2023-08-23,845.5399169921875,868.1500244140625,877.0,866.7999877929688,877.0,1860153,Airtel
2023-08-24,846.8060302734375,869.4500122070312,874.7000122070312,864.2000122070312,873.0,2842728,Airtel
2023-08-25,850.75048828125,873.5,875.9500122070312,861.0999755859375,869.4500122070312,3124339,Airtel
2023-08-28,847.6825561523438,870.3499755859375,875.75,865.8499755859375,874.0499877929688,3094455,Airtel
2023-08-29,832.9271240234375,855.2000122070312,870.0,848.5,870.0,14064286,Airtel
2023-08-30,835.4107055664062,857.75,862.5999755859375,856.4500122070312,859.8499755859375,3261665,Airtel
2023-08-31,834.0958862304688,856.4000244140625,859.5,847.0499877929688,855.5,12528190,Airtel
2023-09-01,843.3971557617188,865.9500122070312,867.5499877929688,852.75,853.1500244140625,4427899,Airtel
2023-09-04,842.7640991210938,865.2999877929688,869.4500122070312,859.7000122070312,865.75,3102649,Airtel
2023-09-05,843.3484497070312,865.9000244140625,867.7999877929688,858.4000244140625,863.0999755859375,2216754,Airtel
2023-09-06,857.3734741210938,880.2999877929688,882.4000244140625,865.7999877929688,867.1500244140625,4235096,Airtel
2023-09-07,852.503662109375,875.2999877929688,883.7000122070312,873.1500244140625,880.2999877929688,4532834,Airtel
2023-09-08,862.7788696289062,885.8499755859375,890.6500244140625,878.1500244140625,881.7999877929688,3741470,Airtel
2023-09-11,867.5999755859375,890.7999877929688,892.2999877929688,883.5999755859375,888.0,2733894,Airtel
2023-09-12,867.21044921875,890.4000244140625,896.5,885.0,894.9000244140625,4106031,Airtel
2023-09-13,891.3157958984375,915.1500244140624,918.0,885.5499877929688,888.0499877929688,5222561,Airtel
2023-09-14,891.1210327148438,914.9500122070312,920.5999755859376,910.0999755859376,920.2999877929688,5513106,Airtel
2023-09-15,911.7689208984376,936.1500244140624,948.7000122070312,910.0,912.5999755859376,14003428,Airtel
2023-09-18,896.2343139648438,920.2000122070312,935.7999877929688,918.0,929.4000244140624,2977375,Airtel
2023-09-20,886.981689453125,910.7000122070312,919.2999877929688,904.7999877929688,911.0,5241903,Airtel
2023-09-21,894.0428466796875,917.9500122070312,920.1500244140624,903.3499755859376,910.2000122070312,4896202,Airtel
2023-09-22,887.6635131835938,911.4000244140624,922.3499755859376,903.7999877929688,917.9500122070312,6112928,Airtel
2023-09-25,886.6895751953125,910.4000244140624,913.3499755859376,902.0499877929688,912.0,5278045,Airtel
2023-09-26,888.9296264648438,912.7000122070312,920.9500122070312,908.0,910.0,5355047,Airtel
2023-09-27,896.282958984375,920.25,921.0499877929688,907.4500122070312,914.9500122070312,4713145,Airtel
2023-09-28,901.5423583984376,925.6500244140624,932.0,918.5999755859376,926.0,7386917,Airtel
2023-09-29,902.2728271484376,926.4000244140624,936.4000244140624,921.7999877929688,932.0,5608557,Airtel
2023-10-03,901.201416015625,925.2999877929688,928.25,916.0499877929688,918.25,4338272,Airtel
2023-10-04,900.1787719726562,924.25,925.9500122070312,918.2999877929688,918.2999877929688,5603669,Airtel
2023-10-05,904.6589965820312,928.8499755859376,929.5999755859376,919.4000244140624,925.0499877929688,7063132,Airtel
2023-10-06,901.9319458007812,926.0499877929688,929.2000122070312,924.2999877929688,929.2000122070312,2420855,Airtel
2023-10-09,900.4710083007812,924.5499877929688,928.0499877929688,916.5499877929688,918.0,2248103,Airtel
2023-10-10,923.651123046875,948.3499755859376,954.0499877929688,921.0499877929688,924.5499877929688,7897875,Airtel
2023-10-11,930.7122802734376,955.5999755859376,956.7999877929688,948.0,948.5,5645289,Airtel
2023-10-12,925.5990600585938,950.3499755859376,956.7999877929688,947.0,955.5999755859376,5544735,Airtel
2023-10-13,929.3487548828124,954.2000122070312,955.9500122070312,946.2999877929688,946.2999877929688,4421671,Airtel
2023-10-16,921.8980102539062,946.5499877929688,958.75,943.8499755859376,957.9500122070312,1881721,Airtel
2023-10-17,928.8131713867188,953.6500244140624,960.25,946.0,946.5499877929688,3863410,Airtel
2023-10-18,928.033935546875,952.8499755859376,958.9000244140624,950.6500244140624,953.0,2334392,Airtel
2023-10-19,918.3917846679688,942.9500122070312,951.2999877929688,941.3499755859376,945.7999877929688,4306963,Airtel
2023-10-20,920.5831909179688,945.2000122070312,947.5,937.0,937.7999877929688,3125104,Airtel
2023-10-23,914.8368530273438,939.2999877929688,949.0999755859376,937.0,941.5999755859376,2180066,Airtel
2023-10-25,898.57177734375,922.5999755859376,939.6500244140624,919.0,924.5999755859376,6365249,Airtel
2023-10-26,881.9171752929688,905.5,924.5999755859376,900.0499877929688,921.6500244140624,6595332,Airtel
2023-10-27,890.7800903320312,914.5999755859376,918.4000244140624,906.4500122070312,910.75,3508393,Airtel
2023-10-30,902.1267700195312,926.25,931.9500122070312,910.3499755859376,914.7999877929688,3686768,Airtel
2023-10-31,890.5853881835938,914.4000244140624,923.5499877929688,912.4000244140624,920.2999877929688,5697563,Airtel
2023-11-01,889.6600952148438,913.4500122070312,914.5499877929688,895.4500122070312,903.0,4821458,Airtel
2023-11-02,899.7892456054688,923.8499755859376,925.9500122070312,916.4000244140624,920.0,6611573,Airtel
2023-11-03,906.509521484375,930.75,933.7000122070312,922.2000122070312,925.0,3895154,Airtel
2023-11-06,914.739501953125,939.2000122070312,940.7000122070312,930.0,934.2000122070312,2760800,Airtel
2023-11-07,912.742919921875,937.1500244140624,938.9500122070312,932.4500122070312,936.0499877929688,3616946,Airtel
2023-11-08,912.353271484375,936.75,941.7999877929688,934.4000244140624,941.7999877929688,1808553,Airtel
2023-11-09,908.06787109375,932.3499755859376,937.2999877929688,930.5499877929688,936.75,3914416,Airtel
2023-11-10,911.1358032226562,935.5,937.0,929.0,929.0,1345614,Airtel
2023-11-13,910.6488037109376,935.0,940.2999877929688,933.7999877929688,938.0,1656368,Airtel
2023-11-15,925.2581787109376,950.0,952.7000122070312,936.2000122070312,948.0,4816316,Airtel
2023-11-16,924.8198852539062,949.5499877929688,953.9000244140624,943.25,949.0,5310736,Airtel
2023-11-17,922.6284790039062,947.2999877929688,954.0,946.0,948.7999877929688,3249469,Airtel
2023-11-20,936.361328125,961.4000244140624,964.2999877929688,941.9500122070312,949.0,4646962,Airtel
2023-11-21,945.5651245117188,970.8499755859376,976.3499755859376,961.0,967.0,5704644,Airtel
2023-11-22,944.4938354492188,969.75,976.2999877929688,965.9500122070312,974.2999877929688,3309732,Airtel
2023-11-23,951.214111328125,976.6500244140624,981.0,963.7000122070312,970.0,2749555,Airtel
2023-11-24,947.8052978515624,973.1500244140624,977.1500244140624,971.0,975.0,2322104,Airtel
2023-11-28,959.2492065429688,984.9000244140624,988.0,971.2000122070312,974.0499877929688,5096984,Airtel
2023-11-29,969.4757690429688,995.4000244140624,1007.0999755859376,990.9500122070312,995.9000244140624,5647918,Airtel
2023-11-30,988.2730712890624,1014.7000122070312,1018.2000122070312,992.7000122070312,995.0,9934052,Airtel
2023-12-01,988.2730712890624,1014.7000122070312,1022.5499877929688,1008.2000122070312,1015.0,5544950,Airtel
2023-12-04,1005.9991455078124,1032.9000244140625,1044.0,1025.199951171875,1036.0,5164902,Airtel
2023-12-05,1004.2460327148438,1031.0999755859375,1045.949951171875,1022.0999755859376,1038.800048828125,4266159,Airtel
2023-12-06,997.7691040039062,1024.449951171875,1035.0,1013.4500122070312,1029.0999755859375,4121251,Airtel
2023-12-07,973.9559936523438,1000.0,1019.7000122070312,998.0,1015.0,13805235,Airtel
2023-12-08,974.1994018554688,1000.25,1004.0,991.2999877929688,998.7000122070312,6630766,Airtel
2023-12-11,974.7838134765624,1000.8499755859376,1004.5999755859376,992.0499877929688,996.0999755859376,6195119,Airtel
2023-12-12,969.3296508789062,995.25,1000.8499755859376,987.0,999.25,7119331,Airtel
2023-12-13,973.8585815429688,999.9000244140624,1002.0,991.5,993.2000122070312,4153219,Airtel
2023-12-14,979.0205078125,1005.2000122070312,1011.2000122070312,999.1500244140624,1006.0,6541673,Airtel
2023-12-15,966.7000122070312,992.5499877929688,1010.8499755859376,988.25,999.6500244140624,10119597,Airtel
2023-12-18,964.4598999023438,990.25,998.7999877929688,982.1500244140624,995.0,5750263,Airtel
2023-12-19,962.706787109375,988.4500122070312,997.9500122070312,985.9000244140624,995.4500122070312,3912964,Airtel
2023-12-20,946.2468872070312,971.5499877929688,993.6500244140624,969.0,992.9000244140624,3990591,Airtel
2023-12-21,952.4315795898438,977.9000244140624,981.5499877929688,960.0,968.0,4294277,Airtel
2023-12-22,963.778076171875,989.5499877929688,998.9500122070312,975.5499877929688,981.9000244140624,4605120,Airtel
2023-12-26,973.8098754882812,999.8499755859376,1002.5,989.6500244140624,995.0,2460643,Airtel
2023-12-27,994.6038208007812,1021.2000122070312,1024.050048828125,998.0,1000.0,4791379,Airtel
2023-12-28,1009.7000122070312,1036.699951171875,1041.949951171875,1022.2000122070312,1023.9000244140624,5288328,Airtel
2023-12-29,1005.3173217773438,1032.199951171875,1043.25,1024.4000244140625,1033.1500244140625,4631749,Airtel
2024-01-01,986.6660766601562,1013.0499877929688,1031.949951171875,1007.0,1031.949951171875,3804406,Airtel
2024-01-02,995.0908813476562,1021.7000122070312,1025.449951171875,1016.0,1017.4000244140624,6865791,Airtel
2024-01-03,1008.2392578125,1035.199951171875,1037.0,1021.3499755859376,1031.949951171875,3604276,Airtel
2024-01-04,1020.6085205078124,1047.9000244140625,1058.800048828125,1027.550048828125,1035.25,4664043,Airtel
2024-01-05,1019.3423461914062,1046.5999755859375,1063.6500244140625,1038.949951171875,1053.800048828125,4008221,Airtel
2024-01-08,1021.7285766601562,1049.050048828125,1059.0,1045.25,1050.0,4489695,Airtel
2024-01-09,1036.776123046875,1064.5,1067.9000244140625,1048.050048828125,1057.0,3371125,Airtel
2024-01-10,1035.02294921875,1062.699951171875,1073.300048828125,1055.300048828125,1066.949951171875,3111573,Airtel
2024-01-11,1035.1690673828125,1062.8499755859375,1073.9000244140625,1057.3499755859375,1065.75,2604325,Airtel
2024-01-12,1048.3173828125,1076.3499755859375,1078.550048828125,1051.5999755859375,1058.0999755859375,3394013,Airtel
2024-01-15,1073.6890869140625,1102.4000244140625,1104.699951171875,1074.550048828125,1078.050048828125,3312897,Airtel
2024-01-16,1067.3583984375,1095.9000244140625,1117.0,1093.0,1107.0,5025540,Airtel
2024-01-17,1056.9857177734375,1085.25,1108.949951171875,1078.800048828125,1092.0,4568700,Airtel
2024-01-18,1058.739013671875,1087.050048828125,1096.0,1075.199951171875,1075.199951171875,4407330,Airtel
2024-01-19,1095.700439453125,1125.0,1136.3499755859375,1089.800048828125,1091.0,11753391,Airtel
2024-01-23,1127.841064453125,1158.0,1172.550048828125,1135.0,1145.0,18194595,Airtel
2024-01-24,1158.9588623046875,1189.949951171875,1194.0,1140.0999755859375,1140.0999755859375,9546592,Airtel
2024-01-25,1130.3245849609375,1160.550048828125,1200.6500244140625,1157.050048828125,1186.0,11424697,Airtel
2024-01-29,1131.8829345703125,1162.1500244140625,1169.75,1158.0,1158.0,4015858,Airtel
2024-01-30,1128.47412109375,1158.6500244140625,1180.8499755859375,1154.550048828125,1162.1500244140625,3902023,Airtel
2024-01-31,1140.210205078125,1170.699951171875,1175.050048828125,1146.199951171875,1159.0,5981966,Airtel
2024-02-01,1121.218017578125,1151.199951171875,1170.199951171875,1148.949951171875,1165.050048828125,3606209,Airtel
2024-02-02,1120.8284912109375,1150.800048828125,1175.199951171875,1145.300048828125,1155.0,4969983,Airtel
2024-02-05,1084.5487060546875,1113.550048828125,1159.6500244140625,1110.0,1154.3499755859375,7809331,Airtel
2024-02-06,1104.5147705078125,1134.050048828125,1156.0999755859375,1123.0,1125.0,9863065,Airtel
2024-02-07,1104.7581787109375,1134.300048828125,1148.25,1131.800048828125,1138.800048828125,2770694,Airtel
2024-02-08,1112.40380859375,1142.1500244140625,1146.5,1116.199951171875,1144.4000244140625,6519392,Airtel
2024-02-09,1091.0740966796875,1120.25,1145.949951171875,1116.25,1145.949951171875,4203171,Airtel
2024-02-12,1089.5645751953125,1118.699951171875,1129.0,1111.300048828125,1122.9000244140625,3887976,Airtel
2024-02-13,1088.736572265625,1117.8499755859375,1125.0,1103.800048828125,1111.0,3211554,Airtel
2024-02-14,1086.7886962890625,1115.8499755859375,1121.1500244140625,1104.699951171875,1110.0,4653070,Airtel
2024-02-15,1091.512451171875,1120.699951171875,1131.449951171875,1109.4000244140625,1122.300048828125,5056712,Airtel
2024-02-16,1090.8306884765625,1120.0,1127.050048828125,1116.8499755859375,1124.0,3091952,Airtel
2024-02-19,1112.4525146484375,1142.199951171875,1145.0,1118.3499755859375,1121.050048828125,4711035,Airtel
2024-02-20,1114.15673828125,1143.949951171875,1151.5999755859375,1135.0,1145.0,5397418,Airtel
2024-02-21,1110.21240234375,1139.9000244140625,1159.1500244140625,1132.5999755859375,1155.0,4570259,Airtel
2024-02-22,1105.975830078125,1135.550048828125,1138.75,1097.6500244140625,1137.5999755859375,8642368,Airtel
2024-02-23,1096.4310302734375,1125.75,1131.8499755859375,1115.300048828125,1127.0,6709844,Airtel
2024-02-26,1081.1397705078125,1110.050048828125,1125.9000244140625,1104.3499755859375,1118.0999755859375,3186134,Airtel
2024-02-27,1098.1353759765625,1127.5,1131.0,1101.300048828125,1113.0,7149094,Airtel
2024-02-28,1099.352783203125,1128.75,1152.6500244140625,1123.5,1133.4000244140625,5302711,Airtel
2024-02-29,1094.093505859375,1123.3499755859375,1137.949951171875,1099.0,1118.8499755859375,13818650,Airtel
2024-03-01,1099.3040771484375,1128.699951171875,1140.75,1117.4000244140625,1128.0,5927490,Airtel
2024-03-04,1103.9791259765625,1133.5,1149.25,1132.0,1132.0,5855090,Airtel
2024-03-05,1138.4571533203125,1168.9000244140625,1179.75,1133.050048828125,1133.050048828125,5375008,Airtel
2024-03-06,1162.6112060546875,1193.699951171875,1196.5999755859375,1157.3499755859375,1173.949951171875,5464839,Airtel
2024-03-07,1168.454833984375,1199.699951171875,1213.5999755859375,1189.449951171875,1209.8499755859375,8903981,Airtel
2024-03-11,1165.4356689453125,1196.5999755859375,1218.300048828125,1186.0,1186.0,6679208,Airtel
2024-03-12,1172.886474609375,1204.25,1208.0,1197.800048828125,1200.0,4249548,Airtel
2024-03-13,1138.3109130859375,1168.75,1212.0,1151.699951171875,1212.0,7528096,Airtel
2024-03-14,1163.48779296875,1194.5999755859375,1199.699951171875,1163.550048828125,1173.949951171875,8569080,Airtel
2024-03-15,1188.226318359375,1220.0,1222.800048828125,1187.8499755859375,1190.0,10115416,Airtel
2024-03-18,1193.3883056640625,1225.300048828125,1230.550048828125,1215.199951171875,1225.0,4141080,Airtel
2024-03-19,1196.3587646484375,1228.3499755859375,1240.4000244140625,1214.5999755859375,1216.199951171875,7703719,Airtel
2024-03-20,1199.718994140625,1231.800048828125,1239.0,1223.6500244140625,1228.25,6596032,Airtel
2024-03-21,1189.0054931640625,1220.800048828125,1242.9000244140625,1214.0999755859375,1238.0,9952250,Airtel
2024-03-22,1203.906982421875,1236.0999755859375,1245.0,1222.0,1226.949951171875,7840007,Airtel
2024-03-26,1181.5059814453125,1213.0999755859375,1234.0,1210.0,1225.0,10898138,Airtel
2024-03-27,1192.9013671875,1224.800048828125,1228.25,1210.550048828125,1210.550048828125,5779169,Airtel
2024-03-28,1196.6021728515625,1228.5999755859375,1238.5,1220.300048828125,1226.949951171875,10518377,Airtel
2024-04-01,1185.645263671875,1217.3499755859375,1231.9000244140625,1208.0,1228.0,5461473,Airtel
2024-04-02,1176.7823486328125,1208.25,1227.75,1203.199951171875,1225.0,3625577,Airtel
2024-04-03,1193.77783203125,1225.699951171875,1240.5999755859375,1189.449951171875,1195.0,9532291,Airtel
2024-04-04,1175.418701171875,1206.8499755859375,1233.0,1201.300048828125,1231.949951171875,7327626,Airtel
2024-04-05,1159.9815673828125,1191.0,1211.3499755859375,1188.949951171875,1205.9000244140625,4227519,Airtel
2024-04-08,1173.3245849609375,1204.699951171875,1210.550048828125,1183.0999755859375,1188.0,4827733,Airtel
2024-04-09,1173.0811767578125,1204.449951171875,1214.949951171875,1198.300048828125,1214.949951171875,3372798,Airtel
2024-04-10,1197.3814697265625,1229.4000244140625,1230.699951171875,1208.75,1213.25,6442196,Airtel
2024-04-12,1193.6318359375,1225.550048828125,1231.8499755859375,1219.550048828125,1226.0999755859375,7877073,Airtel
2024-04-15,1192.6578369140625,1224.550048828125,1235.0,1210.3499755859375,1210.5999755859375,4281602,Airtel
2024-04-16,1184.7686767578125,1216.449951171875,1233.949951171875,1212.050048828125,1223.9000244140625,5235632,Airtel
2024-04-18,1232.7847900390625,1265.75,1281.8499755859375,1215.800048828125,1220.0,19939924,Airtel
2024-04-19,1255.42919921875,1289.0,1296.5,1253.3499755859375,1280.0,13103862,Airtel
2024-04-22,1263.756591796875,1297.550048828125,1305.4000244140625,1288.25,1304.0,7894656,Airtel
2024-04-23,1307.3897705078125,1342.3499755859375,1351.0,1302.0999755859375,1310.0,12074766,Airtel
2024-04-24,1301.5947265625,1336.4000244140625,1354.0,1333.550048828125,1352.0,6277492,Airtel
2024-04-25,1303.8348388671875,1338.699951171875,1343.800048828125,1324.3499755859375,1331.0,8512627,Airtel
2024-04-26,1291.465576171875,1326.0,1345.699951171875,1322.0,1338.0,5289771,Airtel
2024-04-29,1297.74755859375,1332.449951171875,1346.0,1320.0,1324.5,3195888,Airtel
2024-04-30,1287.862060546875,1322.300048828125,1334.800048828125,1319.949951171875,1323.1500244140625,5272565,Airtel
2024-05-02,1270.0872802734375,1304.050048828125,1319.9000244140625,1293.5999755859375,1315.25,7995432,Airtel
2024-05-03,1244.13134765625,1277.4000244140625,1310.5,1258.1500244140625,1306.0,11290875,Airtel
2024-05-06,1249.97509765625,1283.4000244140625,1298.449951171875,1273.199951171875,1275.0,5555467,Airtel
2024-05-07,1252.653564453125,1286.1500244140625,1294.449951171875,1271.0,1286.3499755859375,5767030,Airtel
2024-05-08,1255.0396728515625,1288.5999755859375,1299.4000244140625,1274.699951171875,1276.1500244140625,2682816,Airtel
2024-05-09,1242.2320556640625,1275.449951171875,1295.300048828125,1270.050048828125,1283.0,4809145,Airtel
2024-05-10,1267.2628173828125,1301.1500244140625,1308.5,1271.75,1275.050048828125,5532513,Airtel
2024-05-13,1252.458740234375,1285.949951171875,1302.9000244140625,1281.4000244140625,1301.1500244140625,3703942,Airtel
2024-05-14,1250.8516845703125,1284.300048828125,1299.9000244140625,1280.699951171875,1290.550048828125,3262908,Airtel
2024-05-15,1275.784912109375,1309.9000244140625,1318.25,1280.5,1281.550048828125,6891004,Airtel
2024-05-16,1310.068115234375,1345.0999755859375,1356.8499755859375,1321.300048828125,1328.0,11932181,Airtel
2024-05-17,1309.43505859375,1344.449951171875,1360.0,1339.25,1353.5999755859375,6614017,Airtel
2024-05-21,1309.2891845703125,1344.300048828125,1362.75,1335.75,1356.0,5422220,Airtel
2024-05-22,1312.7952880859375,1347.9000244140625,1351.0,1329.550048828125,1342.1500244140625,3026723,Airtel
2024-05-23,1338.26416015625,1374.050048828125,1377.300048828125,1344.300048828125,1350.75,7147341,Airtel
2024-05-24,1352.337890625,1388.5,1397.75,1374.050048828125,1375.5,5622368,Airtel
2024-05-27,1348.2958984375,1384.3499755859375,1407.0,1378.0,1396.0,6553974,Airtel
2024-05-28,1335.34228515625,1371.050048828125,1386.949951171875,1366.9000244140625,1384.800048828125,2068963,Airtel
2024-05-29,1341.2347412109375,1377.0999755859375,1390.25,1355.5,1355.5,4445083,Airtel
2024-05-30,1341.283447265625,1377.1500244140625,1386.449951171875,1363.5,1378.800048828125,7100303,Airtel
2024-05-31,1336.998046875,1372.75,1388.0,1338.0,1380.0,24825643,Airtel
2024-06-03,1354.8701171875,1391.0999755859375,1420.449951171875,1385.0,1415.300048828125,6017122,Airtel
2024-06-04,1265.8504638671875,1299.699951171875,1397.0,1219.050048828125,1391.0999755859375,19924421,Airtel
2024-06-05,1309.337646484375,1344.3499755859375,1348.75,1279.8499755859375,1325.6500244140625,12175520,Airtel
2024-06-06,1334.9041748046875,1370.5999755859375,1376.25,1329.0,1359.0,10279789,Airtel
2024-06-07,1388.130615234375,1425.25,1430.6500244140625,1363.1500244140625,1370.5999755859375,12280748,Airtel
2024-06-10,1388.909912109375,1426.050048828125,1436.6500244140625,1421.050048828125,1421.050048828125,5318477,Airtel
2024-06-11,1390.07861328125,1427.25,1434.5999755859375,1413.0,1426.0,4416792,Airtel
2024-06-12,1400.938232421875,1438.4000244140625,1447.8499755859375,1422.0999755859375,1425.0,4876138,Airtel
2024-06-13,1388.6177978515625,1425.75,1455.949951171875,1420.449951171875,1449.0,7990376,Airtel
2024-06-14,1390.2247314453125,1427.4000244140625,1434.0,1420.949951171875,1434.0,3978442,Airtel
2024-06-18,1391.1500244140625,1428.3499755859375,1444.0,1418.0,1444.0,8671131,Airtel
2024-06-19,1356.087646484375,1392.3499755859375,1434.800048828125,1388.300048828125,1433.949951171875,8640918,Airtel
2024-06-20,1345.1793212890625,1381.1500244140625,1406.949951171875,1376.25,1405.949951171875,8742855,Airtel
2024-06-21,1379.17041015625,1416.050048828125,1423.949951171875,1372.8499755859375,1384.949951171875,43929578,Airtel
2024-06-24,1382.82275390625,1419.800048828125,1423.800048828125,1389.3499755859375,1402.0,6195831,Airtel
2024-06-25,1378.098876953125,1414.949951171875,1434.0,1409.8499755859375,1434.0,6353748,Airtel
2024-06-26,1421.48876953125,1459.5,1479.949951171875,1408.949951171875,1414.949951171875,9579826,Airtel
2024-06-27,1437.3642578125,1475.800048828125,1489.0,1440.050048828125,1464.0,19675528,Airtel
2024-06-28,1406.441162109375,1444.050048828125,1536.25,1436.6500244140625,1536.25,29145832,Airtel
2024-07-01,1416.1319580078125,1454.0,1466.800048828125,1449.25,1450.0,6011806,Airtel
2024-07-02,1381.994873046875,1418.949951171875,1473.4000244140625,1417.0,1462.0,7792632,Airtel
2024-07-03,1382.871337890625,1419.8499755859375,1432.4000244140625,1408.449951171875,1427.949951171875,8261388,Airtel
2024-07-04,1385.988037109375,1423.050048828125,1441.0999755859375,1411.5,1418.0,9570938,Airtel
2024-07-05,1392.4647216796875,1429.699951171875,1433.5999755859375,1416.8499755859375,1422.5,4881198,Airtel
2024-07-08,1397.77294921875,1435.1500244140625,1438.8499755859375,1423.1500244140625,1431.0,3261797,Airtel
2024-07-09,1398.16259765625,1435.550048828125,1441.6500244140625,1428.1500244140625,1436.0,2897480,Airtel
2024-07-10,1407.4151611328125,1445.050048828125,1448.75,1426.1500244140625,1441.0,3416762,Airtel
2024-07-11,1400.5,1437.949951171875,1450.8499755859375,1428.0,1450.0,4178558,Airtel
2024-07-12,1395.92236328125,1433.25,1447.5999755859375,1421.449951171875,1442.0,6342135,Airtel
2024-07-15,1400.1590576171875,1437.5999755859375,1440.0,1426.050048828125,1433.25,3324806,Airtel
2024-07-16,1428.306396484375,1466.5,1473.300048828125,1445.0,1452.0,6967651,Airtel
2024-07-18,1445.009765625,1483.6500244140625,1485.949951171875,1459.050048828125,1466.0,6470342,Airtel
2024-07-19,1423.6800537109375,1461.75,1480.0,1451.949951171875,1480.0,3858596,Airtel
2024-07-22,1427.2352294921875,1465.4000244140625,1472.0,1449.050048828125,1450.0,3560584,Airtel
2024-07-23,1427.527099609375,1465.699951171875,1470.0,1428.449951171875,1470.0,2936143,Airtel
2024-07-24,1417.30078125,1455.199951171875,1475.5999755859375,1436.550048828125,1466.0,4529339,Airtel
2024-07-25,1411.408203125,1449.1500244140625,1454.0,1440.0999755859375,1445.0,4277756,Airtel
2024-07-26,1474.9588623046875,1514.4000244140625,1520.0,1449.1500244140625,1450.25,9564987,Airtel
2024-07-29,1442.7696533203125,1481.3499755859375,1525.0,1477.050048828125,1525.0,4589313,Airtel
2024-07-30,1432.0560302734375,1470.3499755859375,1484.9000244140625,1464.050048828125,1484.4000244140625,4263689,Airtel
2024-07-31,1452.7042236328125,1491.550048828125,1504.1500244140625,1473.1500244140625,1477.8499755859375,5634305,Airtel
2024-08-01,1466.2906494140625,1505.5,1511.0,1485.0,1485.0,4531379,Airtel
2024-08-02,1454.8955078125,1493.800048828125,1505.1500244140625,1483.5999755859375,1494.0999755859375,3335905,Airtel
2024-08-05,1427.527099609375,1465.699951171875,1488.0,1451.5,1482.0,5111901,Airtel
2024-08-06,1405.9542236328125,1443.550048828125,1492.9000244140625,1431.0999755859375,1483.0999755859375,8249573,Airtel
2024-08-07,1412.0263671875,1441.75,1454.9000244140625,1422.5999755859375,1452.0,5700734,Airtel
2024-08-08,1421.8692626953125,1451.800048828125,1466.5,1430.0,1435.0,5986360,Airtel
2024-08-09,1433.91552734375,1464.0999755859375,1482.0,1457.300048828125,1465.0,3615910,Airtel
2024-08-12,1428.5289306640625,1458.5999755859375,1477.5,1445.0,1466.0,4028226,Airtel
2024-08-13,1429.606201171875,1459.699951171875,1478.4000244140625,1450.3499755859375,1468.0,4495208,Airtel
2024-08-14,1441.3587646484375,1471.699951171875,1480.0999755859375,1453.0999755859375,1453.0999755859375,5891784,Airtel
2024-08-16,1452.964599609375,1483.550048828125,1491.0,1468.0999755859375,1480.0,7176426,Airtel
2024-08-19,1439.3511962890625,1469.6500244140625,1489.0999755859375,1464.300048828125,1487.0,4404075,Airtel
2024-08-20,1419.2738037109375,1449.1500244140625,1484.75,1446.5,1480.0,10046892,Airtel
2024-08-21,1433.2789306640625,1463.449951171875,1466.5999755859375,1447.699951171875,1453.0,6175510,Airtel
2024-08-22,1455.706787109375,1486.3499755859375,1499.9000244140625,1465.0,1473.699951171875,6781325,Airtel
2024-08-23,1475.686279296875,1506.75,1510.0,1479.3499755859375,1493.0,6238112,Airtel
2024-08-26,1482.34619140625,1513.550048828125,1520.699951171875,1505.0,1509.0,4307432,Airtel
2024-08-27,1491.3564453125,1522.75,1526.3499755859375,1502.0,1518.0,3965066,Airtel
2024-08-28,1524.263671875,1556.3499755859375,1564.5,1521.6500244140625,1527.949951171875,6225319,Airtel
2024-08-29,1533.616943359375,1565.9000244140625,1571.699951171875,1545.949951171875,1565.0,8036748,Airtel
2024-08-30,1556.28955078125,1589.050048828125,1608.4000244140625,1561.5999755859375,1576.0,37820442,Airtel
2024-09-02,1538.954345703125,1571.3499755859375,1605.0,1565.5,1605.0,4890314,Airtel
2024-09-03,1528.4261474609375,1560.5999755859375,1579.0,1558.5999755859375,1579.0,4546295,Airtel
2024-09-04,1529.6993408203125,1561.9000244140625,1566.0,1542.0,1558.0,5213811,Airtel
2024-09-05,1515.3023681640625,1547.199951171875,1563.0,1541.5,1559.0,5652812,Airtel
2024-09-06,1507.516357421875,1539.25,1555.5999755859375,1530.199951171875,1552.800048828125,5497805,Airtel
2024-09-09,1510.84619140625,1542.6500244140625,1546.75,1523.25,1523.25,3912508,Airtel
2024-09-10,1545.3204345703125,1577.8499755859375,1586.0,1545.1500244140625,1545.1500244140625,6163457,Airtel
2024-09-11,1545.271484375,1577.800048828125,1598.9000244140625,1574.449951171875,1578.449951171875,5994914,Airtel
2024-09-12,1612.7999267578125,1646.75,1652.800048828125,1590.0999755859375,1596.1500244140625,12204496,Airtel
2024-09-13,1600.7535400390625,1634.449951171875,1654.9000244140625,1631.050048828125,1651.0,5609618,Airtel
2024-09-16,1601.73291015625,1635.449951171875,1652.949951171875,1630.0999755859375,1634.449951171875,3762063,Airtel
2024-09-17,1627.49072265625,1661.75,1666.050048828125,1638.5,1650.0,4223072,Airtel
2024-09-18,1620.781982421875,1654.9000244140625,1670.949951171875,1647.8499755859375,1655.199951171875,3171195,Airtel
2024-09-19,1630.5267333984375,1664.8499755859375,1711.699951171875,1647.699951171875,1647.699951171875,8498240,Airtel
2024-09-20,1676.4599609375,1711.75,1723.4000244140625,1666.0,1671.0,21646275,Airtel
2024-09-23,1714.362060546875,1750.449951171875,1754.25,1719.0,1719.0,5001827,Airtel
2024-09-24,1720.4342041015625,1756.6500244140625,1767.550048828125,1746.0999755859375,1752.0,7579205,Airtel
2024-09-25,1724.1070556640625,1760.4000244140625,1766.9000244140625,1745.0,1755.550048828125,4017103,Airtel
2024-09-26,1734.5863037109375,1771.0999755859375,1779.0,1746.1500244140625,1770.0,7417423,Airtel
2024-09-27,1698.8388671875,1734.5999755859375,1763.449951171875,1722.5,1755.199951171875,7116861,Airtel
2024-09-30,1674.3052978515625,1709.550048828125,1733.0,1704.199951171875,1714.0,6907288,Airtel
2024-10-01,1663.678955078125,1698.699951171875,1722.8499755859375,1696.0,1705.0,3649090,Airtel
2024-10-03,1638.949462890625,1673.449951171875,1695.0,1665.0,1665.0,7200276,Airtel
2024-10-04,1607.0706787109375,1640.9000244140625,1686.699951171875,1630.1500244140625,1670.050048828125,8576527,Airtel
2024-10-07,1627.7845458984375,1662.050048828125,1670.0,1642.449951171875,1651.0,5387707,Airtel
2024-10-08,1623.2794189453125,1657.449951171875,1679.5,1652.0,1662.5999755859375,5224335,Airtel
2024-10-09,1643.503662109375,1678.0999755859375,1704.5999755859375,1661.050048828125,1666.75,3414614,Airtel
2024-10-10,1643.503662109375,1678.0999755859375,1698.949951171875,1665.0,1686.5999755859375,5047657,Airtel
2024-10-11,1652.612060546875,1687.4000244140625,1690.25,1658.6500244140625,1678.0999755859375,2367678,Airtel
2024-10-14,1660.6429443359375,1695.5999755859375,1710.050048828125,1679.3499755859375,1686.0,2069815,Airtel
2024-10-15,1681.8465576171875,1717.25,1732.75,1699.949951171875,1708.0,5891334,Airtel
2024-10-16,1698.2021484375,1733.949951171875,1742.25,1717.0999755859375,1720.0,3299887,Airtel
2024-10-17,1666.0784912109375,1701.1500244140625,1737.949951171875,1694.4000244140625,1736.75,4373392,Airtel
2024-10-18,1672.640380859375,1707.8499755859375,1716.0999755859375,1685.199951171875,1710.0,4154915,Airtel
2024-10-21,1657.6558837890625,1692.550048828125,1708.949951171875,1662.0,1705.550048828125,3836168,Airtel
2024-10-22,1657.3619384765625,1692.25,1712.9000244140625,1687.3499755859375,1692.0,3070057,Airtel
2024-10-23,1651.044921875,1685.800048828125,1701.3499755859375,1680.0999755859375,1690.0,2764757,Airtel
2024-10-24,1643.846435546875,1678.449951171875,1693.0,1657.4000244140625,1687.0,3669575,Airtel
2024-10-25,1631.653076171875,1666.0,1684.75,1655.8499755859375,1681.0999755859375,3434386,Airtel
2024-10-28,1629.0577392578125,1663.3499755859375,1677.8499755859375,1645.6500244140625,1658.1500244140625,2811651,Airtel
2024-10-29,1603.348876953125,1637.0999755859375,1667.949951171875,1610.0,1650.5,6990747,Airtel
2024-10-30,1599.67626953125,1633.3499755859375,1651.0,1617.800048828125,1627.800048828125,4622628,Airtel
2024-10-31,1579.35400390625,1612.5999755859375,1638.800048828125,1602.1500244140625,1634.0,4921681,Airtel
2024-11-01,1583.1246337890625,1616.449951171875,1626.3499755859375,1605.3499755859375,1620.0,279441,Airtel
2024-11-04,1558.4442138671875,1591.25,1623.8499755859375,1573.050048828125,1619.1500244140625,6094029,Airtel
2024-11-05,1545.8592529296875,1578.4000244140625,1593.9000244140625,1566.0,1583.25,6473278,Airtel
2024-11-06,1565.838623046875,1598.800048828125,1610.75,1566.5,1583.0,6631728,Airtel
2024-11-07,1543.312744140625,1575.800048828125,1608.550048828125,1569.6500244140625,1595.949951171875,5160994,Airtel
2024-11-08,1537.534423828125,1569.9000244140625,1579.5,1558.8499755859375,1571.0,3096384,Airtel
2024-11-11,1528.377197265625,1560.550048828125,1581.5999755859375,1551.800048828125,1561.0,3664301,Airtel
2024-11-12,1523.5782470703125,1555.6500244140625,1595.0,1550.0999755859375,1568.800048828125,4479934,Airtel
2024-11-13,1518.4853515625,1550.449951171875,1572.5,1546.3499755859375,1559.9000244140625,5816699,Airtel
2024-11-14,1518.5343017578125,1550.5,1568.0,1536.550048828125,1550.0,5139154,Airtel
2024-11-18,1505.3126220703125,1537.0,1568.949951171875,1529.449951171875,1568.949951171875,4816078,Airtel
2024-11-19,1494.0496826171875,1525.5,1558.0,1519.300048828125,1537.0,6238241,Airtel
2024-11-21,1493.7069091796875,1525.1500244140625,1542.050048828125,1511.0,1538.0,7356679,Airtel
2024-11-22,1536.94677734375,1569.300048828125,1575.0,1520.199951171875,1533.0,7640321,Airtel
2024-11-25,1546.201904296875,1578.75,1609.25,1562.550048828125,1581.949951171875,12155641,Airtel
2024-11-26,1544.73291015625,1577.25,1604.8499755859375,1566.0,1590.0,4030593,Airtel
2024-11-27,1545.1246337890625,1577.6500244140625,1583.75,1554.1500244140625,1569.1500244140625,4982785,Airtel
2024-11-28,1528.230224609375,1560.4000244140625,1588.5,1556.949951171875,1571.0,6714728,Airtel
2024-11-29,1593.6041259765625,1627.1500244140625,1648.9000244140625,1551.1500244140625,1551.1500244140625,10775801,Airtel
2024-12-02,1609.71484375,1643.5999755859375,1646.199951171875,1617.199951171875,1627.1500244140625,3790108,Airtel
2024-12-03,1587.1402587890625,1620.550048828125,1652.9000244140625,1613.1500244140625,1652.9000244140625,9131055,Airtel
2024-12-04,1551.4415283203125,1584.0999755859375,1630.5,1582.4000244140625,1629.75,8772014,Airtel
2024-12-05,1582.04736328125,1615.3499755859375,1622.050048828125,1585.3499755859375,1600.0,10324005,Airtel
2024-12-06,1564.908203125,1597.8499755859375,1624.6500244140625,1594.800048828125,1618.0,4296866,Airtel
2024-12-09,1569.51123046875,1602.550048828125,1605.9000244140625,1589.050048828125,1595.9000244140625,4264409,Airtel
2024-12-10,1546.10400390625,1578.6500244140625,1611.8499755859375,1570.050048828125,1610.550048828125,14645786,Airtel
2024-12-11,1553.3023681640625,1586.0,1588.0,1571.199951171875,1588.0,3853182,Airtel
2024-12-12,1577.3463134765625,1610.550048828125,1617.9000244140625,1578.5,1578.5,13120939,Airtel
2024-12-13,1647.078369140625,1681.75,1685.0,1606.800048828125,1618.0,12900707,Airtel
2024-12-16,1628.2742919921875,1662.550048828125,1687.0,1660.1500244140625,1681.75,4375126,Airtel
2024-12-17,1581.9984130859375,1615.300048828125,1658.6500244140625,1608.5,1650.5,6182486,Airtel
2024-12-18,1568.874755859375,1601.9000244140625,1623.0,1596.0999755859375,1621.4000244140625,3905144,Airtel
2024-12-19,1567.3076171875,1600.300048828125,1609.75,1585.449951171875,1586.4000244140625,5865855,Airtel
2024-12-20,1545.5653076171875,1578.0999755859375,1622.300048828125,1573.4000244140625,1610.0,9738879,Airtel
2024-12-23,1554.183837890625,1586.9000244140625,1607.449951171875,1578.3499755859375,1586.0,4363599,Airtel
2024-12-24,1551.2457275390625,1583.9000244140625,1598.800048828125,1575.0,1590.0,3610076,Airtel
2024-12-26,1566.524169921875,1599.5,1606.8499755859375,1581.0999755859375,1583.9000244140625,3400479,Airtel
2024-12-27,1566.866943359375,1599.8499755859375,1628.449951171875,1596.300048828125,1599.5,2559578,Airtel
2024-12-30,1554.183837890625,1586.9000244140625,1613.050048828125,1581.0999755859375,1605.0,4438130,Airtel
2024-12-31,1555.016357421875,1587.75,1597.199951171875,1563.3499755859375,1583.0,2249626,Airtel
2025-01-01,1562.802490234375,1595.699951171875,1606.550048828125,1584.050048828125,1593.0,1405565,Airtel
2025-01-02,1576.5137939453125,1609.699951171875,1619.5999755859375,1588.4000244140625,1599.9000244140625,3728040,Airtel
2025-01-03,1565.8875732421875,1598.8499755859375,1617.0,1593.300048828125,1615.0,3669685,Airtel
2025-01-06,1555.701904296875,1588.449951171875,1609.8499755859375,1567.0999755859375,1596.1500244140625,4584188,Airtel
2025-01-07,1558.0523681640625,1590.8499755859375,1603.0,1584.050048828125,1594.0,2830856,Airtel
2025-01-08,1566.230224609375,1599.199951171875,1613.449951171875,1577.8499755859375,1598.75,3674564,Airtel
2025-01-09,1573.9185791015625,1607.050048828125,1620.199951171875,1592.4000244140625,1600.0,4684859,Airtel
2025-01-10,1582.5860595703125,1615.9000244140625,1625.0,1591.800048828125,1608.0,4145892,Airtel
2025-01-13,1564.271484375,1597.199951171875,1614.699951171875,1578.0999755859375,1580.0,3705039,Airtel
2025-01-14,1567.1116943359375,1600.0999755859375,1633.4000244140625,1578.5,1604.699951171875,7284572,Airtel
2025-01-15,1574.3101806640625,1607.449951171875,1613.8499755859375,1593.0,1608.050048828125,2960985,Airtel
2025-01-16,1596.5911865234375,1630.199951171875,1635.0,1600.550048828125,1619.050048828125,5299325,Airtel
2025-01-17,1593.9468994140625,1627.5,1639.0,1623.0,1630.0999755859375,2678801,Airtel
2025-01-20,1607.3155517578125,1641.1500244140625,1645.0,1618.0999755859375,1638.0,3933044,Airtel
2025-01-21,1592.624755859375,1626.1500244140625,1656.699951171875,1620.300048828125,1654.0,7958844,Airtel
2025-01-22,1598.1092529296875,1631.75,1641.0,1622.550048828125,1627.5,3262136,Airtel
2025-01-23,1602.271728515625,1636.0,1645.4000244140625,1617.199951171875,1624.5,2457080,Airtel
2025-01-24,1610.8902587890625,1644.800048828125,1661.9000244140625,1634.050048828125,1634.050048828125,3620058,Airtel
2025-01-27,1569.5601806640625,1602.5999755859375,1647.199951171875,1593.699951171875,1638.949951171875,6622807,Airtel
2025-01-28,1584.9854736328125,1618.3499755859375,1630.300048828125,1597.0,1607.6500244140625,5216471,Airtel
2025-01-29,1567.4544677734375,1600.449951171875,1626.9000244140625,1593.1500244140625,1620.0,5009227,Airtel
2025-01-30,1606.9237060546875,1640.75,1644.949951171875,1595.199951171875,1606.699951171875,4283637,Airtel
2025-01-31,1592.7716064453125,1626.300048828125,1639.0999755859375,1574.25,1639.0999755859375,8340866,Airtel
2025-02-01,1589.7845458984375,1623.25,1644.0,1609.199951171875,1627.0,2741589,Airtel
2025-02-03,1618.2845458984375,1652.3499755859375,1661.0,1608.0999755859375,1619.9000244140625,4146970,Airtel
2025-02-04,1627.1968994140625,1661.449951171875,1668.300048828125,1629.050048828125,1662.1500244140625,6385876,Airtel
2025-02-05,1626.217529296875,1660.449951171875,1675.199951171875,1649.0999755859375,1670.0,3920893,Airtel
2025-02-06,1586.3565673828125,1619.75,1667.300048828125,1613.25,1665.9000244140625,5229162,Airtel
2025-02-07,1642.1815185546875,1676.75,1707.550048828125,1635.0,1635.050048828125,14873255,Airtel
2025-02-10,1658.1455078125,1693.050048828125,1700.0,1678.050048828125,1698.8499755859375,6782878,Airtel
2025-02-11,1661.7691650390625,1696.75,1706.6500244140625,1686.199951171875,1706.0,8965266,Airtel
2025-02-12,1676.26416015625,1711.550048828125,1713.699951171875,1684.5,1704.0,7148192,Airtel
2025-02-13,1679.2510986328125,1714.5999755859375,1728.4000244140625,1703.9000244140625,1710.0,5356002,Airtel
2025-02-14,1681.6507568359375,1717.050048828125,1724.0999755859375,1705.25,1714.0,5125863,Airtel
2025-02-17,1641.0062255859375,1675.550048828125,1716.9000244140625,1666.25,1711.75,4906462,Airtel
2025-02-18,1634.493408203125,1668.9000244140625,1695.949951171875,1655.800048828125,1692.0,7529598,Airtel
2025-02-19,1611.281982421875,1645.199951171875,1673.449951171875,1638.449951171875,1670.0,7776555,Airtel
2025-02-20,1609.616943359375,1643.5,1649.800048828125,1627.25,1639.8499755859375,5524503,Airtel
2025-02-21,1605.45458984375,1639.25,1658.699951171875,1629.199951171875,1643.5,5447583,Airtel
2025-02-24,1568.2869873046875,1601.300048828125,1637.550048828125,1598.0,1627.0,4673190,Airtel
2025-02-25,1607.560302734375,1641.4000244140625,1649.1500244140625,1597.0,1597.0,6286808,Airtel
2025-02-27,1616.3748779296875,1650.4000244140625,1656.0,1638.6500244140625,1643.4000244140625,7568745,Airtel
2025-02-28,1537.8282470703125,1570.199951171875,1648.449951171875,1559.5,1641.949951171875,13640211,Airtel
2025-03-03,1562.9005126953125,1595.800048828125,1602.75,1572.75,1579.0,6993525,Airtel
2025-03-04,1542.8720703125,1575.3499755859375,1590.5,1568.0,1589.0,5219668,Airtel
2025-03-05,1584.8875732421875,1618.25,1626.0999755859375,1577.0999755859375,1578.0,6295425,Airtel
2025-03-06,1593.3592529296875,1626.9000244140625,1631.75,1590.449951171875,1618.0,5174009,Airtel
2025-03-07,1597.0809326171875,1630.699951171875,1642.4000244140625,1615.5999755859375,1629.0,3035558,Airtel
2025-03-10,1597.32568359375,1630.949951171875,1654.9000244140625,1626.5999755859375,1640.0,3778450,Airtel
2025-03-11,1628.6658935546875,1662.949951171875,1676.4000244140625,1624.050048828125,1630.0,6078564,Airtel
2025-03-12,1608.9803466796875,1642.8499755859375,1716.6500244140625,1634.0,1690.0,9907628,Airtel
2025-03-13,1598.84375,1632.5,1656.9000244140625,1629.5999755859375,1650.800048828125,8317331,Airtel
2025-03-17,1605.356689453125,1639.1500244140625,1648.4000244140625,1612.199951171875,1612.199951171875,6405522,Airtel
2025-03-18,1605.356689453125,1639.1500244140625,1639.1500244140625,1639.1500244140625,1639.1500244140625,0,Airtel
2025-03-19,1603.3978271484375,1637.1500244140625,1642.050048828125,1627.5,1635.0,6283464,Airtel
2025-03-20,1670.0938720703125,1705.25,1709.6500244140625,1646.0999755859375,1660.0,12074465,Airtel
2025-03-21,1690.2203369140625,1725.800048828125,1731.4000244140625,1692.0,1709.6500244140625,14715349,Airtel
2025-03-24,1683.3646240234375,1718.800048828125,1740.0,1714.8499755859375,1740.0,4120999,Airtel
2025-03-25,1694.8233642578125,1730.5,1740.5,1706.0999755859375,1725.0,4857399,Airtel
2025-03-26,1702.70751953125,1738.550048828125,1765.0,1726.1500244140625,1739.1500244140625,7142394,Airtel
2025-03-27,1689.142822265625,1724.699951171875,1746.4000244140625,1713.25,1739.949951171875,6222339,Airtel
2025-03-28,1697.6636962890625,1733.4000244140625,1745.75,1660.0,1733.300048828125,4133264,Airtel
2025-04-01,1688.6043701171875,1724.1500244140625,1765.0,1708.449951171875,1715.0,6773056,Airtel
2025-04-02,1718.426513671875,1754.5999755859375,1760.4000244140625,1716.949951171875,1720.0,6431226,Airtel
2025-04-03,1710.00390625,1746.0,1754.949951171875,1735.449951171875,1748.0,2341989,Airtel
2025-04-04,1707.50634765625,1743.449951171875,1770.800048828125,1740.0,1754.5,7817334,Airtel
2025-04-07,1651.87744140625,1686.6500244140625,1774.75,1669.4000244140625,1730.0,14870388,Airtel
2025-04-08,1684.9315185546875,1720.4000244140625,1742.300048828125,1706.800048828125,1720.699951171875,7206935,Airtel
2025-04-09,1680.181640625,1715.550048828125,1726.8499755859375,1711.5999755859375,1719.6500244140625,5600666,Airtel
2025-04-11,1720.38525390625,1756.5999755859375,1767.0,1732.3499755859375,1760.0,8340002,Airtel
2025-04-15,1761.71533203125,1798.800048828125,1820.0,1781.0999755859375,1808.199951171875,10313411,Airtel
2025-04-16,1785.0245361328125,1822.5999755859373,1826.5,1794.0999755859375,1802.4000244140625,6180958,Airtel
2025-04-17,1850.153564453125,1889.0999755859373,1897.699951171875,1825.699951171875,1834.0,10894325,Airtel
2025-04-21,1844.5711669921875,1883.4000244140625,1904.300048828125,1868.5999755859373,1898.4000244140625,3501123,Airtel
2025-04-22,1814.0142822265625,1852.199951171875,1888.0,1836.800048828125,1888.0,6155127,Airtel
2025-04-23,1842.8082275390625,1881.5999755859373,1885.9000244140625,1836.0999755859373,1867.0,6855027,Airtel
2025-04-24,1807.5504150390625,1845.5999755859373,1877.800048828125,1839.5,1874.5,5180688,Airtel
2025-04-25,1779.73583984375,1817.199951171875,1861.699951171875,1806.0,1846.699951171875,4570083,Airtel
2025-04-28,1784.2412109375,1821.800048828125,1838.9000244140625,1813.4000244140625,1836.0,3301891,Airtel
2025-04-29,1786.199951171875,1823.800048828125,1847.800048828125,1817.5999755859373,1823.699951171875,4684155,Airtel
2025-04-30,1826.060791015625,1864.5,1876.9000244140625,1827.0,1837.0,9139821,Airtel
2025-05-02,1810.0968017578125,1848.199951171875,1883.5999755859373,1832.0999755859373,1852.0,3866806,Airtel
2025-05-05,1827.5299072265625,1866.0,1873.5,1849.199951171875,1868.0,3548839,Airtel
2025-05-06,1861.808349609375,1901.0,1912.0,1882.5999755859373,1888.300048828125,8597920,Airtel
2025-05-07,1857.6949462890625,1896.800048828125,1917.0,1885.5,1901.0,5554616,Airtel
2025-05-08,1836.246337890625,1874.9000244140625,1905.800048828125,1862.4000244140625,1897.0,5500724,Airtel
2025-05-09,1810.292724609375,1848.4000244140625,1871.0999755859373,1836.5,1855.0,3686209,Airtel
2025-05-12,1832.23095703125,1870.800048828125,1883.4000244140625,1854.0,1868.9000244140625,3936019,Airtel
2025-05-13,1783.0657958984375,1820.5999755859373,1883.699951171875,1816.5999755859373,1870.0,8817763,Airtel
2025-05-14,1796.385498046875,1834.199951171875,1870.699951171875,1820.199951171875,1830.0,7401614,Airtel
2025-05-15,1828.705078125,1867.199951171875,1869.9000244140625,1825.0,1849.9000244140625,8788351,Airtel
2025-05-16,1776.601806640625,1814.0,1834.0,1810.0999755859373,1834.0,100662047,Airtel
2025-05-19,1780.813232421875,1818.300048828125,1828.699951171875,1809.0,1822.0,5799804,Airtel
2025-05-20,1771.6070556640625,1808.9000244140625,1824.9000244140625,1799.5,1809.800048828125,12512596,Airtel
2025-05-21,1784.9266357421875,1822.5,1826.5,1805.300048828125,1813.0,6849562,Airtel
2025-05-22,1793.6431884765625,1831.4000244140625,1836.699951171875,1816.300048828125,1819.9000244140625,6496923,Airtel
2025-05-23,1793.9368896484375,1831.699951171875,1841.800048828125,1821.5,1825.0,3460945,Airtel
2025-05-26,1809.3133544921875,1847.4000244140625,1850.0,1830.9000244140625,1834.0,3254715,Airtel
2025-05-27,1805.78759765625,1843.800048828125,1857.5999755859373,1833.699951171875,1844.0,5847725,Airtel
2025-05-28,1817.8338623046875,1856.0999755859373,1867.0,1845.0999755859373,1848.0,3713699,Airtel
2025-05-29,1825.1793212890625,1863.5999755859373,1867.0,1850.5,1858.0,5786774,Airtel
2025-05-30,1817.9317626953125,1856.199951171875,1867.0,1843.0,1854.0,16712960,Airtel
2025-06-02,1815.8751220703125,1854.0999755859373,1859.0,1831.5,1844.0,3199499,Airtel
2025-06-03,1803.339111328125,1841.300048828125,1869.5,1832.0,1867.0,5596977,Airtel
2025-06-04,1836.736083984375,1875.4000244140625,1884.5999755859373,1850.0,1855.0,5892170,Airtel
2025-06-05,1840.06591796875,1878.800048828125,1889.0,1868.5999755859373,1884.0,8999675,Airtel
2025-06-06,1831.643310546875,1870.199951171875,1881.9000244140625,1867.300048828125,1872.0999755859373,4644174,Airtel
2025-06-09,1826.6484375,1865.0999755859373,1875.0,1848.699951171875,1874.0,3649505,Airtel
2025-06-10,1818.813232421875,1857.0999755859373,1875.5999755859373,1850.300048828125,1866.5999755859373,7925901,Airtel
2025-06-11,1821.849365234375,1860.199951171875,1866.5,1847.800048828125,1857.9000244140625,8907265,Airtel
2025-06-12,1806.17919921875,1844.199951171875,1883.0,1831.5999755859373,1871.9000244140625,7346031,Airtel
2025-06-13,1802.4576416015625,1840.4000244140625,1844.5999755859373,1815.0,1815.0,4613000,Airtel
2025-06-16,1822.9267578125,1861.300048828125,1870.0,1838.800048828125,1842.0999755859373,5722187,Airtel
2025-06-17,1816.560791015625,1854.800048828125,1879.0,1847.5999755859373,1879.0,6561555,Airtel
2025-06-18,1827.4320068359373,1865.9000244140625,1871.0,1843.0999755859373,1847.5999755859373,5069427,Airtel
2025-06-19,1838.3031005859373,1877.0,1879.0,1864.0999755859373,1872.0,4712312,Airtel
2025-06-20,1896.772216796875,1936.699951171875,1949.0,1874.0,1880.0,16228526,Airtel
2025-06-23,1896.3804931640625,1936.300048828125,1949.0,1927.0999755859373,1930.0,2946463,Airtel
2025-06-24,1893.7362060546875,1933.5999755859373,1963.0,1929.0999755859373,1950.9000244140625,6837210,Airtel
2025-06-25,1925.076416015625,1965.5999755859373,1970.0,1938.0,1942.0,4152765,Airtel
2025-06-26,1972.7725830078125,2014.300048828125,2018.4000244140625,1966.300048828125,1970.0,9413241,Airtel
2025-06-27,1985.3084716796875,2027.0999755859373,2039.0,2008.5999755859373,2010.0,6405854,Airtel
2025-06-30,1968.1693115234373,2009.5999755859373,2023.9000244140625,2000.199951171875,2018.0,5597484,Airtel
2025-07-01,1977.767333984375,2019.4000244140625,2030.800048828125,2006.9000244140625,2009.0,3769165,Airtel
2025-07-02,1991.3807373046875,2033.300048828125,2045.800048828125,2018.300048828125,2037.0,6513288,Airtel
2025-07-03,1977.66943359375,2019.300048828125,2044.9000244140625,2012.9000244140625,2041.800048828125,5558647,Airtel
2025-07-04,1975.6126708984373,2017.199951171875,2036.5,2005.0999755859373,2027.0,2178315,Airtel
2025-07-07,1991.9683837890625,2033.9000244140625,2036.0,2010.5999755859373,2018.0,4165432,Airtel
2025-07-08,1988.148681640625,2030.0,2035.0,2014.800048828125,2026.0,3624619,Airtel
2025-07-09,1978.06103515625,2019.699951171875,2040.699951171875,1998.5,2035.0,2937734,Airtel
2025-07-10,1923.9991455078125,1964.5,2028.5999755859373,1962.300048828125,2028.5999755859373,5695845,Airtel
2025-07-11,1882.27734375,1921.9000244140625,1959.0999755859373,1914.199951171875,1942.0,13103980,Airtel
2025-07-14,1881.2979736328125,1920.9000244140625,1927.5,1900.199951171875,1915.0,5269381,Airtel
2025-07-15,1894.32373046875,1934.199951171875,1943.0,1923.199951171875,1924.800048828125,4163140,Airtel
2025-07-16,1896.67431640625,1936.5999755859373,1944.0,1928.800048828125,1944.0,4211258,Airtel
2025-07-17,1890.112548828125,1929.9000244140625,1944.9000244140625,1927.5999755859373,1943.699951171875,6256455,Airtel
2025-07-18,1877.372802734375,1901.0,1916.0,1891.800048828125,1915.0999755859373,4643961,Airtel
2025-07-21,1885.4708251953125,1909.199951171875,1919.9000244140625,1892.5999755859373,1894.800048828125,5109654,Airtel
2025-07-22,1883.100830078125,1906.800048828125,1911.300048828125,1883.0,1909.199951171875,4513541,Airtel
2025-07-23,1919.640869140625,1943.800048828125,1949.0,1907.300048828125,1920.0,5194282,Airtel
2025-07-24,1912.0364990234373,1936.0999755859373,1970.4000244140625,1933.699951171875,1943.800048828125,4150685,Airtel
2025-07-25,1913.814208984375,1937.9000244140625,1952.699951171875,1925.0,1936.0999755859373,3896884,Airtel
2025-07-28,1866.805908203125,1890.300048828125,1930.0,1885.0,1930.0,3575044,Airtel
2025-07-29,1894.4578857421875,1918.300048828125,1923.5999755859373,1880.0,1880.0,3748040,Airtel
2025-07-30,1908.580078125,1932.5999755859373,1939.199951171875,1922.0999755859373,1934.0,5044683,Airtel
2025-07-31,1890.507568359375,1914.300048828125,1926.5,1895.5999755859373,1913.0,4674966,Airtel
2025-08-01,1860.9791259765625,1884.4000244140625,1919.699951171875,1878.0,1914.0,5192594,Airtel
2025-08-04,1890.8037109375,1914.5999755859373,1919.9000244140625,1878.5,1892.0,3074380,Airtel
2025-08-05,1907.7900390625,1931.800048828125,1937.5999755859373,1912.0999755859373,1920.0,5167672,Airtel
2025-08-06,1905.716064453125,1929.699951171875,1964.800048828125,1921.5999755859373,1930.0,5461349,Airtel
2025-08-07,1898.704345703125,1922.5999755859373,1933.300048828125,1909.0999755859373,1928.0999755859373,4268534,Airtel
2025-08-08,1835.499755859375,1858.5999755859373,1893.800048828125,1856.0,1886.300048828125,93801105,Airtel
2025-08-11,1834.314697265625,1857.4000244140625,1866.0,1845.699951171875,1863.0,5266532,Airtel
2025-08-12,1827.302978515625,1850.300048828125,1865.0,1847.0999755859373,1857.4000244140625,4645011,Airtel
2025-08-13,1844.1904296875,1867.4000244140625,1872.5,1851.800048828125,1853.0,6697206,Airtel
2025-08-14,1850.5108642578125,1873.800048828125,1883.0,1866.800048828125,1873.0,3958631,Airtel
2025-08-18,1868.781005859375,1892.300048828125,1912.5999755859373,1870.300048828125,1892.5,7146376,Airtel
2025-08-19,1885.964599609375,1909.699951171875,1931.800048828125,1900.0,1901.0999755859373,5706265,Airtel
2025-08-20,1904.4322509765625,1928.4000244140625,1952.0,1926.0,1937.0,6962619,Airtel
2025-08-21,1905.9136962890625,1929.9000244140625,1940.9000244140625,1927.699951171875,1930.0,3376913,Airtel
2025-08-22,1909.2713623046875,1933.300048828125,1947.699951171875,1917.4000244140625,1934.0,3271920,Airtel
2025-08-25,1906.70361328125,1930.699951171875,1940.0999755859373,1913.199951171875,1940.0,2451388,Airtel
2025-08-26,1881.0267333984373,1904.699951171875,1925.800048828125,1896.199951171875,1922.0999755859373,5984656,Airtel
2025-08-28,1857.7200927734373,1881.0999755859373,1899.800048828125,1878.199951171875,1893.0,5494113,Airtel
2025-08-29,1865.324462890625,1888.800048828125,1900.0999755859373,1872.5,1872.5,4339042,Airtel
2025-09-01,1876.977783203125,1900.5999755859373,1904.800048828125,1884.199951171875,1889.0,3421488,Airtel
2025-09-02,1863.7442626953125,1887.199951171875,1917.5,1878.0,1904.5,4423049,Airtel
2025-09-03,1860.4853515625,1883.9000244140625,1892.0999755859373,1870.0,1891.0,3803044,Airtel
2025-09-04,1857.0289306640625,1880.4000244140625,1903.5,1876.5999755859373,1899.0,5205333,Airtel
2025-09-05,1871.74365234375,1895.300048828125,1910.699951171875,1875.699951171875,1887.0,2620140,Airtel
2025-09-08,1864.238037109375,1887.699951171875,1899.0,1884.0999755859373,1898.0,2547552,Airtel
2025-09-09,1870.1634521484373,1893.699951171875,1904.0,1883.0,1892.0,4517793,Airtel
2025-09-10,1867.8922119140625,1891.4000244140625,1905.0,1883.0,1904.0,3566139,Airtel
2025-09-11,1889.2236328125,1913.0,1916.0,1882.0999755859373,1884.0,4718266,Airtel
2025-09-12,1878.952880859375,1902.5999755859373,1925.0,1901.5999755859373,1925.0,3192824,Airtel
2025-09-15,1880.829345703125,1904.5,1913.0,1898.4000244140625,1904.0,3553258,Airtel
2025-09-16,1915.394287109375,1939.5,1942.0,1902.5,1903.300048828125,5427586,Airtel
2025-09-17,1917.1719970703125,1941.300048828125,1950.0999755859373,1932.5999755859373,1938.0999755859373,4234637,Airtel
2025-09-18,1916.974365234375,1941.0999755859373,1949.800048828125,1920.5,1944.5,5080814,Airtel
2025-09-19,1938.009765625,1962.4000244140625,1976.800048828125,1927.800048828125,1930.199951171875,11287603,Airtel
2025-09-22,1931.88671875,1956.199951171875,1966.0,1944.0,1954.0,4469137,Airtel
2025-09-23,1914.604248046875,1938.699951171875,1955.0,1930.0999755859373,1950.0,4348633,Airtel
2025-09-24,1907.0986328125,1931.0999755859373,1937.300048828125,1918.800048828125,1926.0,5237977,Airtel
2025-09-25,1911.542724609375,1935.5999755859373,1950.0,1928.800048828125,1930.0,7133365,Airtel
2025-09-26,1892.7789306640625,1916.5999755859373,1944.699951171875,1911.9000244140625,1931.0999755859373,3239306,Airtel
2025-09-29,1878.557861328125,1902.199951171875,1928.0,1897.5,1928.0,5072608,Airtel
2025-09-30,1855.0537109375,1878.4000244140625,1907.5999755859373,1875.199951171875,1896.0,5945625,Airtel
2025-10-01,1844.387939453125,1867.5999755859373,1877.0,1855.9000244140625,1868.0,5675393,Airtel
2025-10-03,1873.126220703125,1896.699951171875,1900.300048828125,1848.0999755859373,1851.199951171875,5828332,Airtel
2025-10-06,1879.4466552734373,1903.0999755859373,1907.0,1887.5,1892.5999755859373,2809218,Airtel
2025-10-07,1905.0247802734373,1929.0,1946.0,1900.0,1900.0,5713060,Airtel
2025-10-08,1919.3446044921875,1943.5,1962.5999755859373,1927.5999755859373,1929.0,4957406,Airtel
2025-10-09,1917.86328125,1942.0,1948.800048828125,1931.300048828125,1945.0,3945737,Airtel
2025-10-10,1915.789306640625,1939.9000244140625,1947.5999755859373,1935.4000244140625,1937.0,2512581,Airtel
2025-10-13,1930.6029052734373,1954.9000244140625,1965.9000244140625,1936.0,1937.9000244140625,3672419,Airtel
2025-10-14,1922.406005859375,1946.5999755859373,1964.0,1939.199951171875,1964.0,4454239,Airtel
2025-10-15,1944.0338134765625,1968.5,1976.0,1951.5999755859373,1957.199951171875,3447352,Airtel
2025-10-16,1942.947509765625,1967.4000244140625,1986.9000244140625,1962.0,1962.300048828125,3700674,Airtel
2025-10-17,1986.9931640625,2012.0,2034.300048828125,1970.300048828125,1973.5999755859373,6743801,Airtel
2025-10-20,2026.0023193359373,2051.5,2057.0,2019.699951171875,2026.0,7387180,Airtel
2025-10-21,2018.1016845703125,2043.5,2058.5,2038.5,2051.800048828125,240850,Airtel
2025-10-23,1982.9442138671875,2007.9000244140625,2067.0,2003.5999755859373,2063.89990234375,8790128,Airtel
2025-10-24,2004.0782470703125,2029.300048828125,2033.0,2006.9000244140625,2008.0,3236799,Airtel
2025-10-27,2054.246826171875,2080.10009765625,2094.0,2030.0,2030.0,5796831,Airtel
2025-10-28,2064.22119140625,2090.199951171875,2102.60009765625,2071.699951171875,2092.0,9891522,Airtel
2025-10-29,2074.4921875,2100.60009765625,2110.39990234375,2081.60009765625,2083.0,2742750,Airtel
2025-10-30,2040.618408203125,2066.300048828125,2088.0,2058.60009765625,2070.0,4222189,Airtel
2025-10-31,2028.9649658203125,2054.5,2073.800048828125,2051.699951171875,2056.0,4659723,Airtel
2025-11-03,2048.22265625,2074.0,2081.0,2047.199951171875,2055.0,2979629,Airtel
2025-11-04,2087.0341796875,2113.300048828125,2135.60009765625,2103.5,2107.0,12263078,Airtel
2025-11-06,2068.86279296875,2094.89990234375,2123.300048828125,2080.5,2115.0,9546299,Airtel
2025-11-07,1976.327392578125,2001.199951171875,2048.0,1995.5999755859373,2048.0,70392750,Airtel
2025-11-10,1994.6962890625,2019.800048828125,2028.800048828125,1992.199951171875,1995.0,7457061,Airtel
2025-11-11,2016.9166259765625,2042.300048828125,2056.89990234375,2017.4000244140625,2020.0999755859373,14825625,Airtel
2025-11-12,2048.025146484375,2073.800048828125,2079.800048828125,2054.89990234375,2060.0,8210277,Airtel
2025-11-13,2065.801513671875,2091.800048828125,2107.0,2079.0,2099.89990234375,5958875,Airtel
2025-11-14,2074.5908203125,2100.699951171875,2107.89990234375,2081.89990234375,2090.0,6312655,Airtel
2025-11-17,2085.94775390625,2112.199951171875,2122.0,2100.89990234375,2112.0,5998770,Airtel
2025-11-18,2122.488037109375,2149.199951171875,2159.0,2110.300048828125,2122.0,10972556,Airtel
2025-11-19,2132.956298828125,2159.800048828125,2166.199951171875,2146.699951171875,2155.0,7419461,Airtel
2025-11-20,2131.474853515625,2158.300048828125,2169.300048828125,2149.89990234375,2153.10009765625,7452899,Airtel
2025-11-21,2135.820068359375,2162.699951171875,2174.5,2148.60009765625,2150.10009765625,6720938,Airtel
2025-11-24,2125.35205078125,2152.10009765625,2165.800048828125,2140.39990234375,2162.10009765625,9686848,Airtel
2025-11-25,2134.73388671875,2161.60009765625,2170.699951171875,2138.699951171875,2159.0,7102592,Airtel
2025-11-26,2100.366455078125,2126.800048828125,2134.89990234375,2097.5,2104.0,43174047,Airtel
2025-11-27,2089.3056640625,2115.60009765625,2136.89990234375,2103.800048828125,2132.0,4444877,Airtel
2025-11-28,2075.479736328125,2101.60009765625,2129.5,2096.39990234375,2118.0,6263457,Airtel
2025-12-01,2063.7275390625,2089.699951171875,2119.0,2083.10009765625,2114.699951171875,5058900,Airtel
2025-12-02,2077.849853515625,2104.0,2114.800048828125,2087.10009765625,2089.800048828125,6591396,Airtel
2025-12-03,2060.073486328125,2086.0,2109.89990234375,2081.60009765625,2100.10009765625,4357641,Airtel
2025-12-04,2077.65234375,2103.800048828125,2108.5,2074.10009765625,2094.800048828125,4611819,Airtel
2025-12-05,2082.590087890625,2108.800048828125,2111.89990234375,2090.0,2092.60009765625,2938290,Airtel
2025-12-08,2060.27099609375,2086.199951171875,2114.39990234375,2078.89990234375,2114.39990234375,4327091,Airtel
2025-12-09,2063.7275390625,2089.699951171875,2100.39990234375,2080.39990234375,2086.800048828125,5139229,Airtel
2025-12-10,2041.3095703125,2067.0,2096.89990234375,2062.199951171875,2072.0,3987451,Airtel
2025-12-11,2027.68115234375,2053.199951171875,2069.199951171875,2038.0,2066.0,3254850,Airtel
2025-12-12,2057.505615234375,2083.39990234375,2087.10009765625,2050.60009765625,2053.10009765625,2706420,Airtel
2025-12-15,2043.97607421875,2069.699951171875,2078.89990234375,2061.5,2070.10009765625,3233614,Airtel
2025-12-16,2075.87451171875,2102.0,2106.60009765625,2070.10009765625,2070.10009765625,5756692,Airtel
2025-12-17,2081.800048828125,2108.0,2128.0,2096.39990234375,2117.60009765625,6412516,Airtel
2025-12-18,2065.9990234375,2092.0,2116.60009765625,2088.10009765625,2099.0,3760341,Airtel
2025-12-19,2071.6279296875,2097.699951171875,2115.0,2082.0,2113.89990234375,10127415,Airtel
2025-12-22,2120.907958984375,2147.60009765625,2151.699951171875,2101.699951171875,2118.0,7670853,Airtel
2025-12-23,2096.5146484375,2122.89990234375,2164.0,2119.199951171875,2157.0,4110853,Airtel
2025-12-24,2097.304931640625,2123.699951171875,2137.199951171875,2111.0,2111.0,3145464,Airtel
2025-12-26,2079.232177734375,2105.39990234375,2123.0,2101.800048828125,2123.0,1297870,Airtel
2025-12-29,2055.728271484375,2081.60009765625,2112.699951171875,2079.39990234375,2105.39990234375,2371034,Airtel
2025-12-30,2073.701904296875,2099.800048828125,2102.800048828125,2071.60009765625,2077.0,6983390,Airtel
2025-12-31,2079.429931640625,2105.60009765625,2121.0,2090.10009765625,2096.0,2991434,Airtel
2026-01-01,2084.170166015625,2110.39990234375,2123.89990234375,2107.0,2114.800048828125,2097756,Airtel
2026-01-02,2080.121337890625,2106.300048828125,2125.0,2098.0,2108.0,2927138,Airtel
2026-01-05,2078.83740234375,2105.0,2112.10009765625,2096.5,2102.10009765625,2642580,Airtel
2026-01-06,2079.133544921875,2105.300048828125,2121.800048828125,2087.5,2106.800048828125,9119265,Airtel
2026-01-07,2058.2958984375,2084.199951171875,2103.800048828125,2077.0,2095.60009765625,4171371,Airtel
2026-01-08,2040.618408203125,2066.300048828125,2092.0,2055.0,2088.0,5534929,Airtel
2026-01-09,2001.905517578125,2027.0999755859373,2084.0,2023.199951171875,2070.199951171875,4165409,Airtel
2026-01-12,2018.595458984375,2044.0,2048.800048828125,2001.300048828125,2023.5,4689135,Airtel
2026-01-13,2001.7080078125,2026.9000244140625,2049.89990234375,2014.9000244140625,2047.0,7388496,Airtel
2026-01-14,1997.3626708984373,2022.5,2034.0,2008.699951171875,2015.0999755859373,4842964,Airtel
2026-01-15,1997.3626708984373,2022.5,2022.5,2022.5,2022.5,0,Airtel
2026-01-16,1991.3385009765625,2016.4000244140625,2029.699951171875,1988.699951171875,2020.0,7310676,Airtel
2026-01-19,1985.01806640625,2010.0,2023.0,1996.300048828125,2023.0,4272071,Airtel
2026-01-20,1971.1920166015625,1996.0,2018.0,1977.0999755859373,2018.0,6076838,Airtel
2026-01-21,1971.290771484375,1996.0999755859373,2007.0999755859373,1967.0,1977.0,7952295,Airtel
2026-01-22,1977.31494140625,2002.199951171875,2018.9000244140625,1990.0,2008.800048828125,6722567,Airtel
2026-01-23,1960.032470703125,1984.699951171875,2011.699951171875,1980.0999755859373,2009.0,4340925,Airtel
2026-01-27,1948.873046875,1973.4000244140625,2003.800048828125,1962.699951171875,1972.0999755859373,10510891,Airtel
2026-01-28,1933.3680419921875,1957.699951171875,1995.0,1939.0,1995.0,9426909,Airtel
2026-01-29,1943.44140625,1967.9000244140625,1970.5,1939.0,1964.0,6065044,Airtel
2026-01-30,1944.2313232421875,1968.699951171875,1974.0,1925.5999755859373,1925.5999755859373,7683747,Airtel
2026-02-02,1940.972412109375,1965.4000244140625,1969.800048828125,1926.5,1936.0999755859373,5326225,Airtel
2026-02-03,1972.4759521484373,1997.300048828125,2050.0,1980.0999755859373,2050.0,6915795,Airtel
2026-02-04,2000.6217041015625,2025.800048828125,2034.5999755859373,1998.4000244140625,2008.0,7464725,Airtel
2026-02-05,1967.6368408203125,1992.4000244140625,2022.9000244140625,1985.0,2012.0,7708690,Airtel
2026-02-06,2013.0650634765625,2038.4000244140625,2049.699951171875,1988.5,1994.0,13870403,Airtel
2026-02-09,2012.8675537109373,2038.199951171875,2055.199951171875,2028.699951171875,2051.199951171875,7570161,Airtel
2026-02-10,1986.302001953125,2011.300048828125,2057.0,2008.4000244140625,2052.0,9077763,Airtel
2026-02-11,1987.0919189453125,2012.0999755859373,2021.0,1996.699951171875,2012.9000244140625,7423601,Airtel
2026-02-12,1989.462158203125,2014.5,2027.0,2009.0999755859373,2019.199951171875,7437690,Airtel
2026-02-13,1979.783935546875,2004.699951171875,2024.199951171875,1992.0,2013.9000244140625,4808543,Airtel
2026-02-16,2004.177001953125,2029.4000244140625,2032.199951171875,1995.0,2010.0,3455964,Airtel
2026-02-17,1995.1900634765625,2020.300048828125,2038.5,2014.199951171875,2028.0,4471158,Airtel
2026-02-18,1996.6715087890625,2021.800048828125,2028.5999755859373,2015.0,2020.0999755859373,2182669,Airtel
2026-02-19,1963.884033203125,1988.5999755859373,2032.0,1974.800048828125,2032.0,4712417,Airtel
2026-02-20,1952.8232421875,1977.4000244140625,1993.699951171875,1971.0,1981.0999755859373,5180301,Airtel
2026-02-23,1972.4759521484373,1997.300048828125,2000.5,1983.9000244140625,1994.0,3728878,Airtel
2026-02-24,1916.8756103515625,1941.0,1997.300048828125,1921.800048828125,1997.300048828125,10006761,Airtel
2026-02-25,1889.6187744140625,1913.4000244140625,1961.800048828125,1904.0,1955.0,8285195,Airtel
2026-02-26,1905.6173095703125,1929.5999755859373,1935.0,1904.5,1914.0,10795028,Airtel
2026-02-27,1855.942626953125,1879.300048828125,1915.0,1870.0999755859373,1910.0,13754648,Airtel
2026-03-02,1849.9183349609373,1873.199951171875,1895.9000244140625,1847.9000244140625,1850.0999755859373,11785758,Airtel
2026-03-04,1882.2119140625,1905.9000244140625,1920.0,1815.300048828125,1861.0999755859373,20565585,Airtel
2026-03-05,1883.2982177734373,1907.0,1929.0999755859373,1897.199951171875,1919.0,11398717,Airtel
2026-03-06,1847.5482177734373,1870.800048828125,1902.0999755859373,1867.0999755859373,1900.0,10896859,Airtel
2026-03-09,1843.4990234375,1866.699951171875,1872.4000244140625,1818.0999755859373,1831.0,8073518,Airtel
2026-03-10,1827.4017333984373,1850.4000244140625,1881.0,1846.5,1880.800048828125,11741600,Airtel
2026-03-11,1784.5411376953125,1807.0,1847.699951171875,1799.5,1841.0,9548404,Airtel
2026-03-12,1778.9119873046875,1801.300048828125,1817.800048828125,1791.0,1797.9000244140625,12922735,Airtel
2026-03-13,1780.98583984375,1803.4000244140625,1816.0,1776.5999755859375,1781.0999755859375,8970772,Airtel
2026-03-16,1766.5673828125,1788.800048828125,1804.9000244140625,1770.9000244140625,1798.0,14261268,Airtel
2026-03-17,1804.2926025390625,1827.0,1834.5,1791.0999755859375,1797.0,7181491,Airtel
2026-03-18,1832.339599609375,1855.4000244140625,1869.0,1826.800048828125,1826.800048828125,6428092,Airtel
2026-03-19,1804.2926025390625,1827.0,1861.300048828125,1816.300048828125,1826.5999755859373,7145082,Airtel
2026-03-20,1823.1551513671875,1846.0999755859373,1860.9000244140625,1834.0,1834.0,7691633,Airtel
2026-03-23,1773.5791015625,1795.9000244140625,1830.0,1792.0,1827.0,6874051,Airtel
2026-03-24,1779.7020263671875,1802.0999755859373,1826.800048828125,1781.0,1816.300048828125,7535860,Airtel
2026-03-25,1812.0943603515625,1834.9000244140625,1849.199951171875,1810.0999755859373,1814.0,12473682,Airtel
2026-03-27,1820.9825439453125,1843.9000244140625,1856.9000244140625,1818.4000244140625,1839.9000244140625,24490425,Airtel
2026-03-30,1760.2469482421875,1782.4000244140625,1824.5,1774.5,1818.0,14240129,Airtel
2026-04-01,1759.7530517578125,1781.9000244140625,1817.300048828125,1776.5,1811.0,10694662,Airtel
2026-04-02,1767.4560546875,1789.699951171875,1799.4000244140625,1746.9000244140625,1765.0,10857093,Airtel
2026-04-06,1770.5177001953125,1792.800048828125,1814.300048828125,1763.4000244140625,1812.0999755859373,8183498,Airtel
2026-04-07,1807.5516357421875,1830.300048828125,1840.0,1772.0,1788.0999755859375,10057628,Airtel
2026-04-08,1838.4625244140625,1861.5999755859373,1871.5,1840.199951171875,1864.0,11587604,Airtel
2026-04-09,1836.2899169921875,1859.4000244140625,1869.9000244140625,1846.0999755859373,1869.9000244140625,10113053,Airtel
2026-04-10,1846.758056640625,1870.0,1874.5999755859373,1859.9000244140625,1868.0,5857988,Airtel
2026-04-13,1847.64697265625,1870.9000244140625,1893.699951171875,1838.0,1838.0,10371983,Airtel
2026-04-15,1832.6357421875,1855.699951171875,1890.9000244140625,1853.5999755859373,1880.5,11049107,Airtel
2026-04-16,1817.7235107421875,1840.5999755859373,1864.9000244140625,1823.199951171875,1863.5,15871247,Airtel
2026-04-17,1823.9451904296875,1846.9000244140625,1851.4000244140625,1829.699951171875,1837.0999755859373,7344787,Airtel
2026-04-20,1823.1551513671875,1846.0999755859373,1865.0,1839.199951171875,1865.0,9243641,Airtel
2026-04-21,1831.944580078125,1855.0,1868.9000244140625,1830.0,1830.0,10485373,Airtel
2026-04-22,1806.2677001953125,1829.0,1857.9000244140625,1825.300048828125,1850.199951171875,5687058,Airtel
2026-04-23,1818.3160400390625,1841.199951171875,1846.0,1812.0999755859373,1821.800048828125,7489947,Airtel
2026-04-24,1791.9478759765625,1814.5,1850.699951171875,1807.300048828125,1845.0,6306448,Airtel
2026-04-27,1797.478271484375,1820.0999755859373,1828.4000244140625,1814.0,1816.0999755859373,4413769,Airtel
2026-04-28,1820.8837890625,1843.800048828125,1852.0,1812.5999755859373,1826.0,10558455,Airtel
2026-04-29,1864.6331787109373,1888.0999755859373,1900.4000244140625,1845.4000244140625,1848.0,7713013,Airtel
2026-04-30,1863.349365234375,1886.800048828125,1906.0,1860.0,1860.0,12709188,Airtel
2026-05-01,1863.349365234375,1886.800048828125,1886.800048828125,1886.800048828125,1886.800048828125,0,Airtel
2026-05-04,1804.3912353515625,1827.0999755859373,1895.300048828125,1821.699951171875,1873.199951171875,10707858,Airtel
2026-05-05,1783.65234375,1806.0999755859373,1846.0,1801.0,1828.0,11407461,Airtel
2026-05-06,1810.9091796875,1833.699951171875,1841.5,1813.800048828125,1817.0,5507749,Airtel
2026-05-07,1803.8974609375,1826.5999755859373,1843.9000244140625,1821.199951171875,1835.0,7914845,Airtel
2026-05-08,1811.6993408203125,1834.5,1840.800048828125,1815.199951171875,1820.0,4839183,Airtel
2026-05-11,1737.9278564453125,1759.800048828125,1819.800048828125,1756.0,1814.0,15803791,Airtel
2026-05-12,1734.965087890625,1756.800048828125,1776.5,1751.5,1751.5,11945399,Airtel
2026-05-13,1766.9622802734375,1789.199951171875,1798.0,1740.5,1740.5,9825413,Airtel
2026-05-14,1860.09033203125,1883.5,1889.199951171875,1797.300048828125,1820.0,21279151,Airtel
2026-05-15,1881.7181396484373,1905.4000244140625,1922.9000244140625,1880.4000244140625,1883.199951171875,15807294,Airtel
2026-05-18,1914.01171875,1938.0999755859373,1953.800048828125,1890.4000244140625,1904.800048828125,13888648,Airtel
2026-05-19,1889.7174072265625,1913.5,1942.0,1907.800048828125,1928.4000244140625,8962228,Airtel
2026-05-20,1881.224365234375,1904.9000244140625,1914.0,1897.699951171875,1914.0,5778742,Airtel
2026-05-21,1861.8680419921875,1885.300048828125,1915.300048828125,1880.800048828125,1911.0,6419014,Airtel
2026-05-22,1848.1407470703125,1871.4000244140625,1896.5999755859373,1869.300048828125,1891.300048828125,5099120,Airtel
2026-05-25,1851.49853515625,1874.800048828125,1892.5,1863.0999755859373,1892.5,5903841,Airtel
2026-05-26,1823.9451904296875,1846.9000244140625,1874.0,1844.800048828125,1874.0,5803034,Airtel
2026-05-27,1829.1793212890625,1852.199951171875,1869.4000244140625,1840.4000244140625,1840.4000244140625,8653155,Airtel
2026-05-28,1829.1793212890625,1852.199951171875,1852.199951171875,1852.199951171875,1852.199951171875,0,Airtel
2026-05-29,1806.2677001953125,1829.0,1860.0,1818.5,1860.0,52886264,Airtel
2026-06-01,1788.0963134765625,1810.5999755859373,1842.0,1803.9000244140625,1830.0,6391656,Airtel
2026-06-02,1791.651611328125,1814.199951171875,1825.0,1777.4000244140625,1785.0,10791294,Airtel
2026-06-03,1801.4285888671875,1824.0999755859373,1835.5,1804.9000244140625,1829.9000244140625,5832363,Airtel
2026-06-04,1796.293212890625,1818.9000244140625,1829.800048828125,1798.4000244140625,1815.0,6735759,Airtel
2026-06-05,1775.8504638671875,1798.199951171875,1827.800048828125,1790.699951171875,1824.9000244140625,3926715,Airtel
2026-06-08,1790.7628173828125,1813.300048828125,1820.0999755859373,1771.0,1775.0999755859375,6324919,Airtel
2026-06-09,1776.6405029296875,1799.0,1837.0,1789.199951171875,1837.0,10377475,Airtel
2026-06-10,1753.1363525390625,1775.199951171875,1807.699951171875,1771.0,1799.0,7999362,Airtel
2026-06-11,1760.4443359375,1782.5999755859375,1796.0,1768.5999755859375,1773.0,5020731,Airtel
2026-06-12,1799.8485107421875,1822.5,1825.0,1784.0,1784.0,5910557,Airtel
2026-06-15,1818.3160400390625,1841.199951171875,1857.0,1816.0,1841.0,5307277,Airtel
2026-06-16,1829.9693603515625,1853.0,1859.199951171875,1837.199951171875,1840.199951171875,5957732,Airtel
2026-06-17,1852.38720703125,1875.699951171875,1878.0,1841.5,1853.0,7653632,Airtel
2026-06-18,1851.49853515625,1874.800048828125,1878.800048828125,1861.800048828125,1878.800048828125,4262944,Airtel
2026-06-19,1887.051025390625,1910.800048828125,1917.5,1867.199951171875,1874.300048828125,15918432,Airtel
2026-06-22,1892.7789306640625,1916.5999755859373,1924.5,1901.0,1915.800048828125,3798060,Airtel
2026-06-23,1877.96533203125,1901.5999755859373,1927.699951171875,1896.699951171875,1907.5999755859373,5155908,Airtel
2026-06-24,1853.9674072265625,1877.300048828125,1894.0999755859373,1872.9000244140625,1891.199951171875,8957457,Airtel
2026-06-25,1827.6978759765625,1850.699951171875,1889.0,1848.0,1885.0,8521503,Airtel
2026-06-26,1827.6978759765625,1850.699951171875,1850.699951171875,1850.699951171875,1850.699951171875,0,Airtel
2026-06-29,1818.21728515625,1841.0999755859373,1849.800048828125,1833.0999755859373,1837.0999755859373,10940130,Airtel
2026-06-30,1828.9818115234373,1852.0,1876.5999755859373,1843.199951171875,1853.0,7233634,Airtel
2026-07-01,1847.7457275390625,1871.0,1887.0,1845.5999755859373,1845.5999755859373,4307333,Airtel
2026-07-02,1851.6959228515625,1875.0,1883.800048828125,1850.199951171875,1860.800048828125,5282404,Airtel
2026-07-03,1886.656005859375,1910.4000244140625,1913.0,1885.0,1890.0,5087043,Airtel
2026-07-06,1901.7657470703125,1925.699951171875,1932.699951171875,1915.5999755859373,1916.800048828125,2740217,Airtel
2026-07-07,1901.8646240234373,1925.800048828125,1956.5,1917.0,1923.5,5767438,Airtel
2026-07-08,1864.6331787109373,1888.0999755859373,1924.199951171875,1875.0999755859373,1911.0,6188780,Airtel
2026-07-09,1907.0986328125,1931.0999755859373,1966.0,1898.800048828125,1902.0,11145066,Airtel
2026-07-10,1896.53173828125,1920.4000244140625,1930.0,1906.0,1930.0,6420887,Airtel
2026-07-13,1878.1629638671875,1901.800048828125,1917.0,1896.699951171875,1914.0,7862506,Airtel
2026-07-14,1912.431640625,1936.5,1941.0999755859373,1885.0,1885.0,6964062,Airtel
2026-07-15,1894.4578857421875,1918.300048828125,1953.699951171875,1916.5999755859373,1953.699951171875,5763065,Airtel
2026-07-16,1897.914306640625,1921.800048828125,1936.0,1917.0,1928.0,4644787,Airtel
2026-07-17,1885.075927734375,1908.800048828125,1925.199951171875,1902.699951171875,1918.0,4715613,Airtel
2026-07-20,1915.98681640625,1940.0999755859373,1942.5,1901.199951171875,1901.199951171875,6437294,Airtel
2026-07-21,1924.1837158203125,1948.4000244140625,1952.0,1938.699951171875,1946.4000244140625,5061312,Airtel
2026-07-22,1924.7762451171875,1949.0,1956.0,1939.5,1942.4000244140625,6589708,Airtel
2026-07-23,1907.0,1931.0,1948.9000244140625,1925.800048828125,1948.0,5612121,Airtel
2026-07-24,1898.199951171875,1898.199951171875,1905.0,1878.0,1900.199951171875,4483600,Airtel
2026-07-27,1905.300048828125,1905.300048828125,1917.0,1890.0,1892.0,5230299,Airtel
2026-07-28,1901.800048828125,1901.800048828125,1908.4000244140625,1892.4000244140625,1901.0,6309089,Airtel
2026-07-29,1950.199951171875,1950.199951171875,1957.0,1913.0999755859373,1915.199951171875,6315728,Airtel
2026-07-30,1956.800048828125,1956.800048828125,1963.199951171875,1943.9000244140625,1954.0,5356472,Airtel
2026-07-31,1972.0,1972.0,1976.4000244140625,1947.4000244140625,1969.0,6529385,Airtel
2020-01-01,427.6331176757813,459.7999877929688,460.7999877929688,457.5499877929688,459.7000122070313,495678,Dabur
2020-01-02,427.7726440429688,459.9500122070313,462.2000122070313,458.0,459.7999877929688,502422,Dabur
2020-01-03,423.7269287109375,455.6000061035156,460.7000122070313,453.5499877929688,459.0,1376230,Dabur
2020-01-06,416.65863037109375,448.0,456.4500122070313,445.7000122070313,454.0,1415568,Dabur
2020-01-07,421.77386474609375,453.5,456.0,449.1499938964844,450.2999877929688,966767,Dabur
2020-01-08,424.7035217285156,456.6499938964844,457.9500122070313,446.6000061035156,449.7999877929688,1291151,Dabur
2020-01-09,428.4701843261719,460.7000122070313,464.0,457.75,459.1499938964844,1811623,Dabur
2020-01-10,434.18994140625,466.8500061035156,469.0,459.8999938964844,463.0,1037751,Dabur
2020-01-13,445.2109680175781,478.7000122070313,479.4500122070313,469.5,469.75,2755979,Dabur
2020-01-14,448.8845825195313,482.6499938964844,483.6499938964844,477.5499877929688,480.9500122070313,1804874,Dabur
2020-01-15,456.23193359375,490.5499877929688,492.1000061035156,480.25,481.9500122070313,1346372,Dabur
2020-01-16,453.48828125,487.6000061035156,494.3999938964844,485.3500061035156,491.75,2012701,Dabur
2020-01-17,455.3948669433594,489.6499938964844,491.9500122070313,486.7000122070313,488.0,1015739,Dabur
2020-01-20,452.0467224121094,486.0499877929688,492.7000122070313,484.5499877929688,489.6499938964844,1406615,Dabur
2020-01-21,452.9302978515625,487.0,488.3500061035156,480.4500122070313,485.3999938964844,788507,Dabur
2020-01-22,452.7443237304688,486.7999877929688,494.0,486.25,489.2000122070313,1140015,Dabur
2020-01-23,455.5343933105469,489.7999877929688,492.0,482.75,486.7000122070313,798731,Dabur
2020-01-24,465.4858093261719,500.5,501.8999938964844,490.0,490.0499877929688,2564212,Dabur
2020-01-27,458.6965637207031,493.2000122070313,505.8500061035156,491.6499938964844,500.3999938964844,1640739,Dabur
2020-01-28,454.2322998046875,488.3999938964844,499.2000122070313,486.75,493.25,1372031,Dabur
2020-01-29,457.20843505859375,491.6000061035156,495.5,488.7000122070313,490.8999938964844,830287,Dabur
2020-01-30,445.2573852539063,478.75,496.2000122070313,472.1499938964844,492.0,7747030,Dabur
2020-01-31,461.0681457519531,495.75,503.4500122070313,480.0499877929688,483.9500122070313,7462427,Dabur
2020-02-03,462.2306518554688,497.0,500.8999938964844,483.8999938964844,484.8999938964844,3688146,Dabur
2020-02-04,468.1364440917969,503.3500061035156,513.0,498.1000061035156,498.2000122070313,3128490,Dabur
2020-02-05,475.3907165527344,511.1499938964844,513.0,503.5,505.0,1728547,Dabur
2020-02-06,473.9957275390625,509.6499938964844,518.0,505.2999877929688,514.4000244140625,1730852,Dabur
2020-02-07,477.7159729003906,513.6500244140625,517.7000122070312,506.3999938964844,512.7999877929688,1439486,Dabur
2020-02-10,476.9718017578125,512.8499755859375,517.5,508.5499877929688,513.5999755859375,1094750,Dabur
2020-02-11,473.2981872558594,508.8999938964844,517.0,507.7999877929688,514.8499755859375,1212549,Dabur
2020-02-12,483.5286560058594,519.9000244140625,523.25,511.2999877929688,511.2999877929688,2805428,Dabur
2020-02-13,476.8323669433594,512.7000122070312,518.7999877929688,510.6499938964844,518.7999877929688,1632953,Dabur
2020-02-14,470.6940612792969,506.1000061035156,516.9500122070312,503.4500122070313,515.0,1260687,Dabur
2020-02-17,465.9043884277344,500.9500122070313,510.0,500.25,506.4500122070313,1336491,Dabur
2020-02-18,469.2525024414063,504.5499877929688,507.2000122070313,496.0,499.0,2041114,Dabur
2020-02-19,472.5075988769531,508.0499877929688,510.5,488.8500061035156,499.0,3634077,Dabur
2020-02-20,470.7405700683594,506.1499938964844,517.0,503.0499877929688,509.0,2543540,Dabur
2020-02-24,465.9508666992188,501.0,513.4000244140625,498.5,503.5499877929688,3415189,Dabur
2020-02-25,465.2532958984375,500.25,509.5,499.1000061035156,503.5,2111814,Dabur
2020-02-26,466.83441162109375,501.9500122070313,507.0,497.25,501.0,2775398,Dabur
2020-02-27,470.9266052246094,506.3500061035156,508.2000122070313,501.3999938964844,502.7999877929688,3265481,Dabur
2020-02-28,461.3935546875,496.1000061035156,504.9500122070313,492.0,501.0,4192788,Dabur
2020-03-02,464.3232727050781,499.25,513.7000122070312,493.7000122070313,503.7999877929688,3441005,Dabur
2020-03-03,471.1590881347656,506.6000061035156,513.0,500.2999877929688,503.0,3579242,Dabur
2020-03-04,478.4134216308594,514.4000244140625,516.9000244140625,506.6000061035156,511.0,3354621,Dabur
2020-03-05,481.7151184082031,517.9500122070312,525.0,514.5499877929688,520.0,3594544,Dabur
2020-03-06,465.5323791503906,500.5499877929688,513.25,496.2000122070313,511.0,2903801,Dabur
2020-03-09,449.3496398925781,483.1499938964844,494.9500122070313,478.1000061035156,492.0,2176031,Dabur
2020-03-11,453.8602600097656,488.0,494.3500061035156,476.4500122070313,479.7999877929688,2848963,Dabur
2020-03-12,423.4014587402344,455.25,478.0,451.7000122070313,477.5,2856276,Dabur
2020-03-13,419.0767517089844,450.6000061035156,472.75,401.7000122070313,425.0,4078543,Dabur
2020-03-16,401.3129577636719,431.5,454.9500122070313,426.3999938964844,439.3999938964844,3101283,Dabur
2020-03-17,400.2898864746094,430.3999938964844,450.8999938964844,424.3999938964844,431.5,2506801,Dabur
2020-03-18,385.5487976074219,414.5499877929688,437.25,412.1000061035156,435.0,2896377,Dabur
2020-03-19,389.5480041503906,418.8500061035156,428.4500122070313,390.5,400.4500122070313,3097171,Dabur
2020-03-20,413.2639465332031,444.3500061035156,452.7000122070313,415.0,419.0,4011074,Dabur
2020-03-23,368.3429565429688,396.0499877929688,428.0,386.0499877929688,408.0,2662357,Dabur
2020-03-24,373.13275146484375,401.2000122070313,419.6000061035156,391.0,392.1499938964844,4911904,Dabur
2020-03-25,376.8529357910156,405.2000122070313,412.0499877929688,391.0499877929688,403.6499938964844,4409305,Dabur
2020-03-26,396.1511840820313,425.9500122070313,433.9500122070313,400.5499877929688,415.0,5838526,Dabur
2020-03-27,393.4075927734375,423.0,445.6000061035156,418.0,441.5,3674758,Dabur
2020-03-30,397.6392211914063,427.5499877929688,434.8999938964844,404.1000061035156,415.0,3175357,Dabur
2020-03-31,418.5651550292969,450.0499877929688,455.5499877929688,430.4500122070313,435.8999938964844,3302637,Dabur
2020-04-01,404.4285888671875,434.8500061035156,454.7999877929688,430.2999877929688,450.8999938964844,2154766,Dabur
2020-04-03,397.8717956542969,427.7999877929688,454.25,424.0499877929688,444.5,4235746,Dabur
2020-04-07,444.1413269042969,477.5499877929688,489.0,434.3999938964844,446.8500061035156,4522049,Dabur
2020-04-08,454.1392822265625,488.2999877929688,517.4000244140625,470.0,474.2999877929688,5642395,Dabur
2020-04-09,451.3957214355469,485.3500061035156,514.0,479.25,501.0,5377864,Dabur
2020-04-13,446.2339477539063,479.7999877929688,492.9500122070313,472.75,485.8999938964844,2769922,Dabur
2020-04-15,467.6714172363281,502.8500061035156,506.0,480.0,480.0,4343214,Dabur
2020-04-16,468.2759399414063,503.5,509.0,492.1499938964844,497.75,3438673,Dabur
2020-04-17,455.8133544921875,490.1000061035156,515.0,487.2000122070313,515.0,3429703,Dabur
2020-04-20,458.3709716796875,492.8500061035156,499.9500122070313,482.5,492.3999938964844,3233932,Dabur
2020-04-21,463.34674072265625,498.2000122070313,503.0,484.0,486.5,4518995,Dabur
2020-04-22,467.5319519042969,502.7000122070313,504.7999877929688,495.5499877929688,498.5,2801897,Dabur
2020-04-23,464.09075927734375,499.0,516.1500244140625,497.0499877929688,506.1000061035156,4322555,Dabur
2020-04-24,464.1372680664063,499.0499877929688,503.75,494.5,499.0,2376828,Dabur
2020-04-27,457.3479614257813,491.75,504.6499938964844,487.25,502.0,4482196,Dabur
2020-04-28,453.4418029785156,487.5499877929688,494.3999938964844,482.3999938964844,494.0,2010508,Dabur
2020-04-29,444.7923583984375,478.25,490.6499938964844,475.4500122070313,490.0,2503008,Dabur
2020-04-30,455.0693359375,489.2999877929688,495.3500061035156,478.25,485.0,4295419,Dabur
2020-05-04,435.95697021484375,468.75,482.7999877929688,465.7000122070313,480.0,3267221,Dabur
2020-05-05,420.8438415527344,452.5,475.5499877929688,450.0,471.0,3676031,Dabur
2020-05-06,423.8199768066406,455.7000122070313,458.3500061035156,443.1000061035156,454.9500122070313,4087839,Dabur
2020-05-07,410.9853515625,441.8999938964844,456.5,440.0,456.5,3356812,Dabur
2020-05-08,415.5425720214844,446.7999877929688,452.0,441.6499938964844,447.0,3238325,Dabur
2020-05-11,415.3100891113281,446.5499877929688,454.7000122070313,443.5,450.0,2890780,Dabur
2020-05-12,412.14794921875,443.1499938964844,451.75,439.2000122070313,447.0,2465770,Dabur
2020-05-13,412.9850158691406,444.0499877929688,458.6000061035156,442.4500122070313,458.0,2202274,Dabur
2020-05-14,426.51708984375,458.6000061035156,461.0,445.0,445.5,3710845,Dabur
2020-05-15,412.845458984375,443.8999938964844,463.6499938964844,441.3500061035156,463.0,4049485,Dabur
2020-05-18,405.5911865234375,436.1000061035156,446.0,430.1000061035156,446.0,3056578,Dabur
2020-05-19,406.5212097167969,437.1000061035156,447.1499938964844,433.5,440.4500122070313,3631044,Dabur
2020-05-20,408.8928527832031,439.6499938964844,444.9500122070313,435.25,437.7999877929688,2543929,Dabur
2020-05-21,409.3577880859375,440.1499938964844,449.3999938964844,439.1000061035156,440.0,2934438,Dabur
2020-05-22,401.4990539550781,431.7000122070313,443.9500122070313,429.8999938964844,439.6000061035156,3326987,Dabur
2020-05-26,402.8010559082031,433.1000061035156,436.2000122070313,427.3999938964844,431.7000122070313,3334407,Dabur
2020-05-27,398.9413757324219,428.9500122070313,434.8500061035156,424.1000061035156,432.0,5829539,Dabur
2020-05-28,417.03070068359375,448.3999938964844,451.25,421.2000122070313,429.9500122070313,10807910,Dabur
2020-05-29,433.8179626464844,466.4500122070313,470.0,440.2999877929688,443.75,7711038,Dabur
2020-06-01,436.4219970703125,469.25,473.9500122070313,462.0,470.0,6224484,Dabur
2020-06-02,428.6096801757813,460.8500061035156,476.8999938964844,459.0499877929688,469.25,3195295,Dabur
2020-06-03,430.934814453125,463.3500061035156,470.6000061035156,457.1000061035156,464.1000061035156,3870392,Dabur
2020-06-04,430.1907348632813,462.5499877929688,469.4500122070313,458.0,465.0,2631670,Dabur
2020-06-05,430.46978759765625,462.8500061035156,466.5,457.5,464.0,2549236,Dabur
2020-06-08,426.0520629882813,458.1000061035156,469.5,456.9500122070313,469.5,2555231,Dabur
2020-06-09,433.9108581542969,466.5499877929688,475.8500061035156,458.7000122070313,460.2999877929688,5028353,Dabur
2020-06-10,429.5862121582031,461.8999938964844,473.8999938964844,458.8999938964844,468.0,3751933,Dabur
2020-06-11,418.61175537109375,450.1000061035156,465.0,448.0,461.8999938964844,3476454,Dabur
2020-06-12,423.7734375,455.6499938964844,457.0,431.0,431.3500061035156,2789834,Dabur
2020-06-15,421.9133605957031,453.6499938964844,460.4500122070313,451.8999938964844,456.0,1990031,Dabur
2020-06-16,417.1236572265625,448.5,458.0,445.7999877929688,455.6000061035156,3353195,Dabur
2020-06-17,409.6833801269531,440.5,457.3999938964844,438.0,446.5,4824055,Dabur
2020-06-18,409.21826171875,440.0,443.5499877929688,436.5,440.0,3947046,Dabur
2020-06-19,412.0549621582031,443.0499877929688,449.5,441.5,442.8999938964844,4482029,Dabur
2020-06-22,412.4734497070313,443.5,449.0,441.0499877929688,445.0,3082797,Dabur
2020-06-23,426.51708984375,458.6000061035156,460.0,441.5,441.5,5596513,Dabur
2020-06-24,423.2154541015625,455.0499877929688,464.8500061035156,450.7999877929688,460.9500122070313,3473535,Dabur
2020-06-25,427.0285949707031,459.1499938964844,465.75,452.75,454.6000061035156,3845591,Dabur
2020-06-26,428.1446533203125,460.3500061035156,464.9500122070313,455.0499877929688,462.1000061035156,3102744,Dabur
2020-06-29,431.3068237304688,463.75,469.0,458.1000061035156,460.0,5083680,Dabur
2020-06-30,433.35296630859375,465.9500122070313,472.7000122070313,462.5,468.5,4999118,Dabur
2020-07-01,433.9574279785156,466.6000061035156,471.0,465.5499877929688,470.8999938964844,2383843,Dabur
2020-07-02,432.5158996582031,465.0499877929688,471.5,463.8999938964844,469.5,2370799,Dabur
2020-07-03,434.3758850097656,467.0499877929688,470.75,464.7000122070313,467.1000061035156,2323284,Dabur
2020-07-06,433.35296630859375,465.9500122070313,470.1000061035156,464.0,470.0,1892579,Dabur
2020-07-07,445.0714111328125,478.5499877929688,481.8999938964844,465.0499877929688,466.0,5373286,Dabur
2020-07-08,440.1421508789063,473.25,483.8999938964844,471.0499877929688,483.8999938964844,2670696,Dabur
2020-07-09,439.9561462402344,473.0499877929688,477.0,466.0,466.0,1944218,Dabur
2020-07-10,440.979248046875,474.1499938964844,478.3999938964844,472.1000061035156,473.3999938964844,2126443,Dabur
2020-07-13,450.6051330566406,484.5,486.0,474.6000061035156,474.9500122070313,3108357,Dabur
2020-07-14,445.9085083007813,479.4500122070313,487.3999938964844,475.8500061035156,486.0,3209743,Dabur
2020-07-15,446.0944519042969,479.6499938964844,486.8500061035156,477.3500061035156,484.8999938964844,2305139,Dabur
2020-07-16,453.5347900390625,487.6499938964844,489.0,474.5,481.0,3164943,Dabur
2020-07-17,456.41796875,490.75,495.3500061035156,483.5,489.9500122070313,5791083,Dabur
2020-07-20,465.9043884277344,500.9500122070313,503.0,487.2999877929688,494.0,3529535,Dabur
2020-07-21,457.25494384765625,491.6499938964844,502.7000122070313,490.4500122070313,499.1000061035156,3328043,Dabur
2020-07-22,447.3965148925781,481.0499877929688,495.2000122070313,478.3999938964844,493.0,3073060,Dabur
2020-07-23,445.9085083007813,479.4500122070313,486.8500061035156,476.6499938964844,482.9500122070313,2331308,Dabur
2020-07-24,438.51458740234375,471.5,482.7999877929688,470.1499938964844,479.0,2141706,Dabur
2020-07-27,433.77142333984375,466.3999938964844,474.2000122070313,462.9500122070313,473.0,3751567,Dabur
2020-07-28,441.8627624511719,475.1000061035156,477.0,466.0,466.3999938964844,3183237,Dabur
2020-07-29,455.348388671875,489.6000061035156,491.6499938964844,476.5499877929688,476.75,6554407,Dabur
2020-07-30,457.4874572753906,491.8999938964844,497.75,480.75,493.8999938964844,8628513,Dabur
2020-07-31,477.6228942871094,513.5499877929688,515.0,494.0499877929688,496.0,8509912,Dabur
2020-08-03,474.73974609375,510.4500122070313,518.6500244140625,507.2999877929688,514.8499755859375,4310402,Dabur
2020-08-04,471.484619140625,506.9500122070313,516.2000122070312,505.5499877929688,515.0,2173942,Dabur
2020-08-05,467.8574523925781,503.0499877929688,511.1499938964844,501.0,508.0499877929688,2597217,Dabur
2020-08-06,471.3450317382813,506.7999877929688,509.6000061035156,501.2999877929688,503.9500122070313,2349815,Dabur
2020-08-07,476.4602661132813,512.2999877929688,513.7000122070312,506.0499877929688,507.8999938964844,2754108,Dabur
2020-08-10,472.97265625,508.5499877929688,528.0,506.3500061035156,515.0,5418102,Dabur
2020-08-11,477.2508850097656,513.1500244140625,524.5999755859375,510.0,510.0,5206538,Dabur
2020-08-12,468.3689880371094,503.6000061035156,519.5,502.0,513.9000244140625,4289689,Dabur
2020-08-13,464.4969787597656,497.8500061035156,509.2999877929688,495.75,508.8999938964844,3607000,Dabur
2020-08-14,463.7972106933594,497.1000061035156,501.6000061035156,488.75,499.5,4703261,Dabur
2020-08-17,462.3510437011719,495.5499877929688,503.5499877929688,491.0,503.5499877929688,2880081,Dabur
2020-08-18,463.7039184570313,497.0,499.1000061035156,492.75,494.0,3279512,Dabur
2020-08-19,461.091552734375,494.2000122070313,504.8999938964844,493.0,497.0,3390431,Dabur
2020-08-20,459.5986633300781,492.6000061035156,496.8500061035156,490.3500061035156,492.7999877929688,1638348,Dabur
2020-08-21,458.9922790527344,491.9500122070313,498.5,491.0,496.5,1911355,Dabur
2020-08-24,457.6393737792969,490.5,495.4500122070313,486.5499877929688,492.2999877929688,2692195,Dabur
2020-08-25,458.9922790527344,491.9500122070313,494.0,486.2999877929688,492.9500122070313,2055713,Dabur
2020-08-26,462.7242431640625,495.9500122070313,502.0,492.1499938964844,496.0,4093077,Dabur
2020-08-27,460.1118774414063,493.1499938964844,499.3500061035156,491.0,498.75,1859971,Dabur
2020-08-28,456.3331909179688,489.1000061035156,495.6499938964844,488.0,495.2000122070313,1854626,Dabur
2020-08-31,442.8045959472656,474.6000061035156,495.3999938964844,470.8999938964844,491.3999938964844,4785569,Dabur
2020-09-01,454.93365478515625,487.6000061035156,491.0,473.6499938964844,478.3999938964844,3914565,Dabur
2020-09-02,456.7063598632813,489.5,494.7999877929688,487.6000061035156,488.7999877929688,2111745,Dabur
2020-09-03,461.55804443359375,494.7000122070313,497.2999877929688,484.75,491.7000122070313,2149283,Dabur
2020-09-04,451.3882446289063,483.7999877929688,496.0,481.2999877929688,493.0,2578717,Dabur
2020-09-07,455.2135925292969,487.8999938964844,490.9500122070313,478.3999938964844,486.8999938964844,2630952,Dabur
2020-09-08,453.8140869140625,486.3999938964844,490.3999938964844,481.5,484.2000122070313,2088168,Dabur
2020-09-09,459.3654174804688,492.3500061035156,494.0,482.0499877929688,485.0,2157196,Dabur
2020-09-10,462.3043823242188,495.5,497.5,489.6000061035156,497.3999938964844,2500434,Dabur
2020-09-11,474.20025634765625,508.25,511.7000122070313,491.7000122070313,491.7000122070313,5351472,Dabur
2020-09-14,470.4216003417969,504.2000122070313,514.7000122070312,498.25,511.0,4233220,Dabur
2020-09-15,471.8677368164063,505.75,508.0,499.5499877929688,503.8999938964844,2657472,Dabur
2020-09-16,475.4597778320313,509.6000061035156,513.0,504.2999877929688,507.0,2763452,Dabur
2020-09-17,468.8821105957031,502.5499877929688,510.9500122070313,501.1499938964844,509.7000122070313,2087520,Dabur
2020-09-18,474.3868408203125,508.4500122070313,509.8999938964844,498.75,503.8999938964844,3067745,Dabur
2020-09-21,457.8260192871094,490.7000122070313,511.9500122070313,487.25,510.0,2405043,Dabur
2020-09-22,459.1321716308594,492.1000061035156,494.6000061035156,480.0,492.2000122070313,1843708,Dabur
2020-09-23,453.2076721191406,485.75,495.9500122070313,484.3500061035156,495.0499877929688,2096287,Dabur
2020-09-24,453.72076416015625,486.2999877929688,490.75,478.7999877929688,484.0,2732039,Dabur
2020-09-25,459.5986633300781,492.6000061035156,496.0,488.25,491.3999938964844,2817278,Dabur
2020-09-28,469.53521728515625,503.25,504.6499938964844,492.0499877929688,494.9500122070313,2319660,Dabur
2020-09-29,463.8904724121094,497.2000122070313,510.2999877929688,496.25,503.0499877929688,2520348,Dabur
2020-09-30,476.3461608886719,510.5499877929688,514.0,496.2999877929688,497.25,4019124,Dabur
2020-10-01,479.3784484863281,513.7999877929688,517.4000244140625,510.3999938964844,515.75,3703107,Dabur
2020-10-05,485.1630554199219,520.0,521.6500244140625,510.6499938964844,515.3499755859375,2820656,Dabur
2020-10-06,491.507568359375,526.7999877929688,535.0,522.0,524.25,8742072,Dabur
2020-10-07,488.9417114257813,524.0499877929688,531.2999877929688,521.5,527.0,2420627,Dabur
2020-10-08,487.07568359375,522.0499877929688,527.0,516.4500122070312,526.6500244140625,2229377,Dabur
2020-10-09,484.32330322265625,519.0999755859375,524.5999755859375,516.0,524.5999755859375,1704989,Dabur
2020-10-12,480.9645385742188,515.5,521.4000244140625,512.75,520.0,1945978,Dabur
2020-10-13,479.79827880859375,514.25,524.5,512.7999877929688,515.9000244140625,3197252,Dabur
2020-10-14,482.3174133300781,516.9500122070312,518.5,506.25,513.8499755859375,3519347,Dabur
2020-10-15,482.92376708984375,517.5999755859375,525.6500244140625,515.25,518.2000122070312,3824212,Dabur
2020-10-16,477.4190979003906,511.7000122070313,524.3499755859375,510.7999877929688,520.7999877929688,2531683,Dabur
2020-10-19,484.5099182128906,519.2999877929688,522.0,510.2000122070313,514.9000244140625,2434568,Dabur
2020-10-20,492.6737060546875,528.0499877929688,529.9500122070312,518.75,521.2000122070312,5066334,Dabur
2020-10-21,481.2911071777344,515.8499755859375,533.0,508.1000061035156,530.4000244140625,5603035,Dabur
2020-10-22,473.17388916015625,507.1499938964844,516.0,505.1000061035156,515.8499755859375,4991374,Dabur
2020-10-23,484.37005615234375,519.1500244140625,520.9000244140625,509.7999877929688,512.0,4275575,Dabur
2020-10-26,479.0984802246094,513.5,521.7999877929688,509.7000122070313,519.9500122070312,2134741,Dabur
2020-10-27,488.1486511230469,523.2000122070312,526.4000244140625,512.25,515.0,3284285,Dabur
2020-10-28,482.5040283203125,517.1500244140625,526.0,515.4000244140625,523.1500244140625,1863446,Dabur
2020-10-29,484.9298095703125,519.75,522.4500122070312,509.2000122070313,515.5,2966915,Dabur
2020-10-30,477.1858215332031,511.4500122070313,524.0,508.0499877929688,520.5,3022547,Dabur
2020-11-02,472.334228515625,506.25,516.7999877929688,504.0499877929688,515.0,3217501,Dabur
2020-11-03,480.8712768554688,515.4000244140625,523.5,509.5499877929688,510.4500122070313,9690523,Dabur
2020-11-04,483.7169189453125,518.4500122070312,530.0,517.3499755859375,524.0,7074924,Dabur
2020-11-05,484.7432556152344,519.5499877929688,525.6500244140625,516.0,521.0,3293074,Dabur
2020-11-06,491.8807067871094,527.2000122070312,528.9000244140625,518.7000122070312,520.9000244140625,4929181,Dabur
2020-11-09,492.2072448730469,527.5499877929688,535.9500122070312,524.1500244140625,530.0,5212222,Dabur
2020-11-10,480.4980773925781,515.0,529.9000244140625,511.7999877929688,527.7000122070312,4847614,Dabur
2020-11-11,477.4553833007813,510.0,519.25,505.6000061035156,516.7999877929688,4915653,Dabur
2020-11-12,484.8512878417969,517.9000244140625,521.9500122070312,510.5499877929688,512.5,5297239,Dabur
2020-11-13,482.5108947753906,515.4000244140625,522.0,512.5999755859375,520.0,3104681,Dabur
2020-11-14,484.1492309570313,517.1500244140625,522.0,515.5,520.0,438259,Dabur
2020-11-17,479.0001525878906,511.6499938964844,522.2000122070312,509.5,522.2000122070312,3016364,Dabur
2020-11-18,473.1489562988281,505.3999938964844,514.1500244140625,504.4500122070313,513.0,3492271,Dabur
2020-11-19,474.9277038574219,507.2999877929688,510.0,500.0499877929688,505.0,5496008,Dabur
2020-11-20,475.95751953125,508.3999938964844,513.7999877929688,505.9500122070313,511.0499877929688,4801287,Dabur
2020-11-23,476.6128540039063,509.1000061035156,511.3999938964844,505.1000061035156,508.0,3182272,Dabur
2020-11-24,475.4893798828125,507.8999938964844,511.25,506.5,510.0,2495047,Dabur
2020-11-25,469.310546875,501.2999877929688,510.5,500.0499877929688,508.7999877929688,3897557,Dabur
2020-11-26,471.9319152832031,504.1000061035156,505.0,494.0499877929688,501.7999877929688,4957778,Dabur
2020-11-27,467.9062805175781,499.7999877929688,507.1000061035156,496.6499938964844,507.0,7150001,Dabur
2020-12-01,473.710693359375,506.0,507.0,500.6000061035156,503.0499877929688,2177754,Dabur
2020-12-02,470.4339599609375,502.5,509.5,497.25,507.5,3467739,Dabur
2020-12-03,469.4978332519531,501.5,506.9500122070313,500.5,500.5,3471978,Dabur
2020-12-04,470.2467041015625,502.2999877929688,506.7999877929688,501.6000061035156,502.8999938964844,3038914,Dabur
2020-12-07,470.0127258300781,502.0499877929688,505.5,499.0,502.6000061035156,3544985,Dabur
2020-12-08,470.5276794433594,502.6000061035156,506.7999877929688,499.0499877929688,503.0,4020487,Dabur
2020-12-09,470.1063537597656,502.1499938964844,510.0,501.0,510.0,4619524,Dabur
2020-12-10,481.57464599609375,514.4000244140625,517.0,502.0,502.0,9250804,Dabur
2020-12-11,481.0129699707031,513.7999877929688,519.5,508.7999877929688,517.3499755859375,4988627,Dabur
2020-12-14,480.82568359375,513.5999755859375,518.9500122070312,512.4000244140625,517.0,3013023,Dabur
2020-12-15,481.0596923828125,513.8499755859375,517.2000122070312,511.2000122070313,513.9500122070312,3113626,Dabur
2020-12-16,480.8725280761719,513.6500244140625,519.5499877929688,512.2999877929688,515.4000244140625,3925836,Dabur
2020-12-17,478.8596801757813,511.5,517.4000244140625,510.5,515.2000122070312,2926337,Dabur
2020-12-18,476.8468322753906,509.3500061035156,513.4000244140625,503.0499877929688,513.1500244140625,3666563,Dabur
2020-12-21,471.4638671875,503.6000061035156,514.9500122070312,494.2000122070313,509.0,5009242,Dabur
2020-12-22,472.0723876953125,504.25,508.8999938964844,492.5499877929688,504.8999938964844,4879416,Dabur
2020-12-23,477.5958557128906,510.1499938964844,512.5,502.2999877929688,505.0,3046867,Dabur
2020-12-24,481.715087890625,514.5499877929688,515.75,508.2999877929688,515.0,2894330,Dabur
2020-12-28,491.5450134277344,525.0499877929688,526.9000244140625,514.0,514.5499877929688,5556022,Dabur
2020-12-29,495.1961669921875,528.9500122070312,533.7999877929688,524.5499877929688,527.5,6040679,Dabur
2020-12-30,505.1198120117188,539.5499877929688,540.5,524.3499755859375,530.0,6666770,Dabur
2020-12-31,499.92388916015625,534.0,539.7999877929688,532.1500244140625,539.7000122070312,3337284,Dabur
2021-01-01,500.1112365722656,534.2000122070312,538.4500122070312,532.2999877929688,534.0,2285766,Dabur
2021-01-04,508.6772155761719,543.3499755859375,544.0,532.4000244140625,537.0,3026253,Dabur
2021-01-05,504.5112609863281,538.9000244140625,542.4000244140625,535.5,542.0,2126666,Dabur
2021-01-06,500.0174255371094,534.0999755859375,541.7000122070312,529.5999755859375,539.0,4825471,Dabur
2021-01-07,501.04736328125,535.2000122070312,539.2999877929688,533.4000244140625,537.4000244140625,1850927,Dabur
2021-01-08,505.6346740722656,540.0999755859375,542.4500122070312,534.0,537.0,3665938,Dabur
2021-01-11,511.6261901855469,546.5,549.0,540.0,543.0,2812154,Dabur
2021-01-12,506.4771728515625,541.0,550.9500122070312,538.25,549.0,3857637,Dabur
2021-01-13,501.8899536132813,536.0999755859375,545.4500122070312,533.5999755859375,541.1500244140625,2933547,Dabur
2021-01-14,513.9199829101562,548.9500122070312,552.4500122070312,535.25,536.5,6273001,Dabur
2021-01-15,506.24310302734375,540.75,552.5499877929688,539.0499877929688,548.5,2546799,Dabur
2021-01-18,503.20062255859375,537.5,544.7999877929688,533.2000122070312,541.2000122070312,2572902,Dabur
2021-01-19,506.85162353515625,541.4000244140625,547.4500122070312,539.0,539.0499877929688,2174161,Dabur
2021-01-20,503.3410034179688,537.6500244140625,544.8499755859375,536.5999755859375,544.0,1606896,Dabur
2021-01-21,502.779296875,537.0499877929688,546.0,535.4000244140625,540.0,2903743,Dabur
2021-01-22,498.9408874511719,532.9500122070312,540.5,531.2999877929688,537.0,2153095,Dabur
2021-01-25,498.6132507324219,532.5999755859375,541.2999877929688,525.0,538.0,3036463,Dabur
2021-01-27,493.8386840820313,527.5,537.5,525.6500244140625,533.9000244140625,1786873,Dabur
2021-01-28,494.213134765625,527.9000244140625,535.0,521.0499877929688,526.7999877929688,2380469,Dabur
2021-01-29,481.715087890625,514.5499877929688,532.0,511.3500061035156,530.0,6467932,Dabur
2021-02-01,491.6853942871094,525.2000122070312,536.0,515.1500244140625,515.1500244140625,5219141,Dabur
2021-02-02,492.8088684082031,526.4000244140625,535.5999755859375,524.4000244140625,530.0,2246578,Dabur
2021-02-03,491.2642211914063,524.75,529.1500244140625,523.0,527.4500122070312,2680479,Dabur
2021-02-04,492.5279846191406,526.0999755859375,529.9000244140625,524.0499877929688,524.75,2515981,Dabur
2021-02-05,488.4555969238281,521.75,528.5499877929688,517.7999877929688,527.0,2592937,Dabur
2021-02-08,485.31939697265625,518.4000244140625,526.5,517.2999877929688,522.7999877929688,2667420,Dabur
2021-02-09,491.6387023925781,525.1500244140625,532.0499877929688,519.0,523.0499877929688,4281247,Dabur
2021-02-10,491.170654296875,524.6500244140625,528.8499755859375,522.4000244140625,527.4000244140625,1871619,Dabur
2021-02-11,501.6090087890625,535.7999877929688,537.5,523.9500122070312,524.7000122070312,4491181,Dabur
2021-02-12,499.92388916015625,534.0,544.4500122070312,532.0499877929688,539.2999877929688,4218265,Dabur
2021-02-15,493.6515197753906,527.2999877929688,540.8499755859375,526.2999877929688,537.5,2574672,Dabur
2021-02-16,489.25140380859375,522.5999755859375,532.75,520.4000244140625,530.0,3119109,Dabur
2021-02-17,486.8641052246094,520.0499877929688,526.0,519.0,523.2000122070312,2436843,Dabur
2021-02-18,486.8641052246094,520.0499877929688,528.0,517.9000244140625,522.0,3416920,Dabur
2021-02-19,480.6852722167969,513.4500122070312,515.0,507.8500061035156,515.0,13849233,Dabur
2021-02-22,468.4212036132813,500.3500061035156,517.2999877929688,497.0499877929688,514.75,3810112,Dabur
2021-02-23,468.140380859375,500.0499877929688,505.5,498.75,502.0,3011786,Dabur
2021-02-24,471.5105895996094,503.6499938964844,506.25,498.0499877929688,502.5,1464678,Dabur
2021-02-25,476.5660095214844,509.0499877929688,510.5499877929688,505.0499877929688,508.0,4492656,Dabur
2021-02-26,470.9957885742188,503.1000061035156,513.6500244140625,501.0,508.5,5709953,Dabur
2021-03-01,473.5702819824219,505.8500061035156,507.8500061035156,502.7999877929688,504.0,1751572,Dabur
2021-03-02,478.6256408691406,511.25,512.5,504.7999877929688,507.3999938964844,1420334,Dabur
2021-03-03,485.0384826660156,518.0999755859375,520.0,512.0499877929688,514.2000122070312,3130922,Dabur
2021-03-04,490.7492980957031,524.2000122070312,527.5,515.1500244140625,515.1500244140625,4314919,Dabur
2021-03-05,490.9365539550781,524.4000244140625,528.9000244140625,522.6500244140625,525.4500122070312,3785627,Dabur
2021-03-08,494.9153442382813,528.6500244140625,530.9500122070312,521.75,525.0,1684546,Dabur
2021-03-09,492.2004089355469,525.75,531.1500244140625,519.0,531.0,1424487,Dabur
2021-03-10,497.25579833984375,531.1500244140625,534.4000244140625,525.1500244140625,526.2999877929688,2158157,Dabur
2021-03-12,490.047119140625,523.4500122070312,534.3499755859375,522.2000122070312,533.9000244140625,1757943,Dabur
2021-03-15,492.5279846191406,526.0999755859375,530.0,521.2999877929688,523.0999755859375,3007071,Dabur
2021-03-16,495.3366394042969,529.0999755859375,530.75,525.1500244140625,526.0999755859375,1684209,Dabur
2021-03-17,493.8854675292969,527.5499877929688,533.5,525.25,527.5,2054354,Dabur
2021-03-18,488.5960388183594,521.9000244140625,529.9500122070312,519.5999755859375,528.8499755859375,1333801,Dabur
2021-03-19,491.3109436035156,524.7999877929688,526.75,516.0,516.0,1899152,Dabur
2021-03-22,499.4557495117188,533.5,534.7000122070312,523.7000122070312,525.0999755859375,1720620,Dabur
2021-03-23,499.2218017578125,533.25,536.9500122070312,531.25,533.7999877929688,1557222,Dabur
2021-03-24,495.289794921875,529.0499877929688,535.7999877929688,527.75,531.7999877929688,1431667,Dabur
2021-03-25,484.3363037109375,517.3499755859375,529.2999877929688,515.0,528.0,1569877,Dabur
2021-03-26,495.9918518066406,529.7999877929688,531.0,517.5999755859375,517.5999755859375,1757265,Dabur
2021-03-30,503.668701171875,538.0,541.2000122070312,532.0,532.5,2643994,Dabur
2021-03-31,506.0090942382813,540.5,542.7999877929688,536.6500244140625,538.0,1560926,Dabur
2021-04-01,504.27728271484375,538.6500244140625,543.9500122070312,536.7999877929688,540.4500122070312,823482,Dabur
2021-04-05,502.73248291015625,537.0,541.0999755859375,534.0999755859375,538.2000122070312,1359678,Dabur
2021-04-06,512.047607421875,546.9500122070312,547.75,534.3499755859375,537.0,1825976,Dabur
2021-04-07,517.8987426757812,553.2000122070312,557.5,547.3499755859375,548.0,3109165,Dabur
2021-04-08,523.4690551757812,559.1500244140625,561.7000122070312,548.25,553.4500122070312,2009731,Dabur
2021-04-09,524.7328491210938,560.5,566.3499755859375,557.2000122070312,560.0,2203711,Dabur
2021-04-12,519.3497924804688,554.75,561.4500122070312,549.5,556.0,2061407,Dabur
2021-04-13,524.4987182617188,560.25,565.7000122070312,554.2999877929688,555.2000122070312,3181848,Dabur
2021-04-15,535.5458984375,572.0499877929688,577.0,560.75,565.0,5336354,Dabur
2021-04-16,538.3075561523438,575.0,581.9000244140625,571.0,581.9000244140625,3675431,Dabur
2021-04-19,532.877685546875,569.2000122070312,574.0,562.6500244140625,565.0,1876054,Dabur
2021-04-20,532.6905517578125,569.0,575.9500122070312,565.7999877929688,574.0,2321346,Dabur
2021-04-22,530.0223999023438,566.1500244140625,573.25,564.0499877929688,572.6500244140625,2545878,Dabur
2021-04-23,524.218017578125,559.9500122070312,566.9500122070312,556.0999755859375,566.1500244140625,2408395,Dabur
2021-04-26,506.7580871582031,541.2999877929688,562.5999755859375,539.5499877929688,560.9000244140625,3121274,Dabur
2021-04-27,504.2302856445313,538.5999755859375,544.25,534.6500244140625,544.25,2463374,Dabur
2021-04-28,506.7112731933594,541.25,545.7000122070312,536.1500244140625,542.0,2614846,Dabur
2021-04-29,507.31982421875,541.9000244140625,547.0499877929688,540.2000122070312,544.4500122070312,1796174,Dabur
2021-04-30,503.7154541015625,538.0499877929688,545.25,535.7000122070312,539.7999877929688,1960727,Dabur
2021-05-03,507.7878112792969,542.4000244140625,548.4000244140625,538.5999755859375,538.75,1725231,Dabur
2021-05-04,503.2473754882813,537.5499877929688,545.7000122070312,535.3499755859375,545.0,1772835,Dabur
2021-05-05,506.4304504394531,540.9500122070312,542.4500122070312,537.0499877929688,538.7999877929688,1136917,Dabur
2021-05-06,510.45599365234375,545.25,547.3499755859375,539.0,542.8499755859375,2142388,Dabur
2021-05-07,500.4855346679688,534.5999755859375,548.0,532.2999877929688,548.0,8776663,Dabur
2021-05-10,489.3917846679688,522.75,535.75,519.2999877929688,535.0,6409447,Dabur
2021-05-11,491.9194946289063,525.4500122070312,526.7999877929688,520.4000244140625,522.75,2458535,Dabur
2021-05-12,495.4302062988281,529.2000122070312,532.5999755859375,525.0,527.0,3997812,Dabur
2021-05-14,500.8601379394531,535.0,538.4500122070312,529.6500244140625,532.0,3274059,Dabur
2021-05-17,500.2514953613281,534.3499755859375,539.25,532.2000122070312,537.0999755859375,2002740,Dabur
2021-05-18,497.20892333984375,531.0999755859375,539.0,529.4500122070312,537.0,2056620,Dabur
2021-05-19,503.7154541015625,538.0499877929688,539.1500244140625,528.0499877929688,530.0,2402429,Dabur
2021-05-20,501.6090087890625,535.7999877929688,541.0,533.5999755859375,537.0,2586717,Dabur
2021-05-21,502.49847412109375,536.75,540.0,535.4500122070312,538.0,1582534,Dabur
2021-05-24,499.2218017578125,533.25,538.1500244140625,532.0,538.0,2142262,Dabur
2021-05-25,496.694091796875,530.5499877929688,536.75,529.2999877929688,535.4000244140625,2341520,Dabur
2021-05-26,498.2388000488281,532.2000122070312,532.9500122070312,528.75,532.9500122070312,1533553,Dabur
2021-05-27,493.5578308105469,527.2000122070312,533.7999877929688,524.4000244140625,533.0,7104429,Dabur
2021-05-28,496.5536193847656,530.4000244140625,532.9000244140625,528.0499877929688,530.0,1322812,Dabur
2021-05-31,505.9623718261719,540.4500122070312,544.2999877929688,529.5499877929688,532.2999877929688,2775615,Dabur
2021-06-01,502.779296875,537.0499877929688,545.0,535.0,544.7000122070312,1855968,Dabur
2021-06-02,498.2855529785156,532.25,540.25,529.75,538.3499755859375,4073182,Dabur
2021-06-03,506.28997802734375,540.7999877929688,541.7999877929688,534.0,534.7999877929688,2070792,Dabur
2021-06-04,509.3325805664063,544.0499877929688,545.0,539.3499755859375,542.0,1964169,Dabur
2021-06-07,513.4985961914062,548.5,550.0,542.4000244140625,545.1500244140625,2061081,Dabur
2021-06-08,520.8477783203125,556.3499755859375,560.75,551.8499755859375,551.8499755859375,3966396,Dabur
2021-06-09,522.9540405273438,558.5999755859375,561.5,554.25,559.0,2452001,Dabur
2021-06-10,524.218017578125,559.9500122070312,563.8499755859375,556.0499877929688,560.5,2602822,Dabur
2021-06-11,529.1329345703125,565.2000122070312,566.2000122070312,559.7000122070312,560.75,1036563,Dabur
2021-06-14,532.1757202148438,568.4500122070312,571.4000244140625,560.25,564.9500122070312,1628291,Dabur
2021-06-15,538.1202392578125,574.7999877929688,576.0,569.0499877929688,569.0499877929688,1774944,Dabur
2021-06-16,543.5502319335938,580.5999755859375,582.7000122070312,575.2999877929688,576.0,2232810,Dabur
2021-06-17,536.6224975585938,573.2000122070312,581.0,570.2000122070312,577.7000122070312,1512920,Dabur
2021-06-18,540.2734375,577.0999755859375,581.9000244140625,571.5999755859375,574.75,3901362,Dabur
2021-06-21,535.2650146484375,571.75,579.6500244140625,570.0,576.0,2238942,Dabur
2021-06-22,530.4905395507812,566.6500244140625,578.0,565.0499877929688,574.25,2681016,Dabur
2021-06-23,530.30322265625,566.4500122070312,570.0,560.25,567.2000122070312,1172122,Dabur
2021-06-24,538.494873046875,575.2000122070312,576.75,561.3499755859375,566.4500122070312,1362412,Dabur
2021-06-25,528.4307861328125,564.4500122070312,575.5,562.9500122070312,575.25,1190963,Dabur
2021-06-28,530.8649291992188,567.0499877929688,568.5999755859375,564.2999877929688,568.4500122070312,794690,Dabur
2021-06-29,531.145751953125,567.3499755859375,570.5,561.5499877929688,565.0999755859375,1761569,Dabur
2021-06-30,532.4564819335938,568.75,573.5,563.5,568.5499877929688,1346860,Dabur
2021-07-01,552.1163330078125,589.75,591.4500122070312,569.9000244140625,572.4000244140625,5398923,Dabur
2021-07-02,552.7716674804688,590.4500122070312,592.0,583.8499755859375,591.5499877929688,2477693,Dabur
2021-07-05,550.1971435546875,587.7000122070312,593.6500244140625,586.5,593.4000244140625,1196198,Dabur
2021-07-06,554.0355224609375,591.7999877929688,595.4500122070312,588.0,588.6500244140625,1428646,Dabur
2021-07-07,556.4696655273438,594.4000244140625,596.0,588.0999755859375,590.7999877929688,1255033,Dabur
2021-07-08,558.0611572265625,596.0999755859375,599.0,591.0,594.2000122070312,1845925,Dabur
2021-07-09,557.593017578125,595.5999755859375,605.0,592.3499755859375,596.0,2686530,Dabur
2021-07-12,555.2993774414062,593.1500244140625,600.1500244140625,591.7000122070312,597.0,1038327,Dabur
2021-07-13,551.5546875,589.1500244140625,595.3499755859375,585.5999755859375,594.2000122070312,934799,Dabur
2021-07-14,547.9503173828125,585.2999877929688,588.5,581.5,588.5,1290445,Dabur
2021-07-15,547.1546630859375,584.4500122070312,589.4500122070312,582.0499877929688,585.2999877929688,1233095,Dabur
2021-07-16,543.2693481445312,580.2999877929688,588.8499755859375,578.7000122070312,584.8499755859375,2229326,Dabur
2021-07-19,551.2269897460938,588.7999877929688,590.0,576.0,578.7999877929688,1953706,Dabur
2021-07-20,550.6652221679688,588.2000122070312,592.4500122070312,583.0,591.0,1877572,Dabur
2021-07-22,550.8992919921875,588.4500122070312,595.4000244140625,584.5499877929688,590.7000122070312,1191908,Dabur
2021-07-23,552.4907836914062,590.1500244140625,594.0999755859375,585.6500244140625,590.9000244140625,666936,Dabur
2021-07-26,557.3589477539062,595.3499755859375,599.0,590.1500244140625,593.0,1527942,Dabur
2021-07-27,551.13330078125,588.7000122070312,598.7999877929688,587.75,597.3499755859375,1585300,Dabur
2021-07-28,552.4439086914062,590.0999755859375,603.4500122070312,586.1500244140625,586.1500244140625,2559515,Dabur
2021-07-29,550.0916137695312,584.5999755859375,593.4500122070312,582.2000122070312,588.4000244140625,2365089,Dabur
2021-07-30,565.2412109375,600.7000122070312,603.6500244140625,584.1500244140625,587.2000122070312,3145307,Dabur
2021-08-02,563.6885986328125,599.0499877929688,609.0,594.0499877929688,605.9000244140625,5788412,Dabur
2021-08-03,577.9912719726562,614.25,619.7999877929688,597.9000244140625,602.7000122070312,13194079,Dabur
2021-08-04,553.3849487304688,588.0999755859375,615.9000244140625,586.75,615.0,5849144,Dabur
2021-08-05,554.749267578125,589.5499877929688,596.4500122070312,585.8499755859375,593.4500122070312,3160815,Dabur
2021-08-06,550.6561279296875,585.2000122070312,596.5499877929688,584.0999755859375,590.0,2452586,Dabur
2021-08-09,547.4097900390625,581.75,594.0,579.25,590.9500122070312,2261395,Dabur
2021-08-10,545.5748901367188,579.7999877929688,585.6500244140625,573.5999755859375,584.6500244140625,2070287,Dabur
2021-08-11,541.15234375,575.0999755859375,582.4000244140625,570.6500244140625,582.0,2320928,Dabur
2021-08-12,541.4346313476562,575.4000244140625,584.7999877929688,574.0499877929688,576.0,2474432,Dabur
2021-08-13,553.5731201171875,588.2999877929688,591.5,576.8499755859375,579.7000122070312,5318962,Dabur
2021-08-16,553.6201782226562,588.3499755859375,592.6500244140625,583.0,588.2000122070312,1315500,Dabur
2021-08-17,561.3831787109375,596.5999755859375,597.7999877929688,588.3499755859375,589.0,4557665,Dabur
2021-08-18,562.135986328125,597.4000244140625,600.75,594.1500244140625,598.3499755859375,1992466,Dabur
2021-08-20,575.5918579101562,611.7000122070312,616.0,590.2999877929688,594.6500244140625,4420438,Dabur
2021-08-23,573.898193359375,609.9000244140625,621.9500122070312,605.8499755859375,614.75,3188046,Dabur
2021-08-24,557.8544921875,592.8499755859375,610.5,589.2000122070312,608.0,2295973,Dabur
2021-08-25,564.6766357421875,600.0999755859375,601.7999877929688,592.1500244140625,593.0,1533202,Dabur
2021-08-26,569.7579345703125,605.5,609.2000122070312,598.9500122070312,599.9500122070312,1793401,Dabur
2021-08-27,572.8159790039062,608.75,612.5999755859375,605.0499877929688,608.0,1477611,Dabur
2021-08-30,580.34375,616.75,617.5499877929688,610.0,610.0,1299450,Dabur
2021-08-31,584.8134155273438,621.5,623.8499755859375,610.0,616.0,3026655,Dabur
2021-09-01,589.2830200195312,626.25,627.7000122070312,615.6500244140625,622.0,2467985,Dabur
2021-09-02,603.021240234375,640.8499755859375,643.9000244140625,624.4500122070312,626.5,3017389,Dabur
2021-09-03,603.3975830078125,641.25,644.0,634.0,643.2000122070312,1676263,Dabur
2021-09-06,597.3283081054688,634.7999877929688,645.4000244140625,633.75,641.25,1420648,Dabur
2021-09-07,600.3394165039062,638.0,651.3499755859375,635.4000244140625,637.0,2457494,Dabur
2021-09-08,602.8330078125,640.6500244140625,642.5499877929688,634.0,639.0,1262769,Dabur
2021-09-09,600.6216430664062,638.2999877929688,639.1500244140625,627.2000122070312,635.0,2195875,Dabur
2021-09-13,602.4095458984375,640.2000122070312,649.25,637.0,642.4000244140625,2328010,Dabur
2021-09-14,601.4686279296875,639.2000122070312,640.9500122070312,634.75,640.2000122070312,1422838,Dabur
2021-09-15,599.5867309570312,637.2000122070312,644.0,636.2999877929688,640.4000244140625,1157146,Dabur
2021-09-16,602.5978393554688,640.4000244140625,645.6500244140625,638.0499877929688,642.2000122070312,1115690,Dabur
2021-09-17,615.3480224609375,653.9500122070312,655.9000244140625,640.3499755859375,641.0,2959141,Dabur
2021-09-20,607.5379028320312,645.6500244140625,658.4000244140625,643.0,654.8499755859375,2804783,Dabur
2021-09-21,612.8543701171875,651.2999877929688,652.1500244140625,645.0,647.9500122070312,785138,Dabur
2021-09-22,610.12548828125,648.4000244140625,654.0,647.5499877929688,654.0,877503,Dabur
2021-09-23,609.4198608398438,647.6500244140625,651.0,642.6500244140625,650.0999755859375,1480529,Dabur
2021-09-24,613.4188842773438,651.9000244140625,658.9500122070312,649.0,649.0,2416462,Dabur
2021-09-27,595.8226928710938,633.2000122070312,654.25,632.0,654.0,1468310,Dabur
2021-09-28,589.3770751953125,626.3499755859375,634.3499755859375,621.0,634.0,1906140,Dabur
2021-09-29,586.365966796875,623.1500244140625,628.2999877929688,620.25,627.0,1827330,Dabur
2021-09-30,580.6259765625,617.0499877929688,626.7999877929688,616.0999755859375,624.0,1705501,Dabur
2021-10-01,581.4729614257812,617.9500122070312,620.2000122070312,609.0,617.0,1563570,Dabur
2021-10-04,587.3540649414062,624.2000122070312,625.4500122070312,613.2999877929688,619.9000244140625,2158448,Dabur
2021-10-05,579.8263549804688,616.2000122070312,626.4000244140625,614.0,626.4000244140625,3156201,Dabur
2021-10-06,578.6499633789062,614.9500122070312,623.7000122070312,614.0,616.7999877929688,2026192,Dabur
2021-10-07,578.8382568359375,615.1500244140625,619.4000244140625,614.4000244140625,617.5499877929688,1228502,Dabur
2021-10-08,571.1693115234375,607.0,620.9000244140625,606.0,616.0499877929688,3407806,Dabur
2021-10-11,572.7218627929688,608.6500244140625,611.0,607.0,610.0,1426583,Dabur
2021-10-12,580.3907470703125,616.7999877929688,621.5999755859375,610.0,611.0,2801156,Dabur
2021-10-13,586.9776000976562,623.7999877929688,625.0,616.0999755859375,621.4500122070312,1499629,Dabur
2021-10-14,578.88525390625,615.2000122070312,627.9000244140625,612.4500122070312,626.0,2722324,Dabur
2021-10-18,577.8972778320312,614.1500244140625,632.0,612.5999755859375,632.0,1464144,Dabur
2021-10-19,569.5226440429688,605.25,620.2999877929688,604.0999755859375,615.0,1524974,Dabur
2021-10-20,557.6664428710938,592.6500244140625,607.8499755859375,591.0499877929688,607.0,2784702,Dabur
2021-10-21,552.726318359375,587.4000244140625,599.0,585.25,598.5,1925145,Dabur
2021-10-22,555.8785400390625,590.75,597.0,585.0,591.9000244140625,1407275,Dabur
2021-10-25,546.9863891601562,581.2999877929688,593.25,576.5499877929688,592.0,1462238,Dabur
2021-10-26,547.0333862304688,581.3499755859375,583.9500122070312,574.4500122070312,582.0,1949684,Dabur
2021-10-27,556.7255249023438,591.6500244140625,597.9500122070312,583.3499755859375,584.0,3252371,Dabur
2021-10-28,554.8905029296875,589.7000122070312,594.3499755859375,586.4500122070312,594.0,1105554,Dabur
2021-10-29,551.2677612304688,585.8499755859375,593.7999877929688,582.4500122070312,589.9000244140625,1980982,Dabur
2021-11-01,561.8067626953125,597.0499877929688,600.7999877929688,587.0,588.0,3104045,Dabur
2021-11-02,562.7476196289062,598.0499877929688,604.9000244140625,588.75,599.8499755859375,6908391,Dabur
2021-11-03,574.5097045898438,610.5499877929688,612.2999877929688,600.75,608.0,7257690,Dabur
2021-11-04,576.3917846679688,612.5499877929688,616.1500244140625,611.75,616.0,276957,Dabur
2021-11-08,570.9810791015625,606.7999877929688,625.0,604.5,625.0,2428555,Dabur
2021-11-09,567.5936889648438,603.2000122070312,609.4000244140625,600.1500244140625,606.0,876256,Dabur
2021-11-10,569.5226440429688,605.25,606.9000244140625,598.0,601.2000122070312,1801639,Dabur
2021-11-11,565.9793701171875,599.0,604.7000122070312,595.0,604.7000122070312,2031771,Dabur
2021-11-12,569.2391967773438,602.4500122070312,604.2999877929688,598.5999755859375,602.0,2304135,Dabur
2021-11-15,570.7037353515625,604.0,607.0,598.0999755859375,604.0,1665604,Dabur
2021-11-16,576.3729858398438,610.0,611.9000244140625,604.5499877929688,605.7999877929688,1793708,Dabur
2021-11-17,574.4832763671875,608.0,611.7999877929688,606.0499877929688,608.0,1022417,Dabur
2021-11-18,575.1918334960938,608.75,610.0,601.4500122070312,608.0,841689,Dabur
2021-11-22,573.3493041992188,606.7999877929688,616.5999755859375,603.5499877929688,611.0,3998703,Dabur
2021-11-23,577.8374633789062,611.5499877929688,613.5,599.2000122070312,607.4500122070312,1508700,Dabur
2021-11-24,569.7116088867188,602.9500122070312,611.5499877929688,602.0,610.0499877929688,1845329,Dabur
2021-11-25,572.971435546875,606.4000244140625,606.9500122070312,594.0499877929688,603.2999877929688,1518710,Dabur
2021-11-26,568.8139038085938,602.0,612.4000244140625,599.7999877929688,603.0,1952921,Dabur
2021-11-29,565.034423828125,598.0,602.0,589.25,600.0,1125420,Dabur
2021-11-30,562.152587890625,594.9500122070312,602.5,592.0499877929688,595.0,5219689,Dabur
2021-12-01,544.3417358398438,576.0999755859375,598.2000122070312,574.2999877929688,595.0999755859375,3306382,Dabur
2021-12-02,546.6566772460938,578.5499877929688,583.0,575.0999755859375,577.0,1931467,Dabur
2021-12-03,549.30224609375,581.3499755859375,584.0499877929688,578.0499877929688,580.0,1202147,Dabur
2021-12-06,536.0269775390625,567.2999877929688,583.0,566.0,583.0,1525444,Dabur
2021-12-07,540.8458251953125,572.4000244140625,574.6500244140625,567.2000122070312,569.9500122070312,889360,Dabur
2021-12-08,542.40478515625,574.0499877929688,576.8499755859375,572.4500122070312,575.4000244140625,1406874,Dabur
2021-12-09,547.79052734375,579.75,580.9500122070312,571.5,575.5,1444157,Dabur
2021-12-10,545.947998046875,577.7999877929688,583.6500244140625,575.5,582.0,1258379,Dabur
2021-12-13,546.9874267578125,578.9000244140625,583.1500244140625,574.0499877929688,582.9500122070312,1626598,Dabur
2021-12-14,547.4598388671875,579.4000244140625,580.4000244140625,573.1500244140625,578.0,1167762,Dabur
2021-12-15,541.6961059570312,573.2999877929688,578.0499877929688,571.7999877929688,577.5499877929688,929113,Dabur
2021-12-16,538.814208984375,570.25,575.9000244140625,569.0,574.25,884563,Dabur
2021-12-17,533.617431640625,564.75,572.0,561.5499877929688,570.5,1884521,Dabur
2021-12-20,527.4285278320312,558.2000122070312,563.6500244140625,550.4000244140625,562.0,1332911,Dabur
2021-12-21,528.2789306640625,559.0999755859375,564.7999877929688,557.0,559.0,641150,Dabur
2021-12-22,532.9559936523438,564.0499877929688,565.25,558.0,560.0999755859375,912026,Dabur
2021-12-23,538.058349609375,569.4500122070312,571.0,562.7000122070312,566.0,926683,Dabur
2021-12-24,532.6253662109375,563.7000122070312,573.9000244140625,562.1500244140625,573.9000244140625,418659,Dabur
2021-12-27,530.4993896484375,561.4500122070312,564.4000244140625,558.25,564.0,571197,Dabur
2021-12-28,531.4442138671875,562.4500122070312,565.25,560.7000122070312,561.9500122070312,394545,Dabur
2021-12-29,535.365478515625,566.5999755859375,570.2999877929688,561.0,563.4500122070312,1354842,Dabur
2021-12-30,540.0426025390625,571.5499877929688,572.5499877929688,561.75,566.5999755859375,917276,Dabur
2021-12-31,548.0740356445312,580.0499877929688,581.25,571.7999877929688,573.0,1024258,Dabur
2022-01-03,549.11328125,581.1500244140625,584.9000244140625,578.5499877929688,580.0,1161811,Dabur
2022-01-04,542.40478515625,574.0499877929688,583.0,570.5,583.0,3062561,Dabur
2022-01-05,550.3889770507812,582.5,583.5,573.6500244140625,575.0,1001768,Dabur
2022-01-06,550.4360961914062,582.5499877929688,583.4500122070312,574.4000244140625,582.5,1246823,Dabur
2022-01-07,555.11328125,587.5,590.8499755859375,582.5499877929688,583.0499877929688,1492507,Dabur
2022-01-10,556.6250610351562,589.0999755859375,591.25,586.0499877929688,589.0,813368,Dabur
2022-01-11,555.1604614257812,587.5499877929688,590.7999877929688,584.0,590.4000244140625,815198,Dabur
2022-01-12,550.3889770507812,582.5,590.4000244140625,580.5999755859375,590.0999755859375,1287352,Dabur
2022-01-13,548.6881713867188,580.7000122070312,584.8499755859375,577.5499877929688,582.5,1421440,Dabur
2022-01-14,544.0582885742188,575.7999877929688,584.2000122070312,571.0499877929688,576.5999755859375,2009075,Dabur
2022-01-17,538.2001342773438,569.5999755859375,578.4500122070312,568.9000244140625,575.7999877929688,1486008,Dabur
2022-01-18,532.8143310546875,563.9000244140625,571.2999877929688,562.5999755859375,569.5999755859375,1185072,Dabur
2022-01-19,537.2078857421875,568.5499877929688,569.5999755859375,560.0,563.9000244140625,1103105,Dabur
2022-01-20,528.9874877929688,559.8499755859375,569.0,556.25,568.9500122070312,1007594,Dabur
2022-01-21,521.1450805664062,551.5499877929688,558.75,547.9000244140625,555.2000122070312,2389963,Dabur
2022-01-24,515.9955444335938,546.0999755859375,554.3499755859375,541.0,552.0,2431761,Dabur
2022-01-25,512.8773803710938,542.7999877929688,546.1500244140625,536.6500244140625,544.0999755859375,1847960,Dabur
2022-01-27,499.8854064941406,529.0499877929688,542.0,527.0499877929688,541.0,2183776,Dabur
2022-01-28,504.5153503417969,533.9500122070312,542.5,531.0999755859375,533.25,1426419,Dabur
2022-01-31,507.1609497070313,536.75,541.5,535.2999877929688,538.0999755859375,1749168,Dabur
2022-02-01,516.3262329101562,546.4500122070312,550.3499755859375,538.0,541.1500244140625,1500268,Dabur
2022-02-02,526.7197875976562,557.4500122070312,562.75,545.0,550.5,1157446,Dabur
2022-02-03,525.7750244140625,556.4500122070312,559.2000122070312,548.6500244140625,549.9500122070312,1798123,Dabur
2022-02-04,537.6331787109375,569.0,570.25,556.0,560.0,2712529,Dabur
2022-02-07,535.4599609375,566.7000122070312,570.75,559.5999755859375,570.0,2481096,Dabur
2022-02-08,531.2552490234375,562.25,569.9000244140625,561.25,566.7000122070312,820398,Dabur
2022-02-09,539.0504150390625,570.5,574.4500122070312,562.0,564.4000244140625,1381438,Dabur
2022-02-10,533.4757690429688,564.5999755859375,571.1500244140625,560.3499755859375,570.5,2044201,Dabur
2022-02-11,529.9323120117188,560.8499755859375,563.75,555.5499877929688,562.0,1053326,Dabur
2022-02-14,522.609619140625,553.0999755859375,559.9000244140625,546.25,551.0999755859375,1256655,Dabur
2022-02-15,531.4442138671875,562.4500122070312,563.9000244140625,550.9000244140625,552.5,1349136,Dabur
2022-02-16,530.8773193359375,561.8499755859375,566.7000122070312,556.0,562.4500122070312,1053001,Dabur
2022-02-17,523.8379516601562,554.4000244140625,565.0999755859375,553.1500244140625,562.0999755859375,1222505,Dabur
2022-02-18,517.6018676757812,547.7999877929688,554.7000122070312,545.5,551.0,1383430,Dabur
2022-02-21,523.0820922851562,553.5999755859375,554.9000244140625,541.7000122070312,545.4500122070312,1157096,Dabur
2022-02-22,519.7278442382812,550.0499877929688,551.8499755859375,542.2000122070312,542.9000244140625,1465489,Dabur
2022-02-23,513.3026733398438,543.25,551.0,540.5999755859375,550.0499877929688,940986,Dabur
2022-02-24,504.279052734375,533.7000122070312,539.5499877929688,526.4000244140625,532.0,3036292,Dabur
2022-02-25,514.814453125,544.8499755859375,546.9000244140625,533.4500122070312,536.0,1284779,Dabur
2022-02-28,532.2946166992188,563.3499755859375,570.0999755859375,526.9500122070312,542.7999877929688,7992990,Dabur
2022-03-02,534.0899047851562,565.25,570.0,558.7000122070312,562.9500122070312,1871881,Dabur
2022-03-03,531.8694458007812,562.9000244140625,570.75,560.0,566.2999877929688,2166986,Dabur
2022-03-04,509.3341674804688,539.0499877929688,561.2000122070312,537.0,557.0,2103625,Dabur
2022-03-07,478.0588684082031,505.9500122070313,527.0,502.0,520.0,3178030,Dabur
2022-03-08,492.7988586425781,521.5499877929688,522.7999877929688,505.0,506.0,2161459,Dabur
2022-03-09,498.9877014160156,528.0999755859375,533.0499877929688,516.5,520.0,2952144,Dabur
2022-03-10,515.6176147460938,545.7000122070312,547.0,531.5499877929688,538.9500122070312,1658773,Dabur
2022-03-11,517.3656005859375,547.5499877929688,549.5499877929688,540.8499755859375,545.5,1238386,Dabur
2022-03-14,510.79876708984375,540.5999755859375,548.4000244140625,532.25,546.4000244140625,3049209,Dabur
2022-03-15,525.9640502929688,556.6500244140625,558.75,539.7999877929688,539.8499755859375,2726150,Dabur
2022-03-16,533.5702514648438,564.7000122070312,566.0,559.4000244140625,563.5,1685983,Dabur
2022-03-17,529.3655395507812,560.25,570.7000122070312,555.6500244140625,566.2000122070312,1988370,Dabur
2022-03-21,519.25537109375,549.5499877929688,560.9500122070312,547.0999755859375,554.5,1119604,Dabur
2022-03-22,504.5625915527344,534.0,549.0,531.2999877929688,549.0,2369464,Dabur
2022-03-23,494.0272216796875,522.8499755859375,538.5,522.0999755859375,538.5,3708515,Dabur
2022-03-24,494.8775939941406,523.75,530.7999877929688,519.6500244140625,520.9000244140625,2528645,Dabur
2022-03-25,491.1453552246094,519.7999877929688,527.1500244140625,517.7000122070312,526.0,1185395,Dabur
2022-03-28,486.7517395019531,515.1500244140625,524.1500244140625,512.2000122070312,522.1500244140625,2529886,Dabur
2022-03-29,487.3658447265625,515.7999877929688,523.0,513.6500244140625,516.0,2072288,Dabur
2022-03-30,498.6098937988281,527.7000122070312,529.5999755859375,518.25,518.2999877929688,3274773,Dabur
2022-03-31,506.641357421875,536.2000122070312,539.0,527.7000122070312,530.9000244140625,2884367,Dabur
2022-04-01,512.5468139648438,542.4500122070312,545.0,536.25,539.0,1488872,Dabur
2022-04-04,514.6255493164062,544.6500244140625,546.0,534.5999755859375,542.9000244140625,2818537,Dabur
2022-04-05,518.6884155273438,548.9500122070312,553.0,546.2999877929688,548.0,2471895,Dabur
2022-04-06,511.6018676757813,541.4500122070312,548.9500122070312,538.5999755859375,548.9500122070312,1813477,Dabur
2022-04-07,520.2003173828125,550.5499877929688,556.0,540.5,540.5,2078365,Dabur
2022-04-08,526.2474365234375,556.9500122070312,558.0,550.2000122070312,550.5499877929688,974621,Dabur
2022-04-11,521.9482421875,552.4000244140625,558.5499877929688,549.25,558.5499877929688,1472046,Dabur
2022-04-12,523.2238159179688,553.75,556.9000244140625,548.0999755859375,552.0,1373926,Dabur
2022-04-13,525.25537109375,555.9000244140625,557.7000122070312,551.0,553.7999877929688,1405005,Dabur
2022-04-18,531.6804809570312,562.7000122070312,563.8499755859375,549.1500244140625,550.0,1332556,Dabur
2022-04-19,518.7356567382812,549.0,569.7000122070312,546.0,567.4500122070312,3225494,Dabur
2022-04-20,519.9640502929688,550.2999877929688,556.2999877929688,542.3499755859375,550.0,1341149,Dabur
2022-04-21,530.8773193359375,561.8499755859375,563.0,550.7999877929688,552.4500122070312,1293680,Dabur
2022-04-22,528.9874877929688,559.8499755859375,564.7000122070312,554.0499877929688,557.9500122070312,1804787,Dabur
2022-04-25,520.9088134765625,551.2999877929688,559.9000244140625,545.5499877929688,555.5499877929688,1262104,Dabur
2022-04-26,529.0347900390625,559.9000244140625,561.5,554.0,554.2000122070312,1950606,Dabur
2022-04-27,528.9874877929688,559.8499755859375,561.25,549.7000122070312,555.2000122070312,1704589,Dabur
2022-04-28,540.7040405273438,572.25,576.8499755859375,560.0499877929688,564.0,2316486,Dabur
2022-04-29,526.0111694335938,556.7000122070312,575.0999755859375,554.0999755859375,575.0,3244210,Dabur
2022-05-02,526.483642578125,557.2000122070312,559.4500122070312,549.25,552.0,1089778,Dabur
2022-05-04,508.3893127441406,538.0499877929688,565.0,532.2999877929688,557.7999877929688,3409715,Dabur
2022-05-05,499.8854064941406,529.0499877929688,543.4500122070312,523.5999755859375,540.5,3769187,Dabur
2022-05-06,482.6415100097656,510.7999877929688,526.9000244140625,508.3500061035156,518.2000122070312,3569229,Dabur
2022-05-09,476.7359924316406,504.5499877929688,513.4000244140625,502.0499877929688,510.7999877929688,1443702,Dabur
2022-05-10,474.8462524414063,502.5499877929688,508.7000122070313,499.3500061035156,505.7999877929688,2305275,Dabur
2022-05-11,479.1454772949219,507.1000061035156,509.9500122070313,494.2000122070313,502.5499877929688,1809222,Dabur
2022-05-12,470.8778381347656,498.3500061035156,507.1000061035156,495.5,507.0,2176908,Dabur
2022-05-13,473.1927490234375,500.7999877929688,512.4500122070312,498.3500061035156,502.0,2733902,Dabur
2022-05-16,469.4132385253906,496.7999877929688,505.9500122070313,495.3999938964844,504.6000061035156,895516,Dabur
2022-05-17,474.1848449707031,501.8500061035156,503.6499938964844,494.2999877929688,499.4500122070313,2052078,Dabur
2022-05-18,481.6965637207031,509.7999877929688,515.25,502.0,504.25,3035188,Dabur
2022-05-19,464.9723205566406,492.1000061035156,502.8500061035156,489.3500061035156,499.0499877929688,2053355,Dabur
2022-05-20,475.6022033691406,503.3500061035156,507.3500061035156,496.8500061035156,497.7000122070313,2149292,Dabur
2022-05-23,478.3895263671875,506.2999877929688,513.1500244140625,504.0,505.0,1572782,Dabur
2022-05-24,474.4683227539063,502.1499938964844,508.6000061035156,498.2000122070313,508.6000061035156,2089081,Dabur
2022-05-25,467.19281005859375,494.4500122070313,505.0,493.4500122070313,504.8500061035156,1054477,Dabur
2022-05-26,470.4053649902344,497.8500061035156,501.5,488.2999877929688,497.2999877929688,2070365,Dabur
2022-05-27,470.26361083984375,497.7000122070313,501.3500061035156,495.7000122070313,501.2000122070313,1089096,Dabur
2022-05-30,481.9801025390625,510.1000061035156,510.5,500.0,501.3999938964844,1594338,Dabur
2022-05-31,490.3894653320313,519.0,526.25,504.1000061035156,509.7999877929688,5516299,Dabur
2022-06-01,489.0193786621094,517.5499877929688,527.0,515.4000244140625,519.3499755859375,1596876,Dabur
2022-06-02,492.9406127929688,521.7000122070312,524.9500122070312,512.0499877929688,517.5499877929688,1883760,Dabur
2022-06-03,485.6178588867188,513.9500122070312,522.9500122070312,512.6500244140625,521.5,2117973,Dabur
2022-06-06,480.5627746582031,508.6000061035156,513.1500244140625,505.3500061035156,509.0,3537326,Dabur
2022-06-07,473.6179504394531,501.25,507.8999938964844,496.7000122070313,507.8999938964844,1213684,Dabur
2022-06-08,467.5234680175781,494.7999877929688,501.0499877929688,491.5499877929688,498.0,1415492,Dabur
2022-06-09,470.2164001464844,497.6499938964844,498.5,488.7000122070313,495.0,1191289,Dabur
2022-06-10,474.5628051757813,502.25,504.75,491.0,496.5,1775867,Dabur
2022-06-13,470.3580932617188,497.7999877929688,506.7999877929688,494.3999938964844,500.75,2658015,Dabur
2022-06-14,468.32659912109375,495.6499938964844,503.6000061035156,492.0499877929688,499.3999938964844,1325521,Dabur
2022-06-15,468.9407958984375,496.2999877929688,501.0,493.25,498.5,1213910,Dabur
2022-06-16,469.6022338867188,497.0,501.8500061035156,492.7000122070313,498.2999877929688,1778349,Dabur
2022-06-17,457.88580322265625,484.6000061035156,494.9500122070313,482.25,493.0,4334329,Dabur
2022-06-20,473.1927490234375,500.7999877929688,503.1000061035156,484.6000061035156,486.5,3139895,Dabur
2022-06-21,478.0115966796875,505.8999938964844,510.4500122070313,497.8999938964844,501.6499938964844,1819682,Dabur
2022-06-22,471.4447326660156,498.9500122070313,512.4000244140625,495.1499938964844,505.5,1766236,Dabur
2022-06-23,477.3029479980469,505.1499938964844,509.0,499.0499877929688,500.0,1065402,Dabur
2022-06-24,481.64935302734375,509.75,514.7000122070312,506.3500061035156,507.0,1581131,Dabur
2022-06-27,487.2713928222656,515.7000122070312,519.0,512.25,517.5,664059,Dabur
2022-06-28,483.8698425292969,512.0999755859375,515.7000122070312,507.4500122070313,515.7000122070312,1358007,Dabur
2022-06-29,473.5707092285156,501.2000122070313,512.9000244140625,498.1000061035156,507.0,1698999,Dabur
2022-06-30,468.6101684570313,495.9500122070313,502.8999938964844,495.0,497.7000122070313,1706703,Dabur
2022-07-01,483.0666809082031,511.25,512.7000122070312,492.0499877929688,492.0499877929688,1704654,Dabur
2022-07-04,496.0586853027344,525.0,526.9000244140625,511.25,511.9500122070313,2119912,Dabur
2022-07-05,501.4445495605469,530.7000122070312,532.7999877929688,526.0,528.0,1891633,Dabur
2022-07-06,513.0191650390625,542.9500122070312,544.75,521.0999755859375,530.5999755859375,2355807,Dabur
2022-07-07,513.5861206054688,543.5499877929688,552.2999877929688,538.0999755859375,542.0999755859375,1624706,Dabur
2022-07-08,513.9168701171875,543.9000244140625,548.4500122070312,540.5999755859375,545.0,759628,Dabur
2022-07-11,515.334228515625,545.4000244140625,547.0,539.0999755859375,539.0999755859375,767902,Dabur
2022-07-12,513.4916381835938,543.4500122070312,545.0,539.0499877929688,539.0499877929688,383407,Dabur
2022-07-13,515.2396240234375,545.2999877929688,548.1500244140625,540.0499877929688,542.0,1655868,Dabur
2022-07-14,518.9718627929688,549.25,552.0,544.0499877929688,545.9000244140625,1608306,Dabur
2022-07-15,518.1215209960938,548.3499755859375,555.0,543.4000244140625,550.25,848018,Dabur
2022-07-18,519.7750244140625,550.0999755859375,553.5999755859375,542.1500244140625,550.0,1156564,Dabur
2022-07-19,519.1608276367188,549.4500122070312,553.4000244140625,545.0999755859375,551.6500244140625,986838,Dabur
2022-07-20,527.4757690429688,558.25,560.0,550.2000122070312,552.0,2544134,Dabur
2022-07-21,543.0469970703125,571.9500122070312,574.5999755859375,558.0,558.2000122070312,3414847,Dabur
2022-07-22,547.1771240234375,576.2999877929688,577.9000244140625,567.5999755859375,574.75,2036934,Dabur
2022-07-25,539.2015991210938,567.9000244140625,575.7999877929688,564.1500244140625,570.0,1440874,Dabur
2022-07-26,530.0393676757812,558.25,568.0999755859375,556.25,565.5999755859375,1549359,Dabur
2022-07-27,539.0591430664062,567.75,569.25,555.9000244140625,555.9000244140625,1151735,Dabur
2022-07-28,543.7590942382812,572.7000122070312,577.9000244140625,568.0499877929688,568.5,1914336,Dabur
2022-07-29,554.5829467773438,584.0999755859375,585.25,571.0499877929688,573.2000122070312,2161611,Dabur
2022-08-01,551.4498291015625,580.7999877929688,585.5499877929688,576.5,584.0999755859375,993023,Dabur
2022-08-02,549.0286865234375,578.25,590.5,575.0,580.7999877929688,1291098,Dabur
2022-08-03,541.005615234375,569.7999877929688,579.3499755859375,565.5999755859375,578.0,1793491,Dabur
2022-08-04,544.8983764648438,573.9000244140625,576.0,566.2000122070312,572.0,2687696,Dabur
2022-08-05,549.8831176757812,579.1500244140625,582.5499877929688,573.0,573.9000244140625,1455945,Dabur
2022-08-08,556.8616943359375,586.5,587.5,577.5499877929688,580.0,1395495,Dabur
2022-08-10,555.3900756835938,584.9500122070312,591.4500122070312,580.9500122070312,588.9500122070312,1222405,Dabur
2022-08-11,553.2537841796875,582.7000122070312,590.0,581.0,588.0,1222897,Dabur
2022-08-12,552.209228515625,581.5999755859375,586.5499877929688,573.25,582.0,1418557,Dabur
2022-08-16,550.3103637695312,579.5999755859375,587.9000244140625,577.5999755859375,582.25,1076292,Dabur
2022-08-17,555.3900756835938,584.9500122070312,586.0,576.2000122070312,580.0,1524111,Dabur
2022-08-18,564.5523681640625,594.5999755859375,596.0499877929688,583.6500244140625,585.75,1777307,Dabur
2022-08-19,557.5263061523438,587.2000122070312,602.0,586.0499877929688,597.7999877929688,2461951,Dabur
2022-08-22,554.6779174804688,584.2000122070312,591.9000244140625,581.3499755859375,584.5,1333644,Dabur
2022-08-23,558.380859375,588.0999755859375,591.9500122070312,579.0,579.2000122070312,1186601,Dabur
2022-08-24,557.431396484375,587.0999755859375,588.5,579.2000122070312,585.0,1383496,Dabur
2022-08-25,550.4053955078125,579.7000122070312,589.5499877929688,578.0,588.5,1563845,Dabur
2022-08-26,543.094482421875,572.0,582.5499877929688,567.7999877929688,581.0499877929688,2359504,Dabur
2022-08-29,544.0913696289062,573.0499877929688,580.7999877929688,563.8499755859375,564.9500122070312,2612374,Dabur
2022-08-30,554.1083374023438,583.5999755859375,586.0,575.0499877929688,575.0499877929688,1784269,Dabur
2022-09-01,540.8157348632812,569.5999755859375,574.5499877929688,565.0499877929688,565.0499877929688,3042496,Dabur
2022-09-02,541.8601684570312,570.7000122070312,572.5,566.5,571.25,1659835,Dabur
2022-09-05,541.2904663085938,570.0999755859375,574.0499877929688,568.0499877929688,572.1500244140625,686752,Dabur
2022-09-06,542.14501953125,571.0,573.0,568.4000244140625,571.5499877929688,562408,Dabur
2022-09-07,543.4267578125,572.3499755859375,574.7000122070312,569.0499877929688,569.9500122070312,485140,Dabur
2022-09-08,541.5753173828125,570.4000244140625,573.9000244140625,567.25,573.8499755859375,853719,Dabur
2022-09-09,545.8479614257812,574.9000244140625,577.8499755859375,569.5,577.8499755859375,965576,Dabur
2022-09-12,541.5753173828125,570.4000244140625,578.5999755859375,568.5499877929688,574.9000244140625,835551,Dabur
2022-09-13,542.14501953125,571.0,573.9000244140625,569.7999877929688,572.9500122070312,827907,Dabur
2022-09-14,538.34716796875,567.0,571.0,565.0,567.4000244140625,867842,Dabur
2022-09-15,534.9765625,563.4500122070312,569.8499755859375,560.2000122070312,569.8499755859375,1225198,Dabur
2022-09-16,518.7880859375,546.4000244140625,562.8499755859375,544.0,560.25,1946975,Dabur
2022-09-19,520.44970703125,548.1500244140625,550.7999877929688,540.2999877929688,549.1500244140625,685828,Dabur
2022-09-20,528.6625366210938,556.7999877929688,560.5499877929688,548.4500122070312,550.7999877929688,812820,Dabur
2022-09-21,533.1250610351562,561.5,568.7000122070312,554.7000122070312,556.7999877929688,1660482,Dabur
2022-09-22,546.56005859375,575.6500244140625,580.0,558.9000244140625,561.9000244140625,2626545,Dabur
2022-09-23,539.8187866210938,568.5499877929688,576.8499755859375,567.5499877929688,575.7000122070312,1156625,Dabur
2022-09-26,528.0929565429688,556.2000122070312,566.7999877929688,555.0999755859375,564.5499877929688,1442609,Dabur
2022-09-27,532.1756591796875,560.5,565.4500122070312,557.0499877929688,559.0,1734629,Dabur
2022-09-28,535.5462036132812,564.0499877929688,568.5,555.9500122070312,558.0499877929688,1551538,Dabur
2022-09-29,546.6549682617188,575.75,578.1500244140625,563.9000244140625,566.9000244140625,2309452,Dabur
2022-09-30,543.9964599609375,572.9500122070312,575.75,568.0999755859375,575.75,1598546,Dabur
2022-10-03,528.9949340820312,557.1500244140625,577.8499755859375,555.0,571.5999755859375,1606325,Dabur
2022-10-04,525.8142700195312,553.7999877929688,568.2000122070312,552.2000122070312,568.2000122070312,2948474,Dabur
2022-10-06,518.7880859375,546.4000244140625,557.5,544.5,557.5,2675443,Dabur
2022-10-07,512.85400390625,540.1500244140625,544.5,534.25,537.9000244140625,3803118,Dabur
2022-10-10,502.3623962402344,529.0999755859375,537.7999877929688,526.5499877929688,534.0,3601832,Dabur
2022-10-11,492.7253112792969,518.9500122070312,531.75,517.0,531.75,6628877,Dabur
2022-10-12,506.6349792480469,533.5999755859375,538.8499755859375,518.9500122070312,518.9500122070312,3197008,Dabur
2022-10-13,503.2169189453125,530.0,538.5499877929688,529.25,535.0,2075101,Dabur
2022-10-14,504.4987182617188,531.3499755859375,535.0,527.0,535.0,1518166,Dabur
2022-10-17,503.16943359375,529.9500122070312,534.5,527.0,531.3499755859375,757924,Dabur
2022-10-18,504.4987182617188,531.3499755859375,533.5,528.7000122070312,531.5499877929688,1247608,Dabur
2022-10-19,499.5139465332031,526.0999755859375,536.0,525.0499877929688,532.5499877929688,2677154,Dabur
2022-10-20,508.8662414550781,535.9500122070312,537.5,522.0,525.0,2273116,Dabur
2022-10-21,510.7651672363281,537.9500122070312,540.0,532.4500122070312,536.0,1238126,Dabur
2022-10-24,509.72076416015625,536.8499755859375,541.0,534.5,540.3499755859375,164839,Dabur
2022-10-25,505.25823974609375,532.1500244140625,538.0,530.75,536.0,1231137,Dabur
2022-10-27,521.3041381835938,549.0499877929688,551.2999877929688,536.0,541.5,5098267,Dabur
2022-10-28,523.203125,551.0499877929688,554.25,546.25,552.5,2012341,Dabur
2022-10-31,526.6686401367188,554.7000122070312,558.5,550.2000122070312,553.3499755859375,1517302,Dabur
2022-11-01,535.308837890625,563.7999877929688,565.0,554.8499755859375,556.9000244140625,1354247,Dabur
2022-11-02,533.837158203125,562.25,566.4000244140625,558.5,565.9500122070312,936356,Dabur
2022-11-03,530.1654663085938,555.9000244140625,562.5999755859375,554.5,562.25,807402,Dabur
2022-11-04,531.69140625,557.5,560.4000244140625,554.1500244140625,557.4000244140625,620438,Dabur
2022-11-07,527.971923828125,553.5999755859375,563.25,547.6500244140625,557.5,1295002,Dabur
2022-11-09,528.4963989257812,554.1500244140625,560.3499755859375,549.0,555.0,883098,Dabur
2022-11-10,528.2579345703125,553.9000244140625,555.8499755859375,548.0,551.0,927378,Dabur
2022-11-11,527.4950561523438,553.0999755859375,559.5,550.2000122070312,556.7000122070312,1331351,Dabur
2022-11-14,527.59033203125,553.2000122070312,568.0,550.2999877929688,555.4500122070312,2173335,Dabur
2022-11-15,525.2537841796875,550.75,556.0,542.0,555.2000122070312,1939642,Dabur
2022-11-16,524.5862426757812,550.0499877929688,551.0,544.2000122070312,549.0499877929688,2344384,Dabur
2022-11-17,526.3505859375,551.9000244140625,553.7999877929688,545.6500244140625,548.25,2201076,Dabur
2022-11-18,523.1079711914062,548.5,551.9500122070312,543.0,551.9000244140625,1143913,Dabur
2022-11-21,525.3015747070312,550.7999877929688,551.9500122070312,544.2000122070312,547.4500122070312,1022010,Dabur
2022-11-22,521.1529541015625,546.4500122070312,548.9000244140625,540.5499877929688,548.4500122070312,1710541,Dabur
2022-11-23,525.8737182617188,551.4000244140625,552.5,544.0,546.0999755859375,1450395,Dabur
2022-11-24,527.971923828125,553.5999755859375,557.0,550.5,553.0,1285517,Dabur
2022-11-25,530.7852783203125,556.5499877929688,557.5,547.7000122070312,555.0,815285,Dabur
2022-11-28,532.7404174804688,558.5999755859375,562.9000244140625,555.5999755859375,556.5499877929688,1384789,Dabur
2022-11-29,565.6431884765625,593.0999755859375,598.2999877929688,558.0999755859375,559.8499755859375,11072058,Dabur
2022-11-30,561.1130981445312,588.3499755859375,598.9000244140625,585.7000122070312,595.4500122070312,6800183,Dabur
2022-12-01,559.635009765625,586.7999877929688,591.5999755859375,586.0999755859375,589.5,2181957,Dabur
2022-12-02,563.7835693359375,591.1500244140625,592.9500122070312,576.5,584.9000244140625,3556471,Dabur
2022-12-05,559.9210205078125,587.0999755859375,592.5,582.8499755859375,591.0,3137533,Dabur
2022-12-06,565.1664428710938,592.5999755859375,594.0499877929688,582.1500244140625,585.9000244140625,1040850,Dabur
2022-12-07,574.3696899414062,602.25,610.75,598.3499755859375,601.0,6182504,Dabur
2022-12-08,576.420166015625,604.4000244140625,607.0,598.7999877929688,605.5,1825451,Dabur
2022-12-09,571.0316772460938,598.75,609.5499877929688,594.0,606.7999877929688,1253564,Dabur
2022-12-12,574.5604858398438,602.4500122070312,603.7999877929688,590.2999877929688,600.0,1989220,Dabur
2022-12-13,566.6923828125,594.2000122070312,604.8499755859375,593.0,603.2000122070312,1713097,Dabur
2022-12-14,559.9210205078125,587.0999755859375,598.1500244140625,585.3499755859375,596.0,1470878,Dabur
2022-12-15,559.7302856445312,586.9000244140625,590.0,582.2999877929688,585.6500244140625,993549,Dabur
2022-12-16,552.911376953125,579.75,587.9500122070312,579.0,585.0,1749583,Dabur
2022-12-19,561.7808227539062,589.0499877929688,589.7999877929688,574.0499877929688,578.0,2060993,Dabur
2022-12-20,552.6729125976562,579.5,582.4000244140625,569.5499877929688,576.0999755859375,8300358,Dabur
2022-12-21,550.527099609375,577.25,586.5999755859375,574.6500244140625,582.3499755859375,2308329,Dabur
2022-12-22,551.00390625,577.75,583.0999755859375,574.4500122070312,577.4000244140625,818353,Dabur
2022-12-23,539.6548461914062,565.8499755859375,575.5,562.9500122070312,572.2999877929688,1890316,Dabur
2022-12-26,539.8931884765625,566.0999755859375,567.5499877929688,557.25,560.25,2149944,Dabur
2022-12-27,546.95068359375,573.5,577.2999877929688,566.1500244140625,568.0,756651,Dabur
2022-12-28,542.8020629882812,569.1500244140625,575.0,568.0,575.0,1041815,Dabur
2022-12-29,534.9815673828125,560.9500122070312,569.9500122070312,559.75,568.5,1761390,Dabur
2022-12-30,535.4585571289062,561.4500122070312,568.25,560.0999755859375,563.5,699061,Dabur
2023-01-02,535.5538330078125,561.5499877929688,563.4500122070312,558.0999755859375,561.4500122070312,564453,Dabur
2023-01-03,534.88623046875,560.8499755859375,568.3499755859375,557.25,564.2999877929688,904153,Dabur
2023-01-04,533.9325561523438,559.8499755859375,564.5,557.7999877929688,562.5,1223101,Dabur
2023-01-05,546.2352905273438,572.75,574.1500244140625,561.0,561.0999755859375,2641778,Dabur
2023-01-06,527.256591796875,552.8499755859375,573.9500122070312,548.5,573.1500244140625,2789534,Dabur
2023-01-09,524.109375,549.5499877929688,556.0,545.7000122070312,556.0,3024289,Dabur
2023-01-10,528.9255981445312,554.5999755859375,555.2000122070312,547.5,550.2000122070312,1156889,Dabur
2023-01-11,522.9649047851562,548.3499755859375,555.2000122070312,545.0999755859375,554.5999755859375,1862522,Dabur
2023-01-12,519.7222290039062,544.9500122070312,549.2999877929688,541.9000244140625,547.7999877929688,1973109,Dabur
2023-01-13,518.5302124023438,543.7000122070312,549.9000244140625,538.5499877929688,545.5,3143762,Dabur
2023-01-16,527.4473266601562,553.0499877929688,553.7999877929688,543.0499877929688,545.2000122070312,1120373,Dabur
2023-01-17,530.7852783203125,556.5499877929688,559.25,550.0499877929688,553.0499877929688,1228285,Dabur
2023-01-18,531.7867431640625,557.5999755859375,559.9500122070312,554.0,556.4500122070312,676706,Dabur
2023-01-19,529.2593994140625,554.9500122070312,560.7999877929688,551.7999877929688,556.5,1182667,Dabur
2023-01-20,539.7979125976562,566.0,568.5,551.0999755859375,554.0499877929688,2511076,Dabur
2023-01-23,538.27197265625,564.4000244140625,568.0,560.5999755859375,568.0,704349,Dabur
2023-01-24,540.7039794921875,566.9500122070312,569.5,561.25,565.6500244140625,611251,Dabur
2023-01-25,537.222900390625,563.2999877929688,567.4500122070312,560.6500244140625,565.6500244140625,854326,Dabur
2023-01-27,536.0306396484375,562.0499877929688,567.5,556.25,564.3499755859375,1373950,Dabur
2023-01-30,532.2158203125,558.0499877929688,563.7000122070312,551.6500244140625,563.0,2094290,Dabur
2023-01-31,531.9298706054688,557.75,559.7000122070312,553.4500122070312,559.4000244140625,2302382,Dabur
2023-02-01,535.9353637695312,561.9500122070312,568.75,553.5999755859375,560.0,2239694,Dabur
2023-02-02,528.7825317382812,554.4500122070312,560.9500122070312,546.5,557.5,1698846,Dabur
2023-02-03,508.9931335449219,533.7000122070312,562.0499877929688,528.25,562.0,4206140,Dabur
2023-02-06,519.48388671875,544.7000122070312,546.4500122070312,530.25,533.7000122070312,2259398,Dabur
2023-02-07,510.8529052734375,535.6500244140625,545.9000244140625,533.0,544.4500122070312,2293797,Dabur
2023-02-08,509.2315368652344,533.9500122070312,537.0,529.2000122070312,535.6500244140625,1629050,Dabur
2023-02-09,508.5639343261719,533.25,536.6500244140625,530.6500244140625,533.9500122070312,1095213,Dabur
2023-02-10,507.7533874511719,532.4000244140625,533.9500122070312,530.2999877929688,533.25,913857,Dabur
2023-02-13,509.70849609375,534.4500122070312,535.5,529.0,532.0,1379183,Dabur
2023-02-14,505.4644165039063,530.0,538.3499755859375,529.5499877929688,535.0,1728878,Dabur
2023-02-15,510.08984375,534.8499755859375,536.5,524.0,529.7999877929688,1530576,Dabur
2023-02-16,510.8052062988281,535.5999755859375,538.9500122070312,533.0,535.8499755859375,1400865,Dabur
2023-02-17,509.7560424804688,534.5,536.6500244140625,530.5,533.9000244140625,1510520,Dabur
2023-02-20,510.2330017089844,535.0,536.25,529.6500244140625,534.9500122070312,1462577,Dabur
2023-02-21,510.3760070800781,535.1500244140625,537.9000244140625,532.6500244140625,536.2999877929688,2460231,Dabur
2023-02-22,508.5162963867188,533.2000122070312,535.5,529.5999755859375,535.5,922754,Dabur
2023-02-23,514.7631225585938,539.75,543.0999755859375,530.0499877929688,531.0,2803998,Dabur
2023-02-24,510.13763427734375,534.9000244140625,541.25,534.0,540.9000244140625,1375098,Dabur
2023-02-27,501.8404235839844,526.2000122070312,534.0499877929688,523.2999877929688,534.0,1746670,Dabur
2023-02-28,507.9440307617188,532.5999755859375,535.0,522.25,526.5,2330523,Dabur
2023-03-01,502.84173583984375,527.25,536.4500122070312,526.0,535.7999877929688,1767693,Dabur
2023-03-02,505.5597229003906,530.0999755859375,530.7999877929688,525.4500122070312,528.9000244140625,1215381,Dabur
2023-03-03,510.042236328125,534.7999877929688,536.75,529.9000244140625,531.5499877929688,970153,Dabur
2023-03-06,512.1403198242188,537.0,539.0999755859375,533.0999755859375,536.0999755859375,1070128,Dabur
2023-03-08,507.2287902832031,531.8499755859375,537.4500122070312,530.25,537.4500122070312,1455390,Dabur
2023-03-09,502.2695617675781,526.6500244140625,533.1500244140625,526.0,531.0,1585845,Dabur
2023-03-10,505.4168090820313,529.9500122070312,531.0,524.0499877929688,525.0,909401,Dabur
2023-03-13,499.31298828125,523.5499877929688,529.8499755859375,520.0,527.5,1409053,Dabur
2023-03-14,502.12640380859375,526.5,528.5499877929688,522.0999755859375,522.6500244140625,838398,Dabur
2023-03-15,497.6916809082031,521.8499755859375,529.0999755859375,518.5999755859375,526.25,3297110,Dabur
2023-03-16,509.7560424804688,534.5,537.75,520.5,520.5,2094724,Dabur
2023-03-17,511.3297729492188,536.1500244140625,539.25,532.3499755859375,536.0999755859375,1400977,Dabur
2023-03-20,512.2357177734375,537.0999755859375,537.9000244140625,529.0,532.0,870716,Dabur
2023-03-21,507.657958984375,532.2999877929688,539.8499755859375,531.1500244140625,537.9500122070312,1645563,Dabur
2023-03-22,515.1445922851562,540.1500244140625,542.0,531.2000122070312,532.1500244140625,784791,Dabur
2023-03-23,514.42919921875,539.4000244140625,544.4500122070312,536.5999755859375,540.9500122070312,1927951,Dabur
2023-03-24,511.5682067871094,536.4000244140625,540.0,535.0,536.2000122070312,639799,Dabur
2023-03-27,516.3843994140625,541.4500122070312,546.0,534.2000122070312,534.2000122070312,1319154,Dabur
2023-03-28,509.0885314941406,533.7999877929688,542.75,532.0,539.0,1173081,Dabur
2023-03-29,510.8529052734375,535.6500244140625,537.5,529.2000122070312,533.0,1804819,Dabur
2023-03-31,519.6746215820312,544.9000244140625,548.0,536.9500122070312,536.9500122070312,1361128,Dabur
2023-04-03,522.2496337890625,547.5999755859375,549.9500122070312,543.0499877929688,547.5,2436530,Dabur
2023-04-05,522.6788330078125,548.0499877929688,555.0499877929688,541.8499755859375,555.0,1737173,Dabur
2023-04-06,501.5542602539063,525.9000244140625,548.0499877929688,525.0,547.7999877929688,3766812,Dabur
2023-04-10,498.9792175292969,523.2000122070312,528.0,521.2000122070312,527.9000244140625,1618940,Dabur
2023-04-11,497.6916809082031,521.8499755859375,526.6500244140625,519.7000122070312,523.7000122070312,3509174,Dabur
2023-04-12,493.6861267089844,517.6500244140625,522.0,515.4500122070312,522.0,2122535,Dabur
2023-04-13,502.7463684082031,527.1500244140625,527.7999877929688,514.2000122070312,519.0,8617033,Dabur
2023-04-17,499.8375244140625,524.0999755859375,529.9500122070312,521.5499877929688,529.9500122070312,1555572,Dabur
2023-04-18,496.7857360839844,520.9000244140625,524.8499755859375,519.25,524.6500244140625,2893384,Dabur
2023-04-19,495.9750671386719,520.0499877929688,520.7000122070312,517.4500122070312,520.0,1138035,Dabur
2023-04-20,500.9819641113281,525.2999877929688,526.25,518.7999877929688,520.0499877929688,2688238,Dabur
2023-04-21,500.83892822265625,525.1500244140625,528.3499755859375,523.7000122070312,525.4000244140625,1242615,Dabur
2023-04-24,500.5528259277344,524.8499755859375,527.5,520.75,526.4000244140625,2399145,Dabur
2023-04-25,502.0310974121094,526.4000244140625,528.7000122070312,520.2000122070312,522.5,965836,Dabur
2023-04-26,508.9454650878906,533.6500244140625,534.9500122070312,526.0,526.2000122070312,2552760,Dabur
2023-04-27,505.8458251953125,530.4000244140625,534.8499755859375,528.0499877929688,534.6500244140625,1298338,Dabur
2023-04-28,508.2301330566406,532.9000244140625,534.75,528.75,531.0,2032847,Dabur
2023-05-02,511.6158752441406,536.4500122070312,537.1500244140625,532.0499877929688,535.0,1099379,Dabur
2023-05-03,513.04638671875,537.9500122070312,541.5,535.9500122070312,538.9000244140625,2882258,Dabur
2023-05-04,505.8458251953125,530.4000244140625,540.8499755859375,528.2000122070312,539.4000244140625,4124229,Dabur
2023-05-05,481.6217651367188,505.0,527.0,503.6499938964844,517.5,6512813,Dabur
2023-05-08,490.1097412109375,513.9000244140625,515.0,506.0499877929688,508.0,2707182,Dabur
2023-05-09,493.924560546875,517.9000244140625,518.6500244140625,514.5499877929688,515.8499755859375,1447224,Dabur
2023-05-10,490.4911804199219,514.2999877929688,518.9500122070312,509.1000061035156,518.9500122070312,2751302,Dabur
2023-05-11,496.11810302734375,520.2000122070312,521.0,512.4500122070312,514.5999755859375,1959951,Dabur
2023-05-12,494.3536987304688,518.3499755859375,522.4000244140625,517.1500244140625,520.9000244140625,1542764,Dabur
2023-05-15,508.3731689453125,533.0499877929688,533.9500122070312,513.6500244140625,518.0,3666778,Dabur
2023-05-16,506.1797180175781,530.75,535.8499755859375,530.0,535.0,1530503,Dabur
2023-05-17,499.6945190429688,523.9500122070312,530.4000244140625,519.5999755859375,530.0,2511945,Dabur
2023-05-18,499.21771240234375,523.4500122070312,527.4500122070312,522.0,527.4500122070312,1579098,Dabur
2023-05-19,495.0690002441406,519.0999755859375,525.9000244140625,517.0,525.8499755859375,1402249,Dabur
2023-05-22,498.07318115234375,522.25,525.2000122070312,515.4000244140625,518.9000244140625,1305271,Dabur
2023-05-23,501.4111328125,525.75,526.5,520.0,523.0,1500934,Dabur
2023-05-24,502.317138671875,526.7000122070312,528.5,522.25,526.7999877929688,2304274,Dabur
2023-05-25,505.6075134277344,530.1500244140625,533.5499877929688,525.5499877929688,526.7000122070312,2297300,Dabur
2023-05-26,517.0043334960938,542.0999755859375,543.7000122070312,528.5,529.5499877929688,2184804,Dabur
2023-05-29,522.9649047851562,548.3499755859375,550.0,542.4000244140625,545.9500122070312,2215580,Dabur
2023-05-30,524.443115234375,549.9000244140625,552.9000244140625,546.7000122070312,550.0,2023557,Dabur
2023-05-31,529.6886596679688,555.4000244140625,558.0,546.0499877929688,548.5,4905059,Dabur
2023-06-01,531.119140625,556.9000244140625,563.9000244140625,553.25,555.4500122070312,1385234,Dabur
2023-06-02,531.4051513671875,557.2000122070312,560.0,555.8499755859375,557.5,1166828,Dabur
2023-06-05,526.6843872070312,552.25,563.0,551.5499877929688,558.5499877929688,1570130,Dabur
2023-06-06,522.154296875,547.5,554.3499755859375,541.5499877929688,553.5499877929688,2685928,Dabur
2023-06-07,530.7376098632812,556.5,558.2000122070312,546.2000122070312,548.9500122070312,2718117,Dabur
2023-06-08,526.5413818359375,552.0999755859375,560.0,551.2999877929688,559.0,1650679,Dabur
2023-06-09,524.4908447265625,549.9500122070312,556.5,546.5999755859375,555.6500244140625,2146305,Dabur
2023-06-12,527.971923828125,553.5999755859375,555.7000122070312,546.6500244140625,549.0,1007065,Dabur
2023-06-13,534.5048217773438,560.4500122070312,562.9000244140625,551.2999877929688,553.5999755859375,2644392,Dabur
2023-06-14,536.3167724609375,562.3499755859375,563.5,557.75,561.0,1577846,Dabur
2023-06-15,542.7066650390625,569.0499877929688,570.5,561.5499877929688,562.3499755859375,2246105,Dabur
2023-06-16,544.4710693359375,570.9000244140625,573.0,565.25,573.0,2022971,Dabur
2023-06-19,542.8020629882812,569.1500244140625,573.0,566.6500244140625,571.0999755859375,1114637,Dabur
2023-06-20,545.615478515625,572.0999755859375,572.9000244140625,563.0999755859375,567.3499755859375,1068183,Dabur
2023-06-21,540.8468627929688,567.0999755859375,575.5,564.7999877929688,572.0,1632121,Dabur
2023-06-22,536.6029663085938,562.6500244140625,569.0499877929688,560.0499877929688,567.0999755859375,1815315,Dabur
2023-06-23,537.2705078125,563.3499755859375,565.75,556.0,560.0,1536193,Dabur
2023-06-26,543.1835327148438,569.5499877929688,570.0,560.1500244140625,560.1500244140625,825926,Dabur
2023-06-27,544.1849365234375,570.5999755859375,571.7000122070312,564.0499877929688,569.0,1900084,Dabur
2023-06-28,547.5228881835938,574.0999755859375,575.9000244140625,568.7000122070312,571.0,2195767,Dabur
2023-06-30,546.4261474609375,572.9500122070312,578.0,569.2999877929688,573.0,1993618,Dabur
2023-07-03,555.295654296875,582.25,583.8499755859375,573.0999755859375,574.9500122070312,1375594,Dabur
2023-07-04,552.8159790039062,579.6500244140625,586.0999755859375,577.4000244140625,584.0,730709,Dabur
2023-07-05,565.0233764648438,592.4500122070312,595.8499755859375,576.5999755859375,579.2000122070312,1607408,Dabur
2023-07-06,564.5465698242188,591.9500122070312,597.0999755859375,586.7999877929688,592.4500122070312,1116191,Dabur
2023-07-07,545.7108764648438,572.2000122070312,596.25,570.6500244140625,596.0,3008774,Dabur
2023-07-10,546.1876831054688,572.7000122070312,576.1500244140625,566.0,572.25,1999303,Dabur
2023-07-11,554.723388671875,581.6500244140625,582.4000244140625,573.0,575.75,1212325,Dabur
2023-07-12,556.3923950195312,583.4000244140625,585.8499755859375,578.8499755859375,583.9500122070312,1388783,Dabur
2023-07-13,550.9561767578125,577.7000122070312,585.7000122070312,576.5,584.0,793507,Dabur
2023-07-14,559.3488159179688,586.5,588.0,576.7999877929688,577.6500244140625,1133717,Dabur
2023-07-17,555.295654296875,582.25,594.75,580.9000244140625,588.6500244140625,1721733,Dabur
2023-07-18,550.2886352539062,577.0,582.2000122070312,573.0499877929688,582.2000122070312,1492660,Dabur
2023-07-19,547.9520263671875,574.5499877929688,581.0499877929688,573.6500244140625,577.0,607767,Dabur
2023-07-20,551.7191772460938,578.5,580.0,570.0499877929688,574.5499877929688,1538931,Dabur
2023-07-21,541.5625,565.2000122070312,577.25,564.0499877929688,572.0,3010552,Dabur
2023-07-24,541.6582641601562,565.2999877929688,571.9500122070312,559.25,565.2000122070312,2410138,Dabur
2023-07-25,544.5806884765625,568.3499755859375,569.5999755859375,563.0999755859375,566.9500122070312,594176,Dabur
2023-07-26,550.95263671875,575.0,576.0499877929688,568.2000122070312,570.4500122070312,1273253,Dabur
2023-07-27,549.8027954101562,573.7999877929688,578.9500122070312,572.0,576.7999877929688,2005022,Dabur
2023-07-28,557.3724365234375,581.7000122070312,582.8499755859375,570.0,572.25,1812535,Dabur
2023-07-31,551.5275268554688,575.5999755859375,579.9500122070312,572.5999755859375,575.0,1156926,Dabur
2023-08-01,544.9640502929688,568.75,578.2999877929688,567.5,575.7999877929688,1334010,Dabur
2023-08-02,541.9937133789062,565.6500244140625,568.9000244140625,561.75,568.0999755859375,1868482,Dabur
2023-08-03,531.8369140625,555.0499877929688,562.0,545.6500244140625,556.75,5441318,Dabur
2023-08-04,545.874267578125,569.7000122070312,593.75,563.7999877929688,564.0,7508691,Dabur
2023-08-07,541.6582641601562,565.2999877929688,567.7999877929688,558.0999755859375,566.0499877929688,1988682,Dabur
2023-08-08,538.879638671875,562.4000244140625,567.0999755859375,558.5499877929688,564.9000244140625,1956590,Dabur
2023-08-09,548.221923828125,572.1500244140625,572.9500122070312,561.0,562.2999877929688,1130663,Dabur
2023-08-10,547.6469116210938,571.5499877929688,579.4500122070312,569.0,572.4500122070312,1310628,Dabur
2023-08-11,539.5982666015625,563.1500244140625,571.75,562.0,571.5,1198557,Dabur
2023-08-14,541.2271118164062,564.8499755859375,567.75,556.0,563.0,1300882,Dabur
2023-08-16,541.7062377929688,565.3499755859375,566.3499755859375,559.5,562.0999755859375,641032,Dabur
2023-08-17,537.7297973632812,561.2000122070312,565.3499755859375,556.4000244140625,563.75,2172788,Dabur
2023-08-18,541.8499755859375,565.5,567.9500122070312,558.2999877929688,560.9000244140625,1108955,Dabur
2023-08-21,544.0057983398438,567.75,568.5499877929688,562.0499877929688,563.5,1138890,Dabur
2023-08-22,550.713134765625,574.75,577.9500122070312,565.25,566.0,1750504,Dabur
2023-08-23,543.5746459960938,567.2999877929688,575.7999877929688,565.75,575.6500244140625,1933561,Dabur
2023-08-24,541.2750854492188,564.9000244140625,570.9500122070312,564.0499877929688,570.9500122070312,740364,Dabur
2023-08-25,534.7115478515625,558.0499877929688,568.6500244140625,557.0499877929688,561.25,2083408,Dabur
2023-08-28,530.974609375,554.1500244140625,559.8499755859375,551.7000122070312,558.1500244140625,1481763,Dabur
2023-08-29,527.141845703125,550.1500244140625,553.9000244140625,546.0999755859375,553.5499877929688,2642866,Dabur
2023-08-30,531.693359375,554.9000244140625,555.8499755859375,552.0,553.9500122070312,845829,Dabur
2023-08-31,529.9685668945312,553.0999755859375,557.4500122070312,546.5,554.9000244140625,4736298,Dabur
2023-09-01,530.2079467773438,553.3499755859375,555.9500122070312,550.4000244140625,551.5,924117,Dabur
2023-09-04,534.5678100585938,557.9000244140625,560.0,551.0499877929688,554.1500244140625,944485,Dabur
2023-09-05,536.4362182617188,559.8499755859375,562.9000244140625,558.0,560.0,992447,Dabur
2023-09-06,538.0651245117188,561.5499877929688,563.0,558.7000122070312,559.75,635877,Dabur
2023-09-07,542.3290405273438,566.0,568.75,561.5499877929688,561.5499877929688,1352944,Dabur
2023-09-08,543.3829956054688,567.0999755859375,568.9000244140625,563.5499877929688,566.0,695069,Dabur
2023-09-11,545.874267578125,569.7000122070312,571.25,566.9500122070312,567.25,690033,Dabur
2023-09-12,542.04150390625,565.7000122070312,572.9500122070312,561.6500244140625,571.0,1086960,Dabur
2023-09-13,541.8499755859375,565.5,566.7000122070312,560.2000122070312,563.5999755859375,1206619,Dabur
2023-09-14,543.7183837890625,567.4500122070312,569.4000244140625,563.1500244140625,564.0999755859375,998731,Dabur
2023-09-15,541.8499755859375,565.5,569.2000122070312,560.5,568.0499877929688,2463912,Dabur
2023-09-18,541.9937133789062,565.6500244140625,576.5999755859375,563.25,571.0,1469701,Dabur
2023-09-20,537.681884765625,561.1500244140625,565.4000244140625,554.25,565.0,2487342,Dabur
2023-09-21,536.7236938476562,560.1500244140625,561.4000244140625,553.5499877929688,559.75,2150267,Dabur
2023-09-22,537.8255615234375,561.2999877929688,564.9000244140625,557.5499877929688,559.4500122070312,956641,Dabur
2023-09-25,531.1183471679688,554.2999877929688,563.0,552.7999877929688,561.2999877929688,1426546,Dabur
2023-09-26,532.2202758789062,555.4500122070312,557.9500122070312,553.0499877929688,554.25,1290222,Dabur
2023-09-27,537.5381469726562,561.0,562.0499877929688,553.7000122070312,555.0499877929688,1375349,Dabur
2023-09-28,524.3631591796875,547.25,561.8499755859375,545.5499877929688,561.0,2182058,Dabur
2023-09-29,528.53125,551.5999755859375,552.9000244140625,546.75,548.9000244140625,838408,Dabur
2023-10-03,530.4475708007812,553.5999755859375,555.5,546.0999755859375,555.2000122070312,1924677,Dabur
2023-10-04,532.1244506835938,555.3499755859375,557.2000122070312,550.5999755859375,552.0,1096308,Dabur
2023-10-05,527.7167358398438,550.75,558.0,547.4500122070312,555.3499755859375,1509964,Dabur
2023-10-06,524.267333984375,547.1500244140625,551.9000244140625,545.7999877929688,551.0,1061490,Dabur
2023-10-09,519.0932006835938,541.75,545.2000122070312,540.0999755859375,543.1500244140625,1076708,Dabur
2023-10-10,521.1053466796875,543.8499755859375,545.4000244140625,541.75,544.9500122070312,814992,Dabur
2023-10-11,521.0095825195312,543.75,546.7000122070312,543.0999755859375,544.4500122070312,1039964,Dabur
2023-10-12,518.3745727539062,541.0,546.2000122070312,538.7999877929688,545.4500122070312,903301,Dabur
2023-10-13,516.314453125,538.8499755859375,542.4500122070312,536.5,541.9000244140625,1607850,Dabur
2023-10-16,514.4940185546875,536.9500122070312,538.9500122070312,534.5499877929688,538.0,1807237,Dabur
2023-10-17,517.6558837890625,540.25,543.0,536.0,537.0999755859375,2040439,Dabur
2023-10-18,511.6673278808594,534.0,540.7999877929688,533.3499755859375,538.1500244140625,1251181,Dabur
2023-10-19,503.66650390625,525.6500244140625,528.3499755859375,520.5,525.0,4093512,Dabur
2023-10-20,502.8520202636719,524.7999877929688,526.25,516.0,523.0,7600488,Dabur
2023-10-23,499.54632568359375,521.3499755859375,526.0,518.6500244140625,524.7999877929688,1535943,Dabur
2023-10-25,496.24066162109375,517.9000244140625,525.0,516.2999877929688,517.2999877929688,2014418,Dabur
2023-10-26,487.1858520507813,508.4500122070313,517.9000244140625,504.1000061035156,517.9000244140625,2400780,Dabur
2023-10-27,502.6124877929688,524.5499877929688,525.8499755859375,509.0499877929688,510.8999938964844,2125985,Dabur
2023-10-30,501.5585021972656,523.4500122070312,524.7000122070312,521.7000122070312,524.5,1711768,Dabur
2023-10-31,506.7806091308594,528.9000244140625,531.0499877929688,522.25,524.5999755859375,1687120,Dabur
2023-11-01,495.4740905761719,517.0999755859375,532.0,516.2000122070312,530.5,2712123,Dabur
2023-11-02,508.2179260253906,530.4000244140625,533.5,517.3499755859375,519.75,1919439,Dabur
2023-11-03,513.1046142578125,535.5,537.8499755859375,531.4000244140625,534.0999755859375,1337219,Dabur
2023-11-06,515.4521484375,537.9500122070312,539.5499877929688,533.3499755859375,536.9000244140625,478913,Dabur
2023-11-07,513.679443359375,536.0999755859375,539.9000244140625,532.8499755859375,539.0,823342,Dabur
2023-11-08,516.69775390625,539.25,539.7999877929688,533.4000244140625,538.7000122070312,776461,Dabur
2023-11-09,512.481689453125,534.8499755859375,540.0,533.0,540.0,1366713,Dabur
2023-11-10,513.6856689453125,533.3499755859375,535.0,526.7000122070312,532.6500244140625,1361649,Dabur
2023-11-13,510.5554504394531,530.0999755859375,535.7999877929688,525.9500122070312,535.5,979880,Dabur
2023-11-15,506.6066589355469,526.0,527.5,516.7000122070312,523.0499877929688,3398705,Dabur
2023-11-16,515.1785278320312,534.9000244140625,535.4000244140625,526.2000122070312,532.25,1612231,Dabur
2023-11-17,520.7647094726562,540.7000122070312,542.5999755859375,531.6500244140625,535.7999877929688,1512369,Dabur
2023-11-20,523.1725463867188,543.2000122070312,545.4500122070312,537.2000122070312,540.7000122070312,1910044,Dabur
2023-11-21,520.9089965820312,540.8499755859375,545.6500244140625,539.25,545.6500244140625,1379849,Dabur
2023-11-22,521.0536499023438,541.0,541.9500122070312,537.5499877929688,540.7000122070312,680568,Dabur
2023-11-23,520.427490234375,540.3499755859375,542.0,535.25,541.0,800753,Dabur
2023-11-24,517.5382080078125,537.3499755859375,542.0999755859375,536.0,542.0,440877,Dabur
2023-11-28,514.1190795898438,533.7999877929688,537.3499755859375,531.0499877929688,536.5,2251292,Dabur
2023-11-29,514.8895874023438,534.5999755859375,536.0499877929688,532.0,533.7999877929688,1815670,Dabur
2023-11-30,518.21240234375,538.0499877929688,540.4000244140625,533.0,534.5999755859375,3167951,Dabur
2023-12-01,521.1981811523438,541.1500244140625,544.4000244140625,537.7000122070312,540.0,1584387,Dabur
2023-12-04,526.8323974609375,547.0,548.9000244140625,541.7000122070312,544.9000244140625,2125643,Dabur
2023-12-05,531.6480102539062,552.0,552.5,546.7999877929688,548.9500122070312,1748869,Dabur
2023-12-06,529.7698974609375,550.0499877929688,554.9000244140625,549.2999877929688,554.75,1028497,Dabur
2023-12-07,525.6766357421875,545.7999877929688,550.9500122070312,537.4500122070312,550.0499877929688,1150700,Dabur
2023-12-08,527.31396484375,547.5,556.25,545.7999877929688,548.9000244140625,2453675,Dabur
2023-12-11,530.203369140625,550.5,551.3499755859375,545.0499877929688,548.0,1278433,Dabur
2023-12-12,528.7586059570312,549.0,553.5999755859375,546.7000122070312,550.5,1418773,Dabur
2023-12-13,527.3621215820312,547.5499877929688,549.3499755859375,543.0999755859375,547.5499877929688,1628806,Dabur
2023-12-14,527.2658081054688,547.4500122070312,549.7000122070312,544.5999755859375,548.7000122070312,2078199,Dabur
2023-12-15,519.801513671875,539.7000122070312,548.0,537.25,547.9500122070312,2655593,Dabur
2023-12-18,520.5720825195312,540.5,543.0499877929688,537.2999877929688,539.7000122070312,2700975,Dabur
2023-12-19,527.9882202148438,548.2000122070312,551.5,539.7000122070312,541.4500122070312,2155547,Dabur
2023-12-20,515.2266845703125,534.9500122070312,551.4000244140625,532.2999877929688,550.0,3685894,Dabur
2023-12-21,510.6999816894531,530.25,534.0,527.0499877929688,533.25,6150231,Dabur
2023-12-22,509.7849731445313,529.2999877929688,532.6500244140625,526.5,531.9500122070312,3869597,Dabur
2023-12-26,511.03704833984375,530.5999755859375,534.7999877929688,529.0,530.0,1655240,Dabur
2023-12-27,514.6488037109375,534.3499755859375,536.0499877929688,530.0499877929688,531.0,3308899,Dabur
2023-12-28,523.076171875,543.0999755859375,545.75,534.3499755859375,534.5499877929688,3512802,Dabur
2023-12-29,536.6563110351562,557.2000122070312,560.0,543.6500244140625,544.75,4120332,Dabur
2024-01-01,536.8971557617188,557.4500122070312,563.0,555.0,560.0,1417550,Dabur
2024-01-02,536.3192138671875,556.8499755859375,562.3499755859375,551.3499755859375,559.4500122070312,1201767,Dabur
2024-01-03,530.78125,551.0999755859375,562.7000122070312,546.5999755859375,557.0,2733401,Dabur
2024-01-04,545.3727416992188,566.25,567.2999877929688,550.9000244140625,554.6500244140625,3064476,Dabur
2024-01-05,548.0693969726562,569.0499877929688,571.6500244140625,564.5,571.0,2834989,Dabur
2024-01-08,532.8519897460938,553.25,572.5,551.0,572.5,2152367,Dabur
2024-01-09,527.6510009765625,547.8499755859375,556.0,546.2000122070312,555.0,2107464,Dabur
2024-01-10,527.16943359375,547.3499755859375,551.4000244140625,542.2999877929688,548.8499755859375,1758621,Dabur
2024-01-11,531.6480102539062,552.0,556.0,548.4500122070312,549.5999755859375,2089001,Dabur
2024-01-12,529.4328002929688,549.7000122070312,552.9500122070312,548.0,552.0,1029614,Dabur
2024-01-15,533.7188110351562,554.1500244140625,557.5,548.25,551.0,1524201,Dabur
2024-01-16,538.1973266601562,558.7999877929688,561.9000244140625,552.9500122070312,556.1500244140625,2027207,Dabur
2024-01-17,529.1921997070312,549.4500122070312,557.8499755859375,546.0999755859375,557.8499755859375,2075918,Dabur
2024-01-18,519.5608520507812,539.4500122070312,549.9500122070312,535.3499755859375,546.2000122070312,1520695,Dabur
2024-01-19,522.3057250976562,542.2999877929688,543.9500122070312,539.5499877929688,543.25,1965102,Dabur
2024-01-23,505.4508666992188,524.7999877929688,544.4000244140625,522.5999755859375,544.4000244140625,2256565,Dabur
2024-01-24,516.8157958984375,536.5999755859375,537.4000244140625,522.2000122070312,525.75,914551,Dabur
2024-01-25,512.0001220703125,531.5999755859375,537.5499877929688,529.0499877929688,536.5999755859375,924085,Dabur
2024-01-29,514.552490234375,534.25,535.9500122070312,515.0,515.0,1316110,Dabur
2024-01-30,516.1898193359375,535.9500122070312,537.7000122070312,533.25,534.25,1603876,Dabur
2024-01-31,519.7052001953125,539.5999755859375,545.5999755859375,534.0,535.9500122070312,3475918,Dabur
2024-02-01,533.9595947265625,554.4000244140625,575.5,547.0,547.0,11117689,Dabur
2024-02-02,524.5690307617188,544.6500244140625,559.0,539.75,554.5,3318354,Dabur
2024-02-05,513.9746704101562,533.6500244140625,544.7999877929688,532.2999877929688,543.0,1417520,Dabur
2024-02-06,513.0596923828125,532.7000122070312,537.4000244140625,531.25,534.25,1247440,Dabur
2024-02-07,517.5863647460938,537.4000244140625,538.4500122070312,530.6500244140625,533.1500244140625,1784199,Dabur
2024-02-08,514.2635498046875,533.9500122070312,541.0,532.0,539.7000122070312,1488521,Dabur
2024-02-09,519.3199462890625,539.2000122070312,540.0,528.6500244140625,534.9000244140625,1786915,Dabur
2024-02-12,516.767578125,536.5499877929688,543.75,535.4000244140625,539.2000122070312,1454041,Dabur
2024-02-13,518.8865966796875,538.75,539.9000244140625,531.1500244140625,536.3499755859375,725665,Dabur
2024-02-14,524.2319946289062,544.2999877929688,545.25,533.25,533.5499877929688,828939,Dabur
2024-02-15,524.1356201171875,544.2000122070312,547.3499755859375,540.9000244140625,545.9500122070312,1006711,Dabur
2024-02-16,524.424560546875,544.5,547.8499755859375,541.0,545.0999755859375,839405,Dabur
2024-02-19,527.4584350585938,547.6500244140625,550.2000122070312,540.25,545.0,1353397,Dabur
2024-02-20,527.3621215820312,547.5499877929688,551.2000122070312,543.0,551.2000122070312,1057848,Dabur
2024-02-21,526.158203125,546.2999877929688,549.8499755859375,544.3499755859375,547.5999755859375,1636393,Dabur
2024-02-22,521.6314697265625,541.5999755859375,546.5,538.6500244140625,546.5,1264327,Dabur
2024-02-23,515.5637817382812,535.2999877929688,544.5499877929688,534.25,542.0999755859375,1160683,Dabur
2024-02-26,509.73681640625,529.25,537.0999755859375,526.8499755859375,534.1500244140625,1180365,Dabur
2024-02-27,515.8527221679688,535.5999755859375,538.2000122070312,526.0,527.9000244140625,2954271,Dabur
2024-02-28,516.478759765625,536.25,541.4500122070312,531.9000244140625,535.3499755859375,2697005,Dabur
2024-02-29,518.3087158203125,538.1500244140625,539.3499755859375,532.2999877929688,536.2999877929688,2453976,Dabur
2024-03-01,521.14990234375,541.0999755859375,544.9500122070312,538.1500244140625,538.1500244140625,762406,Dabur
2024-03-04,517.4900512695312,537.2999877929688,539.7000122070312,531.7999877929688,538.0,2030164,Dabur
2024-03-05,515.0340576171875,534.75,536.7999877929688,533.0499877929688,535.1500244140625,1464768,Dabur
2024-03-06,511.9039001464844,531.5,536.0,528.25,534.7999877929688,1082367,Dabur
2024-03-07,515.515625,535.25,537.75,530.5,531.5,894981,Dabur
2024-03-11,513.7337646484375,533.4000244140625,538.4000244140625,531.5999755859375,535.25,984138,Dabur
2024-03-12,509.4960632324219,529.0,532.2999877929688,525.8499755859375,530.5499877929688,1011782,Dabur
2024-03-13,500.7797546386719,519.9500122070312,531.4000244140625,515.7999877929688,529.5499877929688,2666699,Dabur
2024-03-14,510.1221008300781,529.6500244140625,530.7999877929688,516.1500244140625,517.0,2047715,Dabur
2024-03-15,507.1363830566406,526.5499877929688,530.3499755859375,524.25,528.9500122070312,1710825,Dabur
2024-03-18,504.2951049804688,523.5999755859375,526.5499877929688,521.0999755859375,526.5499877929688,1247334,Dabur
2024-03-19,499.2386779785156,518.3499755859375,530.0,516.5499877929688,523.25,2071489,Dabur
2024-03-20,501.0204772949219,520.2000122070312,521.2000122070312,512.0,518.3499755859375,925067,Dabur
2024-03-21,504.6321716308594,523.9500122070312,525.6500244140625,518.5,522.25,973386,Dabur
2024-03-22,501.5983276367188,520.7999877929688,527.3499755859375,519.0,524.0,1072318,Dabur
2024-03-26,501.8873291015625,521.0999755859375,522.25,512.5999755859375,512.5999755859375,1961179,Dabur
2024-03-27,502.4170837402344,521.6500244140625,524.4000244140625,519.0999755859375,524.0,2638465,Dabur
2024-03-28,503.8617248535156,523.1500244140625,526.0,517.75,522.0,2312982,Dabur
2024-04-01,509.64056396484375,529.1500244140625,530.5999755859375,523.5,523.5,847682,Dabur
2024-04-02,512.0001220703125,531.5999755859375,532.5499877929688,527.6500244140625,529.1500244140625,1175093,Dabur
2024-04-03,511.4222412109375,531.0,532.4000244140625,528.5999755859375,530.9000244140625,1176084,Dabur
2024-04-04,487.3922119140625,506.0499877929688,531.9500122070312,502.2999877929688,531.0,10445923,Dabur
2024-04-05,489.1740112304688,507.8999938964844,510.0,504.0,510.0,7615006,Dabur
2024-04-08,484.5028076171875,503.0499877929688,509.8500061035156,502.2000122070313,508.0499877929688,3602540,Dabur
2024-04-09,484.5990905761719,503.1499938964844,508.5,502.5,506.5,2217268,Dabur
2024-04-10,487.5848388671875,506.25,506.9500122070313,502.25,505.0,1978008,Dabur
2024-04-12,482.1431579589844,500.6000061035156,507.6499938964844,499.1000061035156,507.0,4166549,Dabur
2024-04-15,476.9422912597656,495.2000122070313,497.0,489.2000122070313,495.8999938964844,3600795,Dabur
2024-04-16,485.3215026855469,503.8999938964844,505.6000061035156,492.3500061035156,495.2000122070313,2928056,Dabur
2024-04-18,485.2733154296875,503.8500061035156,507.9500122070313,501.0,505.75,2604037,Dabur
2024-04-19,485.6104431152344,504.2000122070313,505.7999877929688,496.0499877929688,501.6000061035156,2183936,Dabur
2024-04-22,487.488525390625,506.1499938964844,508.0,503.2999877929688,507.3999938964844,1208372,Dabur
2024-04-23,488.45166015625,507.1499938964844,510.4500122070313,505.2000122070313,507.1000061035156,1904186,Dabur
2024-04-24,490.6668701171875,509.4500122070313,510.2999877929688,507.6499938964844,509.8999938964844,1855798,Dabur
2024-04-25,487.7774353027344,506.4500122070313,510.25,504.1499938964844,509.5,1022931,Dabur
2024-04-26,490.2334289550781,509.0,511.5499877929688,505.2999877929688,507.3500061035156,1372205,Dabur
2024-04-29,488.0182495117188,506.7000122070313,512.7999877929688,506.0,512.4000244140625,1373441,Dabur
2024-04-30,489.0294799804688,507.75,512.4000244140625,505.1499938964844,509.0,2092290,Dabur
2024-05-02,505.9324951171875,525.2999877929688,536.0499877929688,508.0,508.0,7092006,Dabur
2024-05-03,512.1446533203125,531.75,538.0,524.0,536.25,7008370,Dabur
2024-05-06,511.2297058105469,530.7999877929688,535.5,524.25,535.0,3172072,Dabur
2024-05-07,537.8602294921875,558.4500122070312,566.9000244140625,531.2999877929688,533.5499877929688,14721222,Dabur
2024-05-08,536.0784301757812,556.5999755859375,561.9500122070312,554.0999755859375,558.4500122070312,4085815,Dabur
2024-05-09,532.41845703125,552.7999877929688,564.9500122070312,550.4500122070312,556.5999755859375,5305923,Dabur
2024-05-10,530.4922485351562,550.7999877929688,551.9500122070312,540.3499755859375,550.9500122070312,2521438,Dabur
2024-05-13,529.9625854492188,550.25,553.2000122070312,543.7000122070312,550.7999877929688,3067643,Dabur
2024-05-14,534.10400390625,554.5499877929688,562.7000122070312,550.25,550.25,2872594,Dabur
2024-05-15,525.7247314453125,545.8499755859375,555.0,543.0,554.5499877929688,2436198,Dabur
2024-05-16,522.0648803710938,542.0499877929688,549.4000244140625,534.7000122070312,547.6500244140625,3864351,Dabur
2024-05-17,516.04541015625,535.7999877929688,544.0,535.0,543.2000122070312,1642503,Dabur
2024-05-21,519.4644165039062,539.3499755859375,541.0,533.5999755859375,538.0999755859375,1388390,Dabur
2024-05-22,533.5743408203125,554.0,555.9000244140625,538.7999877929688,543.0,4319988,Dabur
2024-05-23,539.304931640625,559.9500122070312,562.0,551.6500244140625,556.0,2924910,Dabur
2024-05-24,537.5231323242188,558.0999755859375,564.9000244140625,554.0499877929688,559.0,2805803,Dabur
2024-05-27,546.4802856445312,567.4000244140625,571.0,559.7999877929688,559.8499755859375,3169943,Dabur
2024-05-28,549.7548828125,570.7999877929688,578.9000244140625,564.5499877929688,570.0,4429603,Dabur
2024-05-29,534.9708862304688,555.4500122070312,570.7999877929688,553.0499877929688,570.7999877929688,2620387,Dabur
2024-05-30,530.8294067382812,551.1500244140625,557.4000244140625,549.3499755859375,555.4500122070312,1591522,Dabur
2024-05-31,525.0025024414062,545.0999755859375,554.5,540.5499877929688,552.0499877929688,11192196,Dabur
2024-06-03,524.7135620117188,544.7999877929688,561.2000122070312,543.0,560.0,2836670,Dabur
2024-06-04,556.882080078125,578.2000122070312,584.4500122070312,536.75,548.4500122070312,17458506,Dabur
2024-06-05,578.1190795898438,600.25,633.4000244140625,584.5,585.0,21568184,Dabur
2024-06-06,575.1815795898438,597.2000122070312,605.2999877929688,582.0499877929688,600.25,7598586,Dabur
2024-06-07,590.4952392578125,613.0999755859375,614.7999877929688,598.1500244140625,599.4500122070312,5429725,Dabur
2024-06-10,596.9963989257812,619.8499755859375,627.4500122070312,604.2000122070312,604.2000122070312,5180578,Dabur
2024-06-11,590.8324584960938,613.4500122070312,622.9500122070312,608.0,619.8499755859375,3728825,Dabur
2024-06-12,596.6593627929688,619.5,623.0,611.75,614.1500244140625,4528718,Dabur
2024-06-13,587.1725463867188,609.6500244140625,614.5499877929688,588.1500244140625,612.0,7963596,Dabur
2024-06-14,586.2094116210938,608.6500244140625,618.7999877929688,606.0,610.9500122070312,1975440,Dabur
2024-06-18,578.0709228515625,600.2000122070312,613.75,598.0,608.0999755859375,4304663,Dabur
2024-06-19,576.4817504882812,598.5499877929688,603.0999755859375,594.0,602.0,1703051,Dabur
2024-06-20,578.6007080078125,600.75,604.9000244140625,595.0,598.5,2886298,Dabur
2024-06-21,568.1988525390625,589.9500122070312,603.9000244140625,588.5499877929688,601.0,3868601,Dabur
2024-06-24,577.6375122070312,599.75,602.4500122070312,588.8499755859375,590.75,1774168,Dabur
2024-06-25,571.4735107421875,593.3499755859375,603.9500122070312,592.5,603.7999877929688,1791877,Dabur
2024-06-26,579.6118774414062,601.7999877929688,603.0,590.2999877929688,591.4000244140625,2230523,Dabur
2024-06-27,577.2041015625,599.2999877929688,606.0,595.0499877929688,602.0,2405121,Dabur
2024-06-28,578.552490234375,600.7000122070312,609.6500244140625,597.6500244140625,601.7999877929688,1710529,Dabur
2024-07-01,588.4246215820312,610.9500122070312,613.25,600.7000122070312,600.7000122070312,2469588,Dabur
2024-07-02,580.5750732421875,602.7999877929688,616.7999877929688,602.0,616.7999877929688,3919339,Dabur
2024-07-03,587.2207641601562,609.7000122070312,613.2999877929688,605.0,607.0,1786017,Dabur
2024-07-04,583.6090087890625,605.9500122070312,613.5999755859375,605.0499877929688,609.7999877929688,2277423,Dabur
2024-07-05,584.090576171875,606.4500122070312,607.9500122070312,603.25,604.0,879215,Dabur
2024-07-08,600.4637451171875,623.4500122070312,633.0,610.4000244140625,610.4000244140625,7279634,Dabur
2024-07-09,606.96484375,630.2000122070312,633.4000244140625,618.0499877929688,622.0499877929688,2665679,Dabur
2024-07-10,608.4095458984375,631.7000122070312,637.25,619.5499877929688,630.0,2882570,Dabur
2024-07-11,606.1461791992188,629.3499755859375,635.7999877929688,623.7999877929688,635.7999877929688,1588742,Dabur
2024-07-12,606.772216796875,630.0,633.9000244140625,626.0,633.9000244140625,1630043,Dabur
2024-07-15,609.0838012695312,632.4000244140625,638.9500122070312,630.1500244140625,632.9000244140625,1091279,Dabur
2024-07-16,617.3184204101562,640.9500122070312,648.7000122070312,630.0,634.0,2960104,Dabur
2024-07-18,621.07470703125,644.8499755859375,651.0,639.25,640.9500122070312,3161993,Dabur
2024-07-19,612.1759643554688,632.9000244140625,647.2000122070312,631.6500244140625,645.0,2176993,Dabur
2024-07-22,615.8031616210938,636.6500244140625,639.8499755859375,627.2000122070312,628.25,1365836,Dabur
2024-07-23,630.940673828125,652.2999877929688,662.3499755859375,632.0999755859375,639.9000244140625,7195533,Dabur
2024-07-24,613.3850708007812,634.1500244140625,650.0,618.0499877929688,650.0,8340915,Dabur
2024-07-25,610.5316162109375,631.2000122070312,636.4500122070312,625.0,625.5,1831371,Dabur
2024-07-26,611.74072265625,632.4500122070312,635.25,625.0999755859375,631.2000122070312,1469979,Dabur
2024-07-29,620.107421875,641.0999755859375,643.1500244140625,631.0499877929688,635.8499755859375,2240896,Dabur
2024-07-30,613.1431884765625,633.9000244140625,648.8499755859375,632.5,641.0499877929688,3020230,Dabur
2024-07-31,614.88427734375,635.7000122070312,640.75,630.0,636.9500122070312,2769613,Dabur
2024-08-01,622.4288940429688,643.5,655.8499755859375,636.75,638.9000244140625,6852547,Dabur
2024-08-02,607.0011596679688,627.5499877929688,650.0,625.0,643.5,4123973,Dabur
2024-08-05,613.2399291992188,634.0,640.0,614.0499877929688,615.0,4771981,Dabur
2024-08-06,608.548828125,629.1500244140625,643.0,627.0,638.0,1854542,Dabur
2024-08-07,618.3180541992188,639.25,641.2999877929688,631.2000122070312,631.2000122070312,1788865,Dabur
2024-08-08,616.5770263671875,637.4500122070312,641.7999877929688,634.6500244140625,639.0,1528269,Dabur
2024-08-09,603.5191040039062,623.9500122070312,642.2000122070312,622.0999755859375,641.5999755859375,2679620,Dabur
2024-08-12,600.0369262695312,620.3499755859375,627.25,615.75,626.9000244140625,1139283,Dabur
2024-08-13,586.0116577148438,605.8499755859375,624.25,602.7000122070312,620.5999755859375,2691122,Dabur
2024-08-14,584.6091918945312,604.4000244140625,609.9000244140625,598.5999755859375,609.9000244140625,2012408,Dabur
2024-08-16,597.3768920898438,617.5999755859375,618.5,604.4000244140625,606.3499755859375,1259712,Dabur
2024-08-19,600.9557495117188,621.2999877929688,624.9000244140625,614.8499755859375,618.0,2332398,Dabur
2024-08-20,602.69677734375,623.0999755859375,625.4500122070312,617.0499877929688,625.4000244140625,1340039,Dabur
2024-08-21,613.578369140625,634.3499755859375,635.9500122070312,617.9500122070312,624.9000244140625,2105395,Dabur
2024-08-22,624.9921264648438,646.1500244140625,647.7000122070312,632.0999755859375,637.0,3452342,Dabur
2024-08-23,622.1870727539062,643.25,651.2000122070312,640.8499755859375,647.9000244140625,3461642,Dabur
2024-08-26,633.1170043945312,654.5499877929688,655.4000244140625,640.9000244140625,646.0,2940223,Dabur
2024-08-27,622.3322143554688,643.4000244140625,655.0,641.6500244140625,655.0,1428673,Dabur
2024-08-28,623.2994995117188,644.4000244140625,649.5,638.0,645.9500122070312,1149783,Dabur
2024-08-29,623.0575561523438,644.1500244140625,647.9000244140625,638.5999755859375,644.0,1071747,Dabur
2024-08-30,616.2868041992188,637.1500244140625,645.5499877929688,636.0999755859375,644.0,3304453,Dabur
2024-09-02,615.8031616210938,636.6500244140625,644.6500244140625,634.4500122070312,637.7999877929688,745420,Dabur
2024-09-03,617.3024291992188,638.2000122070312,648.5,635.25,636.6500244140625,1775357,Dabur
2024-09-04,628.764404296875,650.0499877929688,651.5499877929688,634.2000122070312,638.0499877929688,3104663,Dabur
2024-09-05,623.686279296875,644.7999877929688,655.0,642.6500244140625,655.0,2131132,Dabur
2024-09-06,623.2994995117188,644.4000244140625,653.7000122070312,643.3499755859375,644.0,1910995,Dabur
2024-09-09,640.66162109375,662.3499755859375,664.9000244140625,644.0499877929688,645.0,6213572,Dabur
2024-09-10,643.4667358398438,665.25,669.9000244140625,662.3499755859375,669.3499755859375,4126339,Dabur
2024-09-11,642.1609497070312,663.9000244140625,671.5,662.0,668.0,3134456,Dabur
2024-09-12,642.9830322265625,664.75,669.5,663.0,663.9500122070312,2222824,Dabur
2024-09-13,639.2591552734375,660.9000244140625,667.7000122070312,651.25,665.6500244140625,2559794,Dabur
2024-09-16,639.6943969726562,661.3499755859375,667.8499755859375,658.25,660.0,806885,Dabur
2024-09-17,638.5337524414062,660.1500244140625,672.0,656.4000244140625,661.3499755859375,1793296,Dabur
2024-09-18,632.9719848632812,654.4000244140625,662.2999877929688,650.5499877929688,660.0,1465661,Dabur
2024-09-19,642.9346923828125,664.7000122070312,666.7999877929688,654.4000244140625,655.0,1768324,Dabur
2024-09-20,645.6912841796875,667.5499877929688,669.9500122070312,662.0999755859375,668.9500122070312,1798471,Dabur
2024-09-23,639.4041748046875,661.0499877929688,671.5,656.2999877929688,668.0,1684518,Dabur
2024-09-24,634.3743896484375,655.8499755859375,666.0,652.4000244140625,660.0,1881683,Dabur
2024-09-25,606.4691772460938,627.0,653.9500122070312,622.1500244140625,651.0,7092888,Dabur
2024-09-26,605.2600708007812,625.75,628.4000244140625,620.5999755859375,627.0499877929688,2581456,Dabur
2024-09-27,612.2726440429688,633.0,634.7999877929688,622.0,628.0,4628215,Dabur
2024-09-30,604.72802734375,625.2000122070312,635.7999877929688,623.3499755859375,633.0,2475507,Dabur
2024-10-01,598.7311401367188,619.0,629.75,614.0,626.0,1095384,Dabur
2024-10-03,561.2015991210938,580.2000122070312,595.7999877929688,571.0,580.3499755859375,18729275,Dabur
2024-10-04,553.7053833007812,572.4500122070312,585.0,571.0499877929688,584.75,4745480,Dabur
2024-10-07,550.7552490234375,569.4000244140625,581.1500244140625,562.0,575.0,4723935,Dabur
2024-10-08,548.7723999023438,567.3499755859375,572.6500244140625,564.7000122070312,571.5,3261216,Dabur
2024-10-09,546.5476684570312,565.0499877929688,571.9500122070312,563.2000122070312,567.75,3580212,Dabur
2024-10-10,552.9799194335938,571.7000122070312,576.4000244140625,564.2000122070312,567.0,2379978,Dabur
2024-10-11,552.15771484375,570.8499755859375,574.9500122070312,569.2000122070312,574.5,1276108,Dabur
2024-10-14,548.7240600585938,567.2999877929688,575.1500244140625,566.0,570.8499755859375,1902352,Dabur
2024-10-15,552.3027954101562,571.0,572.9000244140625,567.2999877929688,568.0,1687923,Dabur
2024-10-16,559.36376953125,578.2999877929688,579.3499755859375,570.5,572.9000244140625,2647660,Dabur
2024-10-17,553.8020629882812,572.5499877929688,579.0999755859375,572.0,578.0,1838328,Dabur
2024-10-18,552.6897583007812,571.4000244140625,572.0999755859375,564.9500122070312,571.5,2159572,Dabur
2024-10-21,549.5945434570312,568.2000122070312,575.0,566.0999755859375,571.0,1511359,Dabur
2024-10-22,540.79248046875,559.0999755859375,571.75,556.0,565.5999755859375,1510177,Dabur
2024-10-23,540.4056396484375,558.7000122070312,562.9000244140625,556.0499877929688,558.0,1233395,Dabur
2024-10-24,523.2852172851562,541.0,558.0,535.25,555.7999877929688,3076408,Dabur
2024-10-25,521.0604858398438,538.7000122070312,545.2999877929688,536.3499755859375,545.2999877929688,1506493,Dabur
2024-10-28,535.5693359375,553.7000122070312,558.5,537.0999755859375,540.0,1750115,Dabur
2024-10-29,518.3038330078125,535.8499755859375,554.0,532.8499755859375,553.7000122070312,5088807,Dabur
2024-10-30,528.7501831054688,546.6500244140625,551.9000244140625,536.0,539.0,5828617,Dabur
2024-10-31,522.3179321289062,540.0,548.9500122070312,533.0,538.0499877929688,3001455,Dabur
2024-11-01,524.784423828125,542.5499877929688,545.1500244140625,540.3499755859375,541.7000122070312,159703,Dabur
2024-11-04,517.4332885742188,534.9500122070312,545.4000244140625,531.6500244140625,545.0499877929688,2308784,Dabur
2024-11-05,517.3365478515625,534.8499755859375,536.8499755859375,528.7000122070312,535.0499877929688,2117262,Dabur
2024-11-06,521.9310302734375,539.5999755859375,543.4000244140625,535.3499755859375,536.0,2368331,Dabur
2024-11-07,516.998046875,534.5,544.1500244140625,532.2999877929688,541.3499755859375,1695158,Dabur
2024-11-08,516.7550048828125,531.5,535.0,528.5999755859375,532.3499755859375,1458407,Dabur
2024-11-11,508.2477722167969,522.75,531.4000244140625,520.3499755859375,530.0,1589666,Dabur
2024-11-12,496.3375549316406,510.5,524.1500244140625,509.5,522.7999877929688,4775306,Dabur
2024-11-13,496.6778564453125,510.8500061035156,514.2000122070312,507.2999877929688,511.3500061035156,2253481,Dabur
2024-11-14,494.004150390625,508.1000061035156,513.9500122070312,502.6499938964844,510.8500061035156,2083472,Dabur
2024-11-18,494.3930358886719,508.5,509.6000061035156,499.0,509.1000061035156,3329177,Dabur
2024-11-19,494.1013793945313,508.2000122070313,514.5,506.1499938964844,511.0,2126926,Dabur
2024-11-21,491.7193298339844,505.75,509.3999938964844,502.3999938964844,508.5,1771693,Dabur
2024-11-22,498.7681884765625,513.0,515.0999755859375,504.3999938964844,506.6499938964844,1050913,Dabur
2024-11-25,507.0323791503906,521.5,528.1500244140625,515.2000122070312,516.3499755859375,4146364,Dabur
2024-11-26,510.7755737304688,525.3499755859375,529.9000244140625,519.4000244140625,524.0,894410,Dabur
2024-11-27,512.865966796875,527.5,529.2000122070312,519.4500122070312,519.9500122070312,1722809,Dabur
2024-11-28,511.4075622558594,526.0,534.3499755859375,524.0,529.8499755859375,1554564,Dabur
2024-11-29,512.5256958007812,527.1500244140625,529.6500244140625,518.25,518.25,2225080,Dabur
2024-12-02,509.3658752441406,523.9000244140625,528.0,520.7000122070312,522.5,1510906,Dabur
2024-12-03,508.0532531738281,522.5499877929688,529.0499877929688,521.0,523.9000244140625,3691025,Dabur
2024-12-04,508.29632568359375,522.7999877929688,527.25,520.0,524.0,2515588,Dabur
2024-12-05,508.6366271972656,523.1500244140625,527.2999877929688,516.6500244140625,525.0,2760858,Dabur
2024-12-06,509.2685852050781,523.7999877929688,525.8499755859375,520.25,525.0,1663402,Dabur
2024-12-09,492.788818359375,506.8500061035156,520.75,503.2000122070313,519.0,6086175,Dabur
2024-12-10,492.8860473632813,506.9500122070313,511.7000122070313,504.3500061035156,507.9500122070313,3425754,Dabur
2024-12-11,494.2471923828125,508.3500061035156,511.25,505.1000061035156,507.0,3602452,Dabur
2024-12-12,492.5943603515625,506.6499938964844,512.0,505.75,510.0,3491848,Dabur
2024-12-13,498.57373046875,512.7999877929688,514.2999877929688,499.5,506.6499938964844,2205228,Dabur
2024-12-16,495.8028259277344,509.9500122070313,516.0,509.0499877929688,514.0499877929688,1041908,Dabur
2024-12-17,491.3790588378906,505.3999938964844,510.2999877929688,504.1000061035156,509.0,2821249,Dabur
2024-12-18,491.3790588378906,505.3999938964844,508.9500122070313,502.4500122070313,507.9500122070313,2300294,Dabur
2024-12-19,489.9692687988281,503.9500122070313,505.3999938964844,499.5,503.0,1583630,Dabur
2024-12-20,488.6081237792969,502.5499877929688,508.2999877929688,500.0,504.0,3228278,Dabur
2024-12-23,495.36529541015625,509.5,511.0,500.8999938964844,502.7000122070313,1777848,Dabur
2024-12-24,495.8028259277344,509.9500122070313,515.9500122070312,507.75,512.0,3207041,Dabur
2024-12-26,491.573486328125,505.6000061035156,511.5,504.0499877929688,510.4500122070313,2088931,Dabur
2024-12-27,493.08050537109375,507.1499938964844,509.7000122070313,504.0499877929688,506.5,1299653,Dabur
2024-12-30,491.2332153320313,505.25,509.7999877929688,503.1000061035156,507.0,4298784,Dabur
2024-12-31,492.93463134765625,507.0,509.0,502.2999877929688,505.2999877929688,812765,Dabur
2025-01-01,496.7751159667969,510.9500122070313,512.5,506.5,506.8999938964844,1065540,Dabur
2025-01-02,499.1084899902344,513.3499755859375,515.5,507.75,510.9500122070313,1720007,Dabur
2025-01-03,510.338134765625,524.9000244140625,529.0,514.0499877929688,515.0,3814344,Dabur
2025-01-06,490.8442993164063,504.8500061035156,522.5,501.1000061035156,522.2999877929688,5026479,Dabur
2025-01-07,494.73333740234375,508.8500061035156,512.75,503.1000061035156,508.0,2248836,Dabur
2025-01-08,499.4973754882813,513.75,514.8499755859375,505.2999877929688,509.7999877929688,1666424,Dabur
2025-01-09,506.692138671875,521.1500244140625,530.9000244140625,511.5499877929688,514.0,4084746,Dabur
2025-01-10,503.53228759765625,517.9000244140625,522.9500122070312,514.0499877929688,519.0,2316135,Dabur
2025-01-13,496.5805969238281,510.75,519.5499877929688,509.5,515.9500122070312,2857732,Dabur
2025-01-14,498.2820739746094,512.5,520.8499755859375,510.1499938964844,512.2000122070312,2539143,Dabur
2025-01-15,501.1988220214844,515.5,516.4500122070312,510.2000122070313,513.0,1959656,Dabur
2025-01-16,507.9074401855469,522.4000244140625,523.7000122070312,514.8499755859375,518.0,2718298,Dabur
2025-01-17,511.4562072753906,526.0499877929688,531.8499755859375,516.0,521.5,2943339,Dabur
2025-01-20,507.129638671875,521.5999755859375,529.0,520.9500122070312,528.6500244140625,1536752,Dabur
2025-01-21,506.7893371582031,521.25,528.9000244140625,519.5,522.0499877929688,2258554,Dabur
2025-01-22,506.0601501464844,520.5,524.5999755859375,517.7000122070312,521.25,1532395,Dabur
2025-01-23,510.04632568359375,524.5999755859375,526.7000122070312,515.1500244140625,518.0999755859375,698448,Dabur
2025-01-24,507.1782531738281,521.6500244140625,527.0,518.5999755859375,524.6500244140625,1031251,Dabur
2025-01-27,509.3171997070313,523.8499755859375,532.9500122070312,517.0999755859375,517.0999755859375,3023866,Dabur
2025-01-28,510.7755737304688,525.3499755859375,528.2999877929688,522.7000122070312,525.0,2683319,Dabur
2025-01-29,503.7267150878906,518.0999755859375,527.5,515.5,525.0,2201858,Dabur
2025-01-30,518.8939208984375,533.7000122070312,540.0,519.0,521.25,3384404,Dabur
2025-01-31,515.1507568359375,529.8499755859375,542.7999877929688,523.0,538.0,4302619,Dabur
2025-02-01,524.1441040039062,539.0999755859375,551.7000122070312,522.7000122070312,533.4500122070312,4921220,Dabur
2025-02-03,519.7203369140625,534.5499877929688,546.4000244140625,530.2999877929688,540.4000244140625,3792769,Dabur
2025-02-04,526.0399780273438,541.0499877929688,542.75,534.6500244140625,536.5499877929688,3275638,Dabur
2025-02-05,516.7550048828125,531.5,543.0,530.6500244140625,542.0,2811816,Dabur
2025-02-06,511.6020202636719,526.2000122070312,536.7000122070312,524.6500244140625,531.5,1225984,Dabur
2025-02-07,512.4769897460938,527.0999755859375,529.8499755859375,520.1500244140625,529.6500244140625,2097013,Dabur
2025-02-10,513.4492797851562,528.0999755859375,535.4500122070312,523.6500244140625,527.0999755859375,1678247,Dabur
2025-02-11,503.33782958984375,517.7000122070312,532.2000122070312,515.7000122070312,529.9000244140625,1177152,Dabur
2025-02-12,511.1645202636719,525.75,527.3499755859375,515.6500244140625,518.2999877929688,2113562,Dabur
2025-02-13,505.4281311035156,519.8499755859375,528.7999877929688,517.2999877929688,525.5499877929688,1484585,Dabur
2025-02-14,505.4768371582031,519.9000244140625,524.8499755859375,517.2999877929688,520.5499877929688,1191521,Dabur
2025-02-17,506.1087646484375,520.5499877929688,522.2999877929688,514.75,518.0999755859375,974964,Dabur
2025-02-18,500.8585510253906,515.1500244140625,520.4000244140625,514.0,520.0,1603493,Dabur
2025-02-19,490.4554138183594,504.4500122070313,515.0,503.7000122070313,515.0,2715980,Dabur
2025-02-20,496.1917419433594,510.3500061035156,510.9500122070313,500.1499938964844,505.0,2052520,Dabur
2025-02-21,494.5388488769531,508.6499938964844,511.6000061035156,503.5,510.9500122070313,2057493,Dabur
2025-02-24,491.6707458496094,505.7000122070313,507.0,502.6000061035156,503.6000061035156,736767,Dabur
2025-02-25,496.7751159667969,510.9500122070313,512.4000244140625,504.1499938964844,505.1499938964844,1483864,Dabur
2025-02-27,489.2886962890625,503.25,515.0,501.5,510.1499938964844,1181893,Dabur
2025-02-28,479.61474609375,493.2999877929688,504.4500122070313,490.8500061035156,500.2999877929688,5530947,Dabur
2025-03-03,478.1076965332031,491.75,496.5499877929688,485.0,493.0,2166131,Dabur
2025-03-04,470.2810668945313,483.7000122070313,489.25,480.0,486.0,2477085,Dabur
2025-03-05,474.1700744628906,487.7000122070313,491.0,482.6000061035156,483.0,1767699,Dabur
2025-03-06,481.2675476074219,495.0,497.75,488.7000122070313,489.8999938964844,1219415,Dabur
2025-03-07,482.04534912109375,495.7999877929688,499.1000061035156,491.7999877929688,495.0,1913893,Dabur
2025-03-10,479.663330078125,493.3500061035156,501.3999938964844,492.0,495.0,2526521,Dabur
2025-03-11,483.7467956542969,497.5499877929688,500.5,489.5499877929688,490.0,1830398,Dabur
2025-03-12,486.0802307128906,499.9500122070313,500.8999938964844,491.75,496.2000122070313,1450825,Dabur
2025-03-13,487.052490234375,500.9500122070313,504.0,498.8999938964844,500.5,1288721,Dabur
2025-03-17,481.02447509765625,494.75,502.5,490.1000061035156,498.3999938964844,1646821,Dabur
2025-03-18,481.02447509765625,494.75,494.75,494.75,494.75,0,Dabur
2025-03-19,481.7051086425781,495.4500122070313,502.25,492.8500061035156,501.6000061035156,2652053,Dabur
2025-03-20,485.1566162109375,499.0,499.75,493.0,497.0,3651974,Dabur
2025-03-21,492.7402038574219,506.7999877929688,507.8999938964844,497.8999938964844,500.0,2013377,Dabur
2025-03-24,493.1291198730469,507.2000122070313,509.0499877929688,502.2000122070313,507.4500122070313,2299229,Dabur
2025-03-25,495.1222229003906,509.25,512.0,505.0499877929688,507.2000122070313,2782397,Dabur
2025-03-26,494.73333740234375,508.8500061035156,510.9500122070313,505.0499877929688,509.0,2517374,Dabur
2025-03-27,498.6223449707031,512.8499755859375,514.9500122070312,503.8500061035156,507.6000061035156,1649107,Dabur
2025-03-28,492.4485168457031,506.5,519.4500122070312,503.7999877929688,513.0,1759182,Dabur
2025-04-01,483.6982116699219,497.5,512.5499877929688,496.5499877929688,505.8500061035156,1974802,Dabur
2025-04-02,481.9967651367188,495.75,497.6000061035156,484.4500122070313,496.1499938964844,2835760,Dabur
2025-04-03,452.48870849609375,465.3999938964844,483.75,458.2000122070313,473.9500122070313,12356973,Dabur
2025-04-04,448.9400024414063,461.75,467.25,458.5,466.8999938964844,3850303,Dabur
2025-04-07,438.8771057128906,451.3999938964844,454.1499938964844,433.2999877929688,435.0,4571485,Dabur
2025-04-08,446.2662963867188,459.0,464.0499877929688,453.0,454.8999938964844,1640063,Dabur
2025-04-09,452.3428955078125,465.25,468.4500122070313,458.0499877929688,459.7999877929688,2429984,Dabur
2025-04-11,448.5024719238281,461.2999877929688,465.2000122070313,455.8999938964844,463.0,2170343,Dabur
2025-04-15,460.6071166992188,473.75,474.4500122070313,462.6000061035156,467.6499938964844,2374405,Dabur
2025-04-16,467.9962768554688,481.3500061035156,481.7000122070313,473.7999877929688,474.7999877929688,1382224,Dabur
2025-04-17,466.0031127929688,479.2999877929688,480.5499877929688,476.2000122070313,480.4500122070313,844403,Dabur
2025-04-21,462.3571472167969,475.5499877929688,481.8500061035156,474.7999877929688,481.2999877929688,2586539,Dabur
2025-04-22,470.9616088867188,484.3999938964844,485.75,475.5,476.0,1525955,Dabur
2025-04-23,472.7117004394531,486.2000122070313,487.3500061035156,482.0499877929688,486.0,1107728,Dabur
2025-04-24,478.0591125488281,491.7000122070313,494.5,484.4500122070313,486.2000122070313,3251494,Dabur
2025-04-25,471.1560974121094,484.6000061035156,493.0499877929688,480.0,489.0,1369564,Dabur
2025-04-28,468.8226623535156,482.2000122070313,487.8500061035156,480.2000122070313,483.0,1312796,Dabur
2025-04-29,470.232421875,483.6499938964844,486.9500122070313,481.2999877929688,482.25,1470658,Dabur
2025-04-30,474.2187194824219,487.75,490.4500122070313,482.3500061035156,483.6000061035156,2195362,Dabur
2025-05-02,466.100341796875,479.3999938964844,487.75,476.6000061035156,485.2999877929688,1697677,Dabur
2025-05-05,468.4823913574219,481.8500061035156,485.3999938964844,479.25,481.0,3248925,Dabur
2025-05-06,467.2670593261719,480.6000061035156,486.25,479.3999938964844,482.0,702529,Dabur
2025-05-07,468.7254638671875,482.1000061035156,485.75,473.2999877929688,473.2999877929688,1520898,Dabur
2025-05-08,455.69720458984375,468.7000122070313,478.6000061035156,461.1000061035156,469.9500122070313,7843512,Dabur
2025-05-09,449.9122314453125,462.75,467.2999877929688,458.6000061035156,466.3500061035156,2037837,Dabur
2025-05-12,461.87103271484375,475.0499877929688,476.5499877929688,467.0,468.0499877929688,2902701,Dabur
2025-05-13,460.6071166992188,473.75,479.2000122070313,471.7000122070313,474.9500122070313,2449180,Dabur
2025-05-14,455.9402770996094,468.9500122070313,474.5499877929688,467.0,473.75,3541267,Dabur
2025-05-15,455.9888610839844,469.0,472.5,467.1000061035156,469.3999938964844,2739793,Dabur
2025-05-16,463.4266357421875,476.6499938964844,477.3999938964844,467.2999877929688,471.2000122070313,2431240,Dabur
2025-05-19,470.03802490234375,483.4500122070313,484.5,475.1000061035156,477.6000061035156,1640651,Dabur
2025-05-20,462.4544067382813,475.6499938964844,486.3999938964844,475.0,484.8500061035156,1843098,Dabur
2025-05-21,468.3851318359375,481.75,484.8999938964844,477.2999877929688,477.7999877929688,1927887,Dabur
2025-05-22,463.8155212402344,477.0499877929688,483.1000061035156,475.0,482.0,1958254,Dabur
2025-05-23,468.5796203613281,481.9500122070313,484.4500122070313,477.9500122070313,477.9500122070313,1495455,Dabur
2025-05-26,466.9753723144531,480.2999877929688,485.5499877929688,479.75,482.0,2584471,Dabur
2025-05-27,470.6699523925781,484.1000061035156,485.6000061035156,480.3999938964844,481.2999877929688,1713846,Dabur
2025-05-28,471.2532958984375,484.7000122070313,486.7999877929688,482.5499877929688,484.0,1568432,Dabur
2025-05-29,468.7254638671875,482.1000061035156,484.8500061035156,479.9500122070313,484.7000122070313,1599536,Dabur
2025-05-30,469.5518798828125,482.9500122070313,486.1499938964844,478.7000122070313,482.0,6304976,Dabur
2025-06-02,471.0102233886719,484.4500122070313,490.2000122070313,481.5499877929688,484.4500122070313,1851827,Dabur
2025-06-03,472.1769714355469,485.6499938964844,486.7999877929688,482.5499877929688,484.4500122070313,1460542,Dabur
2025-06-04,478.2049560546875,491.8500061035156,493.3999938964844,484.3999938964844,487.0,2318406,Dabur
2025-06-05,475.1423645019531,488.7000122070313,494.3500061035156,487.0,494.2999877929688,1792668,Dabur
2025-06-06,467.8990173339844,481.25,487.6499938964844,480.5499877929688,487.3999938964844,3468649,Dabur
2025-06-09,472.12835693359375,485.6000061035156,486.0,481.3500061035156,483.6499938964844,1389266,Dabur
2025-06-10,475.96875,489.5499877929688,491.3999938964844,484.5,486.1499938964844,1496169,Dabur
2025-06-11,473.0033874511719,486.5,493.7000122070313,485.3500061035156,490.0,2168242,Dabur
2025-06-12,459.8292846679688,472.9500122070313,487.7999877929688,471.4500122070313,487.1000061035156,3727720,Dabur
2025-06-13,453.5581970214844,466.5,470.0499877929688,464.25,468.0,3850751,Dabur
2025-06-16,458.6139526367188,471.7000122070313,473.9500122070313,465.2999877929688,467.6000061035156,1942798,Dabur
2025-06-17,458.9542541503906,472.0499877929688,474.3500061035156,469.1499938964844,471.7000122070313,1521179,Dabur
2025-06-18,457.1555786132813,470.2000122070313,474.1499938964844,468.0499877929688,472.0,2812394,Dabur
2025-06-19,452.1970520019531,465.1000061035156,470.7000122070313,464.0,469.0,1349010,Dabur
2025-06-20,453.9471130371094,466.8999938964844,468.6000061035156,463.8999938964844,465.1000061035156,2804520,Dabur
2025-06-23,454.5304565429688,467.5,468.3500061035156,463.1000061035156,465.6499938964844,1567027,Dabur
2025-06-24,461.9196472167969,475.1000061035156,475.5,468.0,468.0,2587207,Dabur
2025-06-25,466.9267578125,480.25,481.5,475.3500061035156,476.0,2954897,Dabur
2025-06-26,468.190673828125,481.5499877929688,483.2999877929688,478.7999877929688,482.0,1414934,Dabur
2025-06-27,472.8575439453125,486.3500061035156,488.2999877929688,481.6000061035156,482.7000122070313,2780971,Dabur
2025-06-30,471.7880554199219,485.25,487.75,479.3999938964844,487.3999938964844,3254231,Dabur
2025-07-01,469.0171203613281,482.3999938964844,489.2000122070313,480.7000122070313,487.0,1617894,Dabur
2025-07-02,474.0242309570313,487.5499877929688,488.3999938964844,479.3999938964844,484.7999877929688,2358163,Dabur
2025-07-03,477.9618835449219,491.6000061035156,492.9500122070313,487.5,489.5,2976302,Dabur
2025-07-04,481.3648071289063,495.1000061035156,497.3999938964844,491.6000061035156,493.0,2857925,Dabur
2025-07-07,498.525146484375,512.75,517.7000122070312,496.0499877929688,501.8999938964844,10017201,Dabur
2025-07-08,498.8654174804688,513.0999755859375,514.4000244140625,510.5,512.5,1995221,Dabur
2025-07-09,507.6643981933594,522.1500244140625,523.4500122070312,511.0,511.0,3433335,Dabur
2025-07-10,507.9074401855469,522.4000244140625,524.4000244140625,517.8499755859375,523.7000122070312,2272923,Dabur
2025-07-11,516.1229858398438,530.8499755859375,535.9000244140625,518.5999755859375,521.5,4512466,Dabur
2025-07-14,511.6020202636719,526.2000122070312,536.5,524.5499877929688,533.5,1428794,Dabur
2025-07-15,512.3798217773438,527.0,528.9000244140625,523.1500244140625,526.5,1243559,Dabur
2025-07-16,513.303466796875,527.9500122070312,530.3499755859375,525.0999755859375,527.0,2301562,Dabur
2025-07-17,514.03271484375,528.7000122070312,531.7000122070312,526.5499877929688,530.0,1537940,Dabur
2025-07-18,513.1979370117188,522.5999755859375,523.4000244140625,518.3499755859375,522.4500122070312,1616139,Dabur
2025-07-21,505.2927551269531,514.5499877929688,522.1500244140625,513.4000244140625,520.0999755859375,1172175,Dabur
2025-07-22,505.7837524414063,515.0499877929688,516.5,511.0,515.4500122070312,1471884,Dabur
2025-07-23,504.6053466796875,513.8499755859375,518.5,510.8500061035156,517.75,1898497,Dabur
2025-07-24,503.3287353515625,512.5499877929688,516.9000244140625,511.0,516.9000244140625,3715595,Dabur
2025-07-25,502.1503601074219,511.3500061035156,514.0,508.3500061035156,512.0,2132786,Dabur
2025-07-28,512.6087036132812,522.0,523.9500122070312,507.0,507.0,2759206,Dabur
2025-07-29,508.9752502441406,518.2999877929688,525.5999755859375,514.6500244140625,524.6500244140625,2646055,Dabur
2025-07-30,512.6087036132812,522.0,523.25,517.5999755859375,519.0499877929688,1616247,Dabur
2025-07-31,519.4827880859375,529.0,531.75,517.1500244140625,518.2999877929688,3024718,Dabur
2025-08-01,524.736572265625,534.3499755859375,547.7000122070312,531.9000244140625,533.0,8042006,Dabur
2025-08-04,520.1211547851562,529.6500244140625,538.8499755859375,528.2000122070312,534.3499755859375,2602888,Dabur
2025-08-05,515.2601928710938,524.7000122070312,529.6500244140625,521.0,529.6500244140625,2027038,Dabur
2025-08-06,504.7526550292969,514.0,524.1500244140625,512.0,524.1500244140625,931299,Dabur
2025-08-07,507.8951110839844,517.2000122070312,519.7000122070312,512.0999755859375,513.75,957305,Dabur
2025-08-08,498.12408447265625,507.25,519.7999877929688,506.0,518.0,510393,Dabur
2025-08-11,500.8737182617188,510.0499877929688,511.5499877929688,499.2999877929688,507.7000122070313,1123741,Dabur
2025-08-12,493.8523559570313,502.8999938964844,510.9500122070313,501.25,510.0,839972,Dabur
2025-08-13,494.4415893554688,503.5,504.9500122070313,498.6499938964844,503.3999938964844,864573,Dabur
2025-08-14,491.8883361816406,500.8999938964844,505.5,499.3999938964844,504.0,1202134,Dabur
2025-08-18,509.7608947753906,519.0999755859375,529.7999877929688,512.0,513.9000244140625,4810046,Dabur
2025-08-19,512.6578369140625,522.0499877929688,522.75,514.0,519.8499755859375,645927,Dabur
2025-08-20,525.3748779296875,535.0,536.4000244140625,521.0999755859375,522.0,12345218,Dabur
2025-08-21,506.4220886230469,515.7000122070312,536.4500122070312,514.75,535.9500122070312,6041694,Dabur
2025-08-22,506.6676025390625,515.9500122070312,519.8499755859375,514.5499877929688,516.0,1596318,Dabur
2025-08-25,509.2698974609375,518.5999755859375,520.4500122070312,513.4500122070312,515.9000244140625,1204983,Dabur
2025-08-26,513.0015869140625,522.4000244140625,526.7999877929688,517.0999755859375,518.5999755859375,3045617,Dabur
2025-08-28,504.6053466796875,513.8499755859375,526.5499877929688,512.25,526.5499877929688,2068611,Dabur
2025-08-29,511.7249145507813,521.0999755859375,528.5499877929688,509.7000122070313,515.4500122070312,3745766,Dabur
2025-09-01,514.2290649414062,523.6500244140625,524.5499877929688,520.0499877929688,521.5499877929688,4327053,Dabur
2025-09-02,534.8021240234375,544.5999755859375,547.75,523.6500244140625,525.0,8973936,Dabur
2025-09-03,533.721923828125,543.5,549.25,541.25,545.9000244140625,2220814,Dabur
2025-09-04,542.7564086914062,552.7000122070312,577.0,551.3499755859375,565.0,8712233,Dabur
2025-09-05,536.8643798828125,546.7000122070312,555.8499755859375,542.3499755859375,553.7999877929688,1489345,Dabur
2025-09-08,536.3733520507812,546.2000122070312,551.6500244140625,542.7000122070312,547.9500122070312,782235,Dabur
2025-09-09,534.4584350585938,544.25,547.4000244140625,539.25,546.25,1937685,Dabur
2025-09-10,537.6499633789062,547.5,548.9500122070312,543.7000122070312,546.9000244140625,874891,Dabur
2025-09-11,534.3110961914062,544.0999755859375,548.4000244140625,543.0,547.25,891836,Dabur
2025-09-12,529.155517578125,538.8499755859375,544.0999755859375,533.7000122070312,544.0999755859375,2746427,Dabur
2025-09-15,531.168701171875,540.9000244140625,542.5999755859375,536.5,536.5,837561,Dabur
2025-09-16,526.062255859375,535.7000122070312,542.2999877929688,534.5,540.5999755859375,1405923,Dabur
2025-09-17,525.522216796875,535.1500244140625,539.5,532.2000122070312,537.5499877929688,822210,Dabur
2025-09-18,526.6514892578125,536.2999877929688,539.0,532.4000244140625,536.0,2012300,Dabur
2025-09-19,525.8167724609375,535.4500122070312,542.7999877929688,532.7000122070312,536.9500122070312,2411369,Dabur
2025-09-22,512.6578369140625,522.0499877929688,536.75,518.0,536.0,2892697,Dabur
2025-09-23,505.7346496582031,515.0,522.0,512.6500244140625,522.0,3466804,Dabur
2025-09-24,508.48431396484375,517.7999877929688,520.9500122070312,511.3999938964844,515.0,1781081,Dabur
2025-09-25,497.1911926269531,506.2999877929688,521.8499755859375,505.1499938964844,517.7999877929688,2356326,Dabur
2025-09-26,490.759033203125,499.75,508.0,493.0,508.0,3168298,Dabur
2025-09-29,483.9831848144531,492.8500061035156,501.7000122070313,490.5499877929688,497.75,17685374,Dabur
2025-09-30,482.4610595703125,491.2999877929688,500.1499938964844,489.5,495.0,2645097,Dabur
2025-10-01,486.1435852050781,495.0499877929688,496.0,483.6499938964844,491.2999877929688,2443402,Dabur
2025-10-03,487.2237854003906,496.1499938964844,497.7999877929688,490.75,495.0499877929688,3035129,Dabur
2025-10-06,484.4741821289063,493.3500061035156,497.75,491.7999877929688,495.5,2681852,Dabur
2025-10-07,483.3939514160156,492.25,502.7999877929688,489.8999938964844,493.3500061035156,4534081,Dabur
2025-10-08,471.5116271972656,480.1499938964844,493.2000122070313,479.1499938964844,485.0,3627391,Dabur
2025-10-09,476.6672058105469,485.3999938964844,486.5,479.1499938964844,480.4500122070313,3052079,Dabur
2025-10-10,480.8898620605469,489.7000122070313,490.8500061035156,485.3999938964844,485.3999938964844,1613675,Dabur
2025-10-13,478.9749450683594,487.75,489.6000061035156,482.5499877929688,488.6000061035156,1990140,Dabur
2025-10-14,478.5821228027344,487.3500061035156,489.75,484.5499877929688,487.75,1611549,Dabur
2025-10-15,484.2777404785156,493.1499938964844,494.3999938964844,486.0499877929688,486.0499877929688,2084672,Dabur
2025-10-16,491.7410583496094,500.75,502.0,493.8999938964844,493.8999938964844,1236003,Dabur
2025-10-17,499.2043151855469,508.3500061035156,511.6499938964844,499.6000061035156,500.6000061035156,3436032,Dabur
2025-10-20,495.47265625,504.5499877929688,511.1000061035156,503.5,511.1000061035156,824259,Dabur
2025-10-21,497.2893981933594,506.3999938964844,507.8500061035156,503.4500122070313,506.1499938964844,128942,Dabur
2025-10-23,502.1994323730469,511.3999938964844,515.0,505.2999877929688,507.0,3693389,Dabur
2025-10-24,499.3025207519531,508.4500122070313,512.4000244140625,498.3999938964844,512.4000244140625,3786598,Dabur
2025-10-27,497.9277038574219,507.0499877929688,510.2000122070313,504.7000122070313,508.5,3258720,Dabur
2025-10-28,494.3433532714844,503.3999938964844,508.2000122070313,501.0,508.1000061035156,2826407,Dabur
2025-10-29,498.9096984863281,508.0499877929688,508.8999938964844,501.7999877929688,503.3999938964844,1880484,Dabur
2025-10-30,492.5266418457031,501.5499877929688,511.5,499.6000061035156,511.5,1744704,Dabur
2025-10-31,478.7785034179688,487.5499877929688,502.9500122070313,486.7000122070313,502.8999938964844,4980727,Dabur
2025-11-03,494.2451477050781,503.2999877929688,504.4500122070313,485.6000061035156,488.1000061035156,4523334,Dabur
2025-11-04,507.7477722167969,517.0499877929688,519.9500122070312,501.9500122070313,502.2999877929688,5322219,Dabur
2025-11-06,514.2781982421875,523.7000122070312,524.5,511.0499877929688,517.0499877929688,3911239,Dabur
2025-11-07,512.0076293945312,518.6500244140625,522.0,512.5,522.0,1754801,Dabur
2025-11-10,508.8486022949219,515.4500122070312,521.0,512.7999877929688,520.0,1005698,Dabur
2025-11-11,513.2909545898438,519.9500122070312,521.6500244140625,512.6500244140625,515.7000122070312,1478112,Dabur
2025-11-12,515.61083984375,522.2999877929688,524.9000244140625,516.0499877929688,519.9500122070312,2517903,Dabur
2025-11-13,515.5121459960938,522.2000122070312,528.5999755859375,517.0,522.0,1859578,Dabur
2025-11-14,518.2763061523438,525.0,527.0,517.5499877929688,522.0,1789377,Dabur
2025-11-17,517.535888671875,524.25,529.9000244140625,523.3499755859375,529.0,1856462,Dabur
2025-11-18,514.179443359375,520.8499755859375,524.25,512.5,524.2000122070312,1958068,Dabur
2025-11-19,510.9216918945313,517.5499877929688,523.5499877929688,516.5999755859375,520.8499755859375,2419687,Dabur
2025-11-20,518.3256225585938,525.0499877929688,527.0,516.7000122070312,519.0499877929688,2956054,Dabur
2025-11-21,509.0460510253906,515.6500244140625,525.0499877929688,514.2999877929688,525.0499877929688,2659623,Dabur
2025-11-24,505.8376770019531,512.4000244140625,517.8499755859375,511.3999938964844,516.9500122070312,5926288,Dabur
2025-11-25,507.8120727539063,514.4000244140625,515.4500122070312,509.0,511.3999938964844,2050235,Dabur
2025-11-26,510.5762023925781,517.2000122070312,520.0499877929688,513.8499755859375,514.1500244140625,914828,Dabur
2025-11-27,512.501220703125,519.1500244140625,520.5,514.75,517.25,1262843,Dabur
2025-11-28,510.7736511230469,517.4000244140625,520.4500122070312,513.4500122070312,520.4500122070312,999605,Dabur
2025-12-01,508.6511535644531,515.25,519.3499755859375,514.1500244140625,517.4500122070312,1619957,Dabur
2025-12-02,501.4446716308594,507.9500122070313,517.8499755859375,507.0,513.0999755859375,2434279,Dabur
2025-12-03,499.5196228027344,506.0,509.0499877929688,500.7999877929688,505.1499938964844,1388012,Dabur
2025-12-04,501.5927429199219,508.1000061035156,510.25,502.5499877929688,505.1499938964844,1371715,Dabur
2025-12-05,503.5671081542969,510.1000061035156,510.7999877929688,502.3500061035156,503.25,1205977,Dabur
2025-12-08,497.9894714355469,504.4500122070313,510.8999938964844,500.75,508.1000061035156,1140189,Dabur
2025-12-09,497.1503601074219,503.6000061035156,505.9500122070313,498.0,500.3500061035156,1423785,Dabur
2025-12-10,496.1138000488281,502.5499877929688,505.9500122070313,498.1000061035156,505.0,1311806,Dabur
2025-12-11,495.3240661621094,501.75,503.3500061035156,496.6499938964844,500.1000061035156,1116224,Dabur
2025-12-12,488.6604919433594,495.0,503.7000122070313,494.0,502.5,1506050,Dabur
2025-12-15,490.8323364257813,497.2000122070313,499.8999938964844,493.1000061035156,493.5,993514,Dabur
2025-12-16,490.8323364257813,497.2000122070313,504.5,494.6000061035156,497.0,1484940,Dabur
2025-12-17,487.8213806152344,494.1499938964844,498.6000061035156,492.2999877929688,497.0,551891,Dabur
2025-12-18,486.2418518066406,492.5499877929688,494.0499877929688,489.5499877929688,494.0499877929688,683973,Dabur
2025-12-19,487.62396240234375,493.9500122070313,495.0,491.3999938964844,493.0,1241449,Dabur
2025-12-22,487.3771667480469,493.7000122070313,497.5,493.0499877929688,495.3999938964844,998215,Dabur
2025-12-23,486.8341979980469,493.1499938964844,495.5,491.4500122070313,494.1499938964844,993407,Dabur
2025-12-24,484.2674865722656,490.5499877929688,495.0499877929688,489.0499877929688,493.1499938964844,850597,Dabur
2025-12-26,481.9476013183594,488.2000122070313,492.9500122070313,487.7999877929688,490.7000122070313,518698,Dabur
2025-12-29,483.0334777832031,489.2999877929688,491.25,485.9500122070313,488.3500061035156,982019,Dabur
2025-12-30,489.3021545410156,495.6499938964844,497.3500061035156,487.0,489.3999938964844,2216264,Dabur
2025-12-31,497.1503601074219,503.6000061035156,509.8999938964844,494.8999938964844,495.0,2391679,Dabur
2026-01-01,493.547119140625,499.9500122070313,505.8999938964844,497.8500061035156,505.0,698247,Dabur
2026-01-02,515.906982421875,522.5999755859375,526.3499755859375,499.0,501.4500122070313,5340608,Dabur
2026-01-05,514.5249633789062,521.2000122070312,534.0,519.9000244140625,524.0,3290459,Dabur
2026-01-06,513.685791015625,520.3499755859375,522.6500244140625,501.25,517.4000244140625,2899294,Dabur
2026-01-07,514.2288208007812,520.9000244140625,527.0,518.75,523.7999877929688,2870097,Dabur
2026-01-08,512.79736328125,519.4500122070312,526.5999755859375,515.0,520.0,3203359,Dabur
2026-01-09,515.7095947265625,522.4000244140625,525.5499877929688,516.0999755859375,518.7000122070312,1522552,Dabur
2026-01-12,517.2891235351562,524.0,525.9500122070312,519.5,522.2999877929688,1894623,Dabur
2026-01-13,515.3640747070312,522.0499877929688,529.1500244140625,516.75,525.0,1288670,Dabur
2026-01-14,507.1703796386719,513.75,523.7000122070312,511.1000061035156,518.0999755859375,798936,Dabur
2026-01-15,507.1703796386719,513.75,513.75,513.75,513.75,0,Dabur
2026-01-16,507.9601135253906,514.5499877929688,520.2999877929688,512.0,513.75,660633,Dabur
2026-01-19,506.1831665039063,512.75,517.7999877929688,510.2000122070313,510.7999877929688,581267,Dabur
2026-01-20,498.6311645507813,505.1000061035156,516.5,503.8500061035156,512.75,807821,Dabur
2026-01-21,509.5889892578125,516.2000122070312,518.4000244140625,501.1000061035156,501.1000061035156,4341920,Dabur
2026-01-22,518.6217651367188,525.3499755859375,529.5499877929688,519.1500244140625,521.0,4249013,Dabur
2026-01-23,512.3531494140625,519.0,533.0,517.9000244140625,525.3499755859375,2352107,Dabur
2026-01-27,506.8248596191406,513.4000244140625,521.0,512.0999755859375,520.5,1475952,Dabur
2026-01-28,509.1447448730469,515.75,518.0,502.2000122070313,513.9500122070312,2775407,Dabur
2026-01-29,503.9126281738281,510.4500122070313,517.2000122070312,499.3500061035156,515.7999877929688,1887628,Dabur
2026-01-30,500.1119384765625,506.6000061035156,519.9000244140625,501.3500061035156,512.1500244140625,2737132,Dabur
2026-02-02,492.6092834472656,499.0,503.0,493.8500061035156,501.0,2469560,Dabur
2026-02-03,494.0900573730469,500.5,510.0,495.6000061035156,509.0,1860653,Dabur
2026-02-04,494.7810974121094,501.2000122070313,506.2000122070313,496.7999877929688,500.0,1059709,Dabur
2026-02-05,497.8413696289063,504.2999877929688,507.8999938964844,499.3500061035156,501.5499877929688,1537272,Dabur
2026-02-06,501.7901611328125,508.2999877929688,509.0,498.5499877929688,502.0,950728,Dabur
2026-02-09,507.8120727539063,514.4000244140625,516.0,507.5499877929688,510.5,1265939,Dabur
2026-02-10,513.044189453125,519.7000122070312,520.6500244140625,510.0,516.0,1143420,Dabur
2026-02-11,515.6602172851562,522.3499755859375,523.0,517.0,519.7000122070312,1282937,Dabur
2026-02-12,512.8960571289062,519.5499877929688,522.8499755859375,516.0999755859375,520.6500244140625,911264,Dabur
2026-02-13,505.8870239257813,512.4500122070312,518.9500122070312,510.1000061035156,517.25,1746636,Dabur
2026-02-16,507.6639709472656,514.25,515.9500122070312,508.0499877929688,512.9000244140625,667469,Dabur
2026-02-17,510.1813049316406,516.7999877929688,519.0499877929688,511.1000061035156,511.1000061035156,963143,Dabur
2026-02-18,504.0607299804688,510.6000061035156,525.2999877929688,503.5,525.0,4359136,Dabur
2026-02-19,495.225341796875,501.6499938964844,514.2999877929688,500.0499877929688,510.6000061035156,923005,Dabur
2026-02-20,503.1722412109375,509.7000122070313,511.1499938964844,500.3999938964844,501.1499938964844,1277646,Dabur
2026-02-23,507.7626647949219,514.3499755859375,515.9500122070312,507.2999877929688,509.0,1044529,Dabur
2026-02-24,511.415283203125,518.0499877929688,519.75,512.75,514.4500122070312,1517098,Dabur
2026-02-25,512.0076293945312,518.6500244140625,523.75,516.5,521.25,3015805,Dabur
2026-02-26,517.7333374023438,524.4500122070312,525.0,517.4000244140625,518.6500244140625,714000,Dabur
2026-02-27,511.8595275878906,518.5,525.5,512.0,523.0499877929688,2414657,Dabur
2026-03-02,501.0991516113281,507.6000061035156,513.75,500.7999877929688,500.7999877929688,2107282,Dabur
2026-03-04,481.1578369140625,487.3999938964844,504.9500122070313,486.0,499.0,1732747,Dabur
2026-03-05,481.65142822265625,487.8999938964844,494.0,482.0,494.0,972511,Dabur
2026-03-06,472.4705505371094,478.6000061035156,486.1499938964844,477.5,486.0,1190560,Dabur
2026-03-09,460.7229614257813,466.7000122070313,473.0499877929688,464.2000122070313,472.5499877929688,858312,Dabur
2026-03-10,474.7410583496094,480.8999938964844,483.4500122070313,471.2000122070313,472.5499877929688,1029742,Dabur
2026-03-11,465.8069763183594,471.8500061035156,485.0,470.0,485.0,861166,Dabur
2026-03-12,453.4670715332031,459.3500061035156,471.2999877929688,456.5,471.2999877929688,1756738,Dabur
2026-03-13,447.6919860839844,453.5,462.4500122070313,452.0499877929688,454.7999877929688,1711951,Dabur
2026-03-16,452.9734802246094,458.8500061035156,461.4500122070313,449.2000122070313,455.0,2534686,Dabur
2026-03-17,446.8035278320313,452.6000061035156,460.7000122070313,451.8999938964844,460.2999877929688,1315801,Dabur
2026-03-18,446.0631408691406,451.8500061035156,455.7999877929688,450.0,452.2000122070313,2602680,Dabur
2026-03-19,424.6903991699219,430.2000122070313,448.7000122070313,428.7999877929688,448.7000122070313,3248941,Dabur
2026-03-20,425.18402099609375,430.7000122070313,434.7999877929688,429.0,433.7000122070313,1933160,Dabur
2026-03-23,412.0049743652344,417.3500061035156,428.9500122070313,416.0499877929688,428.9500122070313,3382496,Dabur
2026-03-24,416.0030822753906,421.3999938964844,426.2000122070313,417.0,422.1000061035156,2473037,Dabur
2026-03-25,425.4801635742188,431.0,439.1499938964844,421.1000061035156,425.0,2329148,Dabur
2026-03-27,414.2261657714844,419.6000061035156,430.0,418.5,430.0,1692776,Dabur
2026-03-30,405.193359375,410.4500122070313,417.5,408.0,417.5,2504445,Dabur
2026-04-01,409.6357116699219,414.9500122070313,420.9500122070313,412.2000122070313,420.0,979365,Dabur
2026-04-02,411.90625,417.25,420.0,403.3500061035156,412.4500122070313,1150474,Dabur
2026-04-06,408.4017333984375,413.7000122070313,423.8500061035156,408.3500061035156,423.5,2859076,Dabur
2026-04-07,408.9446716308594,414.25,416.2000122070313,408.5,413.5,2064376,Dabur
2026-04-08,421.7781677246094,427.25,430.6499938964844,422.8999938964844,425.0,1650777,Dabur
2026-04-09,423.900634765625,429.3999938964844,433.3999938964844,422.9500122070313,427.1000061035156,1797506,Dabur
2026-04-10,430.1199645996094,435.7000122070313,437.7999877929688,424.75,425.0,2166631,Dabur
2026-04-13,419.3102111816406,424.75,432.3999938964844,422.6499938964844,430.0499877929688,1187970,Dabur
2026-04-15,427.7013244628906,433.25,437.3999938964844,428.25,430.2000122070313,4079260,Dabur
2026-04-16,422.0743103027344,427.5499877929688,441.3999938964844,426.3999938964844,435.5,3639152,Dabur
2026-04-17,437.1784057617188,442.8500061035156,444.1000061035156,424.2000122070313,427.0,4983325,Dabur
2026-04-20,436.0431213378906,441.7000122070313,447.2999877929688,436.5499877929688,443.9500122070313,1662485,Dabur
2026-04-21,446.2112121582031,452.0,455.4500122070313,439.0499877929688,441.6499938964844,3053842,Dabur
2026-04-22,454.1087341308594,460.0,465.0,450.75,452.0,2380888,Dabur
2026-04-23,454.1087341308594,460.0,461.2999877929688,452.7000122070313,458.8999938964844,1370343,Dabur
2026-04-24,445.3227233886719,451.1000061035156,462.5,448.1000061035156,460.0,1509926,Dabur
2026-04-27,446.2112121582031,452.0,457.3999938964844,451.0,452.4500122070313,677273,Dabur
2026-04-28,444.3848876953125,450.1499938964844,453.1000061035156,449.0,452.1499938964844,533943,Dabur
2026-04-29,450.1599731445313,456.0,458.25,449.0499877929688,449.0499877929688,1078626,Dabur
2026-04-30,435.8456726074219,441.5,456.0,440.3500061035156,456.0,1448773,Dabur
2026-05-01,435.8456726074219,441.5,441.5,441.5,441.5,0,Dabur
2026-05-04,439.9425354003906,445.6499938964844,450.8999938964844,443.0,445.0,1046716,Dabur
2026-05-05,454.6517028808594,460.5499877929688,462.2000122070313,445.8500061035156,446.7999877929688,2742900,Dabur
2026-05-06,460.2787170410156,466.25,468.0,458.6000061035156,465.0,2906897,Dabur
2026-05-07,463.9806823730469,470.0,474.5,461.1000061035156,469.3500061035156,2831472,Dabur
2026-05-08,481.4540100097656,487.7000122070313,490.5,469.1000061035156,485.0,11860370,Dabur
2026-05-11,467.3865051269531,473.4500122070313,485.0,471.2000122070313,485.0,2033029,Dabur
2026-05-12,467.1890563964844,473.25,476.25,469.5499877929688,472.75,2195129,Dabur
2026-05-13,457.1690368652344,463.1000061035156,480.7999877929688,461.6000061035156,480.7999877929688,2495630,Dabur
2026-05-14,458.79791259765625,464.75,469.8999938964844,457.8500061035156,467.0,1901251,Dabur
2026-05-15,461.7101440429688,467.7000122070313,471.5,460.5,465.2999877929688,932763,Dabur
2026-05-18,450.5054931640625,456.3500061035156,466.7999877929688,453.8999938964844,466.7999877929688,1177536,Dabur
2026-05-19,447.0009460449219,452.7999877929688,462.25,451.5,456.3500061035156,1222771,Dabur
2026-05-20,445.1252746582031,450.8999938964844,453.0,445.5499877929688,449.7999877929688,854233,Dabur
2026-05-21,441.1271667480469,446.8500061035156,454.1000061035156,443.6000061035156,453.0,2589322,Dabur
2026-05-22,445.2733459472656,451.0499877929688,454.6499938964844,445.7000122070313,448.0,970954,Dabur
2026-05-25,441.4726867675781,447.2000122070313,455.75,446.25,453.3999938964844,879387,Dabur
2026-05-26,441.8675537109375,447.6000061035156,449.1000061035156,445.2000122070313,447.2000122070313,1154362,Dabur
2026-05-27,439.7451171875,445.4500122070313,447.0,440.2999877929688,440.75,1295057,Dabur
2026-05-28,439.7451171875,445.4500122070313,445.4500122070313,445.4500122070313,445.4500122070313,0,Dabur
2026-05-29,437.7213439941406,443.3999938964844,455.0,440.1000061035156,445.4500122070313,13072946,Dabur
2026-06-01,419.162109375,424.6000061035156,442.0,423.5,441.0,3233902,Dabur
2026-06-02,420.0505981445313,425.5,426.8500061035156,419.7000122070313,421.5499877929688,2753289,Dabur
2026-06-03,412.4985656738281,417.8500061035156,424.7999877929688,416.0,424.7999877929688,3353591,Dabur
2026-06-04,419.2114562988281,424.6499938964844,428.9500122070313,414.6000061035156,417.5,2919945,Dabur
2026-06-05,418.7178649902344,424.1499938964844,426.9500122070313,420.6000061035156,425.2000122070313,1864100,Dabur
2026-06-08,414.3742370605469,419.75,424.1499938964844,418.1499938964844,421.0,647231,Dabur
2026-06-09,420.6922607421875,426.1499938964844,427.0,420.3500061035156,422.0,915087,Dabur
2026-06-10,422.41986083984375,427.8999938964844,438.75,426.7000122070313,427.0,2288936,Dabur
2026-06-11,416.29925537109375,421.7000122070313,430.3999938964844,420.0,427.75,1689034,Dabur
2026-06-12,420.9390563964844,426.3999938964844,429.0499877929688,420.5499877929688,421.0,2569834,Dabur
2026-06-15,423.6538391113281,429.1499938964844,437.5,428.0,432.5,684074,Dabur
2026-06-16,429.8731689453125,435.4500122070313,437.4500122070313,429.6499938964844,430.0,1685284,Dabur
2026-06-17,423.5057678222656,429.0,435.8999938964844,427.75,435.0,1137052,Dabur
2026-06-18,423.2096252441406,428.7000122070313,431.8500061035156,426.7000122070313,429.5,1585207,Dabur
2026-06-19,418.0762023925781,423.5,427.7000122070313,421.3999938964844,427.7000122070313,1915071,Dabur
2026-06-22,416.84222412109375,422.25,426.2000122070313,421.5,425.5,1244814,Dabur
2026-06-23,414.423583984375,419.7999877929688,425.2999877929688,419.25,422.25,1553970,Dabur
2026-06-24,418.6685180664063,424.1000061035156,425.0499877929688,417.4500122070313,420.7000122070313,2440919,Dabur
2026-06-25,418.4710693359375,423.8999938964844,431.4500122070313,422.7999877929688,425.5,1810833,Dabur
2026-06-26,418.4710693359375,423.8999938964844,423.8999938964844,423.8999938964844,423.8999938964844,0,Dabur
2026-06-29,420.84033203125,426.2999877929688,430.7999877929688,424.25,425.3500061035156,1842565,Dabur
2026-06-30,416.7928771972656,422.2000122070313,426.8500061035156,421.6000061035156,426.7999877929688,1799370,Dabur
2026-07-01,439.0540466308594,444.75,447.0,422.6499938964844,422.8999938964844,8597999,Dabur
2026-07-02,441.2752380371094,447.0,451.0,442.6000061035156,444.75,3035247,Dabur
2026-07-03,438.6591796875,444.3500061035156,450.1000061035156,442.1499938964844,448.8999938964844,2061060,Dabur
2026-07-06,443.9900207519531,449.75,450.7000122070313,438.2999877929688,447.7999877929688,3812533,Dabur
2026-07-07,447.6919860839844,453.5,456.0,446.75,451.8999938964844,1548269,Dabur
2026-07-08,430.9590759277344,436.5499877929688,452.7999877929688,435.1499938964844,452.0,1952606,Dabur
2026-07-09,437.47454833984375,443.1499938964844,449.4500122070313,437.0,437.5,1477623,Dabur
2026-07-10,437.820068359375,443.5,447.0,441.0499877929688,444.5499877929688,1705250,Dabur
2026-07-13,433.2789611816406,438.8999938964844,442.75,438.3999938964844,442.0,774683,Dabur
2026-07-14,428.885986328125,434.4500122070313,440.4500122070313,432.1000061035156,437.8999938964844,1427118,Dabur
2026-07-15,425.77630615234375,431.2999877929688,437.6000061035156,430.0499877929688,434.0,1001738,Dabur
2026-07-16,423.9500122070313,429.4500122070313,433.7999877929688,428.75,433.6000061035156,1622560,Dabur
2026-07-17,427.2000122070313,427.2000122070313,428.6499938964844,422.3500061035156,426.5,2117096,Dabur
2026-07-20,426.5,426.5,430.9500122070313,424.1000061035156,427.2000122070313,1048161,Dabur
2026-07-21,426.1000061035156,426.1000061035156,427.8999938964844,422.3999938964844,426.5,1008135,Dabur
2026-07-22,426.5,426.5,427.6000061035156,421.5499877929688,426.8999938964844,897737,Dabur
2026-07-23,423.1499938964844,423.1499938964844,426.7000122070313,420.5,425.8999938964844,2558937,Dabur
2026-07-24,423.2000122070313,423.2000122070313,424.7999877929688,419.3999938964844,420.75,641619,Dabur
2026-07-27,427.3500061035156,427.3500061035156,429.0499877929688,424.5,425.6000061035156,853775,Dabur
2026-07-28,424.6000061035156,424.6000061035156,438.0,422.5,427.3500061035156,4458851,Dabur
2026-07-29,433.7000122070313,433.7000122070313,435.2999877929688,427.0,427.3999938964844,2039461,Dabur
2026-07-30,426.1000061035156,426.1000061035156,433.0,415.5499877929688,433.0,5673826,Dabur
2026-07-31,421.4500122070313,421.4500122070313,429.75,420.25,429.0,2509913,Dabur
2020-01-01,1831.1097412109373,2167.60009765625,2183.89990234375,2154.0,2168.0,1354908,TCS
2020-01-02,1822.7041015625,2157.64990234375,2179.949951171875,2149.199951171875,2179.949951171875,2380752,TCS
2020-01-03,1859.0291748046875,2200.64990234375,2223.0,2164.0,2164.0,4655761,TCS
2020-01-06,1858.8599853515625,2200.449951171875,2225.949951171875,2187.89990234375,2205.0,3023209,TCS
2020-01-07,1863.42236328125,2205.85009765625,2214.64990234375,2183.800048828125,2200.5,2429317,TCS
2020-01-08,1905.153076171875,2255.25,2260.0,2202.050048828125,2205.0,5197454,TCS
2020-01-09,1870.6029052734373,2214.35009765625,2251.949951171875,2210.0,2248.75,3734173,TCS
2020-01-10,1869.927001953125,2213.550048828125,2234.0,2208.0,2228.0,1915807,TCS
2020-01-13,1850.328369140625,2190.35009765625,2218.949951171875,2184.699951171875,2217.85009765625,2843893,TCS
2020-01-14,1864.308349609375,2206.89990234375,2229.800048828125,2195.0,2195.0,2948452,TCS
2020-01-15,1881.204345703125,2226.89990234375,2231.0,2194.199951171875,2213.0,2620681,TCS
2020-01-16,1891.2567138671875,2238.800048828125,2249.0,2215.0,2226.949951171875,3117214,TCS
2020-01-17,1874.614990234375,2219.10009765625,2253.550048828125,2213.0,2240.75,3281059,TCS
2020-01-20,1833.4329833984373,2170.35009765625,2242.199951171875,2156.199951171875,2194.89990234375,5817599,TCS
2020-01-21,1834.0244140625,2171.050048828125,2186.550048828125,2158.050048828125,2169.949951171875,1902980,TCS
2020-01-22,1864.308349609375,2206.89990234375,2210.0,2173.699951171875,2181.0,1773686,TCS
2020-01-23,1855.0377197265625,2190.949951171875,2217.75,2183.699951171875,2209.800048828125,2069866,TCS
2020-01-24,1848.64501953125,2183.39990234375,2190.949951171875,2170.0,2190.949951171875,1319430,TCS
2020-01-27,1836.6646728515625,2169.25,2193.449951171875,2165.0,2189.699951171875,1549101,TCS
2020-01-28,1848.9415283203125,2183.75,2187.800048828125,2152.0,2174.0,1743024,TCS
2020-01-29,1824.2611083984373,2154.60009765625,2186.949951171875,2150.0,2185.0,2306761,TCS
2020-01-30,1810.07861328125,2137.85009765625,2165.0,2125.0,2160.0,2098567,TCS
2020-01-31,1760.293701171875,2079.050048828125,2144.35009765625,2071.60009765625,2139.39990234375,3287223,TCS
2020-02-03,1780.14892578125,2102.5,2194.699951171875,2093.199951171875,2152.0,4728073,TCS
2020-02-04,1784.593994140625,2107.75,2136.699951171875,2086.60009765625,2129.0,3509339,TCS
2020-02-05,1817.4451904296875,2146.550048828125,2156.699951171875,2104.300048828125,2115.0,2439322,TCS
2020-02-06,1802.0355224609373,2128.35009765625,2174.199951171875,2115.5,2145.0,2640065,TCS
2020-02-07,1808.9783935546875,2136.550048828125,2151.0,2119.0,2139.0,2083442,TCS
2020-02-10,1830.483642578125,2161.949951171875,2167.0,2119.0,2140.89990234375,2383032,TCS
2020-02-11,1823.2449951171875,2153.39990234375,2174.800048828125,2147.60009765625,2163.0,1335820,TCS
2020-02-12,1837.934814453125,2170.75,2185.0,2150.0,2151.10009765625,1620407,TCS
2020-02-13,1855.8843994140625,2191.949951171875,2197.0,2171.0,2172.949951171875,1645948,TCS
2020-02-14,1849.32275390625,2184.199951171875,2212.0,2171.0,2188.0,1500115,TCS
2020-02-17,1865.4520263671875,2203.25,2217.0,2190.199951171875,2196.949951171875,1774724,TCS
2020-02-18,1876.0357666015625,2215.75,2221.0,2186.050048828125,2199.949951171875,2486223,TCS
2020-02-19,1859.60986328125,2196.35009765625,2230.0,2190.5,2215.75,1760463,TCS
2020-02-20,1826.1231689453125,2156.800048828125,2214.39990234375,2151.25,2204.5,2317278,TCS
2020-02-24,1791.02880859375,2115.35009765625,2178.949951171875,2106.699951171875,2156.0,3092877,TCS
2020-02-25,1825.5731201171875,2156.14990234375,2176.64990234375,2111.0,2115.5,2674567,TCS
2020-02-26,1798.013671875,2123.60009765625,2163.89990234375,2112.949951171875,2154.0,2686842,TCS
2020-02-27,1782.6890869140625,2105.5,2119.949951171875,2086.199951171875,2119.949951171875,2349001,TCS
2020-02-28,1693.4908447265625,2000.1500244140625,2069.5,1990.0,2068.0,4298076,TCS
2020-03-02,1694.46484375,2001.300048828125,2053.949951171875,1985.699951171875,2035.0,2667076,TCS
2020-03-03,1724.0137939453125,2036.199951171875,2060.0,2012.0,2020.0,2757585,TCS
2020-03-04,1763.8077392578125,2083.199951171875,2094.449951171875,2025.0,2056.0,3237002,TCS
2020-03-05,1799.24169921875,2125.050048828125,2147.75,2084.050048828125,2085.699951171875,3937056,TCS
2020-03-06,1791.959716796875,2116.449951171875,2123.64990234375,2071.60009765625,2098.0,2595027,TCS
2020-03-09,1669.953125,1972.3499755859373,2079.89990234375,1935.0,2075.0,4940975,TCS
2020-03-11,1654.162353515625,1953.699951171875,1987.300048828125,1920.0,1933.0,6796449,TCS
2020-03-12,1498.5001220703125,1769.8499755859375,1908.4000244140625,1758.3499755859375,1904.0,8728786,TCS
2020-03-13,1529.3612060546875,1806.300048828125,1820.0,1506.050048828125,1687.9000244140625,8029720,TCS
2020-03-16,1436.3109130859375,1696.4000244140625,1842.25,1675.8499755859375,1755.0,7844271,TCS
2020-03-17,1403.7987060546875,1658.0,1731.0,1623.1500244140625,1730.0,5713248,TCS
2020-03-18,1400.75048828125,1654.4000244140625,1713.550048828125,1627.75,1676.800048828125,7258778,TCS
2020-03-19,1395.5908203125,1636.3499755859375,1685.449951171875,1546.75,1559.699951171875,5135111,TCS
2020-03-20,1532.9876708984375,1797.449951171875,1869.0,1627.0,1630.0,8547498,TCS
2020-03-23,1424.03369140625,1669.699951171875,1750.0,1617.75,1620.0,7003490,TCS
2020-03-24,1452.5625,1703.1500244140625,1770.0,1632.8499755859375,1653.050048828125,6350865,TCS
2020-03-25,1492.775390625,1750.300048828125,1810.0,1680.0,1700.0,2765520,TCS
2020-03-26,1527.4443359375,1790.949951171875,1832.050048828125,1722.550048828125,1831.5999755859373,4556067,TCS
2020-03-27,1556.0577392578125,1824.5,1850.0,1750.4000244140625,1820.0,4331250,TCS
2020-03-30,1516.825927734375,1778.5,1905.0,1763.550048828125,1766.0,8513547,TCS
2020-03-31,1557.4228515625,1826.0999755859373,1855.0,1780.0,1837.4000244140625,3927593,TCS
2020-04-01,1457.338134765625,1708.75,1834.75,1702.0,1825.9000244140625,4941878,TCS
2020-04-03,1410.814697265625,1654.199951171875,1740.0,1650.0,1740.0,5735369,TCS
2020-04-07,1514.0115966796875,1775.199951171875,1785.8499755859375,1705.0,1710.0,5427577,TCS
2020-04-08,1454.52392578125,1705.449951171875,1806.0,1701.0,1760.0,6285615,TCS
2020-04-09,1506.2930908203125,1766.1500244140625,1778.800048828125,1731.199951171875,1750.449951171875,5307397,TCS
2020-04-13,1500.4080810546875,1759.25,1787.0,1746.0,1761.0,2990438,TCS
2020-04-15,1479.854248046875,1735.1500244140625,1812.0,1727.800048828125,1785.0,4761399,TCS
2020-04-16,1463.5645751953125,1716.050048828125,1764.9000244140625,1675.050048828125,1709.949951171875,6245533,TCS
2020-04-17,1540.4503173828125,1806.199951171875,1851.949951171875,1753.0,1800.0,9895823,TCS
2020-04-20,1551.0684814453125,1818.6500244140625,1830.0,1802.5,1830.0,3244282,TCS
2020-04-21,1481.9864501953125,1737.6500244140625,1794.5999755859375,1727.699951171875,1765.0,5122541,TCS
2020-04-22,1509.150390625,1769.5,1790.0,1719.1500244140625,1737.6500244140625,3829836,TCS
2020-04-23,1601.8994140625,1878.25,1900.0,1760.8499755859375,1780.0,5934366,TCS
2020-04-24,1550.9833984375,1818.550048828125,1851.949951171875,1807.800048828125,1840.699951171875,2987102,TCS
2020-04-27,1566.3775634765625,1836.5999755859373,1875.0,1825.0,1832.300048828125,3374741,TCS
2020-04-28,1585.524658203125,1859.050048828125,1868.0,1832.5999755859373,1865.0,2678505,TCS
2020-04-29,1625.268310546875,1905.6500244140625,1912.550048828125,1850.050048828125,1874.0,4241510,TCS
2020-04-30,1718.060302734375,2014.449951171875,2032.0,1942.199951171875,1980.0,5915544,TCS
2020-05-04,1646.419189453125,1930.449951171875,1966.0,1913.6500244140625,1966.0,3729348,TCS
2020-05-05,1648.3809814453125,1932.75,1977.0,1927.0,1955.0999755859373,2905528,TCS
2020-05-06,1623.5198974609375,1903.5999755859373,1953.699951171875,1893.5999755859373,1939.800048828125,3517431,TCS
2020-05-07,1613.328125,1891.6500244140625,1934.449951171875,1883.3499755859373,1910.0,3166754,TCS
2020-05-08,1614.820556640625,1893.4000244140625,1939.5,1886.25,1939.0999755859373,2686530,TCS
2020-05-11,1650.555908203125,1935.300048828125,1951.4000244140625,1909.0,1909.0,2449841,TCS
2020-05-12,1662.6666259765625,1949.5,1956.5,1910.25,1933.4000244140625,3256595,TCS
2020-05-13,1662.794189453125,1949.6500244140625,1994.0,1925.6500244140625,1994.0,2656665,TCS
2020-05-14,1622.4539794921875,1902.3499755859373,1923.0999755859373,1891.0999755859373,1910.0,2263146,TCS
2020-05-15,1614.394287109375,1892.9000244140625,1917.4000244140625,1865.199951171875,1916.0,3173682,TCS
2020-05-18,1659.34033203125,1945.5999755859373,1952.949951171875,1872.0999755859373,1907.0,3727694,TCS
2020-05-19,1661.9410400390625,1948.6500244140625,1966.449951171875,1903.0,1903.0,3198693,TCS
2020-05-20,1666.163330078125,1953.5999755859373,1962.9000244140625,1931.699951171875,1950.0,2778505,TCS
2020-05-21,1698.2310791015625,1991.199951171875,1998.0,1941.1500244140625,1946.0,3400908,TCS
2020-05-22,1723.0924072265625,2020.3499755859373,2032.0,1961.25,1977.0999755859373,3663418,TCS
2020-05-26,1657.122802734375,1943.0,2024.0,1925.0,2015.0,4575317,TCS
2020-05-27,1710.25634765625,2005.300048828125,2010.0,1941.25,1959.0,3482160,TCS
2020-05-28,1709.40380859375,2004.300048828125,2014.0,1971.300048828125,1988.5,3475681,TCS
2020-05-29,1682.154541015625,1972.3499755859373,2002.6500244140625,1962.4000244140625,1982.0,7237735,TCS
2020-06-01,1744.3282470703125,2045.25,2060.0,1981.0999755859373,1990.0,3747773,TCS
2020-06-02,1745.948974609375,2047.1500244140625,2081.0,2040.050048828125,2060.199951171875,2443886,TCS
2020-06-03,1750.225830078125,2046.1500244140625,2063.75,2020.0,2051.85009765625,3699799,TCS
2020-06-04,1789.0599365234375,2091.550048828125,2100.0,2046.75,2046.75,4048593,TCS
2020-06-05,1752.022216796875,2048.25,2098.0,2040.300048828125,2091.60009765625,3573289,TCS
2020-06-08,1772.1234130859375,2071.75,2095.0,2062.10009765625,2078.25,2957841,TCS
2020-06-09,1772.3800048828125,2072.050048828125,2095.5,2060.25,2063.10009765625,2909439,TCS
2020-06-10,1803.7724609375,2108.75,2132.0,2073.5,2077.050048828125,5168397,TCS
2020-06-11,1768.6163330078125,2067.64990234375,2105.0,2061.800048828125,2100.0,2269513,TCS
2020-06-12,1744.5377197265625,2039.5,2049.199951171875,2011.0,2011.199951171875,2842642,TCS
2020-06-15,1736.326171875,2029.9000244140625,2059.0,2000.949951171875,2039.0999755859373,2399022,TCS
2020-06-16,1749.9267578125,2045.800048828125,2073.949951171875,2031.0,2065.0,2146528,TCS
2020-06-17,1751.6370849609375,2047.800048828125,2058.85009765625,2026.550048828125,2046.0,2703527,TCS
2020-06-18,1743.340087890625,2038.0999755859373,2059.199951171875,2025.199951171875,2045.0,1944389,TCS
2020-06-19,1748.89990234375,2044.5999755859373,2090.0,2032.0,2042.0,5681758,TCS
2020-06-22,1734.657958984375,2027.949951171875,2052.25,2019.1500244140625,2050.0,3196138,TCS
2020-06-23,1740.9451904296875,2035.300048828125,2044.0,2010.0,2027.0,4205944,TCS
2020-06-24,1746.8468017578125,2042.199951171875,2064.25,2031.5999755859373,2034.0,2560937,TCS
2020-06-25,1724.5220947265625,2016.0999755859373,2060.0,2009.25,2035.0,3043931,TCS
2020-06-26,1812.41162109375,2118.85009765625,2132.0,2019.949951171875,2025.0,6300722,TCS
2020-06-29,1797.69921875,2101.64990234375,2127.60009765625,2091.300048828125,2108.0,3076341,TCS
2020-06-30,1781.01904296875,2082.14990234375,2111.89990234375,2075.050048828125,2100.0,3071725,TCS
2020-07-01,1789.4874267578125,2092.050048828125,2113.949951171875,2079.5,2079.699951171875,2503466,TCS
2020-07-02,1845.1724853515625,2157.14990234375,2165.0,2098.0,2102.0,3758699,TCS
2020-07-03,1881.5257568359373,2199.64990234375,2205.0,2160.25,2163.64990234375,4185208,TCS
2020-07-06,1935.884765625,2263.199951171875,2269.89990234375,2205.0,2205.0,5190366,TCS
2020-07-07,1941.615966796875,2269.89990234375,2302.699951171875,2232.14990234375,2275.0,5630055,TCS
2020-07-08,1897.9918212890625,2218.89990234375,2274.39990234375,2207.60009765625,2270.0,2793358,TCS
2020-07-09,1885.5460205078125,2204.35009765625,2244.5,2191.050048828125,2229.0,3443998,TCS
2020-07-10,1900.9432373046875,2222.35009765625,2249.85009765625,2176.0,2205.25,9610320,TCS
2020-07-13,1898.9327392578125,2220.0,2244.949951171875,2210.0,2220.0,2963503,TCS
2020-07-14,1857.831787109375,2171.949951171875,2239.0,2165.0,2210.0,2976738,TCS
2020-07-15,1910.8223876953125,2233.89990234375,2260.0,2181.10009765625,2185.0,5569321,TCS
2020-07-16,1915.8372802734373,2234.75,2333.0,2220.10009765625,2244.0,8582118,TCS
2020-07-17,1886.68994140625,2200.75,2243.89990234375,2190.050048828125,2237.0,4509135,TCS
2020-07-20,1892.81884765625,2207.89990234375,2226.89990234375,2190.800048828125,2201.0,2952646,TCS
2020-07-21,1907.52197265625,2225.050048828125,2238.64990234375,2201.14990234375,2230.0,2665286,TCS
2020-07-22,1878.2886962890625,2190.949951171875,2231.0,2184.199951171875,2231.0,2861534,TCS
2020-07-23,1861.356689453125,2171.199951171875,2190.949951171875,2163.0,2190.949951171875,2265766,TCS
2020-07-24,1849.5260009765625,2157.39990234375,2163.0,2125.10009765625,2154.5,3665100,TCS
2020-07-27,1891.876220703125,2206.800048828125,2215.0,2163.5,2165.0,4248480,TCS
2020-07-28,1980.134521484375,2309.75,2320.0,2215.0,2215.0,8092319,TCS
2020-07-29,1951.24365234375,2276.050048828125,2342.0,2246.050048828125,2292.0,6090431,TCS
2020-07-30,1954.20166015625,2279.5,2358.0,2272.25,2285.89990234375,7098496,TCS
2020-07-31,1955.83056640625,2281.39990234375,2334.800048828125,2257.449951171875,2303.14990234375,4723290,TCS
2020-08-03,1932.4691162109373,2254.14990234375,2303.85009765625,2230.699951171875,2290.449951171875,4012337,TCS
2020-08-04,1928.654296875,2249.699951171875,2269.64990234375,2225.050048828125,2259.949951171875,2927928,TCS
2020-08-05,1937.055419921875,2259.5,2300.0,2253.0,2260.0,3800641,TCS
2020-08-06,1978.720458984375,2308.10009765625,2319.5,2265.35009765625,2275.0,4748047,TCS
2020-08-07,1967.7900390625,2295.35009765625,2328.0,2287.0,2308.0,3165491,TCS
2020-08-10,1957.03076171875,2282.800048828125,2325.0,2276.050048828125,2318.0,2929353,TCS
2020-08-11,1954.5447998046875,2279.89990234375,2312.0,2275.60009765625,2283.0,2774423,TCS
2020-08-12,1935.2127685546875,2257.35009765625,2296.39990234375,2246.550048828125,2288.35009765625,3415751,TCS
2020-08-13,1932.726806640625,2254.449951171875,2300.0,2250.5,2273.0,2695682,TCS
2020-08-14,1922.1812744140625,2242.14990234375,2281.300048828125,2233.10009765625,2277.0,2270405,TCS
2020-08-17,1931.82568359375,2253.39990234375,2270.0,2238.25,2263.0,2625630,TCS
2020-08-18,1945.843017578125,2269.75,2289.0,2248.300048828125,2262.800048828125,3493374,TCS
2020-08-19,1934.56982421875,2256.60009765625,2284.60009765625,2252.5,2276.35009765625,2843005,TCS
2020-08-20,1931.35546875,2252.85009765625,2276.550048828125,2240.050048828125,2257.0,2895164,TCS
2020-08-21,1927.71142578125,2248.60009765625,2271.0,2241.050048828125,2260.0,1975294,TCS
2020-08-24,1927.2825927734373,2248.10009765625,2259.949951171875,2230.0,2250.60009765625,2167966,TCS
2020-08-25,1922.60986328125,2242.64990234375,2250.0,2233.550048828125,2245.0,1663419,TCS
2020-08-26,1931.9117431640625,2253.5,2259.89990234375,2216.449951171875,2242.0,2618149,TCS
2020-08-27,1927.539794921875,2248.39990234375,2287.35009765625,2241.75,2266.0,3579393,TCS
2020-08-28,1919.095458984375,2238.550048828125,2279.949951171875,2235.10009765625,2268.39990234375,2941136,TCS
2020-08-31,1935.1265869140625,2257.25,2276.199951171875,2228.0,2240.0,6018154,TCS
2020-09-01,1925.7823486328125,2246.35009765625,2278.0,2241.300048828125,2269.0,3610908,TCS
2020-09-02,1941.8992919921875,2265.14990234375,2268.75,2241.64990234375,2247.0,2084137,TCS
2020-09-03,1971.3472900390625,2299.5,2324.0,2268.0,2268.0,4654146,TCS
2020-09-04,1962.175048828125,2288.800048828125,2324.25,2262.949951171875,2275.0,5231303,TCS
2020-09-07,1994.9658203125,2327.050048828125,2343.5,2283.35009765625,2289.0,4620401,TCS
2020-09-08,2013.097412109375,2348.199951171875,2390.449951171875,2327.050048828125,2335.949951171875,7453998,TCS
2020-09-09,1995.4801025390625,2327.64990234375,2359.0,2320.0,2325.0,3866535,TCS
2020-09-10,1998.480224609375,2331.14990234375,2348.5,2324.300048828125,2335.0,2308813,TCS
2020-09-11,2035.30126953125,2374.10009765625,2383.0,2330.14990234375,2330.949951171875,4145424,TCS
2020-09-14,2135.8623046875,2491.39990234375,2505.75,2381.85009765625,2384.10009765625,7512131,TCS
2020-09-15,2135.8623046875,2491.39990234375,2538.0,2464.60009765625,2491.39990234375,7318770,TCS
2020-09-16,2145.806640625,2503.0,2507.60009765625,2477.300048828125,2488.949951171875,3074003,TCS
2020-09-17,2109.756591796875,2460.949951171875,2495.75,2450.60009765625,2480.0,4828176,TCS
2020-09-18,2100.283935546875,2449.89990234375,2500.39990234375,2436.39990234375,2485.0,4183256,TCS
2020-09-21,2113.4873046875,2465.300048828125,2504.89990234375,2452.14990234375,2465.0,4598809,TCS
2020-09-22,2162.9091796875,2522.949951171875,2555.0,2458.0,2485.0,7499613,TCS
2020-09-23,2115.329833984375,2467.449951171875,2519.85009765625,2409.0,2510.0,7502280,TCS
2020-09-24,1999.4237060546875,2332.25,2450.0,2302.60009765625,2450.0,8424708,TCS
2020-09-25,2076.623046875,2422.300048828125,2440.0,2352.10009765625,2368.0,8228267,TCS
2020-09-28,2080.052734375,2426.300048828125,2444.0,2366.0,2440.0,4347166,TCS
2020-09-29,2133.2900390625,2488.39990234375,2511.050048828125,2426.300048828125,2434.85009765625,6995811,TCS
2020-09-30,2136.6337890625,2492.300048828125,2505.0,2460.0,2489.0,3917166,TCS
2020-10-01,2163.337890625,2523.449951171875,2540.0,2492.300048828125,2510.0,2610337,TCS
2020-10-05,2319.665771484375,2705.800048828125,2728.10009765625,2603.050048828125,2620.0,17412105,TCS
2020-10-06,2326.952880859375,2714.300048828125,2736.0,2650.10009765625,2736.0,9846367,TCS
2020-10-07,2345.512939453125,2735.949951171875,2770.0,2703.0,2742.0,9656101,TCS
2020-10-08,2422.455322265625,2825.699951171875,2885.0,2800.0,2800.0,19839329,TCS
2020-10-09,2411.525390625,2812.949951171875,2829.85009765625,2780.0,2810.0,7739245,TCS
2020-10-12,2426.1416015625,2830.0,2854.0,2800.75,2815.5,4623203,TCS
2020-10-13,2423.18408203125,2826.550048828125,2854.89990234375,2812.199951171875,2845.0,4209878,TCS
2020-10-14,2418.923095703125,2809.60009765625,2842.0,2787.550048828125,2842.0,4395936,TCS
2020-10-15,2359.51708984375,2740.60009765625,2827.75,2727.0,2811.0,6629355,TCS
2020-10-16,2379.061279296875,2763.300048828125,2771.64990234375,2731.300048828125,2750.10009765625,5273773,TCS
2020-10-19,2334.50634765625,2711.550048828125,2774.0,2706.60009765625,2774.0,3331194,TCS
2020-10-20,2358.139404296875,2739.0,2759.89990234375,2717.949951171875,2725.0,3406273,TCS
2020-10-21,2303.383056640625,2675.39990234375,2749.0,2663.050048828125,2739.0,4570143,TCS
2020-10-22,2299.72412109375,2671.14990234375,2686.64990234375,2638.10009765625,2661.0,5262294,TCS
2020-10-23,2313.197509765625,2686.800048828125,2702.0,2670.10009765625,2687.800048828125,3499091,TCS
2020-10-26,2314.403076171875,2688.199951171875,2709.949951171875,2670.5,2689.949951171875,2672752,TCS
2020-10-27,2264.425537109375,2630.14990234375,2718.14990234375,2624.10009765625,2699.75,3537502,TCS
2020-10-28,2257.580810546875,2622.199951171875,2655.949951171875,2606.0,2650.0,3569445,TCS
2020-10-29,2266.5771484375,2632.64990234375,2655.0,2600.25,2608.0,3105968,TCS
2020-10-30,2294.30029296875,2664.85009765625,2674.35009765625,2621.60009765625,2636.10009765625,3427003,TCS
2020-11-02,2242.427490234375,2604.60009765625,2664.85009765625,2600.050048828125,2660.0,2571196,TCS
2020-11-03,2267.395751953125,2633.60009765625,2665.0,2601.050048828125,2604.0,2879269,TCS
2020-11-04,2284.2265625,2653.14990234375,2721.85009765625,2610.0,2610.0,4893928,TCS
2020-11-05,2312.251220703125,2685.699951171875,2710.0,2667.0,2685.0,2816502,TCS
2020-11-06,2330.97607421875,2707.449951171875,2713.25,2681.300048828125,2699.0,3884421,TCS
2020-11-09,2347.46337890625,2726.60009765625,2744.0,2695.10009765625,2731.10009765625,3646592,TCS
2020-11-10,2281.170654296875,2649.60009765625,2713.14990234375,2638.35009765625,2697.199951171875,4760020,TCS
2020-11-11,2314.058349609375,2687.800048828125,2692.800048828125,2643.39990234375,2667.949951171875,3242441,TCS
2020-11-12,2299.6376953125,2671.050048828125,2713.0,2661.75,2686.0,2437505,TCS
2020-11-13,2287.41259765625,2656.85009765625,2664.89990234375,2636.0,2655.75,2548093,TCS
2020-11-14,2299.03515625,2670.35009765625,2689.0,2660.050048828125,2677.949951171875,298819,TCS
2020-11-17,2295.3330078125,2666.050048828125,2695.0,2650.050048828125,2695.0,2827273,TCS
2020-11-18,2261.411865234375,2626.64990234375,2664.199951171875,2607.050048828125,2661.0,2893762,TCS
2020-11-19,2270.23681640625,2636.89990234375,2676.14990234375,2630.85009765625,2637.0,4167501,TCS
2020-11-20,2290.34033203125,2660.25,2676.0,2627.550048828125,2655.0,2711471,TCS
2020-11-23,2345.440673828125,2724.25,2730.0,2665.0,2690.0,3706418,TCS
2020-11-24,2343.54638671875,2722.050048828125,2743.0,2705.0,2734.39990234375,3120516,TCS
2020-11-25,2325.681884765625,2701.300048828125,2732.949951171875,2688.199951171875,2729.0,3302249,TCS
2020-11-26,2342.2978515625,2720.60009765625,2730.949951171875,2680.0,2686.0,2341099,TCS
2020-11-27,2307.041748046875,2679.64990234375,2717.699951171875,2669.050048828125,2705.0,6086808,TCS
2020-12-01,2347.635498046875,2726.800048828125,2735.89990234375,2624.449951171875,2679.0,3605017,TCS
2020-12-02,2367.222900390625,2749.550048828125,2754.699951171875,2702.449951171875,2719.0,2509032,TCS
2020-12-03,2332.69873046875,2709.449951171875,2773.89990234375,2700.800048828125,2773.89990234375,2852548,TCS
2020-12-04,2348.28173828125,2727.550048828125,2738.85009765625,2699.0,2710.800048828125,2686527,TCS
2020-12-07,2357.02001953125,2737.699951171875,2744.0,2706.14990234375,2715.0,1996400,TCS
2020-12-08,2408.332763671875,2797.300048828125,2805.550048828125,2732.449951171875,2740.0,4277818,TCS
2020-12-09,2419.95556640625,2810.800048828125,2840.0,2793.14990234375,2815.0,3659996,TCS
2020-12-10,2397.140625,2784.300048828125,2827.300048828125,2780.25,2818.0,2127801,TCS
2020-12-11,2396.538330078125,2783.60009765625,2807.699951171875,2764.550048828125,2792.699951171875,1795408,TCS
2020-12-14,2408.677001953125,2797.699951171875,2804.0,2756.25,2802.0,2483658,TCS
2020-12-15,2377.5537109375,2761.550048828125,2794.699951171875,2755.0,2786.0,2365509,TCS
2020-12-16,2422.883056640625,2814.199951171875,2819.800048828125,2760.449951171875,2779.0,2565149,TCS
2020-12-17,2443.5458984375,2838.199951171875,2853.699951171875,2805.0,2811.0,2863460,TCS
2020-12-18,2463.175537109375,2861.0,2898.0,2846.199951171875,2868.0,6076692,TCS
2020-12-21,2428.005126953125,2820.14990234375,2886.5,2785.0,2861.0,2705195,TCS
2020-12-22,2473.076171875,2872.5,2883.64990234375,2818.64990234375,2834.0,2881737,TCS
2020-12-23,2504.285888671875,2908.75,2919.0,2865.449951171875,2876.050048828125,2790988,TCS
2020-12-24,2504.80224609375,2909.35009765625,2921.35009765625,2883.199951171875,2909.0,1807144,TCS
2020-12-28,2522.064208984375,2929.39990234375,2949.699951171875,2902.0,2910.0,2108994,TCS
2020-12-29,2523.01171875,2930.5,2952.0,2920.0,2920.0,1994151,TCS
2020-12-30,2504.7587890625,2909.300048828125,2947.699951171875,2902.0,2934.39990234375,2637968,TCS
2020-12-31,2464.681884765625,2862.75,2905.0,2845.0,2900.0,4040956,TCS
2021-01-01,2521.07421875,2928.25,2940.0,2879.0,2880.0,2681440,TCS
2021-01-04,2616.811279296875,3039.449951171875,3050.75,2940.949951171875,2950.0,5113293,TCS
2021-01-05,2662.91552734375,3093.0,3114.25,3039.60009765625,3039.60009765625,5801309,TCS
2021-01-06,2627.186279296875,3051.5,3113.5,3037.199951171875,3100.0,3726716,TCS
2021-01-07,2611.08642578125,3032.800048828125,3080.85009765625,3000.25,3075.0,3717827,TCS
2021-01-08,2686.935302734375,3120.89990234375,3128.0,3060.0,3090.0,5879039,TCS
2021-01-11,2734.761962890625,3176.449951171875,3230.0,3146.550048828125,3230.0,9508039,TCS
2021-01-12,2733.38427734375,3174.85009765625,3210.0,3150.0,3176.449951171875,3611458,TCS
2021-01-13,2719.69482421875,3158.949951171875,3177.0,3126.25,3175.0,3572801,TCS
2021-01-14,2804.013427734375,3250.699951171875,3266.5,3120.39990234375,3155.0,6931542,TCS
2021-01-15,2789.046630859375,3233.35009765625,3274.0,3210.0,3235.0,4131692,TCS
2021-01-18,2779.041259765625,3221.75,3256.75,3187.39990234375,3250.0,4160906,TCS
2021-01-19,2812.638671875,3260.699951171875,3279.0,3232.0,3233.0,2975735,TCS
2021-01-20,2854.12939453125,3308.800048828125,3327.949951171875,3267.10009765625,3270.0,3453446,TCS
2021-01-21,2823.981201171875,3273.85009765625,3309.14990234375,3262.10009765625,3305.0,2778546,TCS
2021-01-22,2849.21337890625,3303.10009765625,3325.0,3241.89990234375,3241.89990234375,3052459,TCS
2021-01-25,2839.033935546875,3291.300048828125,3339.800048828125,3278.64990234375,3308.949951171875,2272887,TCS
2021-01-27,2812.941162109375,3261.050048828125,3306.449951171875,3227.0,3300.0,2786662,TCS
2021-01-28,2757.30419921875,3196.550048828125,3275.0,3183.800048828125,3230.0,3083938,TCS
2021-01-29,2683.81201171875,3111.35009765625,3216.85009765625,3100.0,3210.050048828125,5445659,TCS
2021-02-01,2707.964111328125,3139.35009765625,3165.0,3044.10009765625,3100.0,3985846,TCS
2021-02-02,2763.256103515625,3203.449951171875,3224.0,3150.0,3174.0,2881837,TCS
2021-02-03,2760.322998046875,3200.050048828125,3236.0,3162.64990234375,3213.0,2505866,TCS
2021-02-04,2750.31689453125,3188.449951171875,3237.85009765625,3176.0,3216.050048828125,2057261,TCS
2021-02-05,2724.007568359375,3157.949951171875,3205.85009765625,3129.0,3198.949951171875,2366135,TCS
2021-02-08,2772.4423828125,3214.10009765625,3226.0,3155.14990234375,3189.5,2526592,TCS
2021-02-09,2740.353759765625,3176.89990234375,3245.800048828125,3164.0,3195.0,2658751,TCS
2021-02-10,2771.751708984375,3213.300048828125,3219.39990234375,3157.300048828125,3185.0,2127983,TCS
2021-02-11,2765.455322265625,3206.0,3219.300048828125,3185.050048828125,3215.0,1165882,TCS
2021-02-12,2752.34423828125,3190.800048828125,3245.5,3182.0,3184.199951171875,2777404,TCS
2021-02-15,2708.3955078125,3139.85009765625,3209.0,3131.550048828125,3209.0,2630853,TCS
2021-02-16,2681.612060546875,3108.800048828125,3167.64990234375,3100.0,3150.0,3435770,TCS
2021-02-17,2650.8173828125,3073.10009765625,3132.85009765625,3045.550048828125,3105.10009765625,3678426,TCS
2021-02-18,2637.232421875,3057.35009765625,3097.89990234375,3031.0,3065.0,4189909,TCS
2021-02-19,2649.739990234375,3071.85009765625,3087.14990234375,3016.14990234375,3058.0,3725028,TCS
2021-02-22,2551.921630859375,2958.449951171875,3096.0,2943.14990234375,3096.0,5366696,TCS
2021-02-23,2570.682861328125,2980.199951171875,3028.0,2968.0,2970.0,3832829,TCS
2021-02-24,2542.994384765625,2948.10009765625,3003.35009765625,2921.14990234375,2972.0,3774549,TCS
2021-02-25,2583.70849609375,2995.300048828125,3029.89990234375,2968.449951171875,2974.0,4224073,TCS
2021-02-26,2496.586669921875,2894.300048828125,2972.35009765625,2880.0,2960.0,5553153,TCS
2021-03-01,2522.37841796875,2924.199951171875,2965.0,2901.800048828125,2926.0,3265871,TCS
2021-03-02,2593.239501953125,3006.35009765625,3025.0,2948.0,2960.0,3306469,TCS
2021-03-03,2638.7412109375,3059.10009765625,3064.0,2996.89990234375,3035.0,3509857,TCS
2021-03-04,2630.6328125,3049.699951171875,3081.449951171875,3016.050048828125,3023.0,3916760,TCS
2021-03-05,2594.706298828125,3008.050048828125,3063.199951171875,2996.60009765625,3016.10009765625,3203686,TCS
2021-03-08,2593.75732421875,3006.949951171875,3033.0,2996.0,3016.0,2003125,TCS
2021-03-09,2631.7109375,3050.949951171875,3066.89990234375,2992.10009765625,3006.949951171875,1942397,TCS
2021-03-10,2648.962646484375,3070.949951171875,3093.199951171875,3060.0,3075.0,3053778,TCS
2021-03-12,2637.74951171875,3057.949951171875,3117.0,3041.35009765625,3075.0,2938317,TCS
2021-03-15,2644.82275390625,3066.14990234375,3099.0,3041.0,3041.0,3097083,TCS
2021-03-16,2682.690185546875,3110.050048828125,3141.0,3060.0,3060.0,4894756,TCS
2021-03-17,2685.191650390625,3112.949951171875,3155.0,3085.300048828125,3105.0,3838390,TCS
2021-03-18,2619.2470703125,3036.5,3146.449951171875,2987.050048828125,3125.949951171875,3656306,TCS
2021-03-19,2631.064453125,3050.199951171875,3099.0,3005.0,3030.0,5776626,TCS
2021-03-22,2699.5966796875,3129.64990234375,3139.449951171875,3018.64990234375,3048.699951171875,2821646,TCS
2021-03-23,2710.767333984375,3142.60009765625,3169.0,3122.85009765625,3140.0,3305973,TCS
2021-03-24,2692.2216796875,3121.10009765625,3152.300048828125,3111.14990234375,3111.199951171875,2207104,TCS
2021-03-25,2643.701171875,3064.85009765625,3130.85009765625,3050.0,3112.199951171875,3179786,TCS
2021-03-26,2645.38330078125,3066.800048828125,3118.0,3043.050048828125,3090.64990234375,3697370,TCS
2021-03-30,2724.525634765625,3158.550048828125,3188.449951171875,3060.89990234375,3083.0,4694008,TCS
2021-03-31,2741.173583984375,3177.85009765625,3205.0,3132.0,3155.0,3530069,TCS
2021-04-01,2730.0888671875,3165.0,3215.0,3145.0,3191.10009765625,4285076,TCS
2021-04-05,2793.83447265625,3238.89990234375,3263.0,3151.0,3171.0,5317862,TCS
2021-04-06,2816.08935546875,3264.699951171875,3275.0,3230.0,3275.0,2291562,TCS
2021-04-07,2821.8681640625,3271.39990234375,3277.550048828125,3234.800048828125,3259.0,2491268,TCS
2021-04-08,2861.50439453125,3317.35009765625,3335.0,3266.050048828125,3270.0,2578118,TCS
2021-04-09,2865.731201171875,3322.25,3354.35009765625,3308.0,3354.0,2911129,TCS
2021-04-12,2800.432861328125,3246.550048828125,3338.10009765625,3213.199951171875,3322.25,3791828,TCS
2021-04-13,2677.514892578125,3104.050048828125,3214.0,3073.050048828125,3214.0,8654596,TCS
2021-04-15,2776.625732421875,3218.949951171875,3237.25,3087.449951171875,3160.300048828125,6062760,TCS
2021-04-16,2756.09619140625,3195.14990234375,3247.0,3182.60009765625,3229.0,3224657,TCS
2021-04-19,2727.3291015625,3161.800048828125,3189.0,3135.10009765625,3169.0,2679106,TCS
2021-04-20,2712.44970703125,3144.550048828125,3225.35009765625,3126.35009765625,3225.0,3141893,TCS
2021-04-22,2690.23779296875,3118.800048828125,3148.0,3105.25,3148.0,1988980,TCS
2021-04-23,2682.2158203125,3109.5,3119.0,3091.050048828125,3105.0,1615309,TCS
2021-04-26,2674.711181640625,3100.800048828125,3153.0,3088.050048828125,3102.050048828125,2490260,TCS
2021-04-27,2701.623779296875,3132.0,3136.10009765625,3103.0,3106.0,1471417,TCS
2021-04-28,2694.80908203125,3124.10009765625,3151.0,3112.0,3149.949951171875,1639037,TCS
2021-04-29,2687.17529296875,3115.25,3157.35009765625,3105.5,3145.60009765625,1621395,TCS
2021-04-30,2618.513671875,3035.64990234375,3132.050048828125,3020.0,3099.0,3072305,TCS
2021-05-03,2619.67822265625,3037.0,3055.0,3004.0,3024.89990234375,1545831,TCS
2021-05-04,2630.67578125,3049.75,3090.0,3035.0,3062.800048828125,1990777,TCS
2021-05-05,2670.311767578125,3095.699951171875,3099.39990234375,3052.39990234375,3070.0,1939289,TCS
2021-05-06,2683.897705078125,3111.449951171875,3134.0,3074.0,3105.5,1791671,TCS
2021-05-07,2702.399658203125,3132.89990234375,3159.85009765625,3111.800048828125,3133.0,1912540,TCS
2021-05-10,2713.269287109375,3145.5,3164.199951171875,3125.0,3145.949951171875,2137153,TCS
2021-05-11,2693.515380859375,3122.60009765625,3128.10009765625,3091.14990234375,3125.0,2415625,TCS
2021-05-12,2663.324951171875,3087.60009765625,3120.0,3070.60009765625,3120.0,1978558,TCS
2021-05-14,2632.186279296875,3051.5,3098.5,3040.0,3098.5,2043935,TCS
2021-05-17,2647.928466796875,3069.75,3075.199951171875,3036.0,3055.0,2890462,TCS
2021-05-18,2664.3603515625,3088.800048828125,3124.0,3078.0,3100.0,2098538,TCS
2021-05-19,2658.494140625,3082.0,3118.0,3067.10009765625,3084.0,1986041,TCS
2021-05-20,2639.517822265625,3060.0,3088.800048828125,3052.10009765625,3067.10009765625,2329027,TCS
2021-05-21,2657.201171875,3080.5,3088.199951171875,3055.10009765625,3061.0,1685566,TCS
2021-05-24,2658.063232421875,3081.5,3105.0,3072.0,3081.5,1652260,TCS
2021-05-25,2699.236328125,3114.0,3128.25,3082.10009765625,3092.0,1841613,TCS
2021-05-26,2737.809814453125,3158.5,3165.0,3103.800048828125,3120.0,1923753,TCS
2021-05-27,2756.445556640625,3180.0,3217.75,3161.800048828125,3161.949951171875,5959785,TCS
2021-05-28,2724.894287109375,3143.60009765625,3198.0,3135.64990234375,3189.5,1763701,TCS
2021-05-31,2738.37255859375,3159.14990234375,3170.35009765625,3128.60009765625,3150.0,1652799,TCS
2021-06-01,2733.042236328125,3153.0,3169.949951171875,3132.0,3168.60009765625,1377441,TCS
2021-06-02,2712.62890625,3129.449951171875,3159.449951171875,3115.0,3150.85009765625,2240078,TCS
2021-06-03,2722.85693359375,3141.25,3154.550048828125,3122.64990234375,3154.550048828125,1281706,TCS
2021-06-04,2725.0244140625,3143.75,3156.85009765625,3125.0,3128.0,1836060,TCS
2021-06-07,2759.219482421875,3183.199951171875,3190.449951171875,3133.60009765625,3145.0,2559821,TCS
2021-06-08,2773.911865234375,3200.14990234375,3231.0,3187.199951171875,3198.0,2574057,TCS
2021-06-09,2773.998291015625,3200.25,3220.0,3186.199951171875,3202.0,1710925,TCS
2021-06-10,2788.343994140625,3216.800048828125,3224.0,3193.0,3210.0,1874324,TCS
2021-06-11,2837.752685546875,3273.800048828125,3309.0,3211.0,3211.550048828125,3452954,TCS
2021-06-14,2839.962646484375,3276.35009765625,3308.699951171875,3270.35009765625,3279.0,1847360,TCS
2021-06-15,2828.174072265625,3262.75,3298.0,3251.550048828125,3298.0,1304985,TCS
2021-06-16,2838.228759765625,3274.35009765625,3294.699951171875,3253.0,3262.10009765625,1635552,TCS
2021-06-17,2875.848388671875,3317.75,3336.050048828125,3260.0,3265.5,2273413,TCS
2021-06-18,2858.1220703125,3297.300048828125,3358.0,3275.0,3350.89990234375,3380431,TCS
2021-06-21,2837.145751953125,3273.10009765625,3286.0,3251.699951171875,3265.0,1130569,TCS
2021-06-22,2861.502197265625,3301.199951171875,3327.050048828125,3285.0,3304.0,1708688,TCS
2021-06-23,2827.003662109375,3261.39990234375,3329.0,3256.39990234375,3329.0,1467104,TCS
2021-06-24,2924.25927734375,3373.60009765625,3383.0,3278.5,3284.0,4155204,TCS
2021-06-25,2930.50048828125,3380.800048828125,3399.64990234375,3350.0,3375.25,2722861,TCS
2021-06-28,2892.31787109375,3336.75,3391.5,3333.0,3391.5,1355238,TCS
2021-06-29,2895.871826171875,3340.85009765625,3366.300048828125,3326.5,3342.0,1497322,TCS
2021-06-30,2900.11865234375,3345.75,3382.0,3338.5,3346.0,1693146,TCS
2021-07-01,2896.4345703125,3341.5,3362.0,3332.35009765625,3358.0,990310,TCS
2021-07-02,2882.52294921875,3325.449951171875,3339.699951171875,3295.199951171875,3331.0,1682274,TCS
2021-07-05,2878.665283203125,3321.0,3374.0,3302.0,3342.0,1972858,TCS
2021-07-06,2827.7841796875,3262.300048828125,3328.0,3256.10009765625,3313.0,2159420,TCS
2021-07-07,2838.74853515625,3274.949951171875,3282.699951171875,3241.60009765625,3275.0,2640710,TCS
2021-07-08,2824.48974609375,3258.5,3298.0,3231.89990234375,3298.0,2485811,TCS
2021-07-09,2780.84619140625,3208.14990234375,3282.0,3201.0,3250.0,6365067,TCS
2021-07-12,2767.801025390625,3193.10009765625,3236.0,3188.35009765625,3235.0,1892226,TCS
2021-07-13,2762.98974609375,3187.550048828125,3214.0,3175.0,3214.0,1809339,TCS
2021-07-14,2786.39404296875,3214.550048828125,3222.0,3185.0,3187.0,2044279,TCS
2021-07-15,2782.39794921875,3202.949951171875,3231.85009765625,3194.0,3227.60009765625,2232968,TCS
2021-07-16,2775.318359375,3194.800048828125,3219.85009765625,3192.0,3213.0,1256526,TCS
2021-07-19,2766.45703125,3184.60009765625,3199.800048828125,3176.0,3180.0,1597058,TCS
2021-07-20,2784.87353515625,3205.800048828125,3215.0,3156.14990234375,3184.60009765625,1811945,TCS
2021-07-22,2794.038330078125,3216.35009765625,3224.949951171875,3190.0,3190.0,2859334,TCS
2021-07-23,2790.998779296875,3212.85009765625,3241.550048828125,3206.64990234375,3230.0,1776193,TCS
2021-07-26,2777.706787109375,3197.550048828125,3224.25,3190.85009765625,3200.0,1259611,TCS
2021-07-27,2765.024169921875,3182.949951171875,3210.0,3161.14990234375,3200.0,1121367,TCS
2021-07-28,2777.923828125,3197.800048828125,3204.449951171875,3132.39990234375,3188.0,1660654,TCS
2021-07-29,2776.1865234375,3195.800048828125,3225.449951171875,3190.300048828125,3200.25,1731997,TCS
2021-07-30,2751.5595703125,3167.449951171875,3223.5,3162.35009765625,3219.0,2999943,TCS
2021-08-02,2796.687744140625,3219.39990234375,3224.89990234375,3167.0,3180.0,2608669,TCS
2021-08-03,2853.587890625,3284.89990234375,3290.0,3218.949951171875,3229.0,3804735,TCS
2021-08-04,2844.075927734375,3273.949951171875,3305.199951171875,3261.199951171875,3300.0,2929598,TCS
2021-08-05,2852.76220703125,3283.949951171875,3315.0,3262.5,3275.0,2534521,TCS
2021-08-06,2875.21826171875,3309.800048828125,3324.0,3265.0,3272.550048828125,2292362,TCS
2021-08-09,2886.424560546875,3322.699951171875,3337.0,3310.0,3323.89990234375,1510489,TCS
2021-08-10,2896.154052734375,3333.89990234375,3349.89990234375,3315.60009765625,3315.60009765625,2040777,TCS
2021-08-11,2905.10107421875,3344.199951171875,3360.0,3327.10009765625,3350.0,1929707,TCS
2021-08-12,2911.66064453125,3351.75,3368.0,3326.0,3326.0,1310205,TCS
2021-08-13,3008.650390625,3463.39990234375,3480.0,3357.5,3360.75,4363584,TCS
2021-08-16,3016.946533203125,3472.949951171875,3494.35009765625,3436.5,3460.0,2083489,TCS
2021-08-17,3086.529296875,3553.050048828125,3560.800048828125,3463.0,3482.10009765625,4336019,TCS
2021-08-18,3093.044677734375,3560.550048828125,3595.0,3536.60009765625,3573.85009765625,2631309,TCS
2021-08-20,3092.132080078125,3559.5,3575.0,3500.0,3506.0,2836148,TCS
2021-08-23,3159.8037109375,3637.39990234375,3673.0,3561.89990234375,3580.0,3744176,TCS
2021-08-24,3138.78076171875,3613.199951171875,3667.35009765625,3594.39990234375,3657.0,2511141,TCS
2021-08-25,3178.56787109375,3659.0,3697.75,3607.050048828125,3610.0,2123263,TCS
2021-08-26,3189.73095703125,3671.85009765625,3687.60009765625,3647.89990234375,3660.0,1902533,TCS
2021-08-27,3231.688720703125,3720.14990234375,3729.5,3651.10009765625,3666.0,3944728,TCS
2021-08-30,3215.3134765625,3701.300048828125,3740.35009765625,3687.60009765625,3715.0,2033114,TCS
2021-08-31,3289.282958984375,3786.449951171875,3804.10009765625,3703.449951171875,3709.39990234375,3207480,TCS
2021-09-01,3227.1708984375,3714.949951171875,3816.699951171875,3707.0,3796.0,2643336,TCS
2021-09-02,3332.97900390625,3836.75,3859.14990234375,3722.0,3734.0,3403717,TCS
2021-09-03,3337.583251953125,3842.050048828125,3856.89990234375,3804.550048828125,3825.0,1746812,TCS
2021-09-06,3346.2265625,3852.0,3877.60009765625,3814.0,3849.699951171875,1723693,TCS
2021-09-07,3314.866455078125,3815.89990234375,3869.949951171875,3808.25,3864.0,1585039,TCS
2021-09-08,3278.598388671875,3774.14990234375,3815.0,3756.0,3810.0,4147175,TCS
2021-09-09,3293.583251953125,3791.39990234375,3808.699951171875,3765.0,3789.699951171875,1441148,TCS
2021-09-13,3340.44970703125,3845.35009765625,3852.39990234375,3767.0,3767.0,1691473,TCS
2021-09-14,3375.67529296875,3885.89990234375,3896.5,3825.0,3849.949951171875,1991188,TCS
2021-09-15,3435.311767578125,3954.550048828125,3980.0,3866.0,3882.10009765625,2461369,TCS
2021-09-16,3390.790771484375,3903.300048828125,3981.75,3892.10009765625,3930.0,2946666,TCS
2021-09-17,3325.24755859375,3827.85009765625,3945.0,3805.0,3920.0,6477148,TCS
2021-09-20,3321.468994140625,3823.5,3871.0,3807.85009765625,3809.0,2002008,TCS
2021-09-21,3355.739013671875,3862.949951171875,3871.550048828125,3821.64990234375,3858.0,1568129,TCS
2021-09-22,3355.043701171875,3862.14990234375,3896.85009765625,3852.449951171875,3862.5,1744067,TCS
2021-09-23,3361.21142578125,3869.25,3879.0,3835.0,3870.0,2003869,TCS
2021-09-24,3362.9921875,3871.300048828125,3944.39990234375,3855.0,3890.0,2320754,TCS
2021-09-27,3333.152587890625,3836.949951171875,3904.0,3802.89990234375,3900.0,1673362,TCS
2021-09-28,3282.942138671875,3779.14990234375,3850.0,3751.25,3850.0,2253075,TCS
2021-09-29,3294.01806640625,3791.89990234375,3806.0,3722.14990234375,3759.800048828125,2489161,TCS
2021-09-30,3279.81494140625,3775.550048828125,3805.0,3750.10009765625,3805.0,2252412,TCS
2021-10-01,3240.419677734375,3730.199951171875,3810.0,3725.0,3781.75,1578374,TCS
2021-10-04,3277.85986328125,3773.300048828125,3783.64990234375,3707.449951171875,3724.800048828125,1356860,TCS
2021-10-05,3329.98193359375,3833.300048828125,3840.0,3741.60009765625,3754.0,1877966,TCS
2021-10-06,3310.522705078125,3810.89990234375,3857.449951171875,3795.0,3836.0,1678154,TCS
2021-10-07,3381.75634765625,3892.89990234375,3899.0,3820.050048828125,3830.0,1647233,TCS
2021-10-08,3418.893310546875,3935.64990234375,3989.89990234375,3900.0,3925.0,2934339,TCS
2021-10-11,3201.67529296875,3685.60009765625,3757.5,3660.0,3755.0,11845402,TCS
2021-10-12,3173.2255859375,3652.85009765625,3707.0,3630.60009765625,3706.0,5752877,TCS
2021-10-13,3175.266845703125,3655.199951171875,3675.449951171875,3645.0,3650.0,3545655,TCS
2021-10-14,3143.2802734375,3611.449951171875,3670.0,3608.199951171875,3625.0,6442299,TCS
2021-10-18,3174.352783203125,3647.14990234375,3652.699951171875,3601.449951171875,3603.449951171875,3590107,TCS
2021-10-19,3163.03759765625,3634.14990234375,3690.10009765625,3625.199951171875,3669.0,3135441,TCS
2021-10-20,3141.018798828125,3608.85009765625,3630.0,3578.300048828125,3612.0,2933693,TCS
2021-10-21,3074.566162109375,3532.5,3607.449951171875,3511.25,3604.10009765625,4871211,TCS
2021-10-22,3045.27783203125,3498.85009765625,3561.60009765625,3485.0,3560.0,2691670,TCS
2021-10-25,3040.14208984375,3492.949951171875,3514.550048828125,3450.0,3503.0,2595594,TCS
2021-10-26,3031.134765625,3482.60009765625,3529.0,3475.0,3494.5,3878763,TCS
2021-10-27,3037.357666015625,3489.75,3511.25,3483.0,3483.0,2510813,TCS
2021-10-28,2978.085205078125,3421.64990234375,3518.0,3415.0,3518.0,2424942,TCS
2021-10-29,2957.2841796875,3397.75,3461.0,3385.949951171875,3400.050048828125,3960501,TCS
2021-11-01,3025.737548828125,3476.39990234375,3487.0,3412.949951171875,3437.949951171875,2020718,TCS
2021-11-02,3032.527099609375,3484.199951171875,3513.60009765625,3469.75,3494.0,3087414,TCS
2021-11-03,3039.53369140625,3492.25,3519.89990234375,3466.050048828125,3504.199951171875,1537639,TCS
2021-11-04,3053.807373046875,3508.64990234375,3513.25,3505.0,3512.949951171875,328991,TCS
2021-11-08,3048.671875,3502.75,3548.0,3481.199951171875,3548.0,2526082,TCS
2021-11-09,3051.23974609375,3505.699951171875,3535.0,3496.0,3508.0,1782692,TCS
2021-11-10,3032.614013671875,3484.300048828125,3519.699951171875,3480.199951171875,3498.0,1516489,TCS
2021-11-11,3036.008056640625,3488.199951171875,3510.050048828125,3436.0,3480.0,1284514,TCS
2021-11-12,3068.95166015625,3526.050048828125,3534.14990234375,3485.699951171875,3506.0,1747259,TCS
2021-11-15,3092.669189453125,3553.300048828125,3569.60009765625,3528.0,3528.0,1809157,TCS
2021-11-16,3095.3671875,3556.39990234375,3575.550048828125,3542.0,3569.0,2013204,TCS
2021-11-17,3065.339599609375,3521.89990234375,3562.85009765625,3506.39990234375,3550.60009765625,1632914,TCS
2021-11-18,3025.12841796875,3475.699951171875,3520.85009765625,3451.60009765625,3515.14990234375,2136598,TCS
2021-11-22,3010.071044921875,3458.39990234375,3515.949951171875,3440.300048828125,3478.39990234375,3167936,TCS
2021-11-23,3015.1630859375,3464.25,3480.949951171875,3407.800048828125,3445.0,2153461,TCS
2021-11-24,2996.928466796875,3443.300048828125,3493.050048828125,3424.0,3472.199951171875,2161746,TCS
2021-11-25,2999.19189453125,3445.89990234375,3463.0,3434.050048828125,3443.89990234375,1849619,TCS
2021-11-26,3000.01953125,3446.85009765625,3490.0,3411.89990234375,3425.0,1941251,TCS
2021-11-29,3048.019287109375,3502.0,3529.35009765625,3406.449951171875,3447.14990234375,2981745,TCS
2021-11-30,3071.650146484375,3529.14990234375,3563.75,3491.0,3491.0,5588446,TCS
2021-12-01,3113.9931640625,3577.800048828125,3590.0,3535.0,3535.0,2102118,TCS
2021-12-02,3170.654052734375,3642.89990234375,3648.0,3574.10009765625,3589.199951171875,3152938,TCS
2021-12-03,3168.521484375,3640.449951171875,3665.949951171875,3630.85009765625,3646.449951171875,2486263,TCS
2021-12-06,3077.9599609375,3536.39990234375,3658.0,3522.0,3640.449951171875,1849642,TCS
2021-12-07,3119.8251953125,3584.5,3598.0,3524.300048828125,3562.5,1484458,TCS
2021-12-08,3156.72802734375,3626.89990234375,3646.449951171875,3601.0,3601.0,1428660,TCS
2021-12-09,3134.838134765625,3601.75,3634.75,3566.0,3610.0,1567957,TCS
2021-12-10,3165.3447265625,3636.800048828125,3642.0,3575.10009765625,3585.0,1510718,TCS
2021-12-13,3141.71435546875,3609.64990234375,3662.0,3601.699951171875,3650.0,1883864,TCS
2021-12-14,3154.029541015625,3623.800048828125,3635.0,3576.699951171875,3605.0,1747007,TCS
2021-12-15,3107.508544921875,3570.35009765625,3623.0,3558.14990234375,3620.0,1603233,TCS
2021-12-16,3117.300537109375,3581.60009765625,3608.449951171875,3570.0,3582.0,2072320,TCS
2021-12-17,3119.6943359375,3584.35009765625,3651.35009765625,3573.699951171875,3602.5,4333992,TCS
2021-12-20,3095.802490234375,3556.89990234375,3606.0,3510.14990234375,3589.0,2312310,TCS
2021-12-21,3140.53857421875,3608.300048828125,3641.199951171875,3566.39990234375,3582.64990234375,2340989,TCS
2021-12-22,3160.078857421875,3630.75,3636.800048828125,3606.25,3624.0,1224328,TCS
2021-12-23,3187.886962890625,3662.699951171875,3670.5,3630.0,3648.0,1792861,TCS
2021-12-24,3195.02392578125,3670.89990234375,3705.0,3644.800048828125,3685.0,2209923,TCS
2021-12-27,3216.957275390625,3696.10009765625,3700.0,3653.10009765625,3671.0,1534135,TCS
2021-12-28,3226.052978515625,3706.550048828125,3725.0,3693.85009765625,3710.0,1456218,TCS
2021-12-29,3215.73828125,3694.699951171875,3719.949951171875,3685.0,3692.25,1456923,TCS
2021-12-30,3249.7265625,3733.75,3740.0,3680.0,3681.35009765625,1966475,TCS
2021-12-31,3253.73046875,3738.35009765625,3760.0,3731.300048828125,3742.800048828125,1207141,TCS
2022-01-03,3322.837646484375,3817.75,3830.0,3745.0,3750.0,2346158,TCS
2022-01-04,3381.152099609375,3884.75,3889.14990234375,3811.699951171875,3831.10009765625,2488606,TCS
2022-01-05,3360.4365234375,3860.949951171875,3870.0,3812.39990234375,3865.0,1733031,TCS
2022-01-06,3313.872314453125,3807.449951171875,3835.0,3772.0,3812.0,1810293,TCS
2022-01-07,3353.952392578125,3853.5,3864.89990234375,3796.39990234375,3820.0,2460591,TCS
2022-01-10,3376.886962890625,3879.85009765625,3978.0,3861.0,3978.0,3937092,TCS
2022-01-11,3408.263671875,3915.89990234375,3925.0,3856.0,3856.0,1906106,TCS
2022-01-12,3359.523193359375,3859.89990234375,3929.0,3836.550048828125,3925.0,3203744,TCS
2022-01-13,3392.5966796875,3897.89990234375,3923.0,3857.0,3918.0,6684507,TCS
2022-01-14,3453.740234375,3968.14990234375,3977.0,3860.050048828125,3877.85009765625,3348123,TCS
2022-01-17,3498.12890625,4019.14990234375,4043.0,3962.300048828125,3992.699951171875,3442604,TCS
2022-01-18,3473.280029296875,3990.60009765625,4041.699951171875,3980.0,4033.949951171875,2389041,TCS
2022-01-19,3413.1630859375,3914.64990234375,4012.0,3910.5,4012.0,3102539,TCS
2022-01-20,3336.34912109375,3826.550048828125,3920.0,3811.0,3910.0,6176776,TCS
2022-01-21,3342.40869140625,3833.5,3851.550048828125,3771.10009765625,3807.0,3112358,TCS
2022-01-24,3288.219970703125,3771.35009765625,3849.64990234375,3740.10009765625,3840.0,3258414,TCS
2022-01-25,3286.955810546875,3769.89990234375,3809.39990234375,3722.199951171875,3769.5,3330501,TCS
2022-01-27,3181.761962890625,3649.25,3733.39990234375,3625.10009765625,3731.0,5718297,TCS
2022-01-28,3217.3349609375,3690.050048828125,3729.800048828125,3646.0,3646.0,3143862,TCS
2022-01-31,3257.616455078125,3736.25,3758.0,3721.39990234375,3749.0,2739393,TCS
2022-02-01,3313.7666015625,3800.64990234375,3808.0,3736.39990234375,3770.0,2105169,TCS
2022-02-02,3362.200439453125,3856.199951171875,3864.0,3800.64990234375,3827.89990234375,1984212,TCS
2022-02-03,3334.648681640625,3824.60009765625,3882.5,3816.050048828125,3851.0,1960538,TCS
2022-02-04,3326.191162109375,3814.89990234375,3824.699951171875,3769.0,3815.300048828125,2307366,TCS
2022-02-07,3294.889892578125,3779.0,3831.800048828125,3756.14990234375,3791.0,1919149,TCS
2022-02-08,3263.894775390625,3743.449951171875,3799.699951171875,3721.0,3791.550048828125,2946443,TCS
2022-02-09,3278.803955078125,3760.550048828125,3777.949951171875,3746.10009765625,3750.0,1638721,TCS
2022-02-10,3287.3486328125,3770.35009765625,3789.800048828125,3758.0,3789.800048828125,2112459,TCS
2022-02-11,3221.607421875,3694.949951171875,3752.5,3690.0,3752.5,3851488,TCS
2022-02-14,3255.436767578125,3733.75,3793.25,3710.0,3724.0,5951745,TCS
2022-02-15,3328.7197265625,3817.800048828125,3835.0,3748.0,3786.0,3931683,TCS
2022-02-16,3324.62158203125,3813.10009765625,3854.10009765625,3806.0,3844.0,3256906,TCS
2022-02-17,3299.424072265625,3784.199951171875,3835.0,3779.0,3825.0,3134372,TCS
2022-02-18,3307.88134765625,3793.89990234375,3815.949951171875,3757.60009765625,3769.0,3688883,TCS
2022-02-21,3242.925048828125,3719.39990234375,3827.800048828125,3705.550048828125,3810.0,7465922,TCS
2022-02-22,3126.963134765625,3586.39990234375,3667.89990234375,3570.0,3650.0,5408531,TCS
2022-02-23,3107.2578125,3563.800048828125,3622.89990234375,3555.64990234375,3611.0,2426203,TCS
2022-02-24,2965.880615234375,3401.64990234375,3483.85009765625,3391.10009765625,3474.0,5039136,TCS
2022-02-25,3069.723876953125,3520.75,3530.0,3462.0,3468.0,2549723,TCS
2022-02-28,3098.887939453125,3554.199951171875,3563.75,3455.89990234375,3490.0,3288942,TCS
2022-03-02,3091.869384765625,3546.14990234375,3571.949951171875,3506.0,3552.5,2761341,TCS
2022-03-03,3090.343505859375,3544.39990234375,3578.60009765625,3530.10009765625,3562.85009765625,1928039,TCS
2022-03-04,3072.8623046875,3524.35009765625,3561.199951171875,3487.050048828125,3501.5,2370257,TCS
2022-03-07,3038.465576171875,3484.89990234375,3548.0,3431.550048828125,3450.0,3054130,TCS
2022-03-08,3138.777099609375,3599.949951171875,3609.0,3460.0,3460.0,3300992,TCS
2022-03-09,3167.24462890625,3632.60009765625,3654.0,3597.050048828125,3605.0,2719654,TCS
2022-03-10,3157.087158203125,3620.949951171875,3684.0,3615.0,3684.0,2005441,TCS
2022-03-11,3138.080078125,3599.14990234375,3639.85009765625,3592.85009765625,3603.25,1623423,TCS
2022-03-14,3176.3125,3643.0,3648.35009765625,3580.0,3580.0,1765688,TCS
2022-03-15,3133.502685546875,3593.89990234375,3659.0,3585.39990234375,3659.0,3651133,TCS
2022-03-16,3187.5595703125,3655.89990234375,3668.0,3616.25,3640.5,3090475,TCS
2022-03-17,3202.251708984375,3672.75,3710.0,3660.300048828125,3696.60009765625,3600452,TCS
2022-03-21,3162.100341796875,3626.699951171875,3713.949951171875,3615.0,3696.0,2413831,TCS
2022-03-22,3226.8388671875,3700.949951171875,3711.0,3625.0,3640.0,2907611,TCS
2022-03-23,3236.82177734375,3712.39990234375,3729.800048828125,3690.0,3708.0,1596195,TCS
2022-03-24,3269.474609375,3749.85009765625,3758.199951171875,3695.0,3700.0,1879046,TCS
2022-03-25,3232.505859375,3707.449951171875,3779.5,3672.0,3759.89990234375,1690133,TCS
2022-03-28,3232.723876953125,3707.699951171875,3713.0,3661.199951171875,3695.0,1760990,TCS
2022-03-29,3230.675048828125,3705.35009765625,3722.0,3691.0,3694.75,2689063,TCS
2022-03-30,3253.518798828125,3731.550048828125,3738.0,3706.199951171875,3738.0,1583455,TCS
2022-03-31,3260.842529296875,3739.949951171875,3754.64990234375,3720.199951171875,3740.0,2168110,TCS
2022-04-01,3277.234619140625,3758.75,3763.0,3728.050048828125,3748.0,1387014,TCS
2022-04-04,3287.3486328125,3770.35009765625,3780.0,3737.10009765625,3762.0,1472994,TCS
2022-04-05,3326.1044921875,3814.800048828125,3835.60009765625,3772.0,3772.0,2314947,TCS
2022-04-06,3274.26953125,3755.35009765625,3809.300048828125,3731.14990234375,3809.300048828125,2051729,TCS
2022-04-07,3212.190673828125,3684.14990234375,3745.5,3679.0,3745.5,2494829,TCS
2022-04-08,3213.49853515625,3685.64990234375,3705.0,3642.5,3690.0,2296773,TCS
2022-04-11,3222.871337890625,3696.39990234375,3712.35009765625,3656.10009765625,3690.0,2291660,TCS
2022-04-12,3218.25,3691.10009765625,3739.0,3648.35009765625,3683.0,4483476,TCS
2022-04-13,3192.834716796875,3661.949951171875,3709.85009765625,3655.550048828125,3707.0,1621672,TCS
2022-04-18,3076.088134765625,3528.050048828125,3610.0,3522.5,3610.0,3820792,TCS
2022-04-19,3027.131103515625,3471.89990234375,3563.550048828125,3439.14990234375,3550.0,3170014,TCS
2022-04-20,3101.155517578125,3556.800048828125,3569.14990234375,3480.0,3500.0,2640370,TCS
2022-04-21,3163.801025390625,3628.64990234375,3644.0,3567.39990234375,3580.0,2280996,TCS
2022-04-22,3149.76318359375,3612.550048828125,3617.0,3571.5,3581.10009765625,1581465,TCS
2022-04-25,3093.6572265625,3548.199951171875,3584.0,3533.10009765625,3558.0,1960694,TCS
2022-04-26,3092.000244140625,3546.300048828125,3587.89990234375,3518.14990234375,3575.14990234375,1943469,TCS
2022-04-27,3104.991455078125,3561.199951171875,3568.449951171875,3506.300048828125,3546.0,1727648,TCS
2022-04-28,3125.132568359375,3584.300048828125,3604.39990234375,3538.050048828125,3588.0,1703660,TCS
2022-04-29,3092.34912109375,3546.699951171875,3623.25,3536.85009765625,3597.0,2051115,TCS
2022-05-02,3088.60009765625,3542.39990234375,3547.949951171875,3492.75,3519.89990234375,1324161,TCS
2022-05-04,3033.975830078125,3479.75,3545.449951171875,3465.300048828125,3538.5,2305825,TCS
2022-05-05,3063.314697265625,3513.39990234375,3533.0,3485.35009765625,3512.10009765625,1612262,TCS
2022-05-06,2992.866455078125,3432.60009765625,3474.5,3424.5,3459.0,2010812,TCS
2022-05-09,3003.764404296875,3445.10009765625,3456.0,3346.85009765625,3398.0,2481830,TCS
2022-05-10,2998.227783203125,3438.75,3464.800048828125,3422.0,3434.0,1622685,TCS
2022-05-11,2974.90478515625,3412.0,3448.449951171875,3382.14990234375,3435.0,1841769,TCS
2022-05-12,2971.98388671875,3408.64990234375,3449.699951171875,3350.10009765625,3378.0,2807195,TCS
2022-05-13,2977.43310546875,3414.89990234375,3439.89990234375,3382.14990234375,3435.0,2187823,TCS
2022-05-16,2944.214111328125,3376.800048828125,3430.0,3366.60009765625,3415.0,1195813,TCS
2022-05-17,3009.432373046875,3451.60009765625,3467.0,3350.39990234375,3370.0,1754076,TCS
2022-05-18,3006.99072265625,3448.800048828125,3495.0,3443.050048828125,3465.0,1866781,TCS
2022-05-19,2844.076904296875,3261.949951171875,3405.0,3230.0,3397.0,4642963,TCS
2022-05-20,2871.149658203125,3293.0,3313.89990234375,3270.050048828125,3310.0,3065125,TCS
2022-05-23,2896.21630859375,3321.75,3338.89990234375,3267.0,3304.800048828125,2293690,TCS
2022-05-24,2866.7900390625,3288.0,3324.85009765625,3275.60009765625,3315.14990234375,1711510,TCS
2022-05-25,2780.461669921875,3167.64990234375,3292.85009765625,3154.050048828125,3292.85009765625,3548046,TCS
2022-05-26,2832.51318359375,3226.949951171875,3241.5,3180.550048828125,3191.0,2813186,TCS
2022-05-27,2862.66455078125,3261.300048828125,3278.89990234375,3229.199951171875,3253.199951171875,3103153,TCS
2022-05-30,2962.685546875,3375.25,3386.60009765625,3286.35009765625,3297.0,2094624,TCS
2022-05-31,2953.117919921875,3364.35009765625,3383.39990234375,3325.0,3354.14990234375,4840965,TCS
2022-06-01,2945.08642578125,3355.199951171875,3388.0,3340.050048828125,3388.0,1493835,TCS
2022-06-02,3004.599853515625,3423.0,3432.0,3346.300048828125,3355.0,2657939,TCS
2022-06-03,3019.65283203125,3440.14990234375,3477.300048828125,3431.199951171875,3459.39990234375,1913622,TCS
2022-06-06,3011.5771484375,3430.949951171875,3453.0,3377.14990234375,3418.0,1084210,TCS
2022-06-07,2951.669921875,3362.699951171875,3418.85009765625,3356.0,3401.050048828125,2308256,TCS
2022-06-08,2988.053466796875,3404.14990234375,3413.949951171875,3346.5,3380.14990234375,2185707,TCS
2022-06-09,3008.1982421875,3427.10009765625,3437.0,3353.10009765625,3385.0,1279197,TCS
2022-06-10,2949.2119140625,3359.89990234375,3393.0,3352.0,3382.0,1527582,TCS
2022-06-13,2826.0615234375,3219.60009765625,3293.0,3192.449951171875,3290.0,3030921,TCS
2022-06-14,2818.11767578125,3210.550048828125,3238.89990234375,3174.699951171875,3190.0,2611493,TCS
2022-06-15,2814.386962890625,3206.300048828125,3234.0,3201.0,3218.5,1404536,TCS
2022-06-16,2757.946533203125,3142.0,3244.85009765625,3133.050048828125,3240.0,2032028,TCS
2022-06-17,2711.33740234375,3088.89990234375,3118.75,3023.85009765625,3092.0,5240434,TCS
2022-06-20,2731.96435546875,3112.39990234375,3138.75,3069.0,3094.0,1502769,TCS
2022-06-21,2819.34716796875,3211.949951171875,3237.75,3125.39990234375,3130.0,2964461,TCS
2022-06-22,2829.002197265625,3222.949951171875,3250.550048828125,3183.0,3199.89990234375,3336315,TCS
2022-06-23,2904.3583984375,3308.800048828125,3318.0,3222.949951171875,3222.949951171875,3692578,TCS
2022-06-24,2890.577392578125,3293.10009765625,3345.0,3277.5,3339.0,2132118,TCS
2022-06-27,2909.537109375,3314.699951171875,3362.89990234375,3306.5,3350.0,2037686,TCS
2022-06-28,2912.565185546875,3318.14990234375,3330.0,3272.60009765625,3307.0,1400046,TCS
2022-06-29,2888.294921875,3290.5,3333.0,3271.0,3271.0,2133994,TCS
2022-06-30,2867.7548828125,3267.10009765625,3310.89990234375,3255.0,3272.0,2719603,TCS
2022-07-01,2909.887939453125,3315.10009765625,3333.0,3252.050048828125,3260.0,1502879,TCS
2022-07-04,2839.623046875,3235.050048828125,3317.949951171875,3225.050048828125,3312.0,2622535,TCS
2022-07-05,2823.164794921875,3216.300048828125,3272.0,3206.949951171875,3255.0,2170627,TCS
2022-07-06,2862.18115234375,3260.75,3268.5,3202.25,3218.5,2182144,TCS
2022-07-07,2885.96826171875,3287.85009765625,3319.39990234375,3265.050048828125,3271.0,1989921,TCS
2022-07-08,2866.30712890625,3265.449951171875,3305.0,3250.0,3300.0,2136916,TCS
2022-07-11,2733.193603515625,3113.800048828125,3225.0,3106.0,3206.14990234375,6974600,TCS
2022-07-12,2707.650390625,3084.699951171875,3136.199951171875,3080.25,3114.89990234375,3734815,TCS
2022-07-13,2667.317138671875,3038.75,3110.0,3035.0,3104.0,3863530,TCS
2022-07-14,2639.15380859375,2998.75,3057.0,2967.0,3056.0,4764908,TCS
2022-07-15,2635.502197265625,2994.60009765625,3028.89990234375,2953.0,3018.550048828125,4574806,TCS
2022-07-18,2696.139892578125,3063.5,3076.949951171875,3014.300048828125,3023.0,3202795,TCS
2022-07-19,2705.600341796875,3074.25,3078.949951171875,3030.050048828125,3030.050048828125,1865074,TCS
2022-07-20,2785.29248046875,3164.800048828125,3171.949951171875,3098.050048828125,3107.800048828125,3402251,TCS
2022-07-21,2796.29345703125,3177.300048828125,3184.0,3144.050048828125,3167.0,2420640,TCS
2022-07-22,2790.7490234375,3171.0,3197.0,3143.5,3185.0,2075886,TCS
2022-07-25,2787.008544921875,3166.75,3186.449951171875,3149.10009765625,3165.0,1797504,TCS
2022-07-26,2742.255859375,3115.89990234375,3168.89990234375,3096.5,3164.699951171875,2639367,TCS
2022-07-27,2806.458251953125,3188.85009765625,3194.10009765625,3110.0,3115.0,1389808,TCS
2022-07-28,2869.5166015625,3260.5,3264.0,3201.64990234375,3216.0,2106333,TCS
2022-07-29,2905.9521484375,3301.89990234375,3317.300048828125,3275.0,3290.0,2430257,TCS
2022-08-01,2903.223876953125,3298.800048828125,3327.0,3271.0,3327.0,1306913,TCS
2022-08-02,2897.0634765625,3291.800048828125,3312.89990234375,3271.64990234375,3290.0,1269114,TCS
2022-08-03,2939.04345703125,3339.5,3349.0,3277.050048828125,3280.0,2895824,TCS
2022-08-04,2952.640625,3354.949951171875,3387.89990234375,3307.35009765625,3350.0,2150567,TCS
2022-08-05,2961.529541015625,3365.050048828125,3377.0,3355.0,3361.199951171875,1106933,TCS
2022-08-08,2969.80224609375,3374.449951171875,3378.89990234375,3336.0,3365.0,1068836,TCS
2022-08-10,2952.02490234375,3354.25,3385.0,3335.0,3385.0,1878359,TCS
2022-08-11,3012.090087890625,3422.5,3428.699951171875,3375.050048828125,3400.0,1449248,TCS
2022-08-12,2993.65283203125,3401.550048828125,3419.0,3381.25,3419.0,1472354,TCS
2022-08-16,2985.86376953125,3392.699951171875,3414.85009765625,3387.5,3411.0,839942,TCS
2022-08-17,2993.256591796875,3401.10009765625,3417.949951171875,3371.10009765625,3385.10009765625,1622326,TCS
2022-08-18,2975.78662109375,3381.25,3392.0,3362.0,3390.0,1430659,TCS
2022-08-19,2979.747314453125,3385.75,3421.5,3371.25,3387.0,1398410,TCS
2022-08-22,2952.28857421875,3354.550048828125,3384.10009765625,3347.39990234375,3365.0,1536532,TCS
2022-08-23,2890.727294921875,3284.60009765625,3341.89990234375,3270.0,3319.949951171875,1849256,TCS
2022-08-24,2864.98388671875,3255.35009765625,3308.0,3250.199951171875,3292.0,1691923,TCS
2022-08-25,2832.288818359375,3218.199951171875,3278.14990234375,3214.75,3276.0,1946930,TCS
2022-08-26,2835.8095703125,3222.199951171875,3257.0,3216.800048828125,3234.300048828125,1457962,TCS
2022-08-29,2756.90966796875,3132.550048828125,3142.699951171875,3081.0,3125.0,2539173,TCS
2022-08-30,2826.084716796875,3211.14990234375,3226.5,3142.10009765625,3155.0,3431525,TCS
2022-09-01,2756.161865234375,3131.699951171875,3190.0,3121.0,3190.0,3546935,TCS
2022-09-02,2755.017333984375,3130.39990234375,3163.0,3120.300048828125,3163.0,2052900,TCS
2022-09-05,2757.6572265625,3133.39990234375,3147.949951171875,3112.25,3123.64990234375,2147912,TCS
2022-09-06,2752.069091796875,3127.050048828125,3140.85009765625,3106.35009765625,3135.5,1936453,TCS
2022-09-07,2771.91455078125,3149.60009765625,3161.89990234375,3102.0,3102.0,1291534,TCS
2022-09-08,2789.560546875,3169.64990234375,3183.5,3160.10009765625,3170.0,1346113,TCS
2022-09-09,2831.8046875,3217.64990234375,3233.5,3168.5,3195.0,1561185,TCS
2022-09-12,2854.0712890625,3242.949951171875,3269.800048828125,3225.0,3239.89990234375,1785928,TCS
2022-09-13,2842.1015625,3229.35009765625,3263.449951171875,3225.0,3263.449951171875,1972678,TCS
2022-09-14,2746.216796875,3120.39990234375,3141.39990234375,3113.800048828125,3135.0,5090269,TCS
2022-09-15,2732.091552734375,3104.35009765625,3137.75,3100.0,3130.0,2138023,TCS
2022-09-16,2647.911376953125,3008.699951171875,3094.35009765625,3000.0,3076.0,5322221,TCS
2022-09-19,2665.60107421875,3028.800048828125,3042.0,2987.800048828125,3036.0,2072220,TCS
2022-09-20,2675.72265625,3040.300048828125,3079.949951171875,3030.0,3050.0,1544295,TCS
2022-09-21,2641.310546875,3001.199951171875,3041.39990234375,2998.14990234375,3028.0,2253818,TCS
2022-09-22,2646.767333984375,3007.39990234375,3029.949951171875,2979.300048828125,2990.0,2017983,TCS
2022-09-23,2624.457275390625,2982.050048828125,3022.5,2979.0,3004.0,2652374,TCS
2022-09-26,2635.325927734375,2994.39990234375,3025.85009765625,2926.10009765625,2959.85009765625,2925489,TCS
2022-09-27,2655.611572265625,3017.449951171875,3025.0,2976.0,3009.39990234375,2227447,TCS
2022-09-28,2671.62939453125,3035.64990234375,3049.949951171875,2980.0,2980.0,2739767,TCS
2022-09-29,2637.878662109375,2997.300048828125,3055.85009765625,2990.0,3054.0,2493902,TCS
2022-09-30,2644.259033203125,3004.550048828125,3019.699951171875,2950.10009765625,2990.85009765625,2817353,TCS
2022-10-03,2627.00927734375,2984.949951171875,3020.699951171875,2974.0,2995.0,1763331,TCS
2022-10-04,2720.473876953125,3091.14990234375,3098.0,3023.0,3029.949951171875,2145875,TCS
2022-10-06,2729.978759765625,3101.949951171875,3124.0,3092.449951171875,3111.0,1790816,TCS
2022-10-07,2697.37158203125,3064.89990234375,3105.0,3058.10009765625,3097.39990234375,1939879,TCS
2022-10-10,2744.588134765625,3118.550048828125,3127.0,3005.0,3010.0,3064063,TCS
2022-10-11,2701.464111328125,3069.550048828125,3145.0,3053.35009765625,3100.0,4730645,TCS
2022-10-12,2728.9228515625,3100.75,3109.89990234375,3062.050048828125,3084.89990234375,1665247,TCS
2022-10-13,2731.167236328125,3103.300048828125,3110.0,3052.35009765625,3100.75,2054781,TCS
2022-10-14,2727.5146484375,3099.14990234375,3150.0,3071.0,3145.0,2245977,TCS
2022-10-17,2745.69189453125,3111.75,3128.39990234375,3071.449951171875,3072.64990234375,1517005,TCS
2022-10-18,2774.76513671875,3144.699951171875,3155.35009765625,3128.550048828125,3150.0,1793722,TCS
2022-10-19,2754.603759765625,3121.85009765625,3159.0,3112.0,3159.0,1194289,TCS
2022-10-20,2785.88330078125,3157.300048828125,3160.0,3105.0,3105.0,1587601,TCS
2022-10-21,2768.32421875,3137.39990234375,3160.39990234375,3127.0,3157.800048828125,1021913,TCS
2022-10-24,2789.765380859375,3161.699951171875,3178.0,3155.0,3170.10009765625,260949,TCS
2022-10-25,2790.11865234375,3162.10009765625,3184.25,3151.14990234375,3180.5,2069643,TCS
2022-10-27,2785.97119140625,3157.39990234375,3174.0,3134.35009765625,3160.699951171875,2438421,TCS
2022-10-28,2791.133056640625,3163.25,3178.5,3145.0,3150.0,1355739,TCS
2022-10-31,2817.515625,3193.14990234375,3199.0,3177.800048828125,3199.0,1919414,TCS
2022-11-01,2876.237548828125,3259.699951171875,3262.60009765625,3203.449951171875,3214.5,2991060,TCS
2022-11-02,2860.3544921875,3241.699951171875,3270.0,3222.050048828125,3270.0,1405955,TCS
2022-11-03,2829.515869140625,3206.75,3228.050048828125,3195.0,3228.050048828125,1422652,TCS
2022-11-04,2838.913330078125,3217.39990234375,3220.050048828125,3166.14990234375,3217.0,1464013,TCS
2022-11-07,2853.2958984375,3233.699951171875,3242.800048828125,3195.10009765625,3229.0,1474498,TCS
2022-11-09,2837.72216796875,3216.050048828125,3249.800048828125,3201.64990234375,3249.800048828125,1162267,TCS
2022-11-10,2828.54541015625,3205.64990234375,3225.0,3170.0,3170.0,1573092,TCS
2022-11-11,2925.86962890625,3315.949951171875,3341.60009765625,3255.050048828125,3269.60009765625,3265394,TCS
2022-11-14,2943.119873046875,3335.5,3349.0,3309.0,3324.0,1342074,TCS
2022-11-15,2940.56103515625,3332.60009765625,3339.949951171875,3292.0,3321.0,1400708,TCS
2022-11-16,2960.635009765625,3355.35009765625,3367.89990234375,3321.449951171875,3338.89990234375,1748235,TCS
2022-11-17,2955.031982421875,3349.0,3360.0,3317.75,3340.0,1417986,TCS
2022-11-18,2950.135009765625,3343.449951171875,3362.75,3321.0,3350.0,1164540,TCS
2022-11-21,2897.237060546875,3283.5,3333.699951171875,3273.0,3322.5,1304194,TCS
2022-11-22,2924.9873046875,3314.949951171875,3318.949951171875,3255.25,3280.0,1149739,TCS
2022-11-23,2919.120361328125,3308.300048828125,3330.0,3291.0,3330.0,1150011,TCS
2022-11-24,2982.51806640625,3380.14990234375,3392.949951171875,3308.300048828125,3316.25,1296591,TCS
2022-11-25,2990.900390625,3389.64990234375,3403.35009765625,3348.0,3383.0,1588981,TCS
2022-11-28,2995.841552734375,3395.25,3417.0,3365.550048828125,3366.0,2195437,TCS
2022-11-29,2997.694091796875,3397.35009765625,3429.0,3383.0,3383.0,1576028,TCS
2022-11-30,2991.9150390625,3390.800048828125,3414.89990234375,3375.0,3383.0,3410702,TCS
2022-12-01,3066.783203125,3475.64990234375,3480.0,3420.0,3425.0,2180856,TCS
2022-12-02,3034.577392578125,3439.14990234375,3468.89990234375,3413.0,3458.10009765625,2411749,TCS
2022-12-05,3022.8857421875,3425.89990234375,3439.14990234375,3407.0,3433.0,1475065,TCS
2022-12-06,2987.106201171875,3385.35009765625,3407.949951171875,3368.0,3400.050048828125,1166999,TCS
2022-12-07,2982.915283203125,3380.60009765625,3393.699951171875,3354.0,3368.300048828125,1167505,TCS
2022-12-08,2956.399658203125,3350.550048828125,3380.60009765625,3339.449951171875,3360.0,1285619,TCS
2022-12-09,2905.3994140625,3292.75,3374.10009765625,3276.35009765625,3374.10009765625,1797896,TCS
2022-12-12,2899.840576171875,3286.449951171875,3296.0,3236.10009765625,3255.5,1527610,TCS
2022-12-13,2940.120361328125,3332.10009765625,3336.449951171875,3267.800048828125,3277.199951171875,1378016,TCS
2022-12-14,2969.458740234375,3365.35009765625,3377.0,3340.89990234375,3348.800048828125,1213311,TCS
2022-12-15,2916.29638671875,3305.10009765625,3364.75,3298.949951171875,3358.800048828125,1415694,TCS
2022-12-16,2859.0751953125,3240.25,3292.0,3225.199951171875,3275.0,2703680,TCS
2022-12-19,2825.36865234375,3202.050048828125,3245.5,3194.5,3227.0,2120965,TCS
2022-12-20,2862.33984375,3243.949951171875,3249.0,3163.64990234375,3198.89990234375,1529971,TCS
2022-12-21,2884.046142578125,3268.550048828125,3283.050048828125,3240.0,3249.0,1432566,TCS
2022-12-22,2876.237548828125,3259.699951171875,3294.0,3245.10009765625,3294.0,1384101,TCS
2022-12-23,2848.5751953125,3228.35009765625,3266.85009765625,3217.0,3217.0,1360281,TCS
2022-12-26,2870.237060546875,3252.89990234375,3272.0,3225.050048828125,3228.35009765625,870157,TCS
2022-12-27,2876.060791015625,3259.5,3273.800048828125,3231.5,3269.199951171875,835883,TCS
2022-12-28,2873.943115234375,3257.10009765625,3266.10009765625,3226.0,3249.800048828125,910795,TCS
2022-12-29,2884.22265625,3268.75,3271.5,3228.0,3231.10009765625,1037927,TCS
2022-12-30,2873.590087890625,3256.699951171875,3299.0,3246.199951171875,3286.050048828125,1163131,TCS
2023-01-02,2877.781494140625,3261.449951171875,3266.85009765625,3235.199951171875,3261.0,709547,TCS
2023-01-03,2921.811279296875,3311.35009765625,3320.0,3245.300048828125,3252.0,1245178,TCS
2023-01-04,2924.72265625,3314.64990234375,3327.35009765625,3286.199951171875,3306.699951171875,1231668,TCS
2023-01-05,2921.590576171875,3311.10009765625,3337.300048828125,3281.949951171875,3330.199951171875,1826057,TCS
2023-01-06,2833.751220703125,3211.550048828125,3301.550048828125,3200.0,3300.0,2488376,TCS
2023-01-09,2929.3994140625,3319.949951171875,3327.0,3221.14990234375,3229.0,2885060,TCS
2023-01-10,2899.796142578125,3286.39990234375,3298.0,3230.10009765625,3285.0,3864655,TCS
2023-01-11,2937.11962890625,3328.699951171875,3349.5,3271.14990234375,3290.10009765625,2720512,TCS
2023-01-12,2942.105224609375,3334.35009765625,3350.0,3315.550048828125,3329.0,2250391,TCS
2023-01-13,2977.576904296875,3374.550048828125,3379.0,3305.0,3342.89990234375,1742837,TCS
2023-01-16,3008.709716796875,3334.050048828125,3353.0,3298.050048828125,3317.0,1843607,TCS
2023-01-17,3048.732177734375,3378.39990234375,3381.800048828125,3321.0,3330.0,1688475,TCS
2023-01-18,3059.2001953125,3390.0,3408.949951171875,3372.25,3380.0,2421189,TCS
2023-01-19,3043.949462890625,3373.10009765625,3387.0,3361.0,3380.0,1585044,TCS
2023-01-20,3034.92529296875,3363.10009765625,3394.64990234375,3355.60009765625,3365.0,1529349,TCS
2023-01-23,3081.6708984375,3414.89990234375,3419.0,3355.60009765625,3388.0,1067916,TCS
2023-01-24,3100.98291015625,3436.300048828125,3451.949951171875,3417.300048828125,3425.0,1387863,TCS
2023-01-25,3095.071533203125,3429.75,3435.0,3405.0,3425.300048828125,874110,TCS
2023-01-27,3078.196044921875,3411.050048828125,3446.0,3382.300048828125,3426.0,1785879,TCS
2023-01-30,3098.591064453125,3433.64990234375,3458.449951171875,3385.550048828125,3420.0,1953798,TCS
2023-01-31,3030.95458984375,3358.699951171875,3449.0,3351.0,3449.0,2820375,TCS
2023-02-01,3075.760009765625,3408.35009765625,3419.0,3355.0,3363.0,2205161,TCS
2023-02-02,3122.73046875,3460.39990234375,3469.0,3420.10009765625,3427.0,1813847,TCS
2023-02-03,3142.49365234375,3482.300048828125,3504.0,3452.89990234375,3504.0,1804469,TCS
2023-02-06,3122.324462890625,3459.949951171875,3473.14990234375,3436.85009765625,3473.14990234375,1138714,TCS
2023-02-07,3133.6953125,3472.550048828125,3493.0,3461.39990234375,3468.89990234375,1455647,TCS
2023-02-08,3176.60498046875,3520.10009765625,3539.89990234375,3478.050048828125,3478.050048828125,1986946,TCS
2023-02-09,3195.330322265625,3540.85009765625,3547.60009765625,3505.300048828125,3515.0,1655427,TCS
2023-02-10,3192.3515625,3537.550048828125,3542.35009765625,3508.14990234375,3520.0,1187821,TCS
2023-02-13,3142.583984375,3482.39990234375,3549.0,3473.39990234375,3549.0,1087939,TCS
2023-02-14,3158.55712890625,3500.10009765625,3524.85009765625,3495.0,3505.0,1579818,TCS
2023-02-15,3177.101318359375,3520.64990234375,3526.0,3460.14990234375,3487.0,1429449,TCS
2023-02-16,3210.851806640625,3558.050048828125,3575.0,3527.0,3527.199951171875,1618931,TCS
2023-02-17,3159.504150390625,3501.14990234375,3538.89990234375,3490.0,3526.14990234375,1061369,TCS
2023-02-20,3147.005615234375,3487.300048828125,3522.0,3475.050048828125,3502.0,1296082,TCS
2023-02-21,3114.247314453125,3451.0,3508.89990234375,3444.75,3494.0,1139541,TCS
2023-02-22,3069.623046875,3401.550048828125,3447.0,3395.0,3414.949951171875,1218430,TCS
2023-02-23,3080.677978515625,3413.800048828125,3452.39990234375,3408.0,3421.0,1441570,TCS
2023-02-24,3068.630615234375,3400.449951171875,3433.949951171875,3382.300048828125,3422.5,977592,TCS
2023-02-27,3006.72509765625,3331.85009765625,3390.0,3316.0,3390.0,1128022,TCS
2023-02-28,2989.578857421875,3312.85009765625,3392.0,3299.89990234375,3328.5,4116217,TCS
2023-03-01,3055.31982421875,3385.699951171875,3389.0,3315.0,3323.0,1669307,TCS
2023-03-02,2997.340087890625,3321.449951171875,3369.89990234375,3318.0,3361.0,1556538,TCS
2023-03-03,3016.01953125,3342.14990234375,3358.0,3331.10009765625,3354.0,1043190,TCS
2023-03-06,3042.821533203125,3371.85009765625,3404.949951171875,3359.0,3361.89990234375,1334132,TCS
2023-03-08,3059.5615234375,3390.39990234375,3396.0,3330.85009765625,3364.0,1844590,TCS
2023-03-09,3011.236572265625,3336.85009765625,3385.0,3330.85009765625,3385.0,1648500,TCS
2023-03-10,3005.9580078125,3331.0,3337.25,3290.0,3312.89990234375,1024404,TCS
2023-03-13,2961.69384765625,3281.949951171875,3369.800048828125,3272.0,3333.0,1901233,TCS
2023-03-14,2901.2314453125,3214.949951171875,3304.39990234375,3209.39990234375,3280.0,2670334,TCS
2023-03-15,2886.748046875,3198.89990234375,3260.35009765625,3192.0,3250.0,1780522,TCS
2023-03-16,2874.204833984375,3185.0,3219.800048828125,3172.0,3208.0,1901060,TCS
2023-03-17,2869.060791015625,3179.300048828125,3221.39990234375,3144.0,3150.5,6739966,TCS
2023-03-20,2836.573974609375,3143.300048828125,3169.64990234375,3095.050048828125,3169.64990234375,2289468,TCS
2023-03-21,2803.00341796875,3106.10009765625,3156.75,3097.449951171875,3143.300048828125,1815297,TCS
2023-03-22,2825.29296875,3130.800048828125,3143.5,3106.10009765625,3130.050048828125,1123939,TCS
2023-03-23,2819.74365234375,3124.64990234375,3146.35009765625,3101.0,3114.89990234375,1372218,TCS
2023-03-24,2815.99853515625,3120.5,3170.0,3106.0,3148.89990234375,1329577,TCS
2023-03-27,2817.622802734375,3122.300048828125,3152.75,3106.0,3135.0,1524217,TCS
2023-03-28,2811.84716796875,3115.89990234375,3149.550048828125,3110.14990234375,3127.0,1303530,TCS
2023-03-29,2832.60205078125,3138.89990234375,3150.0,3104.10009765625,3129.0,1740616,TCS
2023-03-31,2893.064453125,3205.89990234375,3213.0,3152.0,3189.949951171875,2382581,TCS
2023-04-03,2887.740234375,3200.0,3224.949951171875,3173.75,3224.949951171875,1521830,TCS
2023-04-05,2923.657470703125,3239.800048828125,3264.35009765625,3185.5,3185.5,2655065,TCS
2023-04-06,2906.4208984375,3220.699951171875,3257.35009765625,3215.0,3225.0,1703464,TCS
2023-04-10,2944.9541015625,3263.39990234375,3272.0,3215.0,3220.0,2203187,TCS
2023-04-11,2900.194091796875,3213.800048828125,3272.949951171875,3192.14990234375,3264.0,2348779,TCS
2023-04-12,2925.32666015625,3241.64990234375,3260.949951171875,3199.0,3227.949951171875,2417727,TCS
2023-04-13,2877.678955078125,3188.85009765625,3230.0,3180.0,3210.0,4174070,TCS
2023-04-17,2833.144287109375,3139.5,3163.39990234375,3070.25,3134.10009765625,5505048,TCS
2023-04-18,2825.2490234375,3130.75,3156.85009765625,3110.60009765625,3154.949951171875,2617302,TCS
2023-04-19,2788.114013671875,3089.60009765625,3140.0,3071.5,3130.75,3298034,TCS
2023-04-20,2801.830322265625,3104.800048828125,3113.0,3078.0,3090.0,2419999,TCS
2023-04-21,2852.41064453125,3160.85009765625,3164.449951171875,3100.800048828125,3110.0,1929184,TCS
2023-04-24,2865.0,3174.800048828125,3180.949951171875,3126.14990234375,3151.10009765625,1640676,TCS
2023-04-25,2866.082763671875,3176.0,3191.199951171875,3147.5,3183.0,2024090,TCS
2023-04-26,2886.0712890625,3198.14990234375,3208.39990234375,3181.0,3181.0,2000029,TCS
2023-04-27,2876.86669921875,3187.949951171875,3199.199951171875,3170.64990234375,3185.0,2434446,TCS
2023-04-28,2905.11279296875,3219.25,3227.25,3196.25,3200.39990234375,2931312,TCS
2023-05-02,2905.24755859375,3219.39990234375,3235.0,3210.0,3235.0,2321159,TCS
2023-05-03,2869.60205078125,3179.89990234375,3216.0,3173.14990234375,3216.0,2468285,TCS
2023-05-04,2906.4208984375,3220.699951171875,3224.449951171875,3178.0,3180.14990234375,1953253,TCS
2023-05-05,2915.44482421875,3230.699951171875,3244.0,3210.050048828125,3220.0,1710027,TCS
2023-05-08,2933.403076171875,3250.60009765625,3254.85009765625,3231.300048828125,3245.0,928235,TCS
2023-05-09,2962.8671875,3283.25,3298.0,3246.0,3252.60009765625,1107375,TCS
2023-05-10,2966.070556640625,3286.800048828125,3306.5,3266.050048828125,3290.0,1559987,TCS
2023-05-11,2961.874267578125,3282.14990234375,3309.699951171875,3272.0,3309.0,1719623,TCS
2023-05-12,2954.7900390625,3274.300048828125,3290.0,3260.0,3279.14990234375,1027479,TCS
2023-05-15,2937.419189453125,3255.050048828125,3292.0,3248.35009765625,3284.0,1150390,TCS
2023-05-16,2940.216064453125,3258.14990234375,3285.0,3250.449951171875,3256.199951171875,986306,TCS
2023-05-17,2895.591796875,3208.699951171875,3280.0,3198.25,3255.949951171875,1588815,TCS
2023-05-18,2887.60498046875,3199.85009765625,3228.949951171875,3195.0,3225.949951171875,1369364,TCS
2023-05-19,2908.361083984375,3222.85009765625,3234.5,3203.050048828125,3210.0,1152449,TCS
2023-05-22,2976.809326171875,3298.699951171875,3308.449951171875,3217.050048828125,3230.0,1333243,TCS
2023-05-23,2975.3203125,3297.050048828125,3327.949951171875,3290.10009765625,3306.0,1687418,TCS
2023-05-24,2981.005859375,3303.35009765625,3317.199951171875,3276.0,3276.0,1016555,TCS
2023-05-25,2972.117431640625,3293.5,3306.0,3267.10009765625,3294.0,1374917,TCS
2023-05-26,3004.062255859375,3328.89990234375,3338.64990234375,3291.0,3293.5,1791115,TCS
2023-05-29,2996.346923828125,3320.35009765625,3372.0,3312.0,3360.800048828125,1210372,TCS
2023-05-30,2992.601806640625,3316.199951171875,3326.949951171875,3301.35009765625,3315.0,1344224,TCS
2023-05-31,2968.50732421875,3289.5,3327.699951171875,3265.14990234375,3309.0,5815424,TCS
2023-06-01,2999.64013671875,3324.0,3340.0,3297.5,3314.0,1177314,TCS
2023-06-02,2983.036376953125,3305.60009765625,3335.89990234375,3297.449951171875,3326.25,2030661,TCS
2023-06-05,2967.965576171875,3288.89990234375,3327.0,3285.050048828125,3315.0,1861468,TCS
2023-06-06,2916.88916015625,3232.300048828125,3288.85009765625,3220.60009765625,3280.0,2022849,TCS
2023-06-07,2955.331787109375,3274.89990234375,3278.85009765625,3241.0,3253.0,1567196,TCS
2023-06-08,2920.634033203125,3236.449951171875,3270.0,3233.0,3261.0,1759366,TCS
2023-06-09,2896.13330078125,3209.300048828125,3250.0,3205.35009765625,3245.0,1775689,TCS
2023-06-12,2930.06396484375,3246.89990234375,3254.39990234375,3211.0,3215.0,2324605,TCS
2023-06-13,2927.176025390625,3243.699951171875,3265.0,3239.0,3260.0,1371928,TCS
2023-06-14,2933.809326171875,3251.050048828125,3255.85009765625,3225.85009765625,3243.699951171875,1658544,TCS
2023-06-15,2924.0361328125,3216.300048828125,3247.449951171875,3210.0,3245.300048828125,2273810,TCS
2023-06-16,2886.398193359375,3174.89990234375,3199.39990234375,3156.0,3197.0,4156189,TCS
2023-06-19,2918.67236328125,3210.39990234375,3214.89990234375,3175.0,3190.0,1468186,TCS
2023-06-20,2934.400146484375,3227.699951171875,3232.5,3201.050048828125,3214.0,1528452,TCS
2023-06-21,2962.128662109375,3258.199951171875,3261.39990234375,3223.949951171875,3250.0,1645987,TCS
2023-06-22,2944.21875,3238.5,3267.64990234375,3230.10009765625,3260.0,1529603,TCS
2023-06-23,2924.081787109375,3216.35009765625,3249.39990234375,3209.14990234375,3237.300048828125,1119505,TCS
2023-06-26,2899.80712890625,3189.64990234375,3213.89990234375,3173.0,3205.0,1978803,TCS
2023-06-27,2906.80810546875,3197.35009765625,3209.64990234375,3182.300048828125,3202.0,863542,TCS
2023-06-28,2923.26318359375,3215.449951171875,3230.949951171875,3193.39990234375,3208.0,1575872,TCS
2023-06-30,3002.17578125,3302.25,3310.0,3214.10009765625,3220.0,2672406,TCS
2023-07-03,2974.94775390625,3272.300048828125,3318.800048828125,3268.75,3314.300048828125,1687264,TCS
2023-07-04,3008.176025390625,3308.85009765625,3315.0,3277.300048828125,3290.0,1656681,TCS
2023-07-05,3018.26708984375,3319.949951171875,3329.0,3305.0,3320.0,1453008,TCS
2023-07-06,3020.94921875,3322.89990234375,3328.449951171875,3302.0,3306.550048828125,1848238,TCS
2023-07-07,3026.722900390625,3329.25,3356.89990234375,3302.0,3302.0,1789326,TCS
2023-07-10,2974.629150390625,3271.949951171875,3324.75,3265.199951171875,3324.75,1407431,TCS
2023-07-11,2975.0380859375,3272.39990234375,3295.0,3260.800048828125,3295.0,1110172,TCS
2023-07-12,2963.674072265625,3259.89990234375,3289.14990234375,3250.10009765625,3280.949951171875,1515240,TCS
2023-07-13,3036.995361328125,3340.550048828125,3367.449951171875,3272.75,3284.0,4585146,TCS
2023-07-14,3195.275390625,3514.64990234375,3524.85009765625,3352.0,3365.0,6306101,TCS
2023-07-17,3174.41064453125,3491.699951171875,3549.89990234375,3477.050048828125,3510.0,2743228,TCS
2023-07-18,3179.093017578125,3496.85009765625,3524.0,3465.0,3476.0,2600090,TCS
2023-07-19,3154.72802734375,3470.050048828125,3516.85009765625,3445.64990234375,3500.0,2405370,TCS
2023-07-20,3156.77880859375,3463.300048828125,3478.89990234375,3436.050048828125,3453.10009765625,1715404,TCS
2023-07-21,3070.18701171875,3368.300048828125,3434.89990234375,3359.050048828125,3404.050048828125,3770223,TCS
2023-07-24,3094.295654296875,3394.75,3413.449951171875,3372.10009765625,3381.0,1680132,TCS
2023-07-25,3098.306396484375,3399.14990234375,3406.800048828125,3380.199951171875,3397.5,1272980,TCS
2023-07-26,3088.416748046875,3388.300048828125,3420.85009765625,3385.0,3400.35009765625,1066803,TCS
2023-07-27,3096.255615234375,3396.89990234375,3411.64990234375,3385.050048828125,3394.949951171875,1701769,TCS
2023-07-28,3058.4287109375,3355.39990234375,3393.699951171875,3331.0,3385.0,2599831,TCS
2023-07-31,3118.63232421875,3421.449951171875,3426.64990234375,3360.89990234375,3364.39990234375,2743678,TCS
2023-08-01,3146.524169921875,3452.050048828125,3460.0,3415.0,3415.0,1956167,TCS
2023-08-02,3136.133544921875,3440.64990234375,3446.39990234375,3413.60009765625,3434.949951171875,1914899,TCS
2023-08-03,3099.03564453125,3399.949951171875,3433.25,3368.0,3420.0,2026351,TCS
2023-08-04,3138.7763671875,3443.550048828125,3471.0,3401.25,3401.25,2248493,TCS
2023-08-07,3175.692138671875,3484.050048828125,3488.0,3441.25,3453.949951171875,1853889,TCS
2023-08-08,3163.4326171875,3470.60009765625,3489.949951171875,3456.60009765625,3484.050048828125,1634225,TCS
2023-08-09,3156.0498046875,3462.5,3467.0,3425.050048828125,3464.89990234375,1794589,TCS
2023-08-10,3137.455322265625,3442.10009765625,3464.89990234375,3430.050048828125,3450.0,1096701,TCS
2023-08-11,3143.56201171875,3448.800048828125,3466.64990234375,3414.0,3438.10009765625,1679974,TCS
2023-08-14,3144.519287109375,3449.85009765625,3455.0,3411.0,3440.699951171875,1190425,TCS
2023-08-16,3152.312255859375,3458.39990234375,3466.0,3435.199951171875,3450.0,1328445,TCS
2023-08-17,3131.6669921875,3435.75,3460.800048828125,3413.199951171875,3455.0,1843241,TCS
2023-08-18,3069.09326171875,3367.10009765625,3410.0,3356.5,3410.0,2526749,TCS
2023-08-21,3100.585205078125,3401.64990234375,3409.75,3372.0,3375.0,1375579,TCS
2023-08-22,3082.810791015625,3382.14990234375,3411.0,3365.050048828125,3400.0,1222012,TCS
2023-08-23,3097.486083984375,3398.25,3402.0,3376.0,3388.0,1330046,TCS
2023-08-24,3087.91552734375,3387.75,3413.050048828125,3378.10009765625,3408.0,1152881,TCS
2023-08-25,3082.03662109375,3381.300048828125,3385.800048828125,3350.25,3375.0,1158046,TCS
2023-08-28,3076.795166015625,3375.550048828125,3394.0,3360.10009765625,3394.0,1037485,TCS
2023-08-29,3077.341796875,3376.14990234375,3389.550048828125,3365.0,3381.050048828125,944517,TCS
2023-08-30,3090.83203125,3390.949951171875,3408.10009765625,3383.050048828125,3398.0,1188200,TCS
2023-08-31,3059.70458984375,3356.800048828125,3417.39990234375,3343.64990234375,3401.0,3417652,TCS
2023-09-01,3080.121826171875,3379.199951171875,3389.0,3356.800048828125,3366.0,1277950,TCS
2023-09-04,3115.943603515625,3418.5,3432.85009765625,3370.050048828125,3378.0,1828332,TCS
2023-09-05,3125.833251953125,3429.35009765625,3447.0,3405.14990234375,3420.0,1501842,TCS
2023-09-06,3126.33447265625,3429.89990234375,3443.89990234375,3398.10009765625,3434.0,1314818,TCS
2023-09-07,3149.44140625,3455.25,3460.0,3422.300048828125,3430.800048828125,1885092,TCS
2023-09-08,3137.272705078125,3441.89990234375,3465.0,3435.050048828125,3455.25,1518917,TCS
2023-09-11,3172.5927734375,3480.64990234375,3485.699951171875,3445.0,3462.0,1783604,TCS
2023-09-12,3263.879150390625,3580.800048828125,3589.89990234375,3483.0,3492.0,4476016,TCS
2023-09-13,3252.07568359375,3567.85009765625,3588.85009765625,3545.0,3571.10009765625,1754929,TCS
2023-09-14,3244.9658203125,3560.050048828125,3597.699951171875,3545.60009765625,3570.050048828125,2604721,TCS
2023-09-15,3279.830322265625,3598.300048828125,3607.35009765625,3562.449951171875,3567.85009765625,2952897,TCS
2023-09-18,3286.985595703125,3606.14990234375,3619.300048828125,3575.25,3580.050048828125,1395753,TCS
2023-09-20,3286.89501953125,3606.050048828125,3625.0,3580.0,3580.0,1649396,TCS
2023-09-21,3267.981201171875,3585.300048828125,3605.0,3528.0,3588.550048828125,2004073,TCS
2023-09-22,3284.70654296875,3603.64990234375,3633.75,3565.050048828125,3584.0,1989083,TCS
2023-09-25,3260.552490234375,3577.14990234375,3620.0,3558.64990234375,3602.5,1238778,TCS
2023-09-26,3268.345458984375,3585.699951171875,3594.949951171875,3536.0,3567.60009765625,1726062,TCS
2023-09-27,3271.626708984375,3589.300048828125,3614.0,3555.699951171875,3590.0,1541134,TCS
2023-09-28,3223.72802734375,3536.75,3602.800048828125,3527.35009765625,3600.0,1755753,TCS
2023-09-29,3216.299560546875,3528.60009765625,3568.449951171875,3505.550048828125,3537.199951171875,2243791,TCS
2023-10-03,3202.85498046875,3513.85009765625,3534.199951171875,3480.10009765625,3534.199951171875,1948148,TCS
2023-10-04,3224.639404296875,3537.75,3548.0,3477.300048828125,3486.300048828125,1788138,TCS
2023-10-05,3271.673095703125,3589.35009765625,3624.0,3551.199951171875,3554.0,2990768,TCS
2023-10-06,3300.88623046875,3621.39990234375,3634.949951171875,3575.050048828125,3591.0,2075691,TCS
2023-10-09,3316.3359375,3638.35009765625,3679.0,3631.0,3645.050048828125,4233074,TCS
2023-10-10,3307.721923828125,3628.89990234375,3648.0,3601.35009765625,3640.050048828125,1848148,TCS
2023-10-11,3290.403564453125,3609.89990234375,3650.0,3605.0,3650.0,2426417,TCS
2023-10-12,3229.015380859375,3542.550048828125,3588.64990234375,3538.10009765625,3575.0,4241281,TCS
2023-10-13,3254.8095703125,3570.85009765625,3577.0,3525.0,3530.0,2890357,TCS
2023-10-16,3212.151611328125,3524.050048828125,3574.64990234375,3519.10009765625,3566.0,1671104,TCS
2023-10-17,3196.65625,3507.050048828125,3534.14990234375,3503.35009765625,3530.0,1672065,TCS
2023-10-18,3178.609130859375,3487.25,3522.699951171875,3484.0,3511.0,1408245,TCS
2023-10-19,3157.955810546875,3455.64990234375,3476.85009765625,3451.89990234375,3469.5,1514545,TCS
2023-10-20,3193.5048828125,3494.550048828125,3499.5,3444.050048828125,3450.39990234375,1481211,TCS
2023-10-23,3116.375244140625,3410.14990234375,3478.949951171875,3401.300048828125,3473.0,1106272,TCS
2023-10-25,3098.052978515625,3390.10009765625,3425.0,3377.199951171875,3390.5,1518537,TCS
2023-10-26,3049.298583984375,3336.75,3373.699951171875,3330.0,3368.050048828125,1984471,TCS
2023-10-27,3062.27587890625,3350.949951171875,3362.0,3337.0,3350.0,1108851,TCS
2023-10-30,3087.498046875,3378.550048828125,3382.85009765625,3333.75,3350.0,910972,TCS
2023-10-31,3078.542236328125,3368.75,3399.0,3350.050048828125,3399.0,999811,TCS
2023-11-01,3043.72412109375,3330.64990234375,3371.60009765625,3311.0,3355.0,1563475,TCS
2023-11-02,3070.637451171875,3360.10009765625,3375.949951171875,3343.199951171875,3343.199951171875,1245384,TCS
2023-11-03,3062.229248046875,3350.89990234375,3387.89990234375,3344.300048828125,3382.0,1402598,TCS
2023-11-06,3089.051513671875,3380.25,3392.300048828125,3359.0,3375.0,1099852,TCS
2023-11-07,3080.095703125,3370.449951171875,3404.14990234375,3366.0,3378.0,1191144,TCS
2023-11-08,3090.23974609375,3381.550048828125,3401.949951171875,3369.550048828125,3371.449951171875,992899,TCS
2023-11-09,3059.076904296875,3347.449951171875,3391.5,3342.050048828125,3390.10009765625,2112352,TCS
2023-11-10,3046.28271484375,3333.449951171875,3347.449951171875,3322.35009765625,3338.0,1338557,TCS
2023-11-13,3044.546630859375,3331.550048828125,3356.0,3327.0,3356.0,1030990,TCS
2023-11-15,3111.029541015625,3404.300048828125,3413.0,3356.050048828125,3383.10009765625,2059802,TCS
2023-11-16,3196.520751953125,3497.85009765625,3529.35009765625,3414.199951171875,3430.050048828125,3951984,TCS
2023-11-17,3200.724365234375,3502.449951171875,3524.5,3492.550048828125,3497.85009765625,2021292,TCS
2023-11-20,3216.3974609375,3519.60009765625,3533.89990234375,3491.25,3491.25,1475621,TCS
2023-11-21,3207.806640625,3510.199951171875,3539.050048828125,3501.0,3519.60009765625,1807236,TCS
2023-11-22,3226.037841796875,3530.14990234375,3532.64990234375,3481.10009765625,3500.0,1798051,TCS
2023-11-23,3206.0244140625,3508.25,3544.0,3500.0,3530.0,2729804,TCS
2023-11-24,3159.281005859375,3457.10009765625,3504.550048828125,3453.0,3494.25,1989733,TCS
2023-11-28,3171.206787109375,3470.14990234375,3481.25,3433.0,3457.10009765625,1689195,TCS
2023-11-29,3211.050537109375,3513.75,3518.0,3475.800048828125,3481.0,1441634,TCS
2023-11-30,3187.15380859375,3487.60009765625,3516.64990234375,3481.0,3499.449951171875,3266235,TCS
2023-12-01,3209.1318359375,3511.64990234375,3516.949951171875,3490.050048828125,3500.0,1172141,TCS
2023-12-04,3209.86279296875,3512.449951171875,3547.800048828125,3498.0,3544.64990234375,1625213,TCS
2023-12-05,3227.363037109375,3531.60009765625,3538.0,3502.800048828125,3538.0,1377656,TCS
2023-12-06,3293.617431640625,3604.10009765625,3612.85009765625,3525.14990234375,3532.60009765625,1896572,TCS
2023-12-07,3303.48681640625,3614.89990234375,3630.550048828125,3591.699951171875,3605.0,1967653,TCS
2023-12-08,3314.2705078125,3626.699951171875,3645.0,3602.050048828125,3633.0,1641155,TCS
2023-12-11,3329.074951171875,3642.89990234375,3653.0,3615.0,3622.89990234375,1102503,TCS
2023-12-12,3355.759765625,3672.10009765625,3698.39990234375,3631.0,3638.949951171875,2236866,TCS
2023-12-13,3283.976318359375,3593.550048828125,3650.0,3563.0,3643.550048828125,3850968,TCS
2023-12-14,3351.3271484375,3667.25,3678.0,3627.60009765625,3630.0,3290396,TCS
2023-12-15,3528.38623046875,3861.0,3895.949951171875,3666.699951171875,3666.699951171875,8531230,TCS
2023-12-18,3526.741455078125,3859.199951171875,3929.0,3830.14990234375,3858.10009765625,2521612,TCS
2023-12-19,3487.4453125,3816.199951171875,3855.10009765625,3790.0,3845.0,2004435,TCS
2023-12-20,3454.41015625,3780.050048828125,3898.800048828125,3766.550048828125,3827.25,2586083,TCS
2023-12-21,3461.218017578125,3787.5,3806.699951171875,3743.35009765625,3756.25,1517562,TCS
2023-12-22,3494.57373046875,3824.0,3845.949951171875,3762.0,3800.0,2413058,TCS
2023-12-26,3468.574462890625,3795.550048828125,3834.0,3790.14990234375,3819.85009765625,1285231,TCS
2023-12-27,3482.876220703125,3811.199951171875,3818.199951171875,3768.0,3799.0,1293976,TCS
2023-12-28,3472.550048828125,3799.89990234375,3838.0,3792.10009765625,3824.0,1682889,TCS
2023-12-29,3466.60986328125,3793.39990234375,3822.60009765625,3765.39990234375,3792.0,1574996,TCS
2024-01-01,3482.78515625,3811.10009765625,3832.0,3773.0,3790.0,825907,TCS
2024-01-02,3457.2880859375,3783.199951171875,3811.10009765625,3767.25,3811.10009765625,1344068,TCS
2024-01-03,3373.716796875,3691.75,3771.85009765625,3687.050048828125,3767.0,1803075,TCS
2024-01-04,3350.916015625,3666.800048828125,3719.0,3651.0,3701.75,3598144,TCS
2024-01-05,3415.89111328125,3737.89990234375,3747.75,3674.85009765625,3675.0,1963127,TCS
2024-01-08,3361.42529296875,3678.300048828125,3739.75,3672.39990234375,3737.89990234375,1067805,TCS
2024-01-09,3372.02587890625,3689.89990234375,3752.35009765625,3682.75,3709.949951171875,1370944,TCS
2024-01-10,3393.181884765625,3713.050048828125,3729.25,3688.0,3690.0,1292227,TCS
2024-01-11,3413.7431640625,3735.550048828125,3773.0,3707.0,3724.0,1777909,TCS
2024-01-12,3548.307861328125,3882.800048828125,3905.25,3821.60009765625,3848.0,6813450,TCS
2024-01-15,3567.499267578125,3903.800048828125,3965.0,3885.0,3960.0,2801505,TCS
2024-01-16,3528.660400390625,3861.300048828125,3899.0,3855.550048828125,3899.0,1432672,TCS
2024-01-17,3549.953125,3884.60009765625,3909.949951171875,3812.550048828125,3819.0,3458696,TCS
2024-01-18,3566.402587890625,3902.60009765625,3908.800048828125,3862.0,3898.0,2239110,TCS
2024-01-19,3628.47119140625,3943.050048828125,3963.550048828125,3915.050048828125,3945.0,2941975,TCS
2024-01-23,3550.436767578125,3858.25,3933.89990234375,3842.75,3900.0,2618854,TCS
2024-01-24,3535.29931640625,3841.800048828125,3883.64990234375,3805.60009765625,3880.0,2657709,TCS
2024-01-25,3506.3125,3810.300048828125,3861.0,3778.699951171875,3839.89990234375,2205154,TCS
2024-01-29,3497.754150390625,3801.0,3820.0,3780.85009765625,3800.800048828125,1646747,TCS
2024-01-30,3497.33984375,3800.550048828125,3847.800048828125,3787.0,3807.449951171875,1411621,TCS
2024-01-31,3511.511474609375,3815.949951171875,3834.0,3796.449951171875,3811.199951171875,2459358,TCS
2024-02-01,3546.6640625,3854.14990234375,3904.89990234375,3805.050048828125,3820.0,2363107,TCS
2024-02-02,3649.866455078125,3966.300048828125,3984.39990234375,3872.0,3875.050048828125,2826510,TCS
2024-02-05,3656.30810546875,3973.300048828125,4022.0,3962.10009765625,3983.0,1691523,TCS
2024-02-06,3806.02734375,4136.0,4149.89990234375,3990.0,3997.0,4474396,TCS
2024-02-07,3757.6240234375,4083.39990234375,4155.0,4073.949951171875,4153.0,2124267,TCS
2024-02-08,3804.279296875,4134.10009765625,4158.0,4086.050048828125,4090.0,2345173,TCS
2024-02-09,3803.911376953125,4133.7001953125,4184.75,4100.0,4136.5498046875,2100596,TCS
2024-02-12,3791.948486328125,4120.7001953125,4159.60009765625,4105.5498046875,4130.0,1013716,TCS
2024-02-13,3818.450927734375,4149.5,4170.0,4081.5,4125.4501953125,1257415,TCS
2024-02-14,3772.992431640625,4100.10009765625,4114.89990234375,4049.5,4107.0,1391283,TCS
2024-02-15,3775.844482421875,4103.2001953125,4146.2998046875,4083.0,4128.0,1091582,TCS
2024-02-16,3798.942138671875,4128.2998046875,4147.9501953125,4100.10009765625,4113.25,1307556,TCS
2024-02-19,3776.396484375,4103.7998046875,4128.2998046875,4055.0,4123.0498046875,772291,TCS
2024-02-20,3709.08251953125,4030.64990234375,4098.0,4010.0,4082.10009765625,1193648,TCS
2024-02-21,3673.055908203125,3991.5,4063.35009765625,3980.60009765625,4013.0,1885939,TCS
2024-02-22,3761.02880859375,4087.10009765625,4094.949951171875,3971.0,3971.0,2982052,TCS
2024-02-23,3728.8212890625,4052.10009765625,4130.0,4046.39990234375,4130.0,2538072,TCS
2024-02-26,3681.84423828125,4001.050048828125,4050.0,3982.75,4036.0,1379284,TCS
2024-02-27,3776.94873046875,4104.39990234375,4124.0,3999.0,3999.0,2960475,TCS
2024-02-28,3790.337890625,4118.9501953125,4154.89990234375,4089.0,4095.60009765625,1939225,TCS
2024-02-29,3768.390625,4095.10009765625,4138.10009765625,4064.550048828125,4099.0,3772719,TCS
2024-03-01,3767.70068359375,4094.35009765625,4140.0,4086.800048828125,4107.2001953125,2043265,TCS
2024-03-04,3755.139404296875,4080.699951171875,4117.89990234375,4075.89990234375,4105.0,1749271,TCS
2024-03-05,3692.012451171875,4012.10009765625,4064.0,3980.0,4062.0,2070859,TCS
2024-03-06,3740.0478515625,4064.300048828125,4072.0,3958.449951171875,3994.050048828125,1744204,TCS
2024-03-07,3780.814208984375,4108.60009765625,4124.0,4037.699951171875,4065.0,2688905,TCS
2024-03-11,3793.466796875,4122.35009765625,4153.0,4089.0,4089.0,2304068,TCS
2024-03-12,3857.790283203125,4192.25,4229.9501953125,4121.0498046875,4122.35009765625,4039801,TCS
2024-03-13,3817.99072265625,4149.0,4241.0,4131.89990234375,4205.0,2837260,TCS
2024-03-14,3871.915771484375,4207.60009765625,4225.0,4086.0,4153.4501953125,2919608,TCS
2024-03-15,3882.63623046875,4219.25,4239.0,4177.0,4192.60009765625,3373143,TCS
2024-03-18,3821.21142578125,4152.5,4254.75,4117.85009765625,4215.25,1526904,TCS
2024-03-19,3659.9892578125,3977.300048828125,4058.0,3966.60009765625,4051.25,8931209,TCS
2024-03-20,3654.099609375,3970.89990234375,4018.0,3960.199951171875,3986.0,1817913,TCS
2024-03-21,3655.986083984375,3972.949951171875,4008.39990234375,3948.0,3990.050048828125,3829582,TCS
2024-03-22,3598.88623046875,3910.89990234375,3938.0,3855.0,3897.0,5852485,TCS
2024-03-26,3568.15087890625,3877.5,3946.699951171875,3871.449951171875,3875.0,3440925,TCS
2024-03-27,3534.470947265625,3840.89990234375,3895.0,3829.39990234375,3888.5,1968575,TCS
2024-03-28,3567.046630859375,3876.300048828125,3915.0,3840.5,3850.10009765625,4311783,TCS
2024-04-01,3604.27001953125,3916.75,3933.300048828125,3888.050048828125,3897.699951171875,1569676,TCS
2024-04-02,3573.948486328125,3883.800048828125,3909.85009765625,3873.0,3890.0,2142666,TCS
2024-04-03,3632.382080078125,3947.300048828125,3981.0,3851.0,3851.0,3973090,TCS
2024-04-04,3683.914306640625,4003.300048828125,4028.64990234375,3935.25,3975.89990234375,3394637,TCS
2024-04-05,3661.783447265625,3979.25,4002.0,3960.5,3978.0,1636819,TCS
2024-04-08,3655.61767578125,3972.550048828125,4032.64990234375,3960.0,3983.0,2302538,TCS
2024-04-09,3631.69189453125,3946.550048828125,4015.85009765625,3925.050048828125,3984.0,1876992,TCS
2024-04-10,3666.752197265625,3984.64990234375,3990.199951171875,3918.0,3956.39990234375,2101965,TCS
2024-04-12,3682.165771484375,4001.39990234375,4013.35009765625,3945.5,3971.0,4354821,TCS
2024-04-15,3626.76904296875,3941.199951171875,4064.199951171875,3919.050048828125,4001.39990234375,4200329,TCS
2024-04-16,3563.82568359375,3872.800048828125,3928.699951171875,3862.85009765625,3902.0,3051420,TCS
2024-04-18,3553.887939453125,3862.0,3936.0,3850.0,3876.800048828125,3476284,TCS
2024-04-19,3520.943359375,3826.199951171875,3852.550048828125,3800.89990234375,3838.0,2957749,TCS
2024-04-22,3556.280029296875,3864.60009765625,3878.0,3812.0,3837.0,1728883,TCS
2024-04-23,3565.574462890625,3874.699951171875,3895.0,3860.60009765625,3877.050048828125,1807586,TCS
2024-04-24,3525.406982421875,3831.050048828125,3898.0,3824.449951171875,3890.0,1317312,TCS
2024-04-25,3544.86962890625,3852.199951171875,3873.64990234375,3811.0,3811.199951171875,2856271,TCS
2024-04-26,3516.48095703125,3821.35009765625,3876.800048828125,3802.550048828125,3855.14990234375,2039178,TCS
2024-04-29,3561.433349609375,3870.199951171875,3877.800048828125,3819.199951171875,3838.0,1110693,TCS
2024-04-30,3515.836181640625,3820.64990234375,3881.75,3810.0,3872.0,2203078,TCS
2024-05-02,3555.084228515625,3863.300048828125,3871.10009765625,3778.050048828125,3778.050048828125,2491044,TCS
2024-05-03,3536.771240234375,3843.39990234375,3893.60009765625,3797.60009765625,3890.14990234375,2962234,TCS
2024-05-06,3608.226806640625,3921.050048828125,3939.949951171875,3853.0,3853.0,2053831,TCS
2024-05-07,3661.50732421875,3978.949951171875,3988.0,3913.5,3930.800048828125,2062112,TCS
2024-05-08,3659.667236328125,3976.949951171875,3984.300048828125,3938.60009765625,3961.0,1247685,TCS
2024-05-09,3644.253173828125,3960.199951171875,3971.0,3910.050048828125,3962.0,1726486,TCS
2024-05-10,3583.242431640625,3893.89990234375,3973.60009765625,3885.050048828125,3962.60009765625,1672489,TCS
2024-05-13,3632.842529296875,3947.800048828125,3955.0,3870.0,3884.5,931326,TCS
2024-05-14,3589.9599609375,3901.199951171875,3945.800048828125,3892.89990234375,3936.0,1058317,TCS
2024-05-15,3570.81982421875,3880.39990234375,3926.949951171875,3875.5,3904.5,1115021,TCS
2024-05-16,3615.821044921875,3900.949951171875,3909.5,3843.5,3891.10009765625,2599399,TCS
2024-05-17,3553.857177734375,3834.10009765625,3920.0,3830.0,3919.0,2765804,TCS
2024-05-21,3540.973388671875,3820.199951171875,3844.75,3810.050048828125,3830.60009765625,1908117,TCS
2024-05-22,3551.910888671875,3832.0,3841.25,3817.550048828125,3835.0,1311168,TCS
2024-05-23,3608.868896484375,3893.449951171875,3905.0,3825.5,3840.949951171875,2095742,TCS
2024-05-24,3568.1318359375,3849.5,3883.800048828125,3844.300048828125,3878.25,1309452,TCS
2024-05-27,3565.860595703125,3847.050048828125,3908.35009765625,3841.35009765625,3855.0,1841538,TCS
2024-05-28,3559.233154296875,3839.89990234375,3870.0,3830.0,3858.0,1801993,TCS
2024-05-29,3525.6328125,3803.64990234375,3848.89990234375,3800.0,3848.89990234375,1568095,TCS
2024-05-30,3463.020263671875,3736.10009765625,3794.39990234375,3715.449951171875,3777.0,2919230,TCS
2024-05-31,3402.632080078125,3670.949951171875,3749.800048828125,3653.75,3740.0,10956800,TCS
2024-06-03,3432.200927734375,3702.85009765625,3751.550048828125,3696.0,3732.800048828125,2156773,TCS
2024-06-04,3443.462158203125,3715.0,3745.0,3591.5,3700.0,3395997,TCS
2024-06-05,3472.613525390625,3746.449951171875,3783.800048828125,3700.0,3716.0,2799670,TCS
2024-06-06,3550.427490234375,3830.39990234375,3839.89990234375,3741.5,3781.0,4328036,TCS
2024-06-07,3609.33251953125,3893.949951171875,3915.0,3837.300048828125,3837.300048828125,4552445,TCS
2024-06-10,3576.6591796875,3858.699951171875,3905.89990234375,3841.89990234375,3895.0,1734661,TCS
2024-06-11,3570.54150390625,3852.10009765625,3879.949951171875,3841.0,3845.0,1419898,TCS
2024-06-12,3551.58642578125,3831.64990234375,3893.5,3827.449951171875,3874.39990234375,2177001,TCS
2024-06-13,3594.687255859375,3878.14990234375,3890.0,3852.0,3856.800048828125,1932323,TCS
2024-06-14,3551.956787109375,3832.050048828125,3889.0,3828.0,3889.0,1860730,TCS
2024-06-18,3536.246337890625,3815.10009765625,3842.0,3795.050048828125,3826.050048828125,1774045,TCS
2024-06-19,3523.825439453125,3801.699951171875,3833.85009765625,3792.949951171875,3827.64990234375,1509050,TCS
2024-06-20,3510.431396484375,3787.25,3809.949951171875,3780.050048828125,3796.0,2846526,TCS
2024-06-21,3532.214111328125,3810.75,3877.800048828125,3798.050048828125,3827.0,4642195,TCS
2024-06-24,3537.82177734375,3816.800048828125,3857.0,3791.300048828125,3808.75,1702154,TCS
2024-06-25,3557.889404296875,3838.449951171875,3847.64990234375,3792.89990234375,3817.0,1338808,TCS
2024-06-26,3574.017578125,3855.85009765625,3866.949951171875,3841.0,3844.5,1639845,TCS
2024-06-27,3646.59423828125,3934.14990234375,3942.0,3818.10009765625,3831.0,4526556,TCS
2024-06-28,3618.787109375,3904.14990234375,3960.0,3897.85009765625,3917.800048828125,2731571,TCS
2024-07-01,3687.4248046875,3978.199951171875,4001.699951171875,3884.0,3884.0,2658723,TCS
2024-07-02,3723.75927734375,4017.39990234375,4023.39990234375,3982.550048828125,3993.60009765625,2307449,TCS
2024-07-03,3675.421142578125,3965.25,4026.10009765625,3955.0,4020.0,1821198,TCS
2024-07-04,3727.0498046875,4020.949951171875,4047.35009765625,3982.10009765625,3999.85009765625,2518001,TCS
2024-07-05,3718.568603515625,4011.800048828125,4026.75,3988.0,4010.0,1668616,TCS
2024-07-08,3701.328125,3993.199951171875,4031.25,3978.050048828125,4022.0,1758882,TCS
2024-07-09,3694.191162109375,3985.5,4006.949951171875,3975.10009765625,3985.0,1305801,TCS
2024-07-10,3623.421630859375,3909.14990234375,4003.300048828125,3902.0,3983.699951171875,2669716,TCS
2024-07-11,3636.907958984375,3923.699951171875,3980.0,3895.60009765625,3931.0,4872189,TCS
2024-07-12,3878.135986328125,4183.9501953125,4199.9501953125,3971.300048828125,3980.0,13509164,TCS
2024-07-15,3864.464111328125,4169.2001953125,4240.0,4157.0498046875,4235.7001953125,4848030,TCS
2024-07-16,3873.03857421875,4178.4501953125,4194.5498046875,4144.89990234375,4172.0,2029521,TCS
2024-07-18,4000.115966796875,4315.5498046875,4325.0,4160.0,4160.0,5613364,TCS
2024-07-19,3997.1904296875,4302.39990234375,4358.75,4285.25,4317.39990234375,3903354,TCS
2024-07-22,3983.2080078125,4287.35009765625,4319.9501953125,4265.0,4299.9501953125,1896386,TCS
2024-07-23,3997.144287109375,4302.35009765625,4361.7001953125,4266.2998046875,4283.0,2365208,TCS
2024-07-24,4000.76708984375,4306.25,4339.10009765625,4268.10009765625,4287.5,1809793,TCS
2024-07-25,4015.864013671875,4322.5,4343.0,4274.2001953125,4295.0,2810342,TCS
2024-07-26,4076.578125,4387.85009765625,4422.4501953125,4337.0498046875,4350.0,3552210,TCS
2024-07-29,4070.3076171875,4381.10009765625,4431.0,4371.0,4415.0,1746803,TCS
2024-07-30,4055.67431640625,4365.35009765625,4398.0,4327.2998046875,4391.10009765625,1797906,TCS
2024-07-31,4074.25634765625,4385.35009765625,4414.0,4345.0,4350.0,2330091,TCS
2024-08-01,4085.172607421875,4397.10009765625,4419.2998046875,4365.0498046875,4399.39990234375,2202244,TCS
2024-08-02,3979.21337890625,4283.0498046875,4398.0,4270.0,4365.0,2811282,TCS
2024-08-05,3860.29296875,4155.0498046875,4239.0,4110.5,4239.0,2787771,TCS
2024-08-06,3875.298095703125,4171.2001953125,4258.25,4160.7998046875,4170.9501953125,2203067,TCS
2024-08-07,3902.47265625,4200.4501953125,4244.9501953125,4180.2998046875,4228.0,1237666,TCS
2024-08-08,3876.5517578125,4172.5498046875,4232.0,4160.0,4181.0,2441283,TCS
2024-08-09,3928.7646484375,4228.75,4253.64990234375,4205.5498046875,4217.0,1302536,TCS
2024-08-12,3898.012939453125,4195.64990234375,4239.0,4186.35009765625,4230.0,936912,TCS
2024-08-13,3899.22119140625,4196.9501953125,4234.0,4183.0,4213.0,1495593,TCS
2024-08-14,3990.54736328125,4295.25,4306.2001953125,4188.14990234375,4209.0,3226545,TCS
2024-08-16,4102.7783203125,4416.0498046875,4427.0,4325.10009765625,4350.0,3457058,TCS
2024-08-19,4171.48291015625,4490.0,4494.25,4390.35009765625,4421.0,2055210,TCS
2024-08-20,4202.419921875,4523.2998046875,4565.0,4500.0,4505.0,2212298,TCS
2024-08-21,4228.61962890625,4551.5,4560.0,4492.5498046875,4518.0,1896990,TCS
2024-08-22,4182.630859375,4502.0,4560.9501953125,4497.2001953125,4560.0,1829872,TCS
2024-08-23,4147.2333984375,4463.89990234375,4506.0,4455.0,4500.0,1809253,TCS
2024-08-26,4183.04833984375,4502.4501953125,4552.14990234375,4485.0,4489.0,1844164,TCS
2024-08-27,4178.125,4497.14990234375,4510.0,4486.7998046875,4505.0,930697,TCS
2024-08-28,4186.39306640625,4506.0498046875,4562.5,4457.2998046875,4498.75,1848058,TCS
2024-08-29,4191.7353515625,4511.7998046875,4556.0,4460.0,4460.0,2133641,TCS
2024-08-30,4230.70947265625,4553.75,4592.25,4487.7998046875,4500.0,3637222,TCS
2024-09-02,4200.32958984375,4521.0498046875,4588.0,4512.0,4576.0,1216500,TCS
2024-09-03,4192.2470703125,4512.35009765625,4555.89990234375,4495.89990234375,4521.0498046875,1717263,TCS
2024-09-04,4161.494140625,4479.25,4487.0,4436.7001953125,4476.9501953125,1265505,TCS
2024-09-05,4158.42919921875,4475.9501953125,4499.0,4454.14990234375,4481.0,1688793,TCS
2024-09-06,4140.59033203125,4456.75,4518.9501953125,4440.0,4473.9501953125,1649179,TCS
2024-09-09,4133.90087890625,4449.5498046875,4490.25,4430.5,4455.0,1184938,TCS
2024-09-10,4188.06640625,4507.85009765625,4539.9501953125,4440.4501953125,4442.4501953125,1385591,TCS
2024-09-11,4161.587890625,4479.35009765625,4549.35009765625,4471.25,4521.4501953125,1325919,TCS
2024-09-12,4197.21728515625,4517.7001953125,4532.60009765625,4431.2998046875,4510.25,2742216,TCS
2024-09-13,4201.76953125,4522.60009765625,4547.0,4505.0,4530.0,1458786,TCS
2024-09-16,4193.0830078125,4513.25,4546.0498046875,4494.4501953125,4527.0,1155120,TCS
2024-09-17,4186.02197265625,4505.64990234375,4535.7998046875,4466.0,4513.25,1699364,TCS
2024-09-18,4037.836669921875,4346.14990234375,4497.0498046875,4321.0,4497.0498046875,2961779,TCS
2024-09-19,3991.38330078125,4296.14990234375,4422.2001953125,4281.7998046875,4390.0498046875,2927551,TCS
2024-09-20,3980.932373046875,4284.89990234375,4330.7001953125,4227.5,4316.89990234375,5447908,TCS
2024-09-23,3965.69482421875,4268.5,4309.39990234375,4253.0,4300.0,1702319,TCS
2024-09-24,3968.297119140625,4271.2998046875,4291.0,4240.0,4251.64990234375,3012026,TCS
2024-09-25,3971.501708984375,4274.75,4289.60009765625,4240.0,4252.35009765625,2713073,TCS
2024-09-26,3987.992431640625,4292.5,4316.7998046875,4260.0,4260.0,3964251,TCS
2024-09-27,4003.043212890625,4308.7001953125,4378.0,4300.0498046875,4335.0,3012477,TCS
2024-09-30,3965.69482421875,4268.5,4298.75,4260.0498046875,4286.89990234375,2503416,TCS
2024-10-01,3983.71923828125,4287.89990234375,4295.75,4242.9501953125,4255.5498046875,1823365,TCS
2024-10-03,3932.4814453125,4232.75,4279.0,4210.0,4262.60009765625,3350119,TCS
2024-10-04,3950.59814453125,4252.25,4298.0,4224.0498046875,4225.0,2965463,TCS
2024-10-07,3969.736328125,4272.85009765625,4297.25,4229.39990234375,4273.89990234375,1472619,TCS
2024-10-08,3951.527587890625,4253.25,4279.39990234375,4203.9501953125,4272.60009765625,1541867,TCS
2024-10-09,3951.24853515625,4252.9501953125,4295.0,4246.7001953125,4260.0,1082504,TCS
2024-10-10,3927.510498046875,4227.39990234375,4293.85009765625,4198.60009765625,4253.25,2378875,TCS
2024-10-11,3854.8583984375,4149.2001953125,4241.9501953125,4112.4501953125,4143.0,5759183,TCS
2024-10-14,3843.1982421875,4136.64990234375,4165.39990234375,4122.2001953125,4140.0,2137590,TCS
2024-10-15,3824.756591796875,4116.7998046875,4169.9501953125,4095.0,4131.0498046875,2759474,TCS
2024-10-16,3804.45654296875,4094.949951171875,4115.0,4067.199951171875,4085.0,2359151,TCS
2024-10-17,3817.51025390625,4109.0,4129.9501953125,4092.949951171875,4112.7998046875,2522659,TCS
2024-10-18,3839.908447265625,4123.0498046875,4146.14990234375,4080.0,4090.0,2361000,TCS
2024-10-21,3799.6748046875,4079.85009765625,4139.9501953125,4070.0,4132.60009765625,1595450,TCS
2024-10-22,3739.744140625,4015.5,4089.800048828125,4006.35009765625,4066.0,1928049,TCS
2024-10-23,3787.00927734375,4066.25,4113.5498046875,3995.14990234375,3999.60009765625,1966476,TCS
2024-10-24,3769.9189453125,4047.89990234375,4079.0,4004.0,4004.0,2676744,TCS
2024-10-25,3778.90673828125,4057.550048828125,4092.0,4032.699951171875,4057.050048828125,1759676,TCS
2024-10-28,3809.919677734375,4090.85009765625,4134.0,4051.0,4068.949951171875,1532534,TCS
2024-10-29,3795.39111328125,4075.25,4103.5,4060.10009765625,4095.85009765625,1445885,TCS
2024-10-30,3804.145263671875,4084.64990234375,4107.0,4060.050048828125,4075.0,1935002,TCS
2024-10-31,3695.92529296875,3968.449951171875,4078.300048828125,3960.0,4070.0,3740372,TCS
2024-11-01,3710.593505859375,3984.199951171875,3998.949951171875,3976.050048828125,3989.85009765625,154895,TCS
2024-11-04,3691.920166015625,3964.14990234375,3991.89990234375,3913.25,3966.300048828125,2269192,TCS
2024-11-05,3698.626220703125,3971.35009765625,3986.0,3941.10009765625,3941.10009765625,967590,TCS
2024-11-06,3855.36865234375,4139.64990234375,4149.7998046875,3975.25,4003.60009765625,3792017,TCS
2024-11-07,3865.845703125,4150.89990234375,4205.7998046875,4085.050048828125,4169.7001953125,3724349,TCS
2024-11-08,3862.213623046875,4147.0,4169.75,4117.64990234375,4155.0,1648039,TCS
2024-11-11,3910.363037109375,4198.7001953125,4234.2998046875,4117.64990234375,4128.2001953125,1406487,TCS
2024-11-12,3909.152099609375,4197.39990234375,4218.0,4164.35009765625,4216.0,1587640,TCS
2024-11-13,3865.333740234375,4150.35009765625,4196.75,4131.0498046875,4178.10009765625,1098813,TCS
2024-11-14,3861.18896484375,4145.89990234375,4160.0,4116.4501953125,4135.0,1825432,TCS
2024-11-18,3743.469482421875,4019.5,4213.0,3990.199951171875,4213.0,3313944,TCS
2024-11-19,3762.142333984375,4039.550048828125,4132.14990234375,4014.10009765625,4019.89990234375,1776233,TCS
2024-11-21,3793.15576171875,4072.85009765625,4092.449951171875,4024.0,4044.89990234375,2384347,TCS
2024-11-22,3953.111328125,4244.60009765625,4254.9501953125,4054.0,4071.0,3096553,TCS
2024-11-25,4018.76953125,4315.10009765625,4328.10009765625,4252.2001953125,4280.0,4052167,TCS
2024-11-26,4053.7880859375,4352.7001953125,4366.60009765625,4310.0,4321.0498046875,2060669,TCS
2024-11-27,4035.021240234375,4332.5498046875,4377.39990234375,4324.0498046875,4358.9501953125,1558993,TCS
2024-11-28,3953.390380859375,4244.89990234375,4339.9501953125,4233.0,4319.0,2558544,TCS
2024-11-29,3977.55859375,4270.85009765625,4298.7001953125,4195.64990234375,4220.0,2017425,TCS
2024-12-02,3982.96044921875,4276.64990234375,4288.2001953125,4230.0498046875,4270.0,1670944,TCS
2024-12-03,4007.26806640625,4302.75,4325.0,4265.4501953125,4314.35009765625,2010905,TCS
2024-12-04,4055.37109375,4354.39990234375,4386.9501953125,4289.0498046875,4313.5498046875,3302642,TCS
2024-12-05,4157.490234375,4464.0498046875,4489.0,4360.0,4400.7998046875,3746747,TCS
2024-12-06,4140.21435546875,4445.5,4465.0,4412.75,4453.0,1842087,TCS
2024-12-09,4146.40771484375,4452.14990234375,4469.39990234375,4415.5498046875,4430.4501953125,2066639,TCS
2024-12-10,4128.15380859375,4432.5498046875,4493.7998046875,4412.10009765625,4426.14990234375,2087828,TCS
2024-12-11,4123.40478515625,4427.4501953125,4448.64990234375,4407.0,4431.85009765625,1635256,TCS
2024-12-12,4149.01611328125,4454.9501953125,4485.0,4426.0,4430.0498046875,1914642,TCS
2024-12-13,4166.66455078125,4473.89990234375,4494.89990234375,4394.39990234375,4434.9501953125,1967048,TCS
2024-12-16,4111.9951171875,4415.2001953125,4475.0,4397.0,4459.0,1646224,TCS
2024-12-17,4031.24951171875,4328.5,4432.9501953125,4318.0,4410.0,3225027,TCS
2024-12-18,4049.2705078125,4347.85009765625,4362.0,4289.60009765625,4311.7001953125,1575404,TCS
2024-12-19,3978.536376953125,4271.89990234375,4364.0,4262.0,4282.0,3015763,TCS
2024-12-20,3883.913330078125,4170.2998046875,4382.0,4152.5,4329.0,4116989,TCS
2024-12-23,3872.7373046875,4158.2998046875,4217.0,4114.89990234375,4200.0498046875,2195338,TCS
2024-12-24,3892.48193359375,4179.5,4218.0,4158.2998046875,4158.2998046875,1181886,TCS
2024-12-26,3882.796142578125,4169.10009765625,4199.9501953125,4143.14990234375,4179.5,1208464,TCS
2024-12-27,3878.838134765625,4164.85009765625,4180.9501953125,4147.25,4163.0,858100,TCS
2024-12-30,3873.203125,4158.7998046875,4199.2998046875,4112.0,4151.0,1527169,TCS
2024-12-31,3813.598388671875,4094.800048828125,4139.9501953125,4032.050048828125,4135.0,1555429,TCS
2025-01-01,3830.03662109375,4112.4501953125,4134.0,4085.449951171875,4094.39990234375,763161,TCS
2025-01-02,3888.989013671875,4175.75,4183.0,4096.9501953125,4120.0,1720835,TCS
2025-01-03,3818.34765625,4099.89990234375,4179.9501953125,4092.300048828125,4179.9501953125,1791953,TCS
2025-01-06,3813.78466796875,4095.0,4149.64990234375,4066.39990234375,4105.5,2085593,TCS
2025-01-07,3751.6650390625,4028.300048828125,4140.35009765625,4011.550048828125,4114.9501953125,2669054,TCS
2025-01-08,3826.263916015625,4108.39990234375,4126.0,4017.75,4034.89990234375,2181277,TCS
2025-01-09,3761.49072265625,4038.85009765625,4137.75,4025.300048828125,4101.0,2392472,TCS
2025-01-10,3972.7158203125,4265.64990234375,4297.0,4170.0,4200.0,7894300,TCS
2025-01-13,3996.41796875,4291.10009765625,4322.9501953125,4227.39990234375,4245.0,4003771,TCS
2025-01-14,3942.3544921875,4233.0498046875,4313.89990234375,4219.0498046875,4302.0,3441709,TCS
2025-01-15,3957.76806640625,4249.60009765625,4256.4501953125,4207.4501953125,4218.0,1653474,TCS
2025-01-16,3917.441162109375,4206.2998046875,4294.0,4191.85009765625,4260.0,2637705,TCS
2025-01-17,3911.75,4124.2998046875,4160.60009765625,4100.0498046875,4159.89990234375,1761466,TCS
2025-01-20,3867.64697265625,4077.800048828125,4145.7998046875,4068.10009765625,4145.7998046875,1287799,TCS
2025-01-21,3827.85888671875,4035.85009765625,4111.0,4030.0,4095.300048828125,1971591,TCS
2025-01-22,3942.385986328125,4156.60009765625,4163.14990234375,4044.199951171875,4050.0,2409223,TCS
2025-01-23,3931.810546875,4145.4501953125,4191.35009765625,4140.0498046875,4168.0,1822998,TCS
2025-01-24,3938.355224609375,4152.35009765625,4178.0,4104.0,4104.0,1910099,TCS
2025-01-27,3855.648681640625,4065.14990234375,4156.35009765625,4041.050048828125,4102.0,1551782,TCS
2025-01-28,3832.079833984375,4040.300048828125,4102.0,4028.300048828125,4070.800048828125,2468272,TCS
2025-01-29,3888.512939453125,4099.7998046875,4107.85009765625,4054.0,4054.0,1217089,TCS
2025-01-30,3888.75,4100.0498046875,4129.89990234375,4058.5,4099.89990234375,1531251,TCS
2025-01-31,3900.4638671875,4112.39990234375,4128.4501953125,4085.25,4110.0,1492943,TCS
2025-02-01,3863.236328125,4073.14990234375,4135.89990234375,4056.0,4113.0,437172,TCS
2025-02-03,3858.968505859375,4068.64990234375,4077.0,3998.699951171875,4030.89990234375,1265713,TCS
2025-02-04,3895.3896484375,4107.0498046875,4118.85009765625,4066.050048828125,4083.699951171875,2547132,TCS
2025-02-05,3880.26123046875,4091.10009765625,4150.0,4076.0,4150.0,1693912,TCS
2025-02-06,3872.341552734375,4082.75,4139.5,4051.550048828125,4105.39990234375,2284536,TCS
2025-02-07,3821.7412109375,4029.39990234375,4090.0,4008.0,4090.0,1548940,TCS
2025-02-10,3828.90234375,4036.949951171875,4052.0,4014.35009765625,4040.0,1339511,TCS
2025-02-11,3759.284912109375,3963.550048828125,4040.0,3955.0,4018.39990234375,1810908,TCS
2025-02-12,3746.57568359375,3950.14990234375,4021.75,3940.14990234375,3971.10009765625,1678002,TCS
2025-02-13,3708.636962890625,3910.14990234375,3984.449951171875,3902.25,3968.0,2277310,TCS
2025-02-14,3732.064208984375,3934.85009765625,3948.0,3900.0,3925.0,1681975,TCS
2025-02-17,3703.278076171875,3904.5,3934.0,3856.199951171875,3856.5,1799806,TCS
2025-02-18,3673.591064453125,3873.199951171875,3924.39990234375,3864.5,3898.39990234375,2149879,TCS
2025-02-19,3589.08349609375,3784.10009765625,3874.949951171875,3768.14990234375,3872.199951171875,4366672,TCS
2025-02-20,3584.625,3779.39990234375,3788.0,3751.300048828125,3761.5,2888572,TCS
2025-02-21,3590.884765625,3786.0,3817.0,3775.0,3776.10009765625,1833931,TCS
2025-02-24,3486.1748046875,3675.60009765625,3763.199951171875,3670.0,3743.14990234375,2508516,TCS
2025-02-25,3442.498046875,3629.550048828125,3658.0,3621.25,3625.0,4101954,TCS
2025-02-27,3426.374267578125,3612.550048828125,3638.0,3600.699951171875,3611.699951171875,3823856,TCS
2025-02-28,3303.737548828125,3483.25,3600.0,3457.0,3584.949951171875,7085018,TCS
2025-03-03,3313.0322265625,3493.050048828125,3523.25,3476.14990234375,3485.0,4990439,TCS
2025-03-04,3350.02294921875,3532.050048828125,3551.0,3464.300048828125,3474.0,2797737,TCS
2025-03-05,3364.24951171875,3547.050048828125,3600.35009765625,3520.85009765625,3520.85009765625,2501894,TCS
2025-03-06,3415.988525390625,3601.60009765625,3609.449951171875,3536.10009765625,3557.0,2786513,TCS
2025-03-07,3425.093505859375,3611.199951171875,3625.0,3574.39990234375,3600.0,2051315,TCS
2025-03-10,3404.654296875,3589.64990234375,3622.10009765625,3582.60009765625,3606.5,1004626,TCS
2025-03-11,3391.0439453125,3575.300048828125,3588.75,3537.64990234375,3558.0,1995450,TCS
2025-03-12,3325.505126953125,3506.199951171875,3569.25,3486.85009765625,3565.0,3174167,TCS
2025-03-13,3330.104736328125,3511.050048828125,3524.300048828125,3484.10009765625,3502.300048828125,1693004,TCS
2025-03-17,3317.44287109375,3497.699951171875,3530.449951171875,3477.35009765625,3489.0,2690906,TCS
2025-03-18,3317.44287109375,3497.699951171875,3497.699951171875,3497.699951171875,3497.699951171875,0,TCS
2025-03-19,3316.8740234375,3497.10009765625,3547.0,3462.75,3547.0,3051244,TCS
2025-03-20,3379.51953125,3563.14990234375,3578.949951171875,3512.0,3512.0,2845192,TCS
2025-03-21,3393.69970703125,3578.10009765625,3616.25,3465.0,3475.0,4161925,TCS
2025-03-24,3441.928955078125,3628.949951171875,3649.75,3566.60009765625,3600.0,1834751,TCS
2025-03-25,3469.24462890625,3657.75,3710.0,3638.0,3645.0,3135390,TCS
2025-03-26,3448.426025390625,3635.800048828125,3680.5,3625.85009765625,3647.75,1734499,TCS
2025-03-27,3463.032470703125,3651.199951171875,3663.0,3610.5,3614.85009765625,2528474,TCS
2025-03-28,3420.303466796875,3606.14990234375,3660.949951171875,3591.89990234375,3651.0,2051919,TCS
2025-04-01,3367.806396484375,3550.800048828125,3584.0,3525.0,3572.699951171875,2618493,TCS
2025-04-02,3361.3095703125,3543.949951171875,3564.10009765625,3530.050048828125,3544.0,1764313,TCS
2025-04-03,3227.765380859375,3403.14990234375,3502.0,3396.14990234375,3491.0,4537821,TCS
2025-04-04,3129.362548828125,3299.39990234375,3399.64990234375,3295.5,3362.60009765625,5317367,TCS
2025-04-07,3105.319091796875,3274.050048828125,3291.39990234375,3056.050048828125,3100.0,6623955,TCS
2025-04-08,3123.244873046875,3292.949951171875,3349.0,3255.300048828125,3302.050048828125,5557558,TCS
2025-04-09,3079.283935546875,3246.60009765625,3270.0,3212.050048828125,3260.550048828125,2990265,TCS
2025-04-11,3064.961669921875,3231.5,3298.949951171875,3206.0,3289.550048828125,7108961,TCS
2025-04-15,3080.801025390625,3248.199951171875,3314.39990234375,3238.60009765625,3314.39990234375,3512160,TCS
2025-04-16,3105.081787109375,3273.800048828125,3278.10009765625,3229.0,3248.199951171875,2384391,TCS
2025-04-17,3128.88818359375,3298.89990234375,3303.60009765625,3218.0,3245.5,2932346,TCS
2025-04-21,3150.418212890625,3321.60009765625,3354.0,3284.10009765625,3290.10009765625,2432946,TCS
2025-04-22,3143.58935546875,3314.39990234375,3333.89990234375,3295.0,3322.60009765625,2710498,TCS
2025-04-23,3237.10791015625,3413.0,3420.89990234375,3337.300048828125,3365.0,3543923,TCS
2025-04-24,3226.29541015625,3401.60009765625,3412.5,3387.699951171875,3401.10009765625,2252175,TCS
2025-04-25,3270.30419921875,3448.0,3477.800048828125,3405.0,3420.0,2742991,TCS
2025-04-28,3266.036376953125,3443.5,3457.800048828125,3405.0,3435.0,1593296,TCS
2025-04-29,3293.541748046875,3472.5,3495.0,3430.39990234375,3455.0,1578332,TCS
2025-04-30,3275.710693359375,3453.699951171875,3509.89990234375,3366.0,3472.0,2809332,TCS
2025-05-02,3254.180419921875,3431.0,3491.5,3420.0,3472.0,1721761,TCS
2025-05-05,3276.279541015625,3454.300048828125,3504.5,3446.39990234375,3450.0,1284443,TCS
2025-05-06,3281.685791015625,3460.0,3473.0,3437.0,3460.0,1324763,TCS
2025-05-07,3267.553955078125,3445.10009765625,3459.5,3420.60009765625,3420.60009765625,1477128,TCS
2025-05-08,3271.15771484375,3448.89990234375,3477.0,3428.699951171875,3448.0,2543591,TCS
2025-05-09,3263.0009765625,3440.300048828125,3446.199951171875,3398.10009765625,3399.0,2531757,TCS
2025-05-12,3433.819580078125,3620.39990234375,3630.5,3502.199951171875,3505.0,2228678,TCS
2025-05-13,3333.851318359375,3515.0,3623.0,3510.5,3620.39990234375,3062887,TCS
2025-05-14,3365.814697265625,3548.699951171875,3561.0,3508.60009765625,3521.0,2119499,TCS
2025-05-15,3395.406494140625,3579.89990234375,3600.0,3514.10009765625,3564.0,3548330,TCS
2025-05-16,3377.765380859375,3561.300048828125,3593.89990234375,3546.10009765625,3593.89990234375,1666727,TCS
2025-05-19,3337.45556640625,3518.800048828125,3550.0,3503.699951171875,3550.0,2537377,TCS
2025-05-20,3318.012451171875,3498.300048828125,3558.0,3494.0,3531.800048828125,2038374,TCS
2025-05-21,3344.094970703125,3525.800048828125,3537.0,3498.300048828125,3508.0,1440153,TCS
2025-05-22,3297.809814453125,3477.0,3497.800048828125,3451.300048828125,3495.0,2034383,TCS
2025-05-23,3333.47216796875,3514.60009765625,3535.0,3465.60009765625,3477.0,1274331,TCS
2025-05-26,3355.002197265625,3537.300048828125,3545.0,3510.10009765625,3521.0,967470,TCS
2025-05-27,3318.391357421875,3498.699951171875,3540.0,3483.10009765625,3532.0,2467680,TCS
2025-05-28,3317.44287109375,3497.699951171875,3529.0,3493.0,3520.0,1222933,TCS
2025-05-29,3317.822509765625,3498.10009765625,3532.5,3486.5,3504.699951171875,3188072,TCS
2025-05-30,3284.91064453125,3463.39990234375,3506.699951171875,3453.10009765625,3490.0,3404365,TCS
2025-06-02,3272.011474609375,3449.800048828125,3460.0,3418.60009765625,3450.0,1877585,TCS
2025-06-03,3229.7099609375,3405.199951171875,3473.5,3400.5,3446.0,2848125,TCS
2025-06-04,3235.1640625,3380.89990234375,3394.800048828125,3370.0,3389.0,2544807,TCS
2025-06-05,3225.786865234375,3371.10009765625,3409.0,3363.699951171875,3409.0,3584683,TCS
2025-06-06,3238.322021484375,3384.199951171875,3390.89990234375,3358.699951171875,3371.10009765625,2070390,TCS
2025-06-09,3274.396728515625,3421.89990234375,3434.0,3390.89990234375,3400.0,1718678,TCS
2025-06-10,3313.629638671875,3462.89990234375,3485.800048828125,3423.199951171875,3440.0,2419874,TCS
2025-06-11,3322.24169921875,3471.89990234375,3489.0,3449.10009765625,3470.0,2847013,TCS
2025-06-12,3286.166748046875,3434.199951171875,3474.699951171875,3423.199951171875,3471.89990234375,4060134,TCS
2025-06-13,3297.171142578125,3445.699951171875,3450.5,3393.199951171875,3393.199951171875,2178493,TCS
2025-06-16,3345.590087890625,3496.300048828125,3509.0,3426.199951171875,3440.0,1934088,TCS
2025-06-17,3363.77099609375,3515.300048828125,3520.0,3488.10009765625,3510.0,2111940,TCS
2025-06-18,3302.62548828125,3451.39990234375,3538.0,3443.10009765625,3519.10009765625,2696327,TCS
2025-06-19,3276.406494140625,3424.0,3451.0,3413.0,3450.0,2672768,TCS
2025-06-20,3287.60205078125,3435.699951171875,3446.300048828125,3410.89990234375,3425.0,2351248,TCS
2025-06-23,3247.31689453125,3393.60009765625,3425.0,3370.0,3415.0,3123421,TCS
2025-06-24,3244.254638671875,3390.39990234375,3442.10009765625,3382.0,3434.60009765625,3403048,TCS
2025-06-25,3296.309814453125,3444.800048828125,3450.0,3400.0,3407.300048828125,1757699,TCS
2025-06-26,3293.43896484375,3441.800048828125,3451.39990234375,3415.300048828125,3444.800048828125,2879106,TCS
2025-06-27,3292.76904296875,3441.10009765625,3466.39990234375,3431.0,3455.0,1778433,TCS
2025-06-30,3312.768310546875,3462.0,3464.89990234375,3430.0,3439.89990234375,1468351,TCS
2025-07-01,3281.860595703125,3429.699951171875,3485.0,3413.5,3455.0,2375183,TCS
2025-07-02,3275.73681640625,3423.300048828125,3489.89990234375,3420.0,3487.199951171875,3090585,TCS
2025-07-03,3254.20654296875,3400.800048828125,3435.300048828125,3397.60009765625,3430.0,2531870,TCS
2025-07-04,3272.387451171875,3419.800048828125,3427.0,3390.10009765625,3408.0,1109320,TCS
2025-07-07,3264.636474609375,3411.699951171875,3426.10009765625,3408.39990234375,3418.300048828125,1639174,TCS
2025-07-08,3259.37353515625,3406.199951171875,3425.0,3393.39990234375,3405.0,2325242,TCS
2025-07-09,3237.939453125,3383.800048828125,3414.0,3367.0,3410.0,2034938,TCS
2025-07-10,3236.216796875,3382.0,3399.0,3356.0,3380.0,3035012,TCS
2025-07-11,3125.217041015625,3266.0,3335.0,3261.10009765625,3299.89990234375,7635550,TCS
2025-07-14,3083.783447265625,3222.699951171875,3272.0,3200.0,3266.0,3924009,TCS
2025-07-15,3112.107421875,3252.300048828125,3259.39990234375,3206.0,3206.0,2590889,TCS
2025-07-16,3104.23486328125,3233.10009765625,3244.89990234375,3220.60009765625,3227.0,2540733,TCS
2025-07-17,3081.286865234375,3209.199951171875,3242.0,3204.10009765625,3224.10009765625,2947640,TCS
2025-07-18,3062.756103515625,3189.89990234375,3228.800048828125,3187.0,3225.0,3432645,TCS
2025-07-21,3032.31982421875,3158.199951171875,3197.60009765625,3152.0,3190.0,3844346,TCS
2025-07-22,3033.663818359375,3159.60009765625,3180.10009765625,3154.60009765625,3159.60009765625,3198036,TCS
2025-07-23,3052.38671875,3179.10009765625,3182.0,3157.60009765625,3159.60009765625,1922875,TCS
2025-07-24,3022.5263671875,3148.0,3173.699951171875,3140.0,3165.10009765625,2934778,TCS
2025-07-25,3010.812744140625,3135.800048828125,3156.89990234375,3125.60009765625,3140.0,2568917,TCS
2025-07-28,2956.564697265625,3079.300048828125,3118.0,3069.89990234375,3110.0,3374473,TCS
2025-07-29,2934.193359375,3056.0,3074.0,3041.199951171875,3060.0,4785312,TCS
2025-07-30,2931.888916015625,3053.60009765625,3069.0,3047.199951171875,3060.0,2880121,TCS
2025-07-31,2915.758544921875,3036.800048828125,3059.800048828125,3015.0,3041.699951171875,2968371,TCS
2025-08-01,2883.305908203125,3003.0,3036.800048828125,3000.0,3029.89990234375,2053847,TCS
2025-08-04,2951.85986328125,3074.39990234375,3079.39990234375,2991.60009765625,3009.10009765625,2519252,TCS
2025-08-05,2941.7783203125,3063.89990234375,3077.5,3042.0,3074.39990234375,1927996,TCS
2025-08-06,2911.437744140625,3032.300048828125,3066.800048828125,3026.0,3063.0,1487081,TCS
2025-08-07,2925.552001953125,3047.0,3051.60009765625,3010.89990234375,3016.0,2543076,TCS
2025-08-08,2915.37451171875,3036.39990234375,3059.800048828125,3025.0,3048.10009765625,2762140,TCS
2025-08-11,2919.59912109375,3040.800048828125,3049.89990234375,3021.300048828125,3036.39990234375,1884215,TCS
2025-08-12,2914.414306640625,3035.39990234375,3096.39990234375,3026.89990234375,3041.0,3358232,TCS
2025-08-13,2915.182373046875,3036.199951171875,3044.39990234375,3028.60009765625,3036.10009765625,2148166,TCS
2025-08-14,2901.83642578125,3022.300048828125,3055.89990234375,3019.10009765625,3034.0,3342174,TCS
2025-08-18,2891.178955078125,3011.199951171875,3049.0,3003.39990234375,3046.5,2945609,TCS
2025-08-19,2895.97998046875,3016.199951171875,3025.0,3011.10009765625,3011.199951171875,2650784,TCS
2025-08-20,2975.09521484375,3098.60009765625,3103.39990234375,3010.89990234375,3010.89990234375,4952358,TCS
2025-08-21,2978.93603515625,3102.60009765625,3130.0,3083.10009765625,3130.0,3230726,TCS
2025-08-22,2932.27294921875,3054.0,3095.699951171875,3050.0,3086.0,1593791,TCS
2025-08-25,3015.42138671875,3140.60009765625,3152.0,3077.10009765625,3087.300048828125,3448370,TCS
2025-08-26,3031.359375,3157.199951171875,3162.0,3120.0,3129.0,5522097,TCS
2025-08-28,2970.390625,3093.699951171875,3146.5,3086.5,3145.0,3116051,TCS
2025-08-29,2961.74951171875,3084.699951171875,3115.0,3077.199951171875,3093.0,2271789,TCS
2025-09-01,2988.537353515625,3112.60009765625,3131.10009765625,3090.0,3090.0,1246862,TCS
2025-09-02,2987.4814453125,3111.5,3155.0,3103.10009765625,3121.10009765625,2185229,TCS
2025-09-03,2974.039306640625,3097.5,3141.89990234375,3088.0,3129.89990234375,1799774,TCS
2025-09-04,2972.310791015625,3095.699951171875,3118.0,3090.800048828125,3116.0,1481391,TCS
2025-09-05,2926.80029296875,3048.300048828125,3103.39990234375,3028.60009765625,3097.10009765625,2802055,TCS
2025-09-08,2898.66796875,3019.0,3064.89990234375,3016.0,3050.0,2626187,TCS
2025-09-09,2927.856201171875,3049.39990234375,3060.0,3030.800048828125,3032.10009765625,2489301,TCS
2025-09-10,2986.041015625,3110.0,3122.699951171875,3053.39990234375,3056.39990234375,2079428,TCS
2025-09-11,2999.675048828125,3124.199951171875,3139.0,3110.10009765625,3139.0,2263446,TCS
2025-09-12,3008.50830078125,3133.39990234375,3148.699951171875,3121.0,3144.0,1447167,TCS
2025-09-15,2987.865234375,3111.89990234375,3134.0,3096.0,3134.0,1732539,TCS
2025-09-16,3020.318115234375,3145.699951171875,3150.0,3109.10009765625,3128.0,2573429,TCS
2025-09-17,3046.338134765625,3172.800048828125,3182.39990234375,3142.39990234375,3152.0,2418271,TCS
2025-09-18,3050.08251953125,3176.699951171875,3203.0,3161.39990234375,3185.0,2633138,TCS
2025-09-19,3042.881103515625,3169.199951171875,3180.5,3144.0,3170.0,4901694,TCS
2025-09-22,2951.283935546875,3073.800048828125,3106.89990234375,3065.0,3095.0,3634901,TCS
2025-09-23,2940.338134765625,3062.39990234375,3080.699951171875,3052.0,3070.0,3177741,TCS
2025-09-24,2914.414306640625,3035.39990234375,3057.0,3033.0,3050.0,1625714,TCS
2025-09-25,2839.523681640625,2957.39990234375,3029.60009765625,2951.0,3022.0,4974361,TCS
2025-09-26,2783.547119140625,2899.10009765625,2954.800048828125,2891.300048828125,2941.0,3934636,TCS
2025-09-29,2780.66650390625,2896.10009765625,2929.300048828125,2894.0,2916.0,3110035,TCS
2025-09-30,2773.2734375,2888.39990234375,2915.300048828125,2885.10009765625,2911.0,2253458,TCS
2025-10-01,2798.045166015625,2914.199951171875,2924.800048828125,2866.60009765625,2891.0,1952902,TCS
2025-10-03,2786.2353515625,2901.89990234375,2924.0,2891.10009765625,2924.0,2899519,TCS
2025-10-06,2869.28759765625,2988.39990234375,2993.60009765625,2895.60009765625,2902.0,2112774,TCS
2025-10-07,2855.173583984375,2973.699951171875,3004.5,2955.5,2995.0,3062943,TCS
2025-10-08,2906.541015625,3027.199951171875,3043.0,2968.0,2975.0,4121889,TCS
2025-10-09,2939.666015625,3061.699951171875,3066.0,3020.0,3034.0,3211304,TCS
2025-10-10,2907.59765625,3028.300048828125,3070.0,3006.89990234375,3050.0,8817365,TCS
2025-10-13,2887.338623046875,3007.199951171875,3035.5,2998.199951171875,3027.0,2866865,TCS
2025-10-14,2842.307861328125,2960.300048828125,3027.199951171875,2955.5,3021.0,3611416,TCS
2025-10-15,2862.06396484375,2969.800048828125,2979.699951171875,2951.0,2971.0,4282226,TCS
2025-10-16,2862.931396484375,2970.699951171875,2975.0,2943.10009765625,2969.89990234375,3251495,TCS
2025-10-17,2854.739501953125,2962.199951171875,2988.800048828125,2955.39990234375,2970.0,4374683,TCS
2025-10-20,2905.81689453125,3015.199951171875,3023.0,2978.5,2985.5,3133039,TCS
2025-10-21,2897.62548828125,3006.699951171875,3031.800048828125,2996.0,3031.10009765625,310644,TCS
2025-10-23,2961.712646484375,3073.199951171875,3098.0,3036.10009765625,3055.0,5564758,TCS
2025-10-24,2952.07568359375,3063.199951171875,3090.0,3058.300048828125,3080.0,2684318,TCS
2025-10-27,2972.98828125,3084.89990234375,3094.199951171875,3060.199951171875,3066.5,1946312,TCS
2025-10-28,2946.968017578125,3057.89990234375,3090.199951171875,3040.199951171875,3076.0,3470737,TCS
2025-10-29,2946.678955078125,3057.60009765625,3076.0,3046.10009765625,3057.89990234375,2895420,TCS
2025-10-30,2925.18798828125,3035.300048828125,3063.800048828125,3032.800048828125,3049.10009765625,2241536,TCS
2025-10-31,2947.064208984375,3058.0,3067.39990234375,3025.10009765625,3035.0,1868085,TCS
2025-11-03,2907.359130859375,3016.800048828125,3058.0,3010.0,3046.89990234375,2194877,TCS
2025-11-04,2881.723876953125,2990.199951171875,3029.300048828125,2976.0,3019.60009765625,2670720,TCS
2025-11-06,2901.6728515625,3010.89990234375,3024.0,2990.0,2990.10009765625,2542721,TCS
2025-11-07,2883.26611328125,2991.800048828125,3004.0,2960.5,3001.0,1830520,TCS
2025-11-10,2915.4541015625,3025.199951171875,3047.89990234375,2992.0,2993.0,1556656,TCS
2025-11-11,2936.46337890625,3047.0,3055.699951171875,3018.0,3045.0,2806868,TCS
2025-11-12,3018.18701171875,3131.800048828125,3136.39990234375,3057.10009765625,3060.0,4460315,TCS
2025-11-13,2993.03369140625,3105.699951171875,3131.89990234375,3102.0,3131.800048828125,1740435,TCS
2025-11-14,2993.322998046875,3106.0,3113.10009765625,3077.300048828125,3090.0,2210794,TCS
2025-11-17,2989.660888671875,3102.199951171875,3123.5,3086.60009765625,3106.0,2232853,TCS
2025-11-18,2975.10888671875,3087.10009765625,3105.0,3078.0,3102.0,2548350,TCS
2025-11-19,3033.51025390625,3147.699951171875,3155.0,3083.5,3097.0,3151053,TCS
2025-11-20,3030.715576171875,3144.800048828125,3164.5,3138.10009765625,3148.0,2700767,TCS
2025-11-21,3036.30517578125,3150.60009765625,3170.0,3135.199951171875,3144.800048828125,4177037,TCS
2025-11-24,3027.24609375,3141.199951171875,3178.89990234375,3131.0,3158.0,6703764,TCS
2025-11-25,3006.044189453125,3119.199951171875,3149.800048828125,3115.0,3145.300048828125,2737920,TCS
2025-11-26,3048.15869140625,3162.89990234375,3178.0,3117.0,3118.800048828125,2508527,TCS
2025-11-27,3022.81298828125,3136.60009765625,3180.0,3125.0,3180.0,2836233,TCS
2025-11-28,3023.680419921875,3137.5,3147.300048828125,3125.0,3140.0,1616690,TCS
2025-12-01,3019.72900390625,3133.39990234375,3154.0,3122.199951171875,3137.89990234375,1747647,TCS
2025-12-02,3021.94580078125,3135.699951171875,3144.0,3120.39990234375,3131.0,2512003,TCS
2025-12-03,3064.638427734375,3180.0,3211.89990234375,3139.0,3140.0,3952112,TCS
2025-12-04,3112.053466796875,3229.199951171875,3250.0,3187.39990234375,3194.0,5025905,TCS
2025-12-05,3120.72705078125,3238.199951171875,3271.60009765625,3222.39990234375,3230.0,5244013,TCS
2025-12-08,3119.0888671875,3236.5,3259.89990234375,3208.60009765625,3243.0,2544725,TCS
2025-12-09,3091.91162109375,3208.300048828125,3233.699951171875,3181.199951171875,3230.0,2734893,TCS
2025-12-10,3073.5048828125,3189.199951171875,3225.0,3178.10009765625,3225.0,1386849,TCS
2025-12-11,3076.106689453125,3191.89990234375,3208.39990234375,3153.10009765625,3205.0,1914362,TCS
2025-12-12,3103.669189453125,3220.5,3223.0,3185.699951171875,3197.699951171875,1146554,TCS
2025-12-15,3113.01708984375,3230.199951171875,3238.199951171875,3197.300048828125,3211.10009765625,1562190,TCS
2025-12-16,3088.828125,3205.10009765625,3220.0,3191.10009765625,3220.0,1734623,TCS
2025-12-17,3101.0673828125,3217.800048828125,3236.89990234375,3200.5,3200.5,1376350,TCS
2025-12-18,3161.78173828125,3280.800048828125,3287.800048828125,3221.0,3228.0,2307422,TCS
2025-12-19,3162.938232421875,3282.0,3317.89990234375,3278.800048828125,3299.0,3902511,TCS
2025-12-22,3204.28173828125,3324.89990234375,3328.60009765625,3291.0,3310.0,2632816,TCS
2025-12-23,3189.92236328125,3310.0,3319.89990234375,3293.5,3319.89990234375,2365420,TCS
2025-12-24,3198.595947265625,3319.0,3327.10009765625,3296.10009765625,3304.10009765625,1367708,TCS
2025-12-26,3161.010986328125,3280.0,3320.0,3271.800048828125,3313.10009765625,1176664,TCS
2025-12-29,3133.54443359375,3251.5,3288.0,3242.89990234375,3280.0,2079473,TCS
2025-12-30,3129.015380859375,3246.800048828125,3267.5,3239.5,3250.0,2807593,TCS
2025-12-31,3089.88818359375,3206.199951171875,3246.0,3198.5,3240.0,3362634,TCS
2026-01-01,3110.31884765625,3227.39990234375,3234.10009765625,3198.199951171875,3215.0,1255735,TCS
2026-01-02,3132.773681640625,3250.699951171875,3254.300048828125,3219.5,3234.0,1184324,TCS
2026-01-05,3099.42919921875,3216.10009765625,3247.0,3191.0,3240.5,2341703,TCS
2026-01-06,3137.688720703125,3255.800048828125,3263.199951171875,3205.0,3210.0,2912325,TCS
2026-01-07,3176.044921875,3295.60009765625,3300.60009765625,3223.199951171875,3242.89990234375,1989442,TCS
2026-01-08,3087.671630859375,3203.89990234375,3286.89990234375,3182.0,3286.89990234375,4159336,TCS
2026-01-09,3091.43017578125,3207.800048828125,3229.699951171875,3191.0,3191.0,1938673,TCS
2026-01-12,3122.076416015625,3239.60009765625,3252.0,3174.300048828125,3203.0,2228342,TCS
2026-01-13,3149.446044921875,3268.0,3280.0,3210.5,3245.0,5645341,TCS
2026-01-14,3076.684814453125,3192.5,3260.0,3183.0,3260.0,3539511,TCS
2026-01-15,3076.684814453125,3192.5,3192.5,3192.5,3192.5,0,TCS
2026-01-16,3146.54931640625,3206.699951171875,3221.89990234375,3171.0,3219.39990234375,4293470,TCS
2026-01-19,3104.258056640625,3163.60009765625,3220.0,3152.10009765625,3188.0,3387562,TCS
2026-01-20,3044.10791015625,3102.300048828125,3160.0,3091.10009765625,3151.60009765625,4499273,TCS
2026-01-21,3064.027099609375,3122.60009765625,3138.5,3082.0,3100.0,2015150,TCS
2026-01-22,3091.305419921875,3150.39990234375,3160.0,3122.300048828125,3150.0,2269827,TCS
2026-01-23,3103.178466796875,3162.5,3194.5,3152.0,3190.300048828125,2068857,TCS
2026-01-27,3098.762939453125,3158.0,3175.0,3130.0,3175.0,4279874,TCS
2026-01-28,3140.073486328125,3200.10009765625,3205.199951171875,3170.60009765625,3176.0,2751234,TCS
2026-01-29,3085.41796875,3144.39990234375,3200.10009765625,3125.60009765625,3200.10009765625,2457641,TCS
2026-01-30,3065.302490234375,3123.89990234375,3141.0,3092.0,3141.0,3022068,TCS
2026-02-02,3110.1455078125,3169.60009765625,3198.0,3134.0,3198.0,2636272,TCS
2026-02-03,3164.800537109375,3225.300048828125,3350.0,3186.300048828125,3350.0,4366060,TCS
2026-02-04,2942.84375,2999.10009765625,3120.0,2986.0,3120.0,10852595,TCS
2026-02-05,2935.38623046875,2991.5,3029.699951171875,2972.300048828125,2990.0,3521545,TCS
2026-02-06,2886.422119140625,2941.60009765625,2985.0,2916.0,2976.60009765625,4687389,TCS
2026-02-09,2892.8984375,2948.199951171875,2977.0,2937.5,2959.10009765625,2380318,TCS
2026-02-10,2928.61572265625,2984.60009765625,3011.60009765625,2943.5,2949.800048828125,3547763,TCS
2026-02-11,2855.21875,2909.800048828125,2998.0,2904.199951171875,2980.0,3363513,TCS
2026-02-12,2698.51416015625,2750.10009765625,2880.0,2740.0,2869.800048828125,10612156,TCS
2026-02-13,2641.7001953125,2692.199951171875,2713.0,2585.0,2585.0,11168735,TCS
2026-02-16,2655.830322265625,2706.60009765625,2719.800048828125,2671.0,2700.0,2918730,TCS
2026-02-17,2666.427490234375,2717.39990234375,2760.0,2695.199951171875,2716.0,4209118,TCS
2026-02-18,2644.349609375,2694.89990234375,2730.0,2657.300048828125,2730.0,2950820,TCS
2026-02-19,2627.66845703125,2677.89990234375,2748.699951171875,2666.60009765625,2708.0,3238849,TCS
2026-02-20,2635.812744140625,2686.199951171875,2702.60009765625,2647.5,2667.0,2293482,TCS
2026-02-23,2626.0986328125,2676.300048828125,2704.0,2660.199951171875,2686.0,4699596,TCS
2026-02-24,2525.423095703125,2573.699951171875,2647.5,2561.300048828125,2641.0,7798833,TCS
2026-02-25,2579.980224609375,2629.300048828125,2654.199951171875,2595.0,2596.0,3621285,TCS
2026-02-26,2598.034912109375,2647.699951171875,2671.0,2635.0,2650.0,3464267,TCS
2026-02-27,2587.92822265625,2637.39990234375,2688.60009765625,2626.10009765625,2681.60009765625,5083717,TCS
2026-03-02,2564.4765625,2613.5,2623.800048828125,2580.300048828125,2592.0,3374385,TCS
2026-03-04,2539.2587890625,2587.800048828125,2635.0,2580.39990234375,2625.0,3446434,TCS
2026-03-05,2530.427490234375,2578.800048828125,2609.5,2546.39990234375,2600.0,2960636,TCS
2026-03-06,2509.625244140625,2557.60009765625,2619.199951171875,2553.60009765625,2572.0,3998643,TCS
2026-03-09,2479.991455078125,2527.39990234375,2560.0,2505.0,2530.0,3653428,TCS
2026-03-10,2465.9599609375,2513.10009765625,2545.199951171875,2490.10009765625,2541.0,4323710,TCS
2026-03-11,2418.663818359375,2464.89990234375,2521.0,2460.10009765625,2508.10009765625,2720664,TCS
2026-03-12,2396.5859375,2442.39990234375,2472.89990234375,2436.0,2459.800048828125,2752075,TCS
2026-03-13,2365.284423828125,2410.5,2445.89990234375,2397.0,2437.0,2466488,TCS
2026-03-16,2364.0087890625,2409.199951171875,2425.0,2366.10009765625,2410.0,3807907,TCS
2026-03-17,2346.8369140625,2391.699951171875,2420.0,2360.0,2420.0,2993367,TCS
2026-03-18,2395.01611328125,2440.800048828125,2482.89990234375,2410.0,2410.0,3082388,TCS
2026-03-19,2311.806640625,2356.0,2424.0,2350.199951171875,2417.0,2757060,TCS
2026-03-20,2345.7578125,2390.60009765625,2407.800048828125,2364.199951171875,2386.0,4206320,TCS
2026-03-23,2339.085205078125,2383.800048828125,2406.800048828125,2348.0,2365.0,3860515,TCS
2026-03-24,2353.803955078125,2398.800048828125,2435.39990234375,2379.10009765625,2404.10009765625,3420182,TCS
2026-03-25,2332.80517578125,2377.39990234375,2421.60009765625,2369.800048828125,2400.89990234375,5843778,TCS
2026-03-27,2344.97265625,2389.800048828125,2422.10009765625,2385.0,2403.89990234375,4979411,TCS
2026-03-30,2314.652099609375,2358.89990234375,2398.0,2346.199951171875,2375.10009765625,6804756,TCS
2026-04-01,2363.027587890625,2408.199951171875,2472.0,2397.89990234375,2429.0,4132661,TCS
2026-04-02,2404.730224609375,2450.699951171875,2469.89990234375,2375.699951171875,2386.0,5378361,TCS
2026-04-06,2427.4951171875,2473.89990234375,2482.0,2448.199951171875,2474.0,2572417,TCS
2026-04-07,2492.1591796875,2539.800048828125,2543.89990234375,2448.0,2461.0,4516550,TCS
2026-04-08,2511.195068359375,2559.199951171875,2580.300048828125,2540.10009765625,2572.0,4769337,TCS
2026-04-09,2540.43603515625,2589.0,2605.0,2531.10009765625,2554.0,5628261,TCS
2026-04-10,2476.94970703125,2524.300048828125,2565.800048828125,2501.10009765625,2565.800048828125,10480239,TCS
2026-04-13,2426.2197265625,2472.60009765625,2504.89990234375,2470.0,2489.89990234375,3739587,TCS
2026-04-15,2506.9755859375,2554.89990234375,2559.0,2493.39990234375,2501.89990234375,5261384,TCS
2026-04-16,2528.56298828125,2576.89990234375,2594.0,2558.0,2572.0,3905403,TCS
2026-04-17,2533.076904296875,2581.5,2589.0,2555.89990234375,2570.0,2718206,TCS
2026-04-20,2531.212646484375,2579.60009765625,2594.0,2561.199951171875,2587.10009765625,2288558,TCS
2026-04-21,2561.532958984375,2610.5,2614.0,2560.0,2560.0,2719959,TCS
2026-04-22,2490.88330078125,2538.5,2580.0,2503.60009765625,2580.0,5232045,TCS
2026-04-23,2474.49658203125,2521.800048828125,2559.5,2516.300048828125,2529.0,2509050,TCS
2026-04-24,2351.939453125,2396.89990234375,2505.0,2388.800048828125,2488.0,5107719,TCS
2026-04-27,2401.6884765625,2447.60009765625,2459.0,2396.89990234375,2396.89990234375,5853425,TCS
2026-04-28,2398.8427734375,2444.699951171875,2487.0,2427.39990234375,2444.0,4508363,TCS
2026-04-29,2428.280029296875,2474.699951171875,2487.89990234375,2447.60009765625,2451.0,2835961,TCS
2026-04-30,2427.4951171875,2473.89990234375,2491.0,2438.0,2479.0,3970446,TCS
2026-05-01,2427.4951171875,2473.89990234375,2473.89990234375,2473.89990234375,2473.89990234375,0,TCS
2026-05-04,2385.6943359375,2431.300048828125,2498.300048828125,2425.0,2494.0,2632358,TCS
2026-05-05,2381.769287109375,2427.300048828125,2460.39990234375,2412.199951171875,2430.0,3385720,TCS
2026-05-06,2389.717041015625,2435.39990234375,2471.0,2406.5,2441.89990234375,3147628,TCS
2026-05-07,2356.35498046875,2401.39990234375,2439.699951171875,2398.0,2438.199951171875,5829594,TCS
2026-05-08,2349.486328125,2394.39990234375,2407.0,2375.10009765625,2398.0,3792199,TCS
2026-05-11,2348.014404296875,2392.89990234375,2415.0,2371.0,2371.0,1975188,TCS
2026-05-12,2257.151611328125,2300.300048828125,2375.0,2283.0,2375.0,6347884,TCS
2026-05-13,2230.16748046875,2272.800048828125,2309.199951171875,2269.0,2306.0,3171843,TCS
2026-05-14,2203.8701171875,2246.0,2265.0,2206.39990234375,2265.0,5633313,TCS
2026-05-15,2221.5322265625,2264.0,2304.89990234375,2252.0,2252.0,3410637,TCS
2026-05-18,2240.3720703125,2283.199951171875,2292.89990234375,2252.199951171875,2264.0,3773336,TCS
2026-05-19,2283.448974609375,2327.10009765625,2377.60009765625,2297.10009765625,2300.0,10394707,TCS
2026-05-20,2283.742919921875,2327.39990234375,2342.0,2317.800048828125,2323.89990234375,2537422,TCS
2026-05-21,2283.546875,2327.199951171875,2335.89990234375,2314.0,2331.0,3299087,TCS
2026-05-22,2273.832763671875,2317.300048828125,2340.0,2308.10009765625,2331.10009765625,2617262,TCS
2026-05-25,2295.61328125,2308.199951171875,2326.10009765625,2293.0,2325.0,3298364,TCS
2026-05-26,2263.78759765625,2276.199951171875,2327.89990234375,2272.39990234375,2308.199951171875,3587597,TCS
2026-05-27,2271.744140625,2284.199951171875,2295.60009765625,2260.89990234375,2275.0,2653950,TCS
2026-05-28,2271.744140625,2284.199951171875,2284.199951171875,2284.199951171875,2284.199951171875,0,TCS
2026-05-29,2246.58203125,2258.89990234375,2334.0,2235.0,2291.0,16331582,TCS
2026-06-01,2284.8720703125,2297.39990234375,2335.0,2280.0,2284.0,7505095,TCS
2026-06-02,2433.556884765625,2446.89990234375,2457.39990234375,2316.199951171875,2320.0,11306127,TCS
2026-06-03,2229.475830078125,2241.699951171875,2393.0,2224.800048828125,2393.0,15660062,TCS
2026-06-04,2228.77978515625,2241.0,2253.10009765625,2216.60009765625,2241.699951171875,4867263,TCS
2026-06-05,2186.9091796875,2198.89990234375,2271.800048828125,2192.0,2262.89990234375,5019717,TCS
2026-06-08,2139.668212890625,2151.39990234375,2177.0,2143.300048828125,2170.0,6536734,TCS
2026-06-09,2139.2705078125,2151.0,2174.0,2132.800048828125,2174.0,4148655,TCS
2026-06-10,2142.154541015625,2153.89990234375,2180.800048828125,2144.800048828125,2151.300048828125,2848650,TCS
2026-06-11,2123.95458984375,2135.60009765625,2154.60009765625,2110.0,2127.0,3079815,TCS
2026-06-12,2149.61376953125,2161.39990234375,2168.0,2138.0,2150.0,2124656,TCS
2026-06-15,2150.21044921875,2162.0,2192.0,2159.300048828125,2192.0,3337083,TCS
2026-06-16,2187.0087890625,2199.0,2209.0,2160.60009765625,2167.0,3079898,TCS
2026-06-17,2210.8779296875,2223.0,2231.0,2200.699951171875,2209.0,2865010,TCS
2026-06-18,2191.285400390625,2203.300048828125,2214.0,2182.0,2209.0,3735188,TCS
2026-06-19,2113.412353515625,2125.0,2138.0,2059.89990234375,2105.0,13286502,TCS
2026-06-22,2116.197021484375,2127.800048828125,2157.0,2121.0,2132.199951171875,4566101,TCS
2026-06-23,2048.368896484375,2059.60009765625,2114.0,2055.0,2111.0,6392736,TCS
2026-06-24,2097.49951171875,2109.0,2120.699951171875,2061.0,2061.0,4747277,TCS
2026-06-25,2083.27734375,2094.699951171875,2148.5,2088.0,2133.60009765625,4738903,TCS
2026-06-26,2083.27734375,2094.699951171875,2094.699951171875,2094.699951171875,2094.699951171875,0,TCS
2026-06-29,2086.4599609375,2097.89990234375,2105.0,2071.0,2090.0,3412470,TCS
2026-06-30,2020.422119140625,2031.5,2104.300048828125,2018.800048828125,2090.0,6848411,TCS
2026-07-01,1971.788818359375,1982.5999755859373,2052.0,1976.800048828125,2039.9000244140625,4658295,TCS
2026-07-02,2056.82275390625,2068.10009765625,2076.89990234375,2002.5,2008.0,6040621,TCS
2026-07-03,2082.083984375,2093.5,2116.60009765625,2085.0,2100.0,4028819,TCS
2026-07-06,2046.3798828125,2057.60009765625,2093.0,2050.60009765625,2090.0,2567386,TCS
2026-07-07,2084.669921875,2096.10009765625,2122.699951171875,2049.0,2050.0,4769048,TCS
2026-07-08,2046.2803955078125,2057.5,2109.699951171875,2048.800048828125,2094.0,3666985,TCS
2026-07-09,2038.323974609375,2049.5,2065.0,2016.0,2057.5,3791498,TCS
2026-07-10,2057.717529296875,2069.0,2133.300048828125,2064.60009765625,2105.199951171875,6714551,TCS
2026-07-13,2169.604248046875,2181.5,2204.89990234375,2065.10009765625,2075.0,12382622,TCS
2026-07-14,2188.60009765625,2200.60009765625,2228.0,2179.0,2182.89990234375,9546290,TCS
2026-07-15,2189.199951171875,2189.199951171875,2202.89990234375,2145.39990234375,2174.10009765625,5426489,TCS
2026-07-16,2201.0,2201.0,2231.39990234375,2187.800048828125,2206.0,5197595,TCS
2026-07-17,2269.0,2269.0,2275.0,2215.10009765625,2224.800048828125,5615138,TCS
2026-07-20,2251.10009765625,2251.10009765625,2283.39990234375,2245.10009765625,2280.10009765625,2202693,TCS
2026-07-21,2221.10009765625,2221.10009765625,2259.89990234375,2218.5,2245.10009765625,2382160,TCS
2026-07-22,2208.300048828125,2208.300048828125,2226.800048828125,2201.0,2216.0,1599665,TCS
2026-07-23,2242.89990234375,2242.89990234375,2250.0,2193.60009765625,2204.0,2503539,TCS
2026-07-24,2254.300048828125,2254.300048828125,2264.300048828125,2205.10009765625,2205.10009765625,3211699,TCS
2026-07-27,2295.60009765625,2295.60009765625,2315.0,2272.39990234375,2286.0,4007292,TCS
2026-07-28,2398.0,2398.0,2417.39990234375,2323.0,2325.0,8248513,TCS
2026-07-29,2446.60009765625,2446.60009765625,2475.5,2415.10009765625,2440.0,7169419,TCS
2026-07-30,2431.800048828125,2431.800048828125,2495.0,2423.0,2440.0,4901582,TCS
2026-07-31,2365.60009765625,2365.60009765625,2391.0,2326.10009765625,2385.0,4343683,TCS
2020-01-01,303.1385192871094,334.45001220703125,335.95001220703125,332.1499938964844,334.70001220703125,17379320,SBIN
2020-01-02,307.53436279296875,339.29998779296875,339.8500061035156,333.3500061035156,334.5,20324236,SBIN
2020-01-03,302.45867919921875,333.70001220703125,337.95001220703125,332.0,337.95001220703125,21853208,SBIN
2020-01-06,289.1349182128906,319.0,331.70001220703125,317.70001220703125,331.70001220703125,35645325,SBIN
2020-01-07,288.5910949707031,318.3999938964844,327.0,315.3999938964844,324.45001220703125,50966826,SBIN
2020-01-08,289.8600158691406,319.79998779296875,321.5,311.0,312.1000061035156,44527485,SBIN
2020-01-09,299.2863464355469,330.20001220703125,331.3999938964844,325.0,326.8999938964844,40348407,SBIN
2020-01-10,301.1444396972656,332.25,337.95001220703125,328.1000061035156,331.0,42377838,SBIN
2020-01-13,299.78485107421875,330.75,335.45001220703125,329.04998779296875,334.0,23615129,SBIN
2020-01-14,297.2923583984375,328.0,331.70001220703125,326.5,329.79998779296875,26296117,SBIN
2020-01-15,293.8934326171875,324.25,329.20001220703125,322.3500061035156,329.0,32625740,SBIN
2020-01-16,293.03228759765625,323.29998779296875,326.8999938964844,322.3500061035156,324.0,26653623,SBIN
2020-01-17,288.2285461425781,318.0,323.5,310.1000061035156,313.0,58396326,SBIN
2020-01-20,284.60302734375,314.0,321.45001220703125,313.3999938964844,321.0,30682902,SBIN
2020-01-21,284.3311462402344,313.70001220703125,316.95001220703125,312.0,313.79998779296875,30591772,SBIN
2020-01-22,286.5517272949219,316.1499938964844,317.0,313.70001220703125,317.0,24994911,SBIN
2020-01-23,292.94171142578125,323.20001220703125,324.79998779296875,314.1499938964844,316.0,33293610,SBIN
2020-01-24,293.712158203125,324.04998779296875,327.29998779296875,321.1499938964844,323.5,22706879,SBIN
2020-01-27,286.5970764160156,316.20001220703125,322.0,315.79998779296875,320.8999938964844,23309355,SBIN
2020-01-28,285.6000366210937,315.1000061035156,320.0,311.04998779296875,317.95001220703125,26488426,SBIN
2020-01-29,286.8236694335937,316.45001220703125,319.70001220703125,315.54998779296875,317.8500061035156,23914114,SBIN
2020-01-30,281.6119689941406,310.70001220703125,316.75,305.6499938964844,316.75,35802330,SBIN
2020-01-31,288.63641357421875,318.45001220703125,321.70001220703125,308.6000061035156,313.70001220703125,92656638,SBIN
2020-02-03,270.1916198730469,298.1000061035156,306.8500061035156,295.3500061035156,303.0,56060158,SBIN
2020-02-04,277.5785827636719,306.25,307.54998779296875,297.1000061035156,302.8999938964844,51141567,SBIN
2020-02-05,281.8838806152344,311.0,313.6499938964844,304.6000061035156,306.8999938964844,35014841,SBIN
2020-02-06,291.8087463378906,321.95001220703125,323.5,310.1000061035156,311.20001220703125,57757656,SBIN
2020-02-07,290.539794921875,320.54998779296875,325.0,318.3999938964844,321.5,37126803,SBIN
2020-02-10,288.6817321777344,318.5,322.79998779296875,316.5,319.79998779296875,24816396,SBIN
2020-02-11,293.9840393066406,324.3500061035156,325.79998779296875,321.04998779296875,321.04998779296875,30188757,SBIN
2020-02-12,290.2225952148437,320.20001220703125,329.8999938964844,319.25,329.8999938964844,38930849,SBIN
2020-02-13,296.7938537597656,327.45001220703125,330.95001220703125,322.0,322.0,62516057,SBIN
2020-02-14,289.4974365234375,319.3999938964844,331.8999938964844,318.54998779296875,328.1000061035156,48205947,SBIN
2020-02-17,284.7843322753906,314.20001220703125,321.1499938964844,311.6499938964844,320.95001220703125,36950692,SBIN
2020-02-18,287.8206787109375,317.54998779296875,319.20001220703125,309.3999938964844,315.3999938964844,38588583,SBIN
2020-02-19,290.3585510253906,320.3500061035156,324.0,317.25,322.29998779296875,39846727,SBIN
2020-02-20,296.97509765625,327.6499938964844,329.20001220703125,318.75,319.3500061035156,40150409,SBIN
2020-02-24,292.7151184082031,322.95001220703125,331.29998779296875,321.8500061035156,325.75,45273936,SBIN
2020-02-25,296.20465087890625,326.79998779296875,328.1499938964844,322.20001220703125,325.8999938964844,39050709,SBIN
2020-02-26,297.4736022949219,328.20001220703125,330.79998779296875,324.20001220703125,324.8500061035156,43915281,SBIN
2020-02-27,291.8087463378906,321.95001220703125,330.0,318.0,328.0,47010040,SBIN
2020-02-28,274.63287353515625,303.0,314.6499938964844,301.1000061035156,312.0,59705346,SBIN
2020-03-02,260.4933166503906,287.3999938964844,312.0,284.04998779296875,311.0,66711413,SBIN
2020-03-03,262.7139892578125,289.8500061035156,294.3999938964844,285.29998779296875,293.0,61949382,SBIN
2020-03-04,258.5899353027344,285.29998779296875,293.0,275.1000061035156,291.79998779296875,73675736,SBIN
2020-03-05,261.4903869628906,288.5,298.3999938964844,270.0,290.8999938964844,149245973,SBIN
2020-03-06,245.175537109375,270.5,274.3999938964844,253.9499969482422,268.0,106043172,SBIN
2020-03-09,229.7217712402344,253.4499969482422,262.75,251.1499938964844,260.04998779296875,101286241,SBIN
2020-03-11,222.1535186767578,245.1000061035156,258.5,243.1000061035156,253.0,90845604,SBIN
2020-03-12,192.6961975097656,212.6000061035156,231.8999938964844,208.6000061035156,231.8999938964844,99767083,SBIN
2020-03-13,219.3437347412109,242.0,248.8000030517578,184.6499938964844,200.0,155701316,SBIN
2020-03-16,202.43978881835935,223.3500061035156,231.3999938964844,220.6000061035156,227.8999938964844,75583409,SBIN
2020-03-17,195.0074462890625,215.1499938964844,229.8999938964844,212.0500030517578,227.1999969482422,65403057,SBIN
2020-03-18,195.05276489257807,215.1999969482422,223.1499938964844,200.1000061035156,221.0,101356399,SBIN
2020-03-19,184.5840759277344,203.6499938964844,219.75,198.1499938964844,202.9499969482422,93533467,SBIN
2020-03-20,190.20364379882807,209.8500061035156,215.6999969482422,200.0,205.5500030517578,77391650,SBIN
2020-03-23,164.5984344482422,181.6000061035156,199.5,180.25,190.0,61750037,SBIN
2020-03-24,166.0486602783203,183.1999969482422,191.9499969482422,173.5500030517578,190.9499969482422,67491360,SBIN
2020-03-25,172.12139892578125,189.8999938964844,195.25,176.4499969482422,178.0,71567553,SBIN
2020-03-26,174.70455932617188,192.75,201.0,185.1000061035156,191.5500030517578,107260359,SBIN
2020-03-27,177.60498046875,195.9499969482422,211.8999938964844,195.0,202.0,114740377,SBIN
2020-03-30,169.40223693847656,186.8999938964844,195.0,186.25,190.0,60081554,SBIN
2020-03-31,178.4207305908203,196.8500061035156,198.5,188.0500030517578,192.0,59543412,SBIN
2020-04-01,169.0850067138672,186.5500030517578,194.5,185.25,194.0,52954239,SBIN
2020-04-03,159.06951904296875,175.5,188.1999969482422,175.0,187.5500030517578,64448494,SBIN
2020-04-07,168.9490509033203,186.3999938964844,187.3000030517578,177.60000610351562,184.3999938964844,72130500,SBIN
2020-04-08,165.86737060546875,183.0,194.3999938964844,180.4499969482422,182.8999938964844,80435759,SBIN
2020-04-09,170.17266845703125,187.75,190.0,183.6000061035156,188.0,62416005,SBIN
2020-04-13,166.320556640625,183.5,188.6999969482422,183.1000061035156,186.8000030517578,51847146,SBIN
2020-04-15,165.27821350097656,182.3500061035156,191.9499969482422,180.1499938964844,187.0,72190004,SBIN
2020-04-16,170.8524627685547,188.5,189.8999938964844,180.25,182.0,61165773,SBIN
2020-04-17,175.1577606201172,193.25,198.0,186.3000030517578,196.0,89851063,SBIN
2020-04-20,174.4779815673828,192.5,197.3500061035156,190.0500030517578,194.0,81958510,SBIN
2020-04-21,167.4535369873047,184.75,188.1999969482422,183.0,188.0,53042420,SBIN
2020-04-22,171.0337371826172,188.6999969482422,189.5,181.3500061035156,185.5,61503413,SBIN
2020-04-23,169.220947265625,186.6999969482422,189.8999938964844,185.1499938964844,187.75,50955312,SBIN
2020-04-24,162.92164611816406,179.75,184.0,179.0,184.0,65137305,SBIN
2020-04-27,163.96395874023438,180.8999938964844,183.5,180.5,183.5,42996571,SBIN
2020-04-28,167.04566955566406,184.3000030517578,185.3500061035156,181.1999969482422,182.0,49590230,SBIN
2020-04-29,172.3026885986328,190.1000061035156,191.8000030517578,183.5,185.0,57470466,SBIN
2020-04-30,172.6652069091797,190.5,195.8999938964844,189.6999969482422,193.5,63063889,SBIN
2020-05-04,162.10589599609375,178.85000610351562,183.5,178.0,182.4499969482422,58118177,SBIN
2020-05-05,154.4469757080078,170.39999389648438,181.25,168.8000030517578,181.0,91050439,SBIN
2020-05-06,155.0814666748047,171.10000610351562,173.3000030517578,166.5500030517578,171.14999389648438,73156432,SBIN
2020-05-07,154.76422119140625,170.75,172.5500030517578,168.8000030517578,170.85000610351562,42942399,SBIN
2020-05-08,151.04808044433594,166.64999389648438,173.8000030517578,166.10000610351562,172.4499969482422,55932236,SBIN
2020-05-11,149.96041870117188,165.4499969482422,168.89999389648438,165.0,167.9499969482422,54591827,SBIN
2020-05-12,151.274658203125,166.89999389648438,168.5,160.85000610351562,164.1999969482422,70752542,SBIN
2020-05-13,157.8006134033203,174.10000610351562,178.5500030517578,170.5,178.5500030517578,81720683,SBIN
2020-05-14,152.22637939453125,167.9499969482422,171.75,167.5,170.9499969482422,48136531,SBIN
2020-05-15,150.82147216796875,166.39999389648438,168.25,164.6999969482422,167.9499969482422,35495540,SBIN
2020-05-18,140.7606658935547,155.3000030517578,166.39999389648438,155.0,166.39999389648438,77349435,SBIN
2020-05-19,138.4947052001953,152.8000030517578,157.85000610351562,152.39999389648438,157.5,71522334,SBIN
2020-05-20,139.03854370117188,153.39999389648438,155.25,151.14999389648438,153.0,66168767,SBIN
2020-05-21,137.72430419921875,151.9499969482422,156.14999389648438,151.5,153.64999389648438,61147471,SBIN
2020-05-22,136.727294921875,150.85000610351562,155.60000610351562,149.4499969482422,152.0,87064198,SBIN
2020-05-26,137.2257843017578,151.39999389648438,153.1999969482422,150.1999969482422,152.39999389648438,48275988,SBIN
2020-05-27,143.75172424316406,158.60000610351562,160.8000030517578,150.8000030517578,151.9499969482422,88195120,SBIN
2020-05-28,143.38916015625,158.1999969482422,162.39999389648438,156.6999969482422,159.4499969482422,76968678,SBIN
2020-05-29,146.19894409179688,161.3000030517578,161.89999389648438,155.1999969482422,156.10000610351562,58363280,SBIN
2020-06-01,154.12974548339844,170.0500030517578,171.39999389648438,163.35000610351562,164.0,92740893,SBIN
2020-06-02,154.31103515625,170.25,171.3000030517578,167.1999969482422,169.89999389648438,70419104,SBIN
2020-06-03,158.5256805419922,174.89999389648438,179.89999389648438,172.0,172.5,113168889,SBIN
2020-06-04,157.75527954101562,174.0500030517578,177.64999389648438,171.5,174.89999389648438,83494674,SBIN
2020-06-05,170.2179718017578,187.8000030517578,189.8000030517578,176.0,176.5500030517578,201321234,SBIN
2020-06-08,169.31161499023438,186.8000030517578,197.5,185.8000030517578,197.0,151741826,SBIN
2020-06-09,167.18162536621094,184.4499969482422,191.0,183.3500061035156,187.6999969482422,96654191,SBIN
2020-06-10,170.12733459472656,187.6999969482422,189.0,183.8000030517578,184.5500030517578,67333317,SBIN
2020-06-11,160.56503295898438,177.14999389648438,190.3999938964844,176.35000610351562,188.0,91726802,SBIN
2020-06-12,162.37779235839844,179.14999389648438,180.0,169.8000030517578,170.0,92758901,SBIN
2020-06-15,157.4380340576172,173.6999969482422,177.85000610351562,172.0,177.85000610351562,63613412,SBIN
2020-06-16,156.7129364013672,172.89999389648438,178.9499969482422,169.39999389648438,178.0,63925976,SBIN
2020-06-17,156.7582550048828,172.9499969482422,176.1999969482422,169.25,171.0,73866905,SBIN
2020-06-18,162.8310089111328,179.64999389648438,180.6499938964844,171.10000610351562,172.39999389648438,58261857,SBIN
2020-06-19,167.22695922851562,184.5,184.9499969482422,179.5,180.3000030517578,76895151,SBIN
2020-06-22,170.12733459472656,187.6999969482422,191.75,184.25,185.0,80023958,SBIN
2020-06-23,174.43264770507812,192.4499969482422,193.1000061035156,187.8500061035156,189.6000061035156,65487085,SBIN
2020-06-24,167.31759643554688,184.6000061035156,194.8999938964844,183.8999938964844,194.8000030517578,74668987,SBIN
2020-06-25,167.90672302246094,185.25,186.8000030517578,180.3999938964844,182.1999969482422,73620385,SBIN
2020-06-26,167.31759643554688,184.6000061035156,188.6000061035156,183.8000030517578,188.0,49176958,SBIN
2020-06-29,162.4684600830078,179.25,183.1000061035156,178.5,183.0,50966428,SBIN
2020-06-30,161.7433319091797,178.4499969482422,182.8999938964844,177.25,181.1000061035156,43613239,SBIN
2020-07-01,167.4988555908203,184.8000030517578,185.3999938964844,178.60000610351562,179.4499969482422,54012853,SBIN
2020-07-02,168.08798217773438,185.4499969482422,188.0,184.0,185.6499938964844,52127276,SBIN
2020-07-03,167.40821838378906,184.6999969482422,186.8500061035156,183.3999938964844,186.6499938964844,38048810,SBIN
2020-07-06,170.44459533691406,188.0500030517578,189.8500061035156,186.1499938964844,186.6000061035156,43773740,SBIN
2020-07-07,170.94309997558594,188.6000061035156,189.1999969482422,184.0500030517578,187.0,55124494,SBIN
2020-07-08,173.93414306640625,191.8999938964844,197.4499969482422,188.3999938964844,188.8999938964844,143063102,SBIN
2020-07-09,180.4600830078125,199.1000061035156,201.0,192.5500030517578,192.8000030517578,89539723,SBIN
2020-07-10,177.28773498535156,195.6000061035156,202.5,194.8000030517578,198.0,111406477,SBIN
2020-07-13,174.65924072265625,192.6999969482422,199.8000030517578,191.6000061035156,198.8000030517578,61949761,SBIN
2020-07-14,168.63182067871094,186.0500030517578,192.3000030517578,184.6000061035156,192.3000030517578,62239932,SBIN
2020-07-15,166.5924530029297,183.8000030517578,189.9499969482422,183.0,187.9499969482422,58527305,SBIN
2020-07-16,168.8131103515625,186.25,186.9499969482422,181.6499938964844,185.0,46546803,SBIN
2020-07-17,170.58053588867188,188.1999969482422,189.5,185.0,186.8000030517578,47035238,SBIN
2020-07-20,172.89181518554688,190.75,193.25,188.75,190.0,45672856,SBIN
2020-07-21,176.2000732421875,194.3999938964844,196.1999969482422,191.5,192.4499969482422,59281860,SBIN
2020-07-22,174.0247802734375,192.0,196.75,190.1000061035156,195.6999969482422,62276152,SBIN
2020-07-23,179.68963623046875,198.25,199.1000061035156,191.1499938964844,192.3999938964844,70801412,SBIN
2020-07-24,173.97946166992188,191.9499969482422,196.3000030517578,190.6499938964844,195.6999969482422,65265493,SBIN
2020-07-27,169.62884521484375,187.1499938964844,193.1999969482422,186.5,193.0,50697767,SBIN
2020-07-28,171.7135009765625,189.4499969482422,190.5,185.75,188.0,51488617,SBIN
2020-07-29,173.2996826171875,191.1999969482422,195.25,187.0,187.6000061035156,73763368,SBIN
2020-07-30,169.0850067138672,186.5500030517578,193.5,186.0500030517578,192.5,48472816,SBIN
2020-07-31,173.52627563476562,191.4499969482422,194.8500061035156,186.6999969482422,188.0,145892485,SBIN
2020-08-03,174.2513885498047,192.25,194.6000061035156,190.0500030517578,192.0,72454278,SBIN
2020-08-04,173.6622314453125,191.6000061035156,193.8000030517578,190.5,193.3500061035156,43866676,SBIN
2020-08-05,173.52627563476562,191.4499969482422,196.8500061035156,191.0,192.75,68888892,SBIN
2020-08-06,173.0730743408203,190.9499969482422,194.5,190.25,192.3000030517578,59740172,SBIN
2020-08-07,172.80116271972656,190.6499938964844,192.1000061035156,189.5500030517578,191.4499969482422,44822338,SBIN
2020-08-10,175.65628051757812,193.8000030517578,195.5,191.6999969482422,191.8500061035156,48784530,SBIN
2020-08-11,176.78924560546875,195.0500030517578,196.8000030517578,193.75,195.0,43890305,SBIN
2020-08-12,184.2668609619141,203.3000030517578,204.25,194.6000061035156,196.0,157818228,SBIN
2020-08-13,182.99794006347656,201.8999938964844,207.3000030517578,200.75,205.5,70443118,SBIN
2020-08-14,178.1034698486328,196.5,204.0,194.6000061035156,203.0,56169088,SBIN
2020-08-17,175.02178955078125,193.1000061035156,198.6499938964844,191.5,198.4499969482422,54787889,SBIN
2020-08-18,176.83456420898438,195.1000061035156,195.75,191.6999969482422,193.8000030517578,46294169,SBIN
2020-08-19,178.60198974609375,197.0500030517578,200.3000030517578,195.8999938964844,196.3999938964844,59296062,SBIN
2020-08-20,176.51731872558594,194.75,196.3500061035156,193.25,194.0,37504602,SBIN
2020-08-21,179.82559204101562,198.3999938964844,201.5,197.6499938964844,199.0,68041871,SBIN
2020-08-24,182.59005737304688,201.4499969482422,202.8000030517578,198.6000061035156,200.0,53850253,SBIN
2020-08-25,188.4815216064453,207.9499969482422,208.4499969482422,202.6999969482422,204.0,105394375,SBIN
2020-08-26,190.20364379882807,209.8500061035156,210.3500061035156,206.1499938964844,208.5,66749637,SBIN
2020-08-27,195.46063232421875,215.6499938964844,216.5,210.5,210.5,80997993,SBIN
2020-08-28,203.79933166503903,224.8500061035156,225.8999938964844,216.8000030517578,217.0,95974037,SBIN
2020-08-31,192.15235900878903,212.0,231.5500030517578,210.3500061035156,231.5500030517578,119986476,SBIN
2020-09-01,197.6812744140625,218.1000061035156,218.8999938964844,211.1999969482422,213.1000061035156,75048313,SBIN
2020-09-02,196.0044860839844,216.25,219.0,212.3000030517578,218.25,47608088,SBIN
2020-09-03,193.1947021484375,213.1499938964844,218.25,212.3000030517578,217.5,38594129,SBIN
2020-09-04,187.25791931152344,206.6000061035156,212.3000030517578,205.8999938964844,210.0,54435758,SBIN
2020-09-07,188.4362030029297,207.8999938964844,209.6499938964844,205.3999938964844,207.5,35687359,SBIN
2020-09-08,184.9466552734375,204.0500030517578,208.5,202.8999938964844,207.8999938964844,34146789,SBIN
2020-09-09,176.6079559326172,194.8500061035156,201.3999938964844,192.5,201.1000061035156,72715826,SBIN
2020-09-10,179.59898376464844,198.1499938964844,201.4499969482422,195.1999969482422,197.6999969482422,67789617,SBIN
2020-09-11,183.72303771972656,202.6999969482422,203.8500061035156,197.0,198.5500030517578,48487971,SBIN
2020-09-14,179.91624450683594,198.5,206.1999969482422,197.3500061035156,205.8999938964844,63605531,SBIN
2020-09-15,181.41177368164065,200.1499938964844,201.0,197.1000061035156,199.8999938964844,51761038,SBIN
2020-09-16,179.64431762695312,198.1999969482422,200.0500030517578,196.25,199.8500061035156,52404964,SBIN
2020-09-17,177.1517791748047,195.4499969482422,198.0,195.0,197.0,41223296,SBIN
2020-09-18,174.56861877441406,192.6000061035156,197.1999969482422,189.6999969482422,196.0,55286316,SBIN
2020-09-21,168.4052276611328,185.8000030517578,193.5,184.25,193.0500030517578,57611375,SBIN
2020-09-22,168.76779174804688,186.1999969482422,188.3000030517578,181.1499938964844,186.1499938964844,51210889,SBIN
2020-09-23,166.5924530029297,183.8000030517578,188.9499969482422,181.0,188.1499938964844,44320497,SBIN
2020-09-24,159.83995056152344,176.35000610351562,181.8000030517578,175.5,181.1000061035156,46114798,SBIN
2020-09-25,165.14227294921875,182.1999969482422,182.75,176.14999389648438,179.0,46550127,SBIN
2020-09-28,169.71946716308594,187.25,188.1499938964844,183.3500061035156,184.0,41921548,SBIN
2020-09-29,167.72544860839844,185.0500030517578,188.9499969482422,183.25,188.5,35688726,SBIN
2020-09-30,168.0426788330078,185.3999938964844,186.8000030517578,182.3999938964844,185.0500030517578,37641083,SBIN
2020-10-01,172.4839324951172,190.3000030517578,191.1999969482422,186.8999938964844,187.0,43588724,SBIN
2020-10-05,171.07904052734375,188.75,193.8000030517578,187.0500030517578,192.0,41694686,SBIN
2020-10-06,173.6622314453125,191.6000061035156,192.1000061035156,188.3000030517578,191.1000061035156,31098726,SBIN
2020-10-07,172.84646606445312,190.6999969482422,193.1499938964844,189.1000061035156,192.5500030517578,34578053,SBIN
2020-10-08,173.57159423828125,191.5,195.8000030517578,190.5500030517578,191.3500061035156,43351606,SBIN
2020-10-09,179.73497009277344,198.3000030517578,198.8000030517578,190.5500030517578,192.0,64907230,SBIN
2020-10-12,180.09750366210938,198.6999969482422,205.9499969482422,197.25,199.6999969482422,69122798,SBIN
2020-10-13,177.37838745117188,195.6999969482422,200.0,195.1000061035156,198.6499938964844,34948525,SBIN
2020-10-14,181.32113647460935,200.0500030517578,200.8999938964844,193.0500030517578,194.0500030517578,40548275,SBIN
2020-10-15,174.79519653320312,192.8500061035156,202.5,192.0,201.0,49184123,SBIN
2020-10-16,177.60498046875,195.9499969482422,196.75,191.6000061035156,194.0,36893126,SBIN
2020-10-19,184.90133666992188,204.0,204.6000061035156,196.0500030517578,196.1999969482422,60220779,SBIN
2020-10-20,184.04026794433597,203.0500030517578,204.3500061035156,200.6999969482422,201.0,39316753,SBIN
2020-10-21,184.67474365234372,203.75,207.3000030517578,198.8500061035156,204.6999969482422,54515523,SBIN
2020-10-22,184.2668609619141,203.3000030517578,204.6000061035156,201.1000061035156,201.8999938964844,33721637,SBIN
2020-10-23,183.8136749267578,202.8000030517578,205.6000061035156,201.5500030517578,204.0,32707020,SBIN
2020-10-26,178.28477478027344,196.6999969482422,204.0,195.6000061035156,202.6999969482422,45470123,SBIN
2020-10-27,176.4266815185547,194.6499938964844,197.5500030517578,192.25,197.25,37794381,SBIN
2020-10-28,172.61990356445312,190.4499969482422,195.0,189.0500030517578,195.0,46458319,SBIN
2020-10-29,171.0337371826172,188.6999969482422,190.6999969482422,185.8999938964844,189.3500061035156,44822673,SBIN
2020-10-30,171.5322265625,189.25,192.0,186.1499938964844,189.3500061035156,41519686,SBIN
2020-11-02,177.69561767578125,196.0500030517578,197.25,190.0500030517578,192.1999969482422,52600119,SBIN
2020-11-03,185.5811004638672,204.75,205.8000030517578,197.6000061035156,198.0,69890201,SBIN
2020-11-04,187.62046813964844,207.0,209.0,198.0500030517578,203.5,117577856,SBIN
2020-11-05,198.1797790527344,218.6499938964844,221.0,214.75,216.0,138023646,SBIN
2020-11-06,198.6782684326172,219.1999969482422,221.8500061035156,217.0500030517578,219.0,73147085,SBIN
2020-11-09,198.95022583007807,219.5,222.6499938964844,217.0500030517578,222.5,60359458,SBIN
2020-11-10,210.00804138183597,231.6999969482422,235.0,223.0,223.1000061035156,135294550,SBIN
2020-11-11,212.2739715576172,234.1999969482422,239.3500061035156,227.75,232.75,107094861,SBIN
2020-11-12,205.56678771972656,226.8000030517578,233.3500061035156,225.6499938964844,233.1999969482422,58859905,SBIN
2020-11-13,207.9686737060547,229.4499969482422,230.6499938964844,220.1000061035156,225.0,70676525,SBIN
2020-11-14,208.14993286132807,229.6499938964844,232.8999938964844,227.75,232.0,7753219,SBIN
2020-11-17,217.7122344970703,240.1999969482422,241.6000061035156,231.0,231.8500061035156,80501583,SBIN
2020-11-18,228.40753173828125,252.0,253.0,237.8999938964844,239.3999938964844,104514060,SBIN
2020-11-19,217.30438232421875,239.75,251.8000030517578,239.0,248.0,82284278,SBIN
2020-11-20,220.0235137939453,242.75,245.3999938964844,233.9499969482422,241.5,84411129,SBIN
2020-11-23,216.3526763916016,238.6999969482422,246.1499938964844,238.1000061035156,243.5,57538324,SBIN
2020-11-24,221.02052307128903,243.8500061035156,245.0,239.5,240.5,47636611,SBIN
2020-11-25,220.2500915527344,243.0,249.8999938964844,241.6000061035156,245.4499969482422,74767232,SBIN
2020-11-26,222.47073364257807,245.4499969482422,246.25,240.1499938964844,244.0,64248318,SBIN
2020-11-27,221.38308715820312,244.25,246.25,242.0500030517578,245.4499969482422,54355703,SBIN
2020-12-01,224.82733154296875,248.0500030517578,248.9499969482422,244.25,245.0,37003272,SBIN
2020-12-02,223.83030700683597,246.9499969482422,250.8500061035156,244.1000061035156,248.3500061035156,56723083,SBIN
2020-12-03,232.3049468994141,256.29998779296875,259.0,248.0,249.3000030517578,79266442,SBIN
2020-12-04,238.83087158203125,263.5,264.3500061035156,253.5500030517578,257.0,79252024,SBIN
2020-12-07,244.3598175048828,269.6000061035156,271.45001220703125,263.0,263.79998779296875,76053084,SBIN
2020-12-08,246.4444732666016,271.8999938964844,273.70001220703125,265.25,270.95001220703125,65617502,SBIN
2020-12-09,245.0395965576172,270.3500061035156,274.8999938964844,269.20001220703125,272.1000061035156,48495641,SBIN
2020-12-10,244.314453125,269.54998779296875,271.0,265.54998779296875,269.0,38676657,SBIN
2020-12-11,246.94297790527344,272.45001220703125,276.25,270.04998779296875,270.04998779296875,50255223,SBIN
2020-12-14,248.52914428710935,274.20001220703125,276.1499938964844,272.3500061035156,274.0,31946501,SBIN
2020-12-15,245.3114776611328,270.6499938964844,274.04998779296875,268.1499938964844,274.04998779296875,34890948,SBIN
2020-12-16,244.1785430908203,269.3999938964844,273.6499938964844,268.5,272.79998779296875,24844177,SBIN
2020-12-17,242.63766479492188,267.70001220703125,272.1499938964844,266.70001220703125,270.0,25904699,SBIN
2020-12-18,246.0366058349609,271.45001220703125,271.95001220703125,265.0,267.70001220703125,29816205,SBIN
2020-12-21,230.854736328125,254.6999969482422,269.0,251.0500030517578,268.45001220703125,55160758,SBIN
2020-12-22,233.3473052978516,257.45001220703125,258.70001220703125,248.25,254.8000030517578,51189571,SBIN
2020-12-23,238.377685546875,263.0,263.8999938964844,255.6000061035156,256.95001220703125,29056404,SBIN
2020-12-24,241.8672637939453,266.8500061035156,268.8500061035156,264.6499938964844,265.0,28585509,SBIN
2020-12-28,249.435546875,275.20001220703125,276.0,268.0,268.75,36870242,SBIN
2020-12-29,251.8827362060547,277.8999938964844,279.8999938964844,274.70001220703125,276.29998779296875,45032526,SBIN
2020-12-30,250.97634887695312,276.8999938964844,278.70001220703125,272.5,278.0,30971894,SBIN
2020-12-31,249.20892333984372,274.95001220703125,277.25,272.6000061035156,275.0,29467966,SBIN
2021-01-01,253.2422790527344,279.3999938964844,280.0,274.3999938964844,274.8999938964844,24531791,SBIN
2021-01-04,254.73782348632807,281.04998779296875,283.8999938964844,277.75,281.8500061035156,31450608,SBIN
2021-01-05,255.37229919433597,281.75,282.45001220703125,277.0,278.04998779296875,27393072,SBIN
2021-01-06,258.36334228515625,285.04998779296875,289.1499938964844,281.3999938964844,283.0,40765708,SBIN
2021-01-07,260.7652893066406,287.70001220703125,291.79998779296875,287.0,289.0,30546600,SBIN
2021-01-08,259.22442626953125,286.0,291.3999938964844,285.20001220703125,290.1000061035156,32543357,SBIN
2021-01-11,256.0520935058594,282.5,288.20001220703125,279.6000061035156,288.0,29703173,SBIN
2021-01-12,265.1158752441406,292.5,293.8500061035156,277.8999938964844,280.0,44307145,SBIN
2021-01-13,278.0770874023437,306.79998779296875,308.0,294.5,296.0,78042133,SBIN
2021-01-14,278.48492431640625,307.25,309.25,303.79998779296875,306.70001220703125,40123498,SBIN
2021-01-15,275.4033203125,303.8500061035156,310.8999938964844,301.29998779296875,306.79998779296875,35307601,SBIN
2021-01-18,266.8833312988281,294.45001220703125,308.6499938964844,292.20001220703125,303.5,54969750,SBIN
2021-01-19,270.6448059082031,298.6000061035156,302.5,296.3999938964844,297.6499938964844,35803901,SBIN
2021-01-20,274.2249755859375,302.54998779296875,304.70001220703125,296.8500061035156,298.79998779296875,33759304,SBIN
2021-01-21,267.245849609375,294.8500061035156,305.1499938964844,291.5,304.0,29995203,SBIN
2021-01-22,257.13970947265625,283.70001220703125,298.0,282.3999938964844,295.5,44440810,SBIN
2021-01-25,254.6472320556641,280.95001220703125,288.0,277.04998779296875,284.5,34034630,SBIN
2021-01-27,249.84341430664065,275.6499938964844,284.8500061035156,272.70001220703125,280.20001220703125,39211107,SBIN
2021-01-28,255.9161529541016,282.3500061035156,283.3500061035156,269.5,271.8999938964844,48717297,SBIN
2021-01-29,255.68955993652344,282.1000061035156,290.6499938964844,279.1000061035156,285.6000061035156,42300984,SBIN
2021-02-01,281.6119689941406,310.70001220703125,313.8999938964844,282.75,285.1000061035156,103414068,SBIN
2021-02-02,301.9148864746094,333.1000061035156,337.3999938964844,315.0,315.0,121434166,SBIN
2021-02-03,304.498046875,335.95001220703125,339.8999938964844,325.79998779296875,333.75,66420168,SBIN
2021-02-04,321.855224609375,355.1000061035156,358.0,331.1000061035156,334.3999938964844,145203439,SBIN
2021-02-05,356.297607421875,393.1000061035156,408.3500061035156,385.1499938964844,387.0,214955688,SBIN
2021-02-08,359.8778076171875,397.0499877929688,407.7999877929688,394.75,398.0,79389205,SBIN
2021-02-09,357.83843994140625,394.7999877929688,403.5,389.0,396.75,63869990,SBIN
2021-02-10,355.5271911621094,392.25,397.8999938964844,388.0,394.0499877929688,54163507,SBIN
2021-02-11,353.6238098144531,390.1499938964844,396.9500122070313,388.25,391.7999877929688,36392708,SBIN
2021-02-12,356.3429260253906,393.1499938964844,399.3500061035156,385.5499877929688,391.0,53589755,SBIN
2021-02-15,368.8509521484375,406.9500122070313,409.4500122070313,395.7000122070313,397.5,56608937,SBIN
2021-02-16,364.68157958984375,402.3500061035156,415.75,400.2999877929688,412.0,80365431,SBIN
2021-02-17,373.20159912109375,411.75,414.8500061035156,400.1499938964844,403.0,74161370,SBIN
2021-02-18,376.3285827636719,415.2000122070313,427.7000122070313,413.7000122070313,425.0499877929688,67154539,SBIN
2021-02-19,362.1437072753906,399.5499877929688,415.0,395.0,415.0,66155518,SBIN
2021-02-22,353.0346374511719,389.5,401.0,385.6499938964844,400.6000061035156,52535049,SBIN
2021-02-23,358.5635681152344,395.6000061035156,399.7000122070313,389.0,392.0,45462768,SBIN
2021-02-24,368.2164916992188,406.25,410.5,395.2000122070313,397.0,39632090,SBIN
2021-02-25,369.1228637695313,407.25,414.8999938964844,406.5499877929688,411.0,46988836,SBIN
2021-02-26,353.6238098144531,390.1499938964844,401.0,387.0,399.5,64450414,SBIN
2021-03-01,357.9744567871094,394.9500122070313,397.7000122070313,391.0,395.1000061035156,29677890,SBIN
2021-03-02,357.2946472167969,394.2000122070313,399.5499877929688,390.5499877929688,395.0,30534337,SBIN
2021-03-03,367.12884521484375,405.0499877929688,408.8999938964844,396.0,396.5,46268223,SBIN
2021-03-04,358.6088562011719,395.6499938964844,403.5,394.4500122070313,398.7000122070313,43603653,SBIN
2021-03-05,347.7323608398437,383.6499938964844,395.0,378.1000061035156,395.0,72179228,SBIN
2021-03-08,353.1252746582031,389.6000061035156,393.3999938964844,386.0499877929688,388.4500122070313,39147858,SBIN
2021-03-09,351.31256103515625,387.6000061035156,394.8999938964844,382.25,393.4500122070313,28054083,SBIN
2021-03-10,351.4031677246094,387.7000122070313,393.0,385.7000122070313,391.1000061035156,22677399,SBIN
2021-03-12,345.4210510253906,381.1000061035156,393.2000122070313,377.5,391.7000122070313,35336355,SBIN
2021-03-15,347.9589233398437,383.8999938964844,386.0,369.3500061035156,382.5,42722585,SBIN
2021-03-16,343.1097717285156,378.5499877929688,387.8500061035156,376.1000061035156,385.6000061035156,38196452,SBIN
2021-03-17,333.68341064453125,368.1499938964844,379.6499938964844,366.0499877929688,378.2000122070313,33143064,SBIN
2021-03-18,332.73175048828125,367.1000061035156,375.0,361.1000061035156,371.5,39405038,SBIN
2021-03-19,336.402587890625,371.1499938964844,372.8999938964844,357.25,363.9500122070313,60309145,SBIN
2021-03-22,332.64111328125,367.0,372.7999877929688,363.5,372.0,28461974,SBIN
2021-03-23,337.8074951171875,372.7000122070313,377.9500122070313,367.0499877929688,368.7000122070313,41032380,SBIN
2021-03-24,326.1604919433594,359.8500061035156,369.0499877929688,358.6499938964844,368.5,42318999,SBIN
2021-03-25,321.94586181640625,355.20001220703125,360.8500061035156,345.20001220703125,360.0,57495003,SBIN
2021-03-26,323.7585754394531,357.20001220703125,362.0,354.54998779296875,360.0,40718848,SBIN
2021-03-30,327.0215759277344,360.7999877929688,364.2999877929688,356.29998779296875,360.1000061035156,39405124,SBIN
2021-03-31,330.1938781738281,364.2999877929688,367.8500061035156,357.95001220703125,360.2999877929688,38651025,SBIN
2021-04-01,335.94940185546875,370.6499938964844,371.8999938964844,363.1000061035156,367.7000122070313,31883453,SBIN
2021-04-05,320.4503173828125,353.54998779296875,369.2000122070313,349.04998779296875,367.5,51743981,SBIN
2021-04-06,317.7311706542969,350.54998779296875,357.0,349.29998779296875,355.70001220703125,44147709,SBIN
2021-04-07,324.9822082519531,358.54998779296875,363.2000122070313,347.6000061035156,351.25,48023602,SBIN
2021-04-08,322.30841064453125,355.6000061035156,363.2999877929688,354.29998779296875,361.0,33370259,SBIN
2021-04-09,319.9518127441406,353.0,364.5,351.20001220703125,354.3999938964844,46473100,SBIN
2021-04-12,298.062744140625,328.8500061035156,344.0,322.54998779296875,344.0,75501713,SBIN
2021-04-13,309.0753173828125,341.0,342.25,330.5,332.0,49773360,SBIN
2021-04-15,310.6161193847656,342.70001220703125,347.54998779296875,336.1000061035156,342.1000061035156,52992349,SBIN
2021-04-16,308.0782470703125,339.8999938964844,345.5,338.6499938964844,343.0,37766793,SBIN
2021-04-19,300.1474304199219,331.1499938964844,332.04998779296875,321.29998779296875,327.1499938964844,53304377,SBIN
2021-04-20,298.6518859863281,329.5,339.8999938964844,326.70001220703125,335.1000061035156,41296147,SBIN
2021-04-22,305.1324768066406,336.6499938964844,337.6499938964844,323.29998779296875,326.0,49105833,SBIN
2021-04-23,304.95123291015625,336.45001220703125,339.8999938964844,331.6499938964844,331.6499938964844,44223940,SBIN
2021-04-26,312.0663146972656,344.29998779296875,347.45001220703125,339.25,339.25,49234985,SBIN
2021-04-27,319.9971008300781,353.04998779296875,354.95001220703125,342.3999938964844,344.0,46003023,SBIN
2021-04-28,329.378173828125,363.3999938964844,364.2999877929688,356.04998779296875,357.0,56696255,SBIN
2021-04-29,325.75262451171875,359.3999938964844,369.9500122070313,355.5,365.0,63692926,SBIN
2021-04-30,320.40496826171875,353.5,362.5,350.45001220703125,353.45001220703125,53832840,SBIN
2021-05-03,317.7764892578125,350.6000061035156,352.5,341.3999938964844,349.6000061035156,43691860,SBIN
2021-05-04,318.59228515625,351.5,362.8999938964844,350.20001220703125,355.0,57749307,SBIN
2021-05-05,322.12713623046875,355.3999938964844,357.45001220703125,348.0,356.5,40872501,SBIN
2021-05-06,322.2630615234375,355.54998779296875,359.3500061035156,350.54998779296875,358.0,36294427,SBIN
2021-05-07,324.71026611328125,358.25,362.0,353.0,357.5,38357618,SBIN
2021-05-10,327.8373107910156,361.7000122070313,367.0,358.79998779296875,360.5,41739324,SBIN
2021-05-11,330.5111389160156,364.6499938964844,366.3999938964844,354.75,356.8500061035156,41892770,SBIN
2021-05-12,333.2756042480469,367.7000122070313,373.5,361.8999938964844,362.7999877929688,53436590,SBIN
2021-05-14,326.704345703125,360.4500122070313,372.5,359.54998779296875,370.0,51722170,SBIN
2021-05-17,347.2338256835937,383.1000061035156,385.2000122070313,363.6499938964844,364.3999938964844,106555796,SBIN
2021-05-18,346.46337890625,382.25,392.5499877929688,380.0499877929688,390.0,70917710,SBIN
2021-05-19,348.4120788574219,384.3999938964844,389.5,381.2000122070313,382.0,48189573,SBIN
2021-05-20,348.5480651855469,384.5499877929688,387.7999877929688,382.0,387.0,42898608,SBIN
2021-05-21,363.6393127441406,401.2000122070313,404.3999938964844,378.0,390.0,192810772,SBIN
2021-05-24,373.4734802246094,412.0499877929688,419.2000122070313,405.2999877929688,417.0,142964052,SBIN
2021-05-25,373.7454223632813,412.3500061035156,415.5,408.5,415.1000061035156,56048127,SBIN
2021-05-26,374.8330383300781,413.5499877929688,418.75,410.7999877929688,413.7999877929688,52357719,SBIN
2021-05-27,385.3923950195313,425.2000122070313,429.1000061035156,412.0,413.7000122070313,73392997,SBIN
2021-05-28,382.5372924804688,422.0499877929688,433.6499938964844,420.0499877929688,430.5,65137568,SBIN
2021-05-31,384.6219787597656,424.3500061035156,426.0,418.0,421.0,38291043,SBIN
2021-06-01,392.0542907714844,432.5499877929688,435.3500061035156,425.6000061035156,426.0499877929688,59299647,SBIN
2021-06-02,396.3142395019531,437.25,437.9500122070313,429.1499938964844,430.7999877929688,38657806,SBIN
2021-06-03,402.1686096191406,439.6499938964844,441.9500122070313,433.5,437.0,38909199,SBIN
2021-06-04,396.6344299316406,433.6000061035156,441.8999938964844,431.75,437.5,36898769,SBIN
2021-06-07,395.3995056152344,432.25,437.3999938964844,430.7999877929688,435.1000061035156,20201197,SBIN
2021-06-08,390.780029296875,427.2000122070313,432.5,424.0,432.25,31113823,SBIN
2021-06-09,385.5202331542969,421.4500122070313,432.2999877929688,418.2000122070313,427.5,27784834,SBIN
2021-06-10,395.3995056152344,432.25,433.2999877929688,422.3999938964844,424.8999938964844,27397712,SBIN
2021-06-11,392.9754333496094,429.6000061035156,435.5,425.25,434.8500061035156,26831924,SBIN
2021-06-14,393.6614685058594,430.3500061035156,432.4500122070313,416.7000122070313,427.0,30106015,SBIN
2021-06-15,392.8839416503906,429.5,432.7999877929688,428.0,429.2000122070313,16413658,SBIN
2021-06-16,389.6365966796875,425.9500122070313,432.75,425.0,428.0,19701175,SBIN
2021-06-17,384.4225463867188,420.25,425.9500122070313,416.6000061035156,421.0,23048331,SBIN
2021-06-18,377.6991271972656,412.8999938964844,423.8999938964844,402.6499938964844,423.8999938964844,45748727,SBIN
2021-06-21,383.9651489257813,419.75,421.0,400.5,406.3500061035156,33128978,SBIN
2021-06-22,382.95892333984375,418.6499938964844,425.4500122070313,417.2999877929688,423.0,28442965,SBIN
2021-06-23,383.1418762207031,418.8500061035156,424.75,415.0,421.1000061035156,27564829,SBIN
2021-06-24,381.6325378417969,417.2000122070313,422.75,416.2999877929688,420.3500061035156,19214547,SBIN
2021-06-25,392.2436218261719,428.7999877929688,431.0,419.0499877929688,421.0,29886797,SBIN
2021-06-28,390.3683471679688,426.75,433.1499938964844,424.5499877929688,430.7000122070313,29370660,SBIN
2021-06-29,385.5659790039063,421.5,428.9500122070313,420.5499877929688,427.5,22275961,SBIN
2021-06-30,383.4620666503906,419.2000122070313,424.8999938964844,418.2999877929688,423.0,18337773,SBIN
2021-07-01,384.5597229003906,420.3999938964844,423.7000122070313,417.1499938964844,420.2999877929688,16161469,SBIN
2021-07-02,388.2187194824219,424.3999938964844,425.3999938964844,419.0,420.2999877929688,16423811,SBIN
2021-07-05,395.765380859375,432.6499938964844,434.5,424.25,426.5,16483761,SBIN
2021-07-06,393.1126708984375,429.75,436.5,428.2000122070313,431.7000122070313,20195278,SBIN
2021-07-07,395.94830322265625,432.8500061035156,434.0,427.5499877929688,429.3500061035156,14473774,SBIN
2021-07-08,388.2644653320313,424.4500122070313,435.3999938964844,422.1000061035156,432.7999877929688,21433043,SBIN
2021-07-09,387.6241149902344,423.75,427.5,421.0499877929688,425.0,16844494,SBIN
2021-07-12,391.0086975097656,427.4500122070313,430.25,424.6000061035156,426.5,12886781,SBIN
2021-07-13,392.51806640625,429.1000061035156,431.7999877929688,428.2999877929688,430.0,12831125,SBIN
2021-07-14,394.3017883300781,431.0499877929688,432.2999877929688,426.3999938964844,429.0,12767351,SBIN
2021-07-15,394.8963928222656,431.7000122070313,432.9500122070313,429.6499938964844,432.7000122070313,11030732,SBIN
2021-07-16,393.34130859375,430.0,432.5,427.4500122070313,432.0,8713863,SBIN
2021-07-19,391.4202880859375,427.8999938964844,429.4500122070313,418.8500061035156,423.3999938964844,14426686,SBIN
2021-07-20,385.0171203613281,420.8999938964844,427.0,418.8999938964844,427.0,14623321,SBIN
2021-07-22,386.0690612792969,422.0499877929688,426.7000122070313,420.8999938964844,425.5499877929688,11799761,SBIN
2021-07-23,392.3350830078125,428.8999938964844,429.9500122070313,419.5,422.8999938964844,17704661,SBIN
2021-07-26,387.2124633789063,423.2999877929688,427.7999877929688,422.2999877929688,427.7999877929688,14037519,SBIN
2021-07-27,393.2955932617188,429.9500122070313,433.25,424.0,424.1499938964844,24119619,SBIN
2021-07-28,389.2249450683594,425.5,430.5,421.0499877929688,430.0,17636515,SBIN
2021-07-29,403.9066162109375,441.5499877929688,443.6000061035156,425.5,426.0,35263606,SBIN
2021-07-30,394.9878540039063,431.7999877929688,444.3999938964844,430.7000122070313,441.5,35196813,SBIN
2021-08-02,397.8235778808594,434.8999938964844,436.7000122070313,431.7999877929688,434.75,16926025,SBIN
2021-08-03,408.4346008300781,446.5,447.8999938964844,433.6000061035156,434.9500122070313,40922962,SBIN
2021-08-04,417.9937744140625,456.9500122070313,467.4500122070313,441.5,448.6499938964844,129761158,SBIN
2021-08-05,404.1810607910156,441.8500061035156,462.5,438.3999938964844,461.0,58595639,SBIN
2021-08-06,398.5096130371094,435.6499938964844,447.0,434.0,443.7000122070313,38236066,SBIN
2021-08-09,396.4514465332031,433.3999938964844,441.7999877929688,431.0,437.8999938964844,22196404,SBIN
2021-08-10,390.093994140625,426.4500122070313,436.3999938964844,421.7000122070313,434.3999938964844,27794251,SBIN
2021-08-11,391.5574951171875,428.0499877929688,432.8999938964844,423.1499938964844,429.7999877929688,23827946,SBIN
2021-08-12,390.73431396484375,427.1499938964844,430.4500122070313,425.0,430.0,16847144,SBIN
2021-08-13,394.4389953613281,431.2000122070313,432.25,425.0,427.6000061035156,20908992,SBIN
2021-08-16,388.6303405761719,424.8500061035156,434.0,424.0,430.0,17608693,SBIN
2021-08-17,385.5659790039063,421.5,425.8500061035156,415.25,424.8500061035156,22957877,SBIN
2021-08-18,383.91943359375,419.7000122070313,424.3500061035156,418.0,422.1499938964844,17668574,SBIN
2021-08-20,372.0277099609375,406.7000122070313,417.3500061035156,405.1499938964844,415.0,25541790,SBIN
2021-08-23,374.5889892578125,409.5,413.0,401.25,411.1000061035156,26559937,SBIN
2021-08-24,381.99847412109375,417.6000061035156,418.75,408.2000122070313,409.5,19012313,SBIN
2021-08-25,380.7635498046875,416.25,421.2999877929688,414.2999877929688,419.0,16410980,SBIN
2021-08-26,375.7323913574219,410.75,415.7999877929688,410.0,414.5,15897679,SBIN
2021-08-27,377.2875061035156,412.4500122070313,414.3500061035156,407.5,410.3500061035156,15090541,SBIN
2021-08-30,386.6636657714844,422.7000122070313,423.2999877929688,413.5,414.3999938964844,20308691,SBIN
2021-08-31,389.7280578613281,426.0499877929688,427.0,418.7000122070313,423.8500061035156,26262421,SBIN
2021-09-01,393.2498474121094,429.8999938964844,432.5499877929688,425.1499938964844,427.5,18776721,SBIN
2021-09-02,393.1126708984375,429.75,433.5,427.75,431.3999938964844,14372717,SBIN
2021-09-03,394.6219787597656,431.3999938964844,434.2999877929688,428.2000122070313,431.25,14233624,SBIN
2021-09-06,394.3017883300781,431.0499877929688,433.8500061035156,430.0499877929688,432.0,10694099,SBIN
2021-09-07,392.51806640625,429.1000061035156,431.7000122070313,425.1000061035156,431.0499877929688,14928735,SBIN
2021-09-08,394.5762023925781,431.3500061035156,435.3999938964844,427.3500061035156,429.0,22817464,SBIN
2021-09-09,395.4452209472656,432.2999877929688,433.7999877929688,430.0,430.25,9662128,SBIN
2021-09-13,395.94830322265625,432.8500061035156,433.7999877929688,428.7999877929688,430.1000061035156,9567921,SBIN
2021-09-14,396.0855407714844,433.0,436.75,432.25,435.0,9981562,SBIN
2021-09-15,406.0105285644531,443.8500061035156,445.0,431.4500122070313,433.0,22181568,SBIN
2021-09-16,424.1683044433594,463.7000122070313,466.1000061035156,442.75,444.8500061035156,42637448,SBIN
2021-09-17,415.38671875,454.1000061035156,471.8999938964844,450.3500061035156,468.0,41529478,SBIN
2021-09-20,400.15618896484375,437.4500122070313,453.5,435.6499938964844,449.3999938964844,18376916,SBIN
2021-09-21,401.3910827636719,438.7999877929688,441.3500061035156,432.6499938964844,440.1499938964844,17279588,SBIN
2021-09-22,401.4368286132813,438.8500061035156,442.7999877929688,436.1000061035156,438.8999938964844,14321143,SBIN
2021-09-23,411.4532775878906,449.7999877929688,451.1499938964844,442.0499877929688,442.3999938964844,20516770,SBIN
2021-09-24,403.1748046875,440.75,451.8999938964844,440.0,451.1000061035156,10731274,SBIN
2021-09-27,408.526123046875,446.6000061035156,450.5499877929688,442.25,444.8999938964844,11746892,SBIN
2021-09-28,406.9710388183594,444.8999938964844,455.7999877929688,439.6000061035156,449.2000122070313,19241170,SBIN
2021-09-29,420.7837219238281,460.0,462.2999877929688,439.1000061035156,441.8500061035156,38635938,SBIN
2021-09-30,414.3804931640625,453.0,464.8999938964844,451.3999938964844,459.9500122070313,26530369,SBIN
2021-10-01,413.14556884765625,451.6499938964844,455.5499877929688,443.7999877929688,448.5,14777309,SBIN
2021-10-04,423.6651916503906,463.1499938964844,464.3999938964844,451.6000061035156,453.7999877929688,16246765,SBIN
2021-10-05,425.0830383300781,464.7000122070313,469.0,458.7000122070313,462.0,16487568,SBIN
2021-10-06,418.2224426269531,457.2000122070313,471.0,453.6499938964844,465.0,19056690,SBIN
2021-10-07,418.8627624511719,457.8999938964844,464.0,457.1000061035156,462.1000061035156,9984651,SBIN
2021-10-08,418.9542236328125,458.0,464.0,454.25,461.8999938964844,16521128,SBIN
2021-10-11,429.2451477050781,469.25,474.9500122070313,458.6499938964844,460.0,20686981,SBIN
2021-10-12,441.8229064941406,483.0,484.3999938964844,468.1000061035156,470.0,33763609,SBIN
2021-10-13,440.63372802734375,481.7000122070313,486.1499938964844,478.0,486.1499938964844,17638983,SBIN
2021-10-14,448.7749938964844,490.6000061035156,493.8999938964844,482.0,482.0,23431826,SBIN
2021-10-18,455.4984130859375,497.9500122070313,501.0,491.7000122070313,494.0,20084248,SBIN
2021-10-19,446.57958984375,488.2000122070313,504.2000122070313,483.25,500.3500061035156,20645100,SBIN
2021-10-20,457.2821350097656,499.8999938964844,507.5,483.1000061035156,488.7999877929688,34080545,SBIN
2021-10-21,460.0721435546875,502.9500122070313,506.5,491.75,504.8999938964844,20808243,SBIN
2021-10-22,460.0721435546875,502.9500122070313,508.7000122070313,500.0,504.6000061035156,24080485,SBIN
2021-10-25,463.3194580078125,506.5,515.4500122070312,497.8500061035156,506.5,35619415,SBIN
2021-10-26,468.8536987304688,512.5499877929688,518.2000122070312,507.6000061035156,507.6000061035156,21107457,SBIN
2021-10-27,474.8910217285156,519.1500244140625,526.8499755859375,512.75,513.7000122070312,29463032,SBIN
2021-10-28,458.6085510253906,501.3500061035156,520.5499877929688,497.6000061035156,519.5999755859375,28140401,SBIN
2021-10-29,459.3403015136719,502.1499938964844,512.6500244140625,488.3999938964844,501.5,31355893,SBIN
2021-11-01,471.7351684570313,515.7000122070312,516.9500122070312,501.0,508.5,20679604,SBIN
2021-11-02,477.2236022949219,521.7000122070312,525.0,512.0499877929688,514.7999877929688,26797820,SBIN
2021-11-03,482.6663818359375,527.6500244140625,542.2999877929688,515.2000122070312,524.0,80775924,SBIN
2021-11-04,485.2276611328125,530.4500122070312,535.9000244140625,528.0499877929688,531.5,9796046,SBIN
2021-11-08,478.6415100097656,523.25,534.4500122070312,516.4500122070312,534.4500122070312,36802110,SBIN
2021-11-09,484.03851318359375,529.1500244140625,532.0,522.2000122070312,526.25,25451967,SBIN
2021-11-10,479.6934814453125,524.4000244140625,528.5,521.5,525.5499877929688,15805538,SBIN
2021-11-11,466.1551818847656,509.6000061035156,522.8499755859375,507.1000061035156,522.8499755859375,23086898,SBIN
2021-11-12,467.7559814453125,511.3500061035156,513.0,502.7000122070313,512.0,19836221,SBIN
2021-11-15,463.36517333984375,506.5499877929688,515.9000244140625,505.5,512.4000244140625,13328183,SBIN
2021-11-16,452.891357421875,495.1000061035156,507.3999938964844,493.5,507.3999938964844,19553216,SBIN
2021-11-17,455.6813049316406,498.1499938964844,505.3999938964844,491.0,493.8500061035156,20488483,SBIN
2021-11-18,460.849609375,503.7999877929688,506.2000122070313,492.2999877929688,499.1000061035156,22471070,SBIN
2021-11-22,444.93304443359375,486.3999938964844,506.0,477.5,506.0,28800269,SBIN
2021-11-23,451.0160827636719,493.0499877929688,495.3999938964844,480.0,485.25,20000371,SBIN
2021-11-24,451.1075744628906,493.1499938964844,500.0,489.0499877929688,495.7999877929688,13963769,SBIN
2021-11-25,448.7292175292969,490.5499877929688,495.4500122070313,486.2999877929688,490.0,12894211,SBIN
2021-11-26,430.3885498046875,470.5,487.8999938964844,467.1000061035156,486.25,26305817,SBIN
2021-11-29,425.4489440917969,465.1000061035156,477.75,454.2999877929688,470.0,22407465,SBIN
2021-11-30,421.2868347167969,460.5499877929688,477.25,458.0,468.0,23026652,SBIN
2021-12-01,434.7793273925781,475.2999877929688,477.25,464.0,464.4500122070313,17156956,SBIN
2021-12-02,436.3344421386719,477.0,478.1499938964844,470.9500122070313,474.5,12962679,SBIN
2021-12-03,432.8126220703125,473.1499938964844,481.5,470.0499877929688,475.75,16653993,SBIN
2021-12-06,425.6318664550781,465.2999877929688,477.0,463.7999877929688,473.1499938964844,14353300,SBIN
2021-12-07,436.0600280761719,476.7000122070313,479.7000122070313,469.2000122070313,469.2000122070313,13644942,SBIN
2021-12-08,449.6440124511719,491.5499877929688,492.3999938964844,480.25,480.8999938964844,20397660,SBIN
2021-12-09,446.9912109375,488.6499938964844,493.5,486.1000061035156,492.2999877929688,12560970,SBIN
2021-12-10,452.52545166015625,494.7000122070313,495.9500122070313,484.3999938964844,488.5,13261408,SBIN
2021-12-13,446.2136535644531,487.7999877929688,500.4500122070313,486.3500061035156,497.75,14047645,SBIN
2021-12-14,446.8997802734375,488.5499877929688,490.3500061035156,481.7999877929688,486.0,11642447,SBIN
2021-12-15,443.469482421875,484.7999877929688,491.0,483.5,490.0,8639835,SBIN
2021-12-16,440.130615234375,481.1499938964844,490.5499877929688,478.25,488.3500061035156,11107781,SBIN
2021-12-17,427.9187316894531,467.7999877929688,481.3999938964844,466.5,480.0499877929688,12648603,SBIN
2021-12-20,410.9044799804688,449.2000122070313,464.0,443.0,459.0,22336114,SBIN
2021-12-21,407.9772338867188,446.0,458.25,444.5,457.0499877929688,16617447,SBIN
2021-12-22,416.987548828125,455.8500061035156,457.2999877929688,449.0,450.0,13102553,SBIN
2021-12-23,422.4302368164063,461.7999877929688,465.0,457.75,461.0,14471377,SBIN
2021-12-24,417.9937744140625,456.9500122070313,463.6000061035156,452.2000122070313,462.6000061035156,13221159,SBIN
2021-12-27,419.0,458.0499877929688,460.5,450.5499877929688,453.7000122070313,8856482,SBIN
2021-12-28,421.8814697265625,461.2000122070313,462.8999938964844,459.0499877929688,461.2000122070313,8832210,SBIN
2021-12-29,415.6611328125,454.3999938964844,462.1499938964844,451.3999938964844,461.0,11757303,SBIN
2021-12-30,413.19134521484375,451.7000122070313,454.8999938964844,448.5,452.75,28879190,SBIN
2021-12-31,421.19537353515625,460.4500122070313,461.3999938964844,453.1000061035156,454.25,10005842,SBIN
2022-01-03,430.6629943847656,470.7999877929688,472.0,460.1000061035156,462.0,13124509,SBIN
2022-01-04,442.2802734375,483.5,484.7000122070313,471.0499877929688,472.5,23296671,SBIN
2022-01-05,450.4215393066406,492.3999938964844,495.0,479.1499938964844,481.8999938964844,24694169,SBIN
2022-01-06,449.78125,491.7000122070313,494.3999938964844,485.3999938964844,487.7000122070313,18190843,SBIN
2022-01-07,449.36956787109375,491.25,501.9500122070313,489.4500122070313,493.4500122070313,22746330,SBIN
2022-01-10,460.7124328613281,503.6499938964844,504.9500122070313,492.5,493.3500061035156,15832274,SBIN
2022-01-11,462.8163757324219,505.9500122070313,507.7999877929688,499.25,503.0,16107950,SBIN
2022-01-12,466.7497863769531,510.25,513.5,508.5,509.8999938964844,14489616,SBIN
2022-01-13,467.7559814453125,511.3500061035156,512.8499755859375,507.0,510.0,10450974,SBIN
2022-01-14,465.0117492675781,508.3500061035156,510.3500061035156,505.1499938964844,509.0,8724574,SBIN
2022-01-17,470.1800537109375,514.0,518.9000244140625,507.5499877929688,508.0,17422211,SBIN
2022-01-18,463.5938720703125,506.7999877929688,517.4500122070312,505.0,514.0,12592506,SBIN
2022-01-19,471.82659912109375,515.7999877929688,517.6500244140625,500.2999877929688,505.0,16079457,SBIN
2022-01-20,467.8017272949219,511.3999938964844,519.1500244140625,508.0,516.0,17724642,SBIN
2022-01-21,459.8434448242188,502.7000122070313,507.5,498.0,505.2999877929688,16947941,SBIN
2022-01-24,452.0223388671875,494.1499938964844,506.7999877929688,488.0,502.3999938964844,20233933,SBIN
2022-01-25,470.7746887207031,514.6500244140625,517.5,489.0,490.0,21791739,SBIN
2022-01-27,483.8555603027344,528.9500122070312,530.8499755859375,503.2000122070313,503.5499877929688,35409230,SBIN
2022-01-28,478.8244934082031,523.4500122070312,536.4000244140625,521.4000244140625,534.0,24715250,SBIN
2022-01-31,492.4084167480469,538.2999877929688,540.9000244140625,527.0499877929688,529.0,28674232,SBIN
2022-02-01,486.91998291015625,532.2999877929688,543.9500122070312,520.0,543.9500122070312,32245356,SBIN
2022-02-02,493.7805786132813,539.7999877929688,544.25,531.3499755859375,536.6500244140625,21661864,SBIN
2022-02-03,494.0549621582031,540.0999755859375,544.7000122070312,537.1500244140625,537.1500244140625,22717677,SBIN
2022-02-04,485.0904235839844,530.2999877929688,546.4000244140625,527.2999877929688,542.1500244140625,25332894,SBIN
2022-02-07,487.7889709472656,533.25,549.0,525.25,531.9000244140625,52289545,SBIN
2022-02-08,486.0508728027344,531.3499755859375,537.6500244140625,519.0,535.5,26567546,SBIN
2022-02-09,489.618408203125,535.25,536.5,527.75,534.9500122070312,14856155,SBIN
2022-02-10,494.4666137695313,540.5499877929688,543.9500122070312,534.4000244140625,537.0999755859375,18659370,SBIN
2022-02-11,484.4501037597656,529.5999755859375,537.7000122070312,527.0999755859375,536.25,14607095,SBIN
2022-02-14,458.6542663574219,501.3999938964844,515.5999755859375,499.7000122070313,515.0,26153332,SBIN
2022-02-15,480.059326171875,524.7999877929688,526.8499755859375,497.1000061035156,502.0,23842951,SBIN
2022-02-16,472.64990234375,516.7000122070312,528.0,514.0,526.5,19773807,SBIN
2022-02-17,469.2196350097656,512.9500122070312,520.0,511.1499938964844,520.0,16408356,SBIN
2022-02-18,471.3692321777344,515.2999877929688,520.9000244140625,510.1000061035156,510.1000061035156,15111223,SBIN
2022-02-21,468.21337890625,511.8500061035156,517.5,504.6499938964844,511.5499877929688,16866932,SBIN
2022-02-22,455.9100036621094,498.3999938964844,505.2999877929688,495.5,500.8999938964844,27108772,SBIN
2022-02-23,456.1844482421875,498.7000122070313,505.3500061035156,497.25,503.0,13899433,SBIN
2022-02-24,432.3552551269531,472.6499938964844,487.9500122070313,468.0,480.0,32356037,SBIN
2022-02-25,441.7771606445313,482.9500122070313,491.8999938964844,479.2999877929688,480.0,21792287,SBIN
2022-02-28,442.005859375,483.2000122070313,485.2999877929688,473.1000061035156,476.8999938964844,18069367,SBIN
2022-03-02,433.8188781738281,474.25,479.7999877929688,467.0,478.0,22003848,SBIN
2022-03-03,427.5528259277344,467.3999938964844,483.3999938964844,464.6000061035156,480.0,20358590,SBIN
2022-03-04,422.5674743652344,461.9500122070313,470.8999938964844,457.6499938964844,460.2999877929688,20684268,SBIN
2022-03-07,402.7632141113281,440.2999877929688,453.9500122070313,433.4500122070313,447.5,33720472,SBIN
2022-03-08,402.7632141113281,440.2999877929688,442.1000061035156,425.0,438.0,42510207,SBIN
2022-03-09,413.19134521484375,451.7000122070313,454.2999877929688,438.5499877929688,442.0,32331325,SBIN
2022-03-10,428.7420349121094,468.7000122070313,476.6499938964844,461.6499938964844,469.8999938964844,34553299,SBIN
2022-03-11,430.2513732910156,470.3500061035156,474.7999877929688,462.0,466.3999938964844,22091309,SBIN
2022-03-14,443.7895812988281,485.1499938964844,486.0,470.5499877929688,471.0,27750689,SBIN
2022-03-15,444.429931640625,485.8500061035156,490.5,480.6499938964844,489.0,27204899,SBIN
2022-03-16,450.74169921875,492.75,494.2999877929688,489.3999938964844,493.0,16211288,SBIN
2022-03-17,459.1116638183594,501.8999938964844,503.5,498.2999877929688,499.0,22947673,SBIN
2022-03-21,448.7749938964844,490.6000061035156,502.0,489.0,502.0,19064060,SBIN
2022-03-22,451.6107177734375,493.7000122070313,495.7999877929688,477.25,490.6000061035156,26157969,SBIN
2022-03-23,448.82073974609375,490.6499938964844,502.3999938964844,489.2000122070313,498.5,15800195,SBIN
2022-03-24,445.5733642578125,487.1000061035156,494.7999877929688,483.5,485.0,18174877,SBIN
2022-03-25,448.8664855957031,490.7000122070313,493.2999877929688,486.6000061035156,491.75,11541196,SBIN
2022-03-28,455.0867614746094,497.5,498.6000061035156,481.9500122070313,490.9500122070313,16738684,SBIN
2022-03-29,452.7998962402344,495.0,501.3999938964844,491.7000122070313,500.0,14301429,SBIN
2022-03-30,452.1595458984375,494.2999877929688,500.3999938964844,492.2999877929688,499.2999877929688,16461225,SBIN
2022-03-31,451.4734497070313,493.5499877929688,497.5499877929688,492.2000122070313,494.2999877929688,10240982,SBIN
2022-04-01,464.8745727539063,508.2000122070313,509.75,491.0,491.0,18527226,SBIN
2022-04-04,468.7165222167969,512.4000244140625,514.9000244140625,506.0,509.2999877929688,16257176,SBIN
2022-04-05,465.9722290039063,509.3999938964844,516.4000244140625,507.7000122070313,514.4000244140625,13602384,SBIN
2022-04-06,470.1343383789063,513.9500122070312,515.2000122070312,506.0,507.0,13738275,SBIN
2022-04-07,471.049072265625,514.9500122070312,519.9000244140625,510.0499877929688,510.0499877929688,19620958,SBIN
2022-04-08,472.10101318359375,516.0999755859375,519.5,512.3499755859375,519.5,13572638,SBIN
2022-04-11,471.0033874511719,514.9000244140625,522.0,513.2000122070312,513.5,12370288,SBIN
2022-04-12,469.1280822753906,512.8499755859375,516.7000122070312,504.3500061035156,512.75,14460680,SBIN
2022-04-13,473.5646667480469,517.7000122070312,520.9000244140625,513.75,514.2999877929688,15440525,SBIN
2022-04-18,466.063720703125,509.5,515.0,504.0,512.0,14492183,SBIN
2022-04-19,468.1676025390625,511.7999877929688,520.9500122070312,505.1000061035156,513.25,20362934,SBIN
2022-04-20,465.8807678222656,509.2999877929688,513.7000122070312,507.0,512.0,11881305,SBIN
2022-04-21,472.2839965820313,516.2999877929688,518.0,512.2000122070312,513.4000244140625,10035638,SBIN
2022-04-22,457.9224853515625,500.6000061035156,513.5,499.0,512.9000244140625,16760456,SBIN
2022-04-25,452.5711975097656,494.75,499.2000122070313,490.0499877929688,495.0,14057444,SBIN
2022-04-26,462.4047546386719,505.5,507.8999938964844,498.4500122070313,499.0,12137213,SBIN
2022-04-27,454.8580627441406,497.25,502.7999877929688,491.8500061035156,500.0,12367342,SBIN
2022-04-28,464.2342224121094,507.5,510.0,496.5,499.1499938964844,12154792,SBIN
2022-04-29,453.9890441894531,496.2999877929688,512.5,494.0,508.1000061035156,12894773,SBIN
2022-05-02,449.1408996582031,491.0,495.0,481.2999877929688,492.6499938964844,18590895,SBIN
2022-05-04,438.7585144042969,479.6499938964844,496.4500122070313,477.5,492.0,14645323,SBIN
2022-05-05,439.0786743164063,480.0,494.0,478.6499938964844,485.0,14130385,SBIN
2022-05-06,442.6919250488281,483.9500122070313,486.1000061035156,471.0,471.0,16710020,SBIN
2022-05-09,435.32818603515625,475.8999938964844,483.7000122070313,473.7999877929688,477.1000061035156,13544947,SBIN
2022-05-10,434.6878967285156,475.2000122070313,482.5499877929688,473.5,477.0,10884328,SBIN
2022-05-11,435.92279052734375,476.5499877929688,479.0,463.6499938964844,475.25,14771351,SBIN
2022-05-12,423.2077941894531,462.6499938964844,473.0,456.3500061035156,473.0,18947096,SBIN
2022-05-13,406.7423706054688,444.6499938964844,477.0,439.75,469.4500122070313,61403008,SBIN
2022-05-16,416.2099914550781,455.0,461.5,438.8500061035156,445.0,27940958,SBIN
2022-05-17,427.46136474609375,467.2999877929688,469.6499938964844,456.1499938964844,458.2999877929688,16880698,SBIN
2022-05-18,418.9542236328125,458.0,468.6000061035156,457.1000061035156,467.8999938964844,15644497,SBIN
2022-05-19,409.349365234375,447.5,450.0,444.4500122070313,449.0499877929688,14201420,SBIN
2022-05-20,422.9791259765625,462.3999938964844,464.0,454.1499938964844,454.8500061035156,13596860,SBIN
2022-05-23,421.6069641113281,460.8999938964844,471.3999938964844,459.5,463.1000061035156,13499415,SBIN
2022-05-24,422.658935546875,462.0499877929688,466.7999877929688,460.2000122070313,462.3999938964844,17175179,SBIN
2022-05-25,421.8692932128906,454.1000061035156,464.4500122070313,452.0499877929688,461.0,12728644,SBIN
2022-05-26,435.6188049316406,468.8999938964844,470.1000061035156,452.5,456.8500061035156,17055257,SBIN
2022-05-27,435.665283203125,468.9500122070313,475.0,467.5,471.3999938964844,10977001,SBIN
2022-05-30,440.9142761230469,474.6000061035156,476.8999938964844,471.1000061035156,473.0,9365470,SBIN
2022-05-31,434.8756103515625,468.1000061035156,476.3999938964844,465.0,474.0,15441579,SBIN
2022-06-01,435.0614013671875,468.2999877929688,472.0,464.7000122070313,468.0,9424008,SBIN
2022-06-02,436.50140380859375,469.8500061035156,472.3500061035156,466.1499938964844,466.8999938964844,9370989,SBIN
2022-06-03,431.5311584472656,464.5,475.5,463.5,473.25,11306291,SBIN
2022-06-06,430.7879028320313,463.7000122070313,465.6000061035156,456.5,464.2000122070313,10661432,SBIN
2022-06-07,430.5091857910156,463.3999938964844,465.9500122070313,460.5,461.8500061035156,7672515,SBIN
2022-06-08,437.8484497070313,471.2999877929688,475.5499877929688,463.2000122070313,466.6000061035156,17168871,SBIN
2022-06-09,433.8072509765625,466.9500122070313,470.8999938964844,462.4500122070313,468.9500122070313,12635601,SBIN
2022-06-10,429.0692138671875,461.8500061035156,464.1499938964844,458.6000061035156,462.0,8621104,SBIN
2022-06-13,414.2048645019531,445.8500061035156,454.0499877929688,442.1000061035156,454.0,13426836,SBIN
2022-06-14,416.295166015625,448.1000061035156,449.25,443.3500061035156,445.0,11351101,SBIN
2022-06-15,419.3144836425781,451.3500061035156,455.4500122070313,448.6000061035156,448.9500122070313,9920926,SBIN
2022-06-16,410.2565307617188,441.6000061035156,457.75,440.1499938964844,455.1499938964844,10780703,SBIN
2022-06-17,409.6990966796875,441.0,447.5499877929688,437.25,440.0,14326050,SBIN
2022-06-20,403.8462524414063,434.7000122070313,443.4500122070313,430.7000122070313,441.5,12368534,SBIN
2022-06-21,418.757080078125,450.75,454.9500122070313,437.6000061035156,439.5,13801891,SBIN
2022-06-22,415.8770751953125,447.6499938964844,451.2000122070313,444.6499938964844,448.75,11066447,SBIN
2022-06-23,419.3609008789063,451.3999938964844,456.4500122070313,446.0,449.0,12229833,SBIN
2022-06-24,422.0086364746094,454.25,460.3500061035156,453.2000122070313,455.7999877929688,10833364,SBIN
2022-06-27,428.4653625488281,461.2000122070313,464.8500061035156,458.0499877929688,459.9500122070313,9509175,SBIN
2022-06-28,431.2988586425781,464.25,465.75,458.0,458.8999938964844,13261290,SBIN
2022-06-29,426.514404296875,459.1000061035156,462.7000122070313,458.0,460.0,11800876,SBIN
2022-06-30,432.8317565917969,465.8999938964844,469.2999877929688,458.6000061035156,459.0,16926328,SBIN
2022-07-01,433.71435546875,466.8500061035156,468.7999877929688,460.5499877929688,463.3500061035156,9405495,SBIN
2022-07-04,439.8458862304688,473.4500122070313,474.1499938964844,466.8500061035156,466.8500061035156,9186358,SBIN
2022-07-05,438.63812255859375,472.1499938964844,480.0,471.0,475.1499938964844,12003244,SBIN
2022-07-06,445.8845520019531,479.9500122070313,481.0,473.8999938964844,475.1499938964844,12059857,SBIN
2022-07-07,452.201904296875,486.75,488.25,481.6000061035156,484.0,11497832,SBIN
2022-07-08,453.8741455078125,488.5499877929688,489.8999938964844,485.1499938964844,489.0,9057231,SBIN
2022-07-11,453.5490112304688,488.2000122070313,491.2999877929688,485.0,485.0,7704792,SBIN
2022-07-12,450.5296325683594,484.9500122070313,491.3500061035156,483.1000061035156,485.0,7364457,SBIN
2022-07-13,451.9696350097656,486.5,492.4500122070313,484.5499877929688,487.75,8208853,SBIN
2022-07-14,445.3271179199219,479.3500061035156,488.8999938964844,476.7999877929688,486.6000061035156,9385630,SBIN
2022-07-15,445.0948791503906,479.1000061035156,484.3999938964844,474.7000122070313,482.5499877929688,6945602,SBIN
2022-07-18,455.4999084472656,490.2999877929688,491.5,482.1000061035156,484.5499877929688,9934786,SBIN
2022-07-19,462.6069641113281,497.9500122070313,498.5499877929688,488.0,488.0,11724183,SBIN
2022-07-20,472.5010681152344,508.6000061035156,510.6000061035156,500.3999938964844,501.0,19280117,SBIN
2022-07-21,475.7061767578125,512.0499877929688,513.4000244140625,506.75,509.7999877929688,13814893,SBIN
2022-07-22,477.2390441894531,513.7000122070312,520.2000122070312,511.2000122070313,513.4500122070312,14699129,SBIN
2022-07-25,481.0480346679688,517.7999877929688,519.0,509.1499938964844,513.4000244140625,10229778,SBIN
2022-07-26,477.7035827636719,514.2000122070312,520.7999877929688,513.0999755859375,517.7000122070312,8862656,SBIN
2022-07-27,490.70989990234375,528.2000122070312,529.9500122070312,512.25,515.2999877929688,15101546,SBIN
2022-07-28,494.65826416015625,532.4500122070312,537.5,529.5499877929688,533.2000122070312,12160734,SBIN
2022-07-29,490.8491821289063,528.3499755859375,537.0,526.75,535.0499877929688,11921058,SBIN
2022-08-01,495.865966796875,533.75,535.0,526.4000244140625,529.0499877929688,8295631,SBIN
2022-08-02,503.623291015625,542.0999755859375,544.9000244140625,531.0999755859375,531.9000244140625,16845027,SBIN
2022-08-03,502.46197509765625,540.8499755859375,546.4000244140625,534.6500244140625,541.9000244140625,24262125,SBIN
2022-08-04,495.4014587402344,533.25,544.0,524.2000122070312,543.6500244140625,18072293,SBIN
2022-08-05,493.3576049804688,531.0499877929688,542.9000244140625,529.0,535.5499877929688,21110734,SBIN
2022-08-08,483.4635314941406,520.4000244140625,524.0,513.8499755859375,524.0,32566317,SBIN
2022-08-10,478.1680908203125,514.7000122070312,523.5,513.4000244140625,521.5499877929688,16904151,SBIN
2022-08-11,487.5047912597656,524.75,526.0,517.2000122070312,520.0,13862195,SBIN
2022-08-12,493.0324401855469,530.7000122070312,531.7999877929688,525.1500244140625,525.7000122070312,12154012,SBIN
2022-08-16,488.6195983886719,525.9500122070312,533.8499755859375,525.0,533.2999877929688,10721167,SBIN
2022-08-17,490.6634826660156,528.1500244140625,530.5499877929688,524.3499755859375,528.8499755859375,12054183,SBIN
2022-08-18,494.5652770996094,532.3499755859375,534.7999877929688,526.2000122070312,526.8499755859375,9013662,SBIN
2022-08-19,483.4169921875,520.3499755859375,533.6500244140625,518.5,532.0,11087222,SBIN
2022-08-22,475.0093688964844,511.2999877929688,519.9000244140625,510.0,519.0,9676954,SBIN
2022-08-23,484.8570556640625,521.9000244140625,524.0,508.25,508.25,8597965,SBIN
2022-08-24,482.4415588378906,519.2999877929688,523.0,512.2999877929688,519.0,11930650,SBIN
2022-08-25,483.4635314941406,520.4000244140625,528.2999877929688,518.5,521.9500122070312,15473450,SBIN
2022-08-26,486.6221923828125,523.7999877929688,529.5,522.2000122070312,523.7999877929688,12855886,SBIN
2022-08-29,478.3074035644531,514.8499755859375,517.0,508.75,511.2999877929688,9421339,SBIN
2022-08-30,493.54339599609375,531.25,532.5,517.9500122070312,518.2000122070312,14835308,SBIN
2022-09-01,495.4479064941406,533.2999877929688,540.9000244140625,522.25,522.25,16670228,SBIN
2022-09-02,498.6065979003906,536.7000122070312,537.8499755859375,531.25,537.0,10017930,SBIN
2022-09-05,500.650390625,538.9000244140625,540.7999877929688,536.2999877929688,537.0,7819994,SBIN
2022-09-06,499.6285400390625,537.7999877929688,542.7000122070312,534.0999755859375,538.0,8657868,SBIN
2022-09-07,495.0298461914063,532.8499755859375,537.4500122070312,531.5499877929688,534.4000244140625,8445359,SBIN
2022-09-08,505.9923095703125,544.6500244140625,546.2999877929688,535.5,536.0,12240707,SBIN
2022-09-09,514.0748291015625,553.3499755859375,557.0,548.0,549.6500244140625,18587927,SBIN
2022-09-12,515.5147705078125,554.9000244140625,558.5999755859375,551.25,554.9000244140625,9677415,SBIN
2022-09-13,518.394775390625,558.0,560.0,553.75,560.0,16707275,SBIN
2022-09-14,531.1688842773438,571.75,574.8499755859375,549.25,550.0,21632641,SBIN
2022-09-15,531.54052734375,572.1500244140625,578.5,567.9000244140625,572.5499877929688,12749947,SBIN
2022-09-16,521.9249877929688,561.7999877929688,574.0,560.2999877929688,569.0999755859375,14739280,SBIN
2022-09-19,531.6333618164062,572.25,574.4000244140625,559.5499877929688,560.7000122070312,11194003,SBIN
2022-09-20,533.3055419921875,574.0499877929688,577.9500122070312,572.8499755859375,577.9500122070312,8484017,SBIN
2022-09-21,529.2643432617188,569.7000122070312,577.2999877929688,565.4000244140625,575.0,9392526,SBIN
2022-09-22,527.03466796875,567.2999877929688,574.0,562.0,566.75,11869435,SBIN
2022-09-23,511.5199890136719,550.5999755859375,568.0,549.5,564.7999877929688,12563239,SBIN
2022-09-26,504.7380676269531,543.2999877929688,549.0,533.0,545.7999877929688,16158750,SBIN
2022-09-27,498.4207458496094,536.5,550.9000244140625,533.2000122070312,544.5499877929688,11066799,SBIN
2022-09-28,487.5976257324219,524.8499755859375,539.7999877929688,520.3499755859375,532.9000244140625,12233485,SBIN
2022-09-29,484.71771240234375,521.75,535.7000122070312,519.5499877929688,529.0,17310168,SBIN
2022-09-30,492.93951416015625,530.5999755859375,536.9000244140625,516.1500244140625,524.0,17466950,SBIN
2022-10-03,482.8596496582031,519.75,531.6500244140625,518.5,527.5999755859375,9351162,SBIN
2022-10-04,494.8905334472656,532.7000122070312,535.7999877929688,527.7999877929688,533.0,8745887,SBIN
2022-10-06,499.1639709472656,537.2999877929688,541.7999877929688,534.5999755859375,534.5999755859375,9507322,SBIN
2022-10-07,492.5679016113281,530.2000122070312,535.5999755859375,526.5499877929688,535.5,11065307,SBIN
2022-10-10,493.0788879394531,530.75,533.9000244140625,522.2000122070312,525.7000122070312,9649292,SBIN
2022-10-11,489.9667053222656,527.4000244140625,533.7000122070312,525.5,530.75,10825440,SBIN
2022-10-12,495.9124145507813,533.7999877929688,535.0,526.0,530.0,8522604,SBIN
2022-10-13,484.43896484375,521.4500122070312,533.7999877929688,520.2000122070312,533.0,12972765,SBIN
2022-10-14,489.7808532714844,527.2000122070312,534.8499755859375,526.0,530.2000122070312,8545479,SBIN
2022-10-17,505.0633239746094,543.6500244140625,544.7000122070312,524.2000122070312,526.4000244140625,13485349,SBIN
2022-10-18,522.5289306640625,562.4500122070312,563.5,546.75,547.0999755859375,20440781,SBIN
2022-10-19,514.121337890625,553.4000244140625,563.4500122070312,551.5499877929688,563.0,9540583,SBIN
2022-10-20,515.9793090820312,555.4000244140625,556.7999877929688,545.2999877929688,552.0,11225588,SBIN
2022-10-21,521.04248046875,560.8499755859375,565.7999877929688,557.25,557.25,11767639,SBIN
2022-10-24,530.0075073242188,570.5,572.5,565.9000244140625,567.0,3692065,SBIN
2022-10-25,537.4862060546875,578.5499877929688,586.2000122070312,568.0,572.5,19899324,SBIN
2022-10-27,538.5081787109375,579.6500244140625,585.0,577.5999755859375,583.9500122070312,13613533,SBIN
2022-10-28,530.2398071289062,570.75,582.6500244140625,567.0,579.9500122070312,10043644,SBIN
2022-10-31,533.0733642578125,573.7999877929688,577.4500122070312,568.4000244140625,574.9500122070312,9894639,SBIN
2022-11-01,535.9533081054688,576.9000244140625,585.75,574.5999755859375,576.3499755859375,12069579,SBIN
2022-11-02,533.1197509765625,573.8499755859375,578.9500122070312,569.9000244140625,575.9000244140625,10241440,SBIN
2022-11-03,543.3855590820312,584.9000244140625,587.9500122070312,568.0,569.0,17557998,SBIN
2022-11-04,551.7930908203125,593.9500122070312,596.9500122070312,580.4000244140625,586.0,25759031,SBIN
2022-11-07,570.5594482421875,614.1500244140625,622.7000122070312,607.7000122070312,613.0,44265903,SBIN
2022-11-09,571.8599853515625,615.5499877929688,621.0,610.5499877929688,621.0,18939854,SBIN
2022-11-10,562.755615234375,605.75,615.0999755859375,602.2000122070312,613.0999755859375,11618405,SBIN
2022-11-11,558.6215209960938,601.2999877929688,619.5499877929688,598.5,617.25,15525267,SBIN
2022-11-14,550.4925537109375,592.5499877929688,603.9500122070312,591.6500244140625,603.9500122070312,12957268,SBIN
2022-11-15,558.203369140625,600.8499755859375,602.0999755859375,592.6500244140625,594.2999877929688,10286417,SBIN
2022-11-16,557.1814575195312,599.75,603.5,596.0,599.9500122070312,11555749,SBIN
2022-11-17,556.5311279296875,599.0499877929688,602.75,596.1500244140625,599.0999755859375,8167131,SBIN
2022-11-18,559.922119140625,602.7000122070312,605.75,597.1500244140625,601.0,12933675,SBIN
2022-11-21,555.6485595703125,598.0999755859375,602.0999755859375,595.3499755859375,602.0999755859375,7412419,SBIN
2022-11-22,556.5775756835938,599.0999755859375,600.7000122070312,596.1500244140625,598.1500244140625,8048595,SBIN
2022-11-23,564.5208129882812,607.6500244140625,609.5999755859375,601.0,601.5499877929688,12435924,SBIN
2022-11-24,566.1000366210938,609.3499755859375,611.2999877929688,605.7999877929688,609.75,8960032,SBIN
2022-11-25,564.2885131835938,607.4000244140625,613.7000122070312,606.25,610.5499877929688,9994513,SBIN
2022-11-28,565.4033203125,608.5999755859375,610.9000244140625,602.3499755859375,605.5999755859375,7934274,SBIN
2022-11-29,565.35693359375,608.5499877929688,611.7999877929688,607.0999755859375,607.0999755859375,6942919,SBIN
2022-11-30,559.6898193359375,602.4500122070312,611.4000244140625,598.4000244140625,608.5,15606230,SBIN
2022-12-01,564.9387817382812,608.0999755859375,609.7999877929688,601.5499877929688,607.8499755859375,14209313,SBIN
2022-12-02,564.4277954101562,607.5499877929688,609.5999755859375,604.25,607.5,7533838,SBIN
2022-12-05,573.48583984375,617.2999877929688,618.0,607.5499877929688,608.5,11585602,SBIN
2022-12-06,565.7285766601562,608.9500122070312,619.7999877929688,607.7999877929688,614.75,12996244,SBIN
2022-12-07,563.9632568359375,607.0499877929688,612.9000244140625,604.5,610.8499755859375,7613892,SBIN
2022-12-08,568.23681640625,611.6500244140625,613.7999877929688,607.1500244140625,609.75,10020015,SBIN
2022-12-09,572.7426147460938,616.5,618.0,609.0999755859375,614.4000244140625,11202267,SBIN
2022-12-12,569.5374755859375,613.0499877929688,618.7000122070312,611.0,614.7999877929688,9285187,SBIN
2022-12-13,572.9749145507812,616.75,617.4000244140625,612.5,613.5,7455415,SBIN
2022-12-14,581.103759765625,625.5,626.75,617.5,618.5,14010673,SBIN
2022-12-15,572.231689453125,615.9500122070312,629.5499877929688,614.2999877929688,625.5499877929688,10622271,SBIN
2022-12-16,560.5259399414062,603.3499755859375,615.5999755859375,602.0999755859375,612.0,9435071,SBIN
2022-12-19,561.5478515625,604.4500122070312,609.5,603.0,604.0,8322012,SBIN
2022-12-20,561.5478515625,604.4500122070312,606.5,599.5499877929688,603.0,6753785,SBIN
2022-12-21,551.2822265625,593.4000244140625,609.1500244140625,589.5999755859375,605.9000244140625,9217253,SBIN
2022-12-22,551.2822265625,593.4000244140625,599.0,587.5499877929688,597.0,8740149,SBIN
2022-12-23,533.2590942382812,574.0,590.7000122070312,571.5,590.0,13047046,SBIN
2022-12-26,554.7195434570312,597.0999755859375,601.7000122070312,570.7000122070312,574.0,13201587,SBIN
2022-12-27,559.1788940429688,601.9000244140625,603.0999755859375,593.2999877929688,600.4000244140625,9638618,SBIN
2022-12-28,558.3892211914062,601.0499877929688,607.0,598.5499877929688,600.9000244140625,7988631,SBIN
2022-12-29,568.3762817382812,611.7999877929688,618.0,597.1500244140625,600.0,20130392,SBIN
2022-12-30,570.141357421875,613.7000122070312,620.5499877929688,611.3499755859375,615.25,13052895,SBIN
2023-01-02,568.747802734375,612.2000122070312,619.2000122070312,611.2000122070312,614.9500122070312,6726084,SBIN
2023-01-03,568.93359375,612.4000244140625,616.5999755859375,610.0,614.5,6818062,SBIN
2023-01-04,562.2446899414062,605.2000122070312,614.9500122070312,604.0,611.8499755859375,7011191,SBIN
2023-01-05,562.1516723632812,605.0999755859375,611.5999755859375,601.9500122070312,607.0,8241475,SBIN
2023-01-06,558.0176391601562,600.6500244140625,607.4500122070312,597.0,607.4000244140625,7972036,SBIN
2023-01-09,564.5671997070312,607.7000122070312,609.0,600.0999755859375,605.0,8878905,SBIN
2023-01-10,552.9080200195312,595.1500244140625,609.0,590.5999755859375,608.4500122070312,10622660,SBIN
2023-01-11,554.3480224609375,596.7000122070312,599.5,592.25,596.4500122070312,7419630,SBIN
2023-01-12,552.67578125,594.9000244140625,597.9000244140625,590.0999755859375,597.9000244140625,8183715,SBIN
2023-01-13,557.506591796875,600.0999755859375,602.9000244140625,593.6500244140625,597.9000244140625,7877610,SBIN
2023-01-16,560.2008056640625,603.0,606.0999755859375,600.5999755859375,603.0,5483191,SBIN
2023-01-17,550.8641967773438,592.9500122070312,606.0,586.0499877929688,603.0,13461999,SBIN
2023-01-18,549.4705810546875,591.4500122070312,597.1500244140625,587.5999755859375,595.9000244140625,11538075,SBIN
2023-01-19,547.984130859375,589.8499755859375,591.75,587.5499877929688,591.0,7475688,SBIN
2023-01-20,550.1673583984375,592.2000122070312,596.5999755859375,590.7999877929688,593.7999877929688,6750607,SBIN
2023-01-23,557.831787109375,600.4500122070312,601.75,592.9500122070312,598.5,6604469,SBIN
2023-01-24,552.1646728515625,594.3499755859375,604.5999755859375,593.0499877929688,603.5,7609623,SBIN
2023-01-25,528.3352661132812,568.7000122070312,595.8499755859375,567.4000244140625,595.8499755859375,25686294,SBIN
2023-01-27,501.62591552734375,539.9500122070312,568.5499877929688,532.25,568.0,40163464,SBIN
2023-01-30,500.0001525878906,538.2000122070312,554.3499755859375,525.2000122070312,536.0,40797825,SBIN
2023-01-31,514.2141723632812,553.5,557.0,537.8499755859375,545.0,21911943,SBIN
2023-02-01,489.920166015625,527.3499755859375,565.0,499.3500061035156,561.4000244140625,38218810,SBIN
2023-02-02,490.616943359375,528.0999755859375,532.6500244140625,502.5,520.2000122070312,39287056,SBIN
2023-02-03,505.5742492675781,544.2000122070312,545.9500122070312,519.1500244140625,536.0,32317232,SBIN
2023-02-06,506.6891174316406,545.4000244140625,558.7999877929688,536.5499877929688,558.7999877929688,25338586,SBIN
2023-02-07,508.2683715820313,547.0999755859375,551.4000244140625,541.0499877929688,548.0,16195947,SBIN
2023-02-08,510.7303466796875,549.75,554.5,545.5,550.0,15502847,SBIN
2023-02-09,511.705810546875,550.7999877929688,552.0,542.7999877929688,552.0,15061047,SBIN
2023-02-10,513.7960815429688,553.0499877929688,557.25,546.5,546.5,13824475,SBIN
2023-02-13,499.3498229980469,537.5,556.9000244140625,533.2999877929688,554.0,18488732,SBIN
2023-02-14,502.46197509765625,540.8499755859375,544.5999755859375,530.75,539.9500122070312,18559909,SBIN
2023-02-15,503.7626647949219,542.25,544.6500244140625,536.7999877929688,540.0,12796579,SBIN
2023-02-16,501.7651977539063,540.0999755859375,546.8499755859375,538.5,546.8499755859375,12767016,SBIN
2023-02-17,493.3111572265625,531.0,539.6500244140625,527.75,538.5,14192008,SBIN
2023-02-20,487.87640380859375,525.1500244140625,533.9500122070312,522.1500244140625,532.0,12570032,SBIN
2023-02-21,486.2970581054688,523.4500122070312,528.9500122070312,522.4000244140625,527.0999755859375,10223218,SBIN
2023-02-22,479.700927734375,516.3499755859375,521.9000244140625,512.5,520.75,14763050,SBIN
2023-02-23,484.0209045410156,521.0,524.0,511.3500061035156,516.9500122070312,15535085,SBIN
2023-02-24,484.0673828125,521.0499877929688,527.5,517.5999755859375,524.2000122070312,12253035,SBIN
2023-02-27,490.2453918457031,527.7000122070312,529.7999877929688,519.0,521.0999755859375,11048799,SBIN
2023-02-28,485.6931762695313,522.7999877929688,528.4500122070312,521.0499877929688,527.25,15768010,SBIN
2023-03-01,498.6065979003906,536.7000122070312,537.4000244140625,523.0999755859375,523.25,13510198,SBIN
2023-03-02,495.865966796875,533.75,539.9000244140625,532.5,535.9500122070312,10376913,SBIN
2023-03-03,521.3677368164062,561.2000122070312,564.2999877929688,541.75,542.0,27656538,SBIN
2023-03-06,521.8322143554688,561.7000122070312,567.9000244140625,559.0,564.9000244140625,16162268,SBIN
2023-03-08,524.7120361328125,564.7999877929688,565.5,556.4500122070312,560.0,12637578,SBIN
2023-03-09,519.23095703125,558.9000244140625,565.75,558.0,564.75,8993423,SBIN
2023-03-10,508.5006408691406,547.3499755859375,554.9500122070312,545.0,553.0999755859375,11522371,SBIN
2023-03-13,492.3821411132813,530.0,553.1500244140625,528.4500122070312,547.0,14373729,SBIN
2023-03-14,488.1086120605469,525.4000244140625,532.7999877929688,520.0,527.6500244140625,14750800,SBIN
2023-03-15,480.8157653808594,517.5499877929688,532.0,515.5499877929688,529.7999877929688,11282329,SBIN
2023-03-16,487.27252197265625,524.5,529.3499755859375,514.2999877929688,518.4000244140625,20040008,SBIN
2023-03-17,492.1962890625,529.7999877929688,531.5999755859375,520.0999755859375,528.6500244140625,18787379,SBIN
2023-03-20,482.34869384765625,519.2000122070312,526.5999755859375,515.0,526.5999755859375,14275315,SBIN
2023-03-21,484.8105773925781,521.8499755859375,523.4500122070312,516.4500122070312,522.0,29485180,SBIN
2023-03-22,484.5318603515625,521.5499877929688,527.0,520.0999755859375,522.2000122070312,11619538,SBIN
2023-03-23,476.35650634765625,512.75,521.0,511.5,519.4000244140625,22097792,SBIN
2023-03-24,469.4817199707031,505.3500061035156,514.9500122070312,503.4500122070313,514.5,14416984,SBIN
2023-03-27,473.9410095214844,510.1499938964844,514.1500244140625,501.5499877929688,507.0,15674218,SBIN
2023-03-28,472.0365295410156,508.1000061035156,511.75,503.8500061035156,511.4500122070313,15833599,SBIN
2023-03-29,479.8403015136719,516.5,518.0,506.2999877929688,509.0,24203789,SBIN
2023-03-31,486.5757446289063,523.75,524.9000244140625,519.3499755859375,520.6500244140625,17356345,SBIN
2023-04-03,489.36279296875,526.75,528.5,522.0999755859375,524.75,14210949,SBIN
2023-04-05,485.87896728515625,523.0,527.5999755859375,519.0499877929688,527.0,13574801,SBIN
2023-04-06,490.198974609375,527.6500244140625,533.7000122070312,521.6500244140625,524.0,25125879,SBIN
2023-04-10,488.9447021484375,526.2999877929688,530.4000244140625,524.4000244140625,529.25,17335453,SBIN
2023-04-11,494.33306884765625,532.0999755859375,535.7000122070312,527.1500244140625,530.8499755859375,26414406,SBIN
2023-04-12,490.70989990234375,528.2000122070312,534.0,526.0,533.2000122070312,21292441,SBIN
2023-04-13,495.122802734375,532.9500122070312,534.25,527.1500244140625,529.2999877929688,28597560,SBIN
2023-04-17,505.3883972167969,544.0,545.0,528.0,528.0,32476990,SBIN
2023-04-18,507.1071166992188,545.8499755859375,548.5,540.5,545.3499755859375,22283456,SBIN
2023-04-19,501.9510803222656,540.2999877929688,547.5,538.25,544.0,21156372,SBIN
2023-04-20,506.1317138671875,544.7999877929688,545.4500122070312,536.6500244140625,541.2000122070312,25588577,SBIN
2023-04-21,504.5988159179688,543.1500244140625,546.4000244140625,539.7000122070312,545.0,22599418,SBIN
2023-04-24,515.236083984375,554.5999755859375,555.5499877929688,543.5,543.7999877929688,23335611,SBIN
2023-04-25,521.9249877929688,561.7999877929688,567.9000244140625,555.0,555.0,38142390,SBIN
2023-04-26,526.152099609375,566.3499755859375,567.0,556.4500122070312,562.0,23143882,SBIN
2023-04-27,524.6657104492188,564.75,567.4000244140625,561.0999755859375,565.0,17845169,SBIN
2023-04-28,537.25390625,578.2999877929688,580.4500122070312,565.5,567.7999877929688,16183423,SBIN
2023-05-02,534.466796875,575.2999877929688,580.8499755859375,573.1500244140625,580.0,13667511,SBIN
2023-05-03,530.0075073242188,570.5,575.0,569.0,570.6500244140625,9699527,SBIN
2023-05-04,538.8333129882812,580.0,580.7999877929688,568.5,570.2000122070312,12533761,SBIN
2023-05-05,535.5816650390625,576.5,588.25,575.0499877929688,580.2000122070312,18163461,SBIN
2023-05-08,542.1776733398438,583.5999755859375,587.5999755859375,577.3499755859375,577.6500244140625,12990869,SBIN
2023-05-09,532.7946166992188,573.5,586.4500122070312,572.0999755859375,585.0,18959065,SBIN
2023-05-10,531.5869750976562,572.2000122070312,575.0,563.25,575.0,18561315,SBIN
2023-05-11,532.7482299804688,573.4500122070312,580.0,572.0,572.2000122070312,16016715,SBIN
2023-05-12,537.1145629882812,578.1500244140625,580.75,571.5499877929688,574.7000122070312,11319335,SBIN
2023-05-15,540.5984497070312,581.9000244140625,584.0,574.6500244140625,578.75,11410243,SBIN
2023-05-16,544.6860961914062,586.2999877929688,590.4000244140625,582.0,584.0,22178229,SBIN
2023-05-17,544.6860961914062,586.2999877929688,590.5,579.5,586.0,23739774,SBIN
2023-05-18,533.4449462890625,574.2000122070312,593.9000244140625,571.4000244140625,590.2999877929688,45656620,SBIN
2023-05-19,534.3275146484375,575.1500244140625,586.25,569.9000244140625,579.0,42293962,SBIN
2023-05-22,536.1856079101562,577.1500244140625,580.2999877929688,573.4500122070312,577.5,21484049,SBIN
2023-05-23,540.3197021484375,581.5999755859375,583.7000122070312,576.7999877929688,578.9000244140625,16120548,SBIN
2023-05-24,541.3416748046875,582.7000122070312,585.25,578.25,579.7999877929688,17616658,SBIN
2023-05-25,539.9945678710938,581.25,582.9000244140625,577.0,582.0,16479436,SBIN
2023-05-26,544.4074096679688,586.0,587.75,580.5499877929688,581.25,9788076,SBIN
2023-05-29,552.7685546875,595.0,596.4000244140625,588.0499877929688,590.0,18432231,SBIN
2023-05-30,550.7247924804688,592.7999877929688,595.5,591.5,595.0,15031640,SBIN
2023-05-31,549.162109375,579.8499755859375,584.7999877929688,577.5,583.7999877929688,28797643,SBIN
2023-06-01,551.9086303710938,582.75,586.4000244140625,581.0,581.7999877929688,17820226,SBIN
2023-06-02,556.1231689453125,587.2000122070312,588.9000244140625,583.0,584.7000122070312,11323908,SBIN
2023-06-05,556.1231689453125,587.2000122070312,589.7999877929688,586.0,588.5,12920507,SBIN
2023-06-06,554.3710327148438,585.3499755859375,588.9000244140625,583.0,588.0,11199940,SBIN
2023-06-07,558.0172729492188,589.2000122070312,590.5999755859375,586.0,588.0,11113781,SBIN
2023-06-08,557.3543701171875,588.5,593.9500122070312,586.3499755859375,589.9500122070312,15971917,SBIN
2023-06-09,548.072998046875,578.7000122070312,589.0999755859375,576.75,588.0,18870272,SBIN
2023-06-12,548.025634765625,578.6500244140625,581.5,577.7000122070312,580.0,8786066,SBIN
2023-06-13,545.8947143554688,576.4000244140625,581.4000244140625,574.25,579.4500122070312,12612098,SBIN
2023-06-14,546.0367431640625,576.5499877929688,578.5499877929688,575.25,577.0,8948696,SBIN
2023-06-15,536.5186157226562,566.5,576.7000122070312,565.25,576.0,17934877,SBIN
2023-06-16,541.0172119140625,571.25,574.7000122070312,567.0499877929688,568.75,12660226,SBIN
2023-06-19,538.7442626953125,568.8499755859375,572.75,565.9000244140625,571.25,17903691,SBIN
2023-06-20,537.3710327148438,567.4000244140625,569.4500122070312,562.5499877929688,568.8499755859375,14549152,SBIN
2023-06-21,536.3765258789062,566.3499755859375,569.5,565.6500244140625,567.4000244140625,14946871,SBIN
2023-06-22,533.1565551757812,562.9500122070312,569.0,561.0499877929688,566.3499755859375,14979063,SBIN
2023-06-23,525.2484130859375,554.5999755859375,562.0999755859375,553.7999877929688,562.0,12215712,SBIN
2023-06-26,527.5687866210938,557.0499877929688,558.5,554.5,556.0,8360264,SBIN
2023-06-27,536.1397705078125,566.0999755859375,567.9500122070312,555.6500244140625,558.25,10694768,SBIN
2023-06-28,539.6439819335938,569.7999877929688,574.0,568.5499877929688,572.25,18028934,SBIN
2023-06-30,542.5325927734375,572.8499755859375,574.0,570.2000122070312,574.0,8718232,SBIN
2023-07-03,554.4657592773438,585.4500122070312,586.3499755859375,573.9000244140625,574.5,15421985,SBIN
2023-07-04,558.0646362304688,589.25,595.9500122070312,582.25,588.2000122070312,24799250,SBIN
2023-07-05,559.3431396484375,590.5999755859375,593.7000122070312,588.2000122070312,589.7999877929688,13598114,SBIN
2023-07-06,561.142578125,592.5,593.5,589.0999755859375,590.4000244140625,11323509,SBIN
2023-07-07,562.1843872070312,593.5999755859375,595.5,585.5,590.0,11707209,SBIN
2023-07-10,561.2372436523438,592.5999755859375,599.7999877929688,590.25,594.6500244140625,11417363,SBIN
2023-07-11,557.401611328125,588.5499877929688,595.9500122070312,587.3499755859375,595.0,13221177,SBIN
2023-07-12,558.0646362304688,589.25,594.5,588.2000122070312,589.0,16029716,SBIN
2023-07-13,554.6552124023438,585.6500244140625,598.0,583.3499755859375,594.9000244140625,20024503,SBIN
2023-07-14,553.4713134765625,584.4000244140625,591.2999877929688,580.7000122070312,586.75,12190152,SBIN
2023-07-17,569.2874755859375,601.0999755859375,602.8499755859375,584.2000122070312,587.0,19378986,SBIN
2023-07-18,561.0005493164062,592.3499755859375,604.0499877929688,588.75,603.0499877929688,25757209,SBIN
2023-07-19,569.6189575195312,601.4500122070312,602.4000244140625,592.0,594.6500244140625,17556585,SBIN
2023-07-20,577.7637329101562,610.0499877929688,610.7999877929688,598.75,601.4000244140625,34038351,SBIN
2023-07-21,582.5465087890625,615.0999755859375,619.5,609.0,610.0,21040281,SBIN
2023-07-24,584.9616088867188,617.6500244140625,621.9000244140625,614.2999877929688,615.0499877929688,11756364,SBIN
2023-07-25,577.3375854492188,609.5999755859375,621.7999877929688,604.2000122070312,621.7999877929688,18503305,SBIN
2023-07-26,582.5939331054688,615.1500244140625,616.3499755859375,609.1500244140625,612.0,9999125,SBIN
2023-07-27,583.9197998046875,616.5499877929688,621.25,613.0999755859375,616.4000244140625,17444742,SBIN
2023-07-28,583.4462890625,616.0499877929688,619.9000244140625,613.5999755859375,616.4000244140625,11930586,SBIN
2023-07-31,587.3766479492188,620.2000122070312,621.0,614.5,616.6500244140625,8605483,SBIN
2023-08-01,579.468505859375,611.8499755859375,620.8499755859375,610.5999755859375,620.2000122070312,13493453,SBIN
2023-08-02,566.7777099609375,598.4500122070312,610.5,594.0999755859375,609.8499755859375,14977497,SBIN
2023-08-03,559.2484741210938,590.5,600.8499755859375,585.0,598.7000122070312,27774877,SBIN
2023-08-04,542.9586791992188,573.2999877929688,598.7000122070312,571.4000244140625,594.7999877929688,52725616,SBIN
2023-08-07,537.8446044921875,567.9000244140625,577.0,566.6500244140625,577.0,32736325,SBIN
2023-08-08,542.769287109375,573.0999755859375,574.25,568.4500122070312,571.0,25038671,SBIN
2023-08-09,543.3849487304688,573.75,575.0,568.3499755859375,575.0,15769111,SBIN
2023-08-10,543.2902221679688,573.6500244140625,577.5999755859375,570.0999755859375,573.75,27325801,SBIN
2023-08-11,543.7638549804688,574.1500244140625,579.0,572.0,575.4500122070312,18221179,SBIN
2023-08-14,531.1202392578125,560.7999877929688,573.0,558.5999755859375,572.9500122070312,28084093,SBIN
2023-08-16,535.4295043945312,565.3499755859375,566.4000244140625,554.0,558.7999877929688,15725767,SBIN
2023-08-17,541.8696899414062,572.1500244140625,573.1500244140625,564.0,565.75,27910162,SBIN
2023-08-18,542.6273193359375,572.9500122070312,575.25,567.4000244140625,570.0,18253227,SBIN
2023-08-21,541.4434204101562,571.7000122070312,575.5499877929688,570.75,572.9500122070312,9380810,SBIN
2023-08-22,538.4127807617188,568.5,574.4500122070312,567.5,572.5,14073413,SBIN
2023-08-23,546.3682861328125,576.9000244140625,577.9500122070312,566.0,571.0,18579297,SBIN
2023-08-24,546.41552734375,576.9500122070312,582.0,575.5499877929688,578.1500244140625,24131644,SBIN
2023-08-25,539.7860717773438,569.9500122070312,575.2999877929688,567.2000122070312,573.7999877929688,12271885,SBIN
2023-08-28,542.5325927734375,572.8499755859375,574.7999877929688,569.2000122070312,572.7999877929688,9711932,SBIN
2023-08-29,544.4267578125,574.8499755859375,576.2999877929688,571.8499755859375,573.6500244140625,13144855,SBIN
2023-08-30,537.3710327148438,567.4000244140625,577.7000122070312,566.0999755859375,576.7000122070312,15281416,SBIN
2023-08-31,531.6411743164062,561.3499755859375,570.2999877929688,559.4000244140625,569.2999877929688,27898476,SBIN
2023-09-01,539.4072265625,569.5499877929688,571.2000122070312,562.0999755859375,562.7000122070312,18121168,SBIN
2023-09-04,545.0896606445312,575.5499877929688,576.3499755859375,568.4500122070312,572.0,12108655,SBIN
2023-09-05,542.6746215820312,573.0,578.25,571.3499755859375,575.5999755859375,14444729,SBIN
2023-09-06,540.3070068359375,570.5,574.25,568.0,574.25,20609936,SBIN
2023-09-07,548.4044189453125,579.0499877929688,581.0,568.0,568.0,12390597,SBIN
2023-09-08,552.5715942382812,583.4500122070312,588.5,579.7000122070312,581.0,14032068,SBIN
2023-09-11,560.385009765625,591.7000122070312,592.2999877929688,585.3499755859375,587.0,10946134,SBIN
2023-09-12,557.212158203125,588.3499755859375,594.25,584.6500244140625,593.6500244140625,16093060,SBIN
2023-09-13,564.8836059570312,596.4500122070312,598.0,583.4500122070312,588.4000244140625,19377172,SBIN
2023-09-14,565.6885986328125,597.2999877929688,603.7000122070312,595.2000122070312,598.4500122070312,13178911,SBIN
2023-09-15,567.1091918945312,598.7999877929688,600.7000122070312,595.2000122070312,599.3499755859375,11756389,SBIN
2023-09-18,571.9866943359375,603.9500122070312,608.4000244140625,597.0499877929688,598.7999877929688,19305055,SBIN
2023-09-20,569.2874755859375,601.0999755859375,606.7999877929688,599.4000244140625,600.8499755859375,21314600,SBIN
2023-09-21,557.0228881835938,588.1500244140625,606.5999755859375,584.6500244140625,600.0,23453425,SBIN
2023-09-22,566.4935913085938,598.1500244140625,602.0,591.4000244140625,593.5,18784139,SBIN
2023-09-25,562.6105346679688,594.0499877929688,601.5,590.4500122070312,601.5,9712784,SBIN
2023-09-26,562.9420776367188,594.4000244140625,595.0,591.25,594.0,8327427,SBIN
2023-09-27,558.5381469726562,589.75,594.2999877929688,588.2000122070312,593.4500122070312,9865347,SBIN
2023-09-28,558.7276000976562,589.9500122070312,595.2000122070312,588.8499755859375,591.25,21960816,SBIN
2023-09-29,566.8723754882812,598.5499877929688,600.0,591.2999877929688,592.8499755859375,12189735,SBIN
2023-10-03,571.03955078125,602.9500122070312,604.9000244140625,589.5999755859375,596.5999755859375,15322196,SBIN
2023-10-04,555.2234497070312,586.25,600.4500122070312,584.4500122070312,600.0,24914612,SBIN
2023-10-05,560.8111572265625,592.1500244140625,594.3499755859375,587.0999755859375,590.0,13248028,SBIN
2023-10-06,562.7999877929688,594.25,598.9500122070312,592.2000122070312,593.4000244140625,8216780,SBIN
2023-10-09,554.1342163085938,585.0999755859375,589.0,581.5499877929688,588.0,9189597,SBIN
2023-10-10,560.337646484375,591.6500244140625,595.0,585.75,587.0,10373508,SBIN
2023-10-11,557.212158203125,588.3499755859375,597.0,587.5999755859375,596.9000244140625,14220119,SBIN
2023-10-12,555.0339965820312,586.0499877929688,593.0,585.0,590.7999877929688,11983797,SBIN
2023-10-13,545.6578979492188,576.1500244140625,581.2999877929688,574.7999877929688,577.75,19064577,SBIN
2023-10-16,545.1844482421875,575.6500244140625,578.75,571.5,576.0,11290293,SBIN
2023-10-17,545.9420166015625,576.4500122070312,579.9500122070312,575.2999877929688,577.7000122070312,10765224,SBIN
2023-10-18,542.3432006835938,572.6500244140625,579.25,569.3499755859375,577.75,11777454,SBIN
2023-10-19,540.9699096679688,571.2000122070312,574.0,567.0,569.7999877929688,11441499,SBIN
2023-10-20,533.298583984375,563.0999755859375,570.0,562.0999755859375,569.9000244140625,11110988,SBIN
2023-10-23,523.685791015625,552.9500122070312,566.0,551.0,563.0999755859375,11875035,SBIN
2023-10-25,526.7637329101562,556.2000122070312,560.7999877929688,553.5999755859375,558.5999755859375,12134624,SBIN
2023-10-26,518.0506591796875,547.0,552.9000244140625,543.2000122070312,551.4500122070312,19424825,SBIN
2023-10-27,531.4517822265625,561.1500244140625,562.5,550.0,550.0,10415296,SBIN
2023-10-30,535.2874145507812,565.2000122070312,566.7000122070312,556.5,563.0,8593704,SBIN
2023-10-31,535.6188354492188,565.5499877929688,569.5,563.1500244140625,567.0,13039696,SBIN
2023-11-01,536.4239501953125,566.4000244140625,569.6500244140625,563.8499755859375,566.25,13575575,SBIN
2023-11-02,541.8222045898438,572.0999755859375,575.4500122070312,567.5999755859375,571.0999755859375,11148516,SBIN
2023-11-03,547.5520629882812,578.1500244140625,579.5,573.4500122070312,576.0,11371371,SBIN
2023-11-06,543.9531860351562,574.3499755859375,582.5,573.25,582.0,16499138,SBIN
2023-11-07,549.0673828125,579.75,581.2000122070312,572.5999755859375,574.7999877929688,17923281,SBIN
2023-11-08,549.5882568359375,580.2999877929688,582.5999755859375,579.0,581.9000244140625,15434808,SBIN
2023-11-09,547.741455078125,578.3499755859375,581.8499755859375,576.5,581.0,12434363,SBIN
2023-11-10,548.8306884765625,579.5,581.0,575.4000244140625,577.7999877929688,6773038,SBIN
2023-11-13,550.5827026367188,581.3499755859375,582.5,575.2000122070312,581.0,11282362,SBIN
2023-11-15,553.7554321289062,584.7000122070312,588.0,582.5999755859375,587.25,11397676,SBIN
2023-11-16,553.7081298828125,584.6500244140625,588.0,582.9000244140625,584.7000122070312,8622660,SBIN
2023-11-17,533.251220703125,563.0499877929688,574.5,562.0999755859375,574.5,37173221,SBIN
2023-11-20,533.9141845703125,563.75,566.7999877929688,560.5999755859375,564.0,12714585,SBIN
2023-11-21,531.7832641601562,561.5,566.6500244140625,561.0,566.0,14280013,SBIN
2023-11-22,529.3682250976562,558.9500122070312,564.5,555.1500244140625,562.9500122070312,14909071,SBIN
2023-11-23,530.3153076171875,559.9500122070312,563.5,558.2999877929688,561.75,6376210,SBIN
2023-11-24,530.694091796875,560.3499755859375,562.4500122070312,559.25,561.9500122070312,6529851,SBIN
2023-11-28,534.5771484375,564.4500122070312,565.2000122070312,561.0999755859375,563.5999755859375,8153314,SBIN
2023-11-29,538.5075073242188,568.5999755859375,569.0,565.0999755859375,568.0,10299034,SBIN
2023-11-30,534.8612670898438,564.75,570.2000122070312,563.6500244140625,569.75,19758998,SBIN
2023-12-01,541.4907836914062,571.75,574.2000122070312,566.5499877929688,567.0,10614230,SBIN
2023-12-04,563.2261962890625,594.7000122070312,596.0,584.5499877929688,588.0,26077882,SBIN
2023-12-05,576.0590209960938,608.25,611.2999877929688,595.0499877929688,595.0499877929688,36430152,SBIN
2023-12-06,576.2484741210938,608.4500122070312,614.0,604.5499877929688,614.0,21439069,SBIN
2023-12-07,579.3264770507812,611.7000122070312,612.5499877929688,605.0,610.0,10725706,SBIN
2023-12-08,581.6468505859375,614.1500244140625,616.7999877929688,605.3499755859375,610.0,17722136,SBIN
2023-12-11,581.7415771484375,614.25,619.9000244140625,613.0999755859375,615.0,11706255,SBIN
2023-12-12,579.989501953125,612.4000244140625,617.9500122070312,610.7999877929688,617.0,14494836,SBIN
2023-12-13,587.0451049804688,619.8499755859375,620.5,611.6500244140625,614.4500122070312,13977914,SBIN
2023-12-14,590.6441040039062,623.6500244140625,627.75,622.4000244140625,626.0,15813797,SBIN
2023-12-15,613.942138671875,648.25,650.0,619.8499755859375,628.0,29813572,SBIN
2023-12-18,614.1788330078125,648.5,655.6500244140625,642.4000244140625,646.6500244140625,16221796,SBIN
2023-12-19,620.7137451171875,655.4000244140625,659.5999755859375,640.25,648.5,19964008,SBIN
2023-12-20,602.7666625976562,636.4500122070312,660.4000244140625,633.9500122070312,658.7000122070312,22542056,SBIN
2023-12-21,609.6802368164062,643.75,648.9500122070312,627.5,632.1500244140625,19915516,SBIN
2023-12-22,603.0507202148438,636.75,649.4000244140625,635.1500244140625,644.75,14998068,SBIN
2023-12-26,604.2819213867188,638.0499877929688,641.2999877929688,635.6500244140625,638.8499755859375,10153089,SBIN
2023-12-27,614.2262573242188,648.5499877929688,649.4500122070312,639.0,640.75,14417646,SBIN
2023-12-28,616.9254760742188,651.4000244140625,653.2999877929688,646.5,650.25,16982092,SBIN
2023-12-29,608.0701904296875,642.0499877929688,649.5999755859375,639.5499877929688,645.5,13221898,SBIN
2024-01-01,607.4072265625,641.3499755859375,646.9000244140625,638.0,642.2000122070312,8295548,SBIN
2024-01-02,605.60791015625,639.4500122070312,648.0,633.8499755859375,641.3499755859375,15164482,SBIN
2024-01-03,609.3961791992188,643.4500122070312,648.0,635.7999877929688,639.3499755859375,14571772,SBIN
2024-01-04,608.7332153320312,642.75,646.4000244140625,638.6500244140625,642.5,13883388,SBIN
2024-01-05,607.9755249023438,641.9500122070312,651.75,637.75,645.0,15984585,SBIN
2024-01-08,593.8167114257812,627.0,645.0,625.0499877929688,640.0,14739531,SBIN
2024-01-09,592.3014526367188,625.4000244140625,634.3499755859375,624.5,632.0,13400235,SBIN
2024-01-10,588.8446044921875,621.75,625.2999877929688,618.2000122070312,624.7999877929688,12742464,SBIN
2024-01-11,587.3766479492188,620.2000122070312,627.1500244140625,618.5,626.0,15533860,SBIN
2024-01-12,600.0674438476562,633.5999755859375,636.5,621.0999755859375,623.7999877929688,16620797,SBIN
2024-01-15,606.223388671875,640.0999755859375,645.5,636.0999755859375,638.9000244140625,16844018,SBIN
2024-01-16,603.1927490234375,636.9000244140625,644.9000244140625,633.4500122070312,640.0,15025543,SBIN
2024-01-17,592.8696899414062,626.0,636.7999877929688,623.0,624.0,30016308,SBIN
2024-01-18,595.0479125976562,628.2999877929688,633.4500122070312,619.0499877929688,625.7999877929688,14695436,SBIN
2024-01-19,594.5270385742188,627.75,635.5,624.7000122070312,633.0,11675202,SBIN
2024-01-23,573.07568359375,605.0999755859375,634.9000244140625,600.6500244140625,627.0,30954343,SBIN
2024-01-24,585.5772094726562,618.2999877929688,622.3499755859375,603.0999755859375,609.9500122070312,19221835,SBIN
2024-01-25,580.3209228515625,612.75,623.7999877929688,606.25,618.5,22684904,SBIN
2024-01-29,589.9810791015625,622.9500122070312,629.5,615.5999755859375,619.0,19572140,SBIN
2024-01-30,593.5800170898438,626.75,633.5,624.2000122070312,625.4500122070312,16966577,SBIN
2024-01-31,606.602294921875,640.5,643.2000122070312,622.0,626.4000244140625,23270745,SBIN
2024-02-01,613.3739013671875,647.6500244140625,652.9500122070312,633.25,642.75,26587707,SBIN
2024-02-02,615.26806640625,649.6500244140625,660.5499877929688,646.7000122070312,652.0,27471811,SBIN
2024-02-05,608.922607421875,642.9500122070312,654.7999877929688,638.75,647.0999755859375,28339525,SBIN
2024-02-06,615.8363037109375,650.25,655.0,637.7000122070312,644.4500122070312,14079390,SBIN
2024-02-07,639.51318359375,675.25,677.9500122070312,655.0,655.0499877929688,41696232,SBIN
2024-02-08,662.527099609375,699.5499877929688,718.9000244140625,678.5,680.4000244140625,74222434,SBIN
2024-02-09,686.8670043945312,725.25,728.3499755859375,694.2000122070312,703.6500244140625,43235061,SBIN
2024-02-12,670.4352416992188,707.9000244140625,726.0,704.5,726.0,22873137,SBIN
2024-02-13,675.6915283203125,713.4500122070312,718.0,702.1500244140625,708.5499877929688,23351472,SBIN
2024-02-14,704.056396484375,743.4000244140625,748.5,705.5499877929688,705.5499877929688,36782182,SBIN
2024-02-15,721.387939453125,761.7000122070312,764.0,741.6500244140625,747.7000122070312,33941282,SBIN
2024-02-16,714.7583618164062,754.7000122070312,774.5999755859375,753.3499755859375,763.4500122070312,27365121,SBIN
2024-02-19,719.0675659179688,759.25,765.0,750.0,758.7000122070312,13979584,SBIN
2024-02-20,719.87255859375,760.0999755859375,763.5,754.0,759.0499877929688,12528399,SBIN
2024-02-21,730.6692504882812,771.5,777.5,759.5999755859375,760.6500244140625,21465311,SBIN
2024-02-22,725.3656616210938,765.9000244140625,773.0,757.0,773.0,18799244,SBIN
2024-02-23,718.8781127929688,759.0499877929688,770.5,755.0,765.9000244140625,14143636,SBIN
2024-02-26,718.7361450195312,758.9000244140625,766.3499755859375,752.7000122070312,755.0,11355186,SBIN
2024-02-27,710.1649780273438,749.8499755859375,762.3499755859375,742.2000122070312,758.9000244140625,13969393,SBIN
2024-02-28,703.2039794921875,742.5,756.75,741.0,749.8499755859375,11263318,SBIN
2024-02-29,708.5076904296875,748.0999755859375,753.9000244140625,737.1500244140625,743.9000244140625,19217113,SBIN
2024-03-01,728.443603515625,769.1500244140625,772.0,751.9500122070312,752.0,17348526,SBIN
2024-03-04,731.1901245117188,772.0499877929688,777.0,769.0,774.4000244140625,9789141,SBIN
2024-03-05,742.4603881835938,783.9500122070312,786.9500122070312,769.0999755859375,769.5,18088847,SBIN
2024-03-06,742.4130249023438,783.9000244140625,790.2999877929688,772.9000244140625,783.6500244140625,26710525,SBIN
2024-03-07,746.3433227539062,788.0499877929688,793.4000244140625,783.0,790.0,15497868,SBIN
2024-03-11,732.7528076171875,773.7000122070312,792.7999877929688,770.5499877929688,790.0,16778340,SBIN
2024-03-12,719.4937744140625,759.7000122070312,777.75,757.3499755859375,770.0,21529705,SBIN
2024-03-13,707.7025756835938,747.25,763.7000122070312,743.0,758.6500244140625,27950252,SBIN
2024-03-14,701.8307495117188,741.0499877929688,750.7999877929688,734.0499877929688,749.9000244140625,19730882,SBIN
2024-03-15,693.1650390625,731.9000244140625,746.5499877929688,723.0,739.25,29792241,SBIN
2024-03-18,692.2653198242188,730.9500122070312,737.9000244140625,722.0999755859375,727.0999755859375,18145126,SBIN
2024-03-19,685.4937133789062,723.7999877929688,734.3499755859375,721.1500244140625,730.0,15205043,SBIN
2024-03-20,697.2847900390625,736.25,738.9500122070312,719.7999877929688,725.1500244140625,25405455,SBIN
2024-03-21,704.9087524414062,744.2999877929688,750.5999755859375,740.5499877929688,742.0,15161161,SBIN
2024-03-22,707.1817626953125,746.7000122070312,748.7999877929688,741.4000244140625,743.8499755859375,15535921,SBIN
2024-03-26,700.8837280273438,740.0499877929688,747.8499755859375,738.5,743.0499877929688,14678342,SBIN
2024-03-27,694.4909057617188,733.2999877929688,745.8499755859375,730.2000122070312,743.0,30088789,SBIN
2024-03-28,712.53271484375,752.3499755859375,759.5499877929688,736.9000244140625,737.75,21705116,SBIN
2024-04-01,718.1678466796875,758.2999877929688,761.5,752.0999755859375,759.0499877929688,9949971,SBIN
2024-04-02,725.8391723632812,766.4000244140625,768.75,753.3499755859375,758.2000122070312,15713063,SBIN
2024-04-03,730.2430419921875,771.0499877929688,772.5999755859375,760.1500244140625,764.9000244140625,19136981,SBIN
2024-04-04,719.1149291992188,759.2999877929688,775.2999877929688,758.0999755859375,775.0,15889530,SBIN
2024-04-05,724.2764892578125,764.75,767.7000122070312,752.5999755859375,757.9500122070312,9939620,SBIN
2024-04-08,727.6386108398438,768.2999877929688,770.0,761.7999877929688,766.0499877929688,9797174,SBIN
2024-04-09,723.7555541992188,764.2000122070312,772.4500122070312,761.0999755859375,768.4500122070312,7465892,SBIN
2024-04-10,737.819580078125,779.0499877929688,780.7000122070312,763.6500244140625,766.5,14530669,SBIN
2024-04-12,725.7444458007812,766.2999877929688,779.5,764.7999877929688,777.25,14408722,SBIN
2024-04-15,717.4102172851562,757.5,763.2999877929688,748.75,759.7999877929688,11356572,SBIN
2024-04-16,711.9171752929688,751.7000122070312,754.9000244140625,744.4000244140625,751.25,13338991,SBIN
2024-04-18,705.38232421875,744.7999877929688,759.9500122070312,742.0,752.0499877929688,14589648,SBIN
2024-04-19,710.7332763671875,750.4500122070312,752.0,732.0499877929688,734.5,10886554,SBIN
2024-04-22,725.5549926757812,766.0999755859375,769.0,750.4500122070312,754.1500244140625,17452186,SBIN
2024-04-23,732.08984375,773.0,777.7000122070312,765.5499877929688,770.3499755859375,12292429,SBIN
2024-04-24,732.1845703125,773.0999755859375,778.5,770.2000122070312,778.5,7842615,SBIN
2024-04-25,769.6887817382812,812.7000122070312,814.4000244140625,769.6500244140625,770.6500244140625,36732974,SBIN
2024-04-26,758.89208984375,801.2999877929688,816.9000244140625,798.9000244140625,815.9000244140625,14964358,SBIN
2024-04-29,782.7584228515625,826.5,831.25,798.7000122070312,807.0,27302732,SBIN
2024-04-30,782.5216674804688,826.25,834.8499755859375,819.9000244140625,826.5,27449073,SBIN
2024-05-02,786.1205444335938,830.0499877929688,833.9000244140625,825.0,826.9000244140625,19943724,SBIN
2024-05-03,787.4464721679688,831.4500122070312,836.2000122070312,820.0,834.7999877929688,22667634,SBIN
2024-05-06,765.048095703125,807.7999877929688,836.0,803.0,835.0,35283557,SBIN
2024-05-07,759.4603881835938,801.9000244140625,814.6500244140625,793.2000122070312,812.0,16725013,SBIN
2024-05-08,767.8893432617188,810.7999877929688,822.0,799.5,802.5999755859375,27908322,SBIN
2024-05-09,776.4130249023438,819.7999877929688,839.6500244140625,803.5499877929688,811.9000244140625,49290254,SBIN
2024-05-10,774.0926513671875,817.3499755859375,832.0499877929688,815.5999755859375,827.0,20543142,SBIN
2024-05-13,765.9951782226562,808.7999877929688,819.8499755859375,798.5999755859375,819.8499755859375,15398505,SBIN
2024-05-14,774.897705078125,818.2000122070312,822.4000244140625,807.9000244140625,813.0,10912462,SBIN
2024-05-15,776.8865356445312,820.2999877929688,825.2999877929688,818.0499877929688,821.0,9755062,SBIN
2024-05-16,768.978515625,811.9500122070312,826.1500244140625,797.3499755859375,825.2999877929688,20536990,SBIN
2024-05-17,774.566162109375,817.8499755859375,822.4500122070312,811.2000122070312,814.5,12492509,SBIN
2024-05-21,786.6888427734375,830.6500244140625,836.2999877929688,819.5999755859375,821.0,14037801,SBIN
2024-05-22,788.422119140625,818.75,826.6500244140625,813.5499877929688,826.5499877929688,19239277,SBIN
2024-05-23,801.277587890625,832.0999755859375,835.5,822.0,824.7000122070312,17497488,SBIN
2024-05-24,797.9072265625,828.5999755859375,841.25,827.0,830.0,12252075,SBIN
2024-05-27,802.818359375,833.7000122070312,839.4000244140625,823.0,832.5999755859375,12295193,SBIN
2024-05-28,800.3628540039062,831.1500244140625,840.7000122070312,823.2999877929688,835.7000122070312,13818893,SBIN
2024-05-29,792.1776733398438,822.6500244140625,834.4500122070312,819.2999877929688,828.4000244140625,14518232,SBIN
2024-05-30,795.2590942382812,825.8499755859375,836.0,819.2999877929688,821.4000244140625,17818705,SBIN
2024-05-31,799.5924072265625,830.3499755859375,835.0,817.0999755859375,830.7000122070312,22267336,SBIN
2024-06-03,872.1032104492188,905.6500244140624,912.0,856.75,863.5499877929688,64269020,SBIN
2024-06-04,746.4852905273438,775.2000122070312,897.0,731.9500122070312,897.0,122381193,SBIN
2024-06-05,760.4962768554688,789.75,795.0,744.0499877929688,790.75,74256082,SBIN
2024-06-06,786.6887817382812,816.9500122070312,833.3499755859375,796.0,800.0,40555649,SBIN
2024-06-07,799.207275390625,829.9500122070312,831.5,810.5,819.9000244140625,25061284,SBIN
2024-06-10,800.9887084960938,831.7999877929688,845.4500122070312,829.2000122070312,834.1500244140625,16725508,SBIN
2024-06-11,804.5997924804688,835.5499877929688,839.5999755859375,829.0499877929688,836.0,14754408,SBIN
2024-06-12,808.0182495117188,839.0999755859375,845.5499877929688,833.0,837.0,15071442,SBIN
2024-06-13,812.6405639648438,843.9000244140625,845.9000244140625,836.0999755859375,845.0,12523972,SBIN
2024-06-14,808.1146240234375,839.2000122070312,849.9000244140625,835.0999755859375,845.0,12903496,SBIN
2024-06-18,813.603515625,844.9000244140625,851.5,840.25,841.5499877929688,14929083,SBIN
2024-06-19,821.0181884765625,852.5999755859375,860.5999755859375,841.0,846.7999877929688,32925140,SBIN
2024-06-20,812.4960327148438,843.75,853.0999755859375,842.3499755859375,853.0,13985352,SBIN
2024-06-21,805.322021484375,836.2999877929688,848.0499877929688,828.5999755859375,844.9000244140625,18990090,SBIN
2024-06-24,801.8554077148438,832.7000122070312,836.0,821.0499877929688,831.5,12715254,SBIN
2024-06-25,811.0516357421875,842.25,845.8499755859375,834.2999877929688,837.0,20917530,SBIN
2024-06-26,814.0367431640625,845.3499755859375,848.7999877929688,836.0,839.8499755859375,16281760,SBIN
2024-06-27,812.73681640625,844.0,847.4000244140625,838.25,843.9000244140625,20378887,SBIN
2024-06-28,817.5034790039062,848.9500122070312,864.0,844.0,846.9000244140625,23636388,SBIN
2024-07-01,810.7627563476562,841.9500122070312,850.5,839.9500122070312,849.3499755859375,10967797,SBIN
2024-07-02,795.5480346679688,826.1500244140625,846.2999877929688,823.1500244140625,844.0,21142840,SBIN
2024-07-03,808.8368530273438,839.9500122070312,843.8499755859375,825.0,829.0,23598009,SBIN
2024-07-04,808.2108764648438,839.2999877929688,844.9000244140625,834.2999877929688,843.0,13372587,SBIN
2024-07-05,827.9033813476562,859.75,861.25,837.0,838.0,24873722,SBIN
2024-07-08,824.5330200195312,856.25,865.0,853.5,859.75,10359800,SBIN
2024-07-09,829.3959350585938,861.2999877929688,869.9500122070312,856.0,859.9000244140625,13585081,SBIN
2024-07-10,817.5515747070312,849.0,860.25,843.5,860.0999755859375,17343236,SBIN
2024-07-11,824.9664306640625,856.7000122070312,858.2999877929688,849.75,854.4000244140625,8501366,SBIN
2024-07-12,827.855224609375,859.7000122070312,863.0,855.2999877929688,856.7000122070312,11446064,SBIN
2024-07-15,848.7033081054688,881.3499755859375,887.3499755859375,859.7000122070312,859.7000122070312,25392820,SBIN
2024-07-16,848.0773315429688,880.7000122070312,888.0999755859375,874.2999877929688,882.2999877929688,11893692,SBIN
2024-07-18,860.451416015625,893.5499877929688,894.9000244140625,877.5,880.6500244140625,19435183,SBIN
2024-07-19,856.4069213867188,889.3499755859375,899.0,883.2999877929688,895.0,14562742,SBIN
2024-07-22,844.3218383789062,876.7999877929688,895.0,868.0,881.4500122070312,14614111,SBIN
2024-07-23,831.8997192382812,863.9000244140625,884.5,849.0999755859375,883.0,18279212,SBIN
2024-07-24,820.4404907226562,852.0,868.0,847.2000122070312,864.2000122070312,19624845,SBIN
2024-07-25,817.070068359375,848.5,850.75,841.2000122070312,847.5,9522375,SBIN
2024-07-26,830.50341796875,862.4500122070312,864.25,844.0,844.6500244140625,12081506,SBIN
2024-07-29,839.3143920898438,871.5999755859375,889.0999755859375,863.2000122070312,866.0499877929688,26582781,SBIN
2024-07-30,840.469970703125,872.7999877929688,880.5499877929688,869.0,874.7000122070312,13528447,SBIN
2024-07-31,840.0848388671875,872.4000244140625,874.9500122070312,868.0,873.8499755859375,11636874,SBIN
2024-08-01,830.696044921875,862.6500244140625,881.4000244140625,859.4500122070312,877.7999877929688,11787203,SBIN
2024-08-02,816.4441528320312,847.8499755859375,858.2999877929688,846.1500244140625,856.7000122070312,12609331,SBIN
2024-08-05,781.5850830078125,811.6500244140625,831.3499755859375,800.0,830.0,27676951,SBIN
2024-08-06,768.15185546875,797.7000122070312,826.5499877929688,795.6500244140625,822.6500244140625,17900930,SBIN
2024-08-07,778.6962890625,808.6500244140625,810.7000122070312,800.5499877929688,809.0,17692355,SBIN
2024-08-08,778.1184692382812,808.0499877929688,817.7999877929688,802.7999877929688,812.0,14769069,SBIN
2024-08-09,793.7665405273438,824.2999877929688,829.9500122070312,809.5499877929688,816.0,15320885,SBIN
2024-08-12,782.4998779296875,812.5999755859375,823.0,811.2000122070312,820.5999755859375,16120449,SBIN
2024-08-13,768.0073852539062,797.5499877929688,820.0,795.0499877929688,813.5,17585172,SBIN
2024-08-14,773.2555541992188,803.0,809.1500244140625,800.4000244140625,800.9500122070312,11788665,SBIN
2024-08-16,782.0184326171875,812.0999755859375,814.9000244140625,803.0,803.0,11427335,SBIN
2024-08-19,783.5592041015625,813.7000122070312,825.4000244140625,812.5999755859375,815.0,10151482,SBIN
2024-08-20,789.9146728515625,820.2999877929688,823.0,813.3499755859375,817.9500122070312,10347493,SBIN
2024-08-21,785.3406372070312,815.5499877929688,821.0,811.2000122070312,820.2999877929688,14607257,SBIN
2024-08-22,789.9146728515625,820.2999877929688,823.9000244140625,817.0999755859375,819.0,7832917,SBIN
2024-08-23,785.1480102539062,815.3499755859375,822.0,814.5,821.5,5537747,SBIN
2024-08-26,784.859130859375,815.0499877929688,823.4500122070312,813.7999877929688,818.0,8523795,SBIN
2024-08-27,785.677734375,815.9000244140625,819.4500122070312,811.0499877929688,817.7999877929688,12833290,SBIN
2024-08-28,779.41845703125,809.4000244140625,817.2000122070312,806.5,814.75,10371300,SBIN
2024-08-29,784.3295288085938,814.5,816.0,806.9500122070312,809.5499877929688,18247268,SBIN
2024-08-30,785.3887939453125,815.5999755859375,820.7000122070312,814.3499755859375,817.1500244140625,8911426,SBIN
2024-09-02,791.6961669921875,822.1500244140625,825.4000244140625,813.0499877929688,817.2999877929688,11813750,SBIN
2024-09-03,794.2479858398438,824.7999877929688,825.9500122070312,816.4000244140625,822.1500244140625,10548350,SBIN
2024-09-04,786.2554321289062,816.5,818.6500244140625,813.6500244140625,815.4500122070312,10789570,SBIN
2024-09-05,788.422119140625,818.75,822.1500244140625,814.4000244140625,818.3499755859375,8395074,SBIN
2024-09-06,753.514892578125,782.5,812.9000244140625,777.0,811.5,40220096,SBIN
2024-09-09,755.2000732421875,784.25,788.2000122070312,771.0,785.0,21322103,SBIN
2024-09-10,753.6593017578125,782.6500244140625,788.7999877929688,777.5,788.0,12824701,SBIN
2024-09-11,740.1296997070312,768.5999755859375,788.0,765.4000244140625,780.0499877929688,20060665,SBIN
2024-09-12,758.5704345703125,787.75,789.9000244140625,772.75,775.0,17578964,SBIN
2024-09-13,761.5555419921875,790.8499755859375,795.0,785.0999755859375,791.0,12950936,SBIN
2024-09-16,756.451904296875,785.5499877929688,795.0,784.4000244140625,790.8499755859375,9553736,SBIN
2024-09-17,753.9000854492188,782.9000244140625,787.5,780.5499877929688,785.5999755859375,10665630,SBIN
2024-09-18,763.3851928710938,792.75,794.75,782.0,783.7999877929688,18324412,SBIN
2024-09-19,760.6889038085938,789.9500122070312,801.3499755859375,784.0499877929688,795.0499877929688,10645478,SBIN
2024-09-20,752.7445068359375,781.7000122070312,794.8499755859375,779.5,794.8499755859375,21372244,SBIN
2024-09-23,772.1480712890625,801.8499755859375,805.0,784.5,786.0,17309545,SBIN
2024-09-24,768.6814575195312,798.25,804.25,796.5,799.25,15180653,SBIN
2024-09-25,763.7222290039062,793.0999755859375,798.0,788.7000122070312,797.9000244140625,18465571,SBIN
2024-09-26,772.1480712890625,801.8499755859375,803.0,791.5999755859375,796.0,23198842,SBIN
2024-09-27,772.91845703125,802.6500244140625,808.0,798.4500122070312,801.8499755859375,15193681,SBIN
2024-09-30,758.71484375,787.9000244140625,802.5999755859375,786.4500122070312,801.9000244140625,15484573,SBIN
2024-10-01,767.4296264648438,796.9500122070312,800.3499755859375,788.0,788.0,13280535,SBIN
2024-10-03,764.6851806640625,794.0999755859375,804.0,784.2999877929688,789.9000244140625,15944135,SBIN
2024-10-04,767.1407470703125,796.6500244140625,809.8499755859375,785.25,792.0,20097454,SBIN
2024-10-07,742.1038208007812,770.6500244140625,804.0,765.4000244140625,800.0,24267990,SBIN
2024-10-08,752.5037841796875,781.4500122070312,784.4000244140625,772.25,772.25,8560960,SBIN
2024-10-09,767.8629760742188,797.4000244140625,804.3499755859375,782.0499877929688,786.7000122070312,18758697,SBIN
2024-10-10,767.5740356445312,797.0999755859375,804.4500122070312,795.0,799.0,10241015,SBIN
2024-10-11,770.1259155273438,799.75,802.7000122070312,793.0,797.2000122070312,14322720,SBIN
2024-10-14,775.3258666992188,805.1500244140625,809.25,800.7999877929688,802.0,8967564,SBIN
2024-10-15,774.8444213867188,804.6500244140625,807.5,801.5999755859375,805.5,6252104,SBIN
2024-10-16,775.61474609375,805.4500122070312,809.0,802.0499877929688,802.7999877929688,6494240,SBIN
2024-10-17,781.0072631835938,811.0499877929688,819.5,806.0,809.5,18580553,SBIN
2024-10-18,790.010986328125,820.4000244140625,822.5999755859375,802.9000244140625,811.0999755859375,11704698,SBIN
2024-10-21,783.7999267578125,813.9500122070312,826.4500122070312,809.0,824.7000122070312,10359618,SBIN
2024-10-22,761.1222534179688,790.4000244140625,816.8499755859375,787.5,814.0,16645356,SBIN
2024-10-23,756.8851928710938,786.0,792.5999755859375,779.7999877929688,790.0,13866198,SBIN
2024-10-24,765.1185302734375,794.5499877929688,797.0,784.6500244140625,786.0499877929688,5607500,SBIN
2024-10-25,752.0222778320312,780.9500122070312,800.75,772.0,798.0,9717125,SBIN
2024-10-28,762.7111206054688,792.0499877929688,803.9500122070312,783.5499877929688,783.7999877929688,13757251,SBIN
2024-10-29,801.8554077148438,832.7000122070312,834.8499755859375,790.5,796.0,28274791,SBIN
2024-10-30,791.9850463867188,822.4500122070312,833.0,821.0499877929688,828.0,15977682,SBIN
2024-10-31,789.8184204101562,820.2000122070312,828.0,813.5499877929688,820.0,13402324,SBIN
2024-11-01,790.7813720703125,821.2000122070312,825.5999755859375,818.9000244140625,822.4000244140625,1637141,SBIN
2024-11-04,799.1109619140625,829.8499755859375,837.5,807.0999755859375,822.7000122070312,14498161,SBIN
2024-11-05,817.7442016601562,849.2000122070312,851.4000244140625,826.25,829.8499755859375,26254561,SBIN
2024-11-06,823.13671875,854.7999877929688,861.4000244140625,846.2000122070312,849.2000122070312,15002433,SBIN
2024-11-07,827.7589111328125,859.5999755859375,862.4000244140625,846.7000122070312,861.0,15283847,SBIN
2024-11-08,811.9182739257812,843.1500244140625,863.5,834.2000122070312,859.5999755859375,26139105,SBIN
2024-11-11,816.2516479492188,847.6500244140625,854.0,842.0,846.0,12621337,SBIN
2024-11-12,796.0775756835938,826.7000122070312,853.4000244140625,824.2999877929688,852.5,11350729,SBIN
2024-11-13,778.6962890625,808.6500244140625,831.75,804.6500244140625,823.3499755859375,13756706,SBIN
2024-11-14,774.459228515625,804.25,818.0,801.0499877929688,808.6500244140625,9461484,SBIN
2024-11-18,784.136962890625,814.2999877929688,816.7000122070312,799.25,811.0,9322451,SBIN
2024-11-19,773.2555541992188,803.0,820.2999877929688,800.0999755859375,819.0,13677029,SBIN
2024-11-21,751.8296508789062,780.75,798.5,761.5499877929688,798.5,29486577,SBIN
2024-11-22,785.8220825195312,816.0499877929688,819.9500122070312,784.0499877929688,786.0,20665405,SBIN
2024-11-25,813.1701049804688,844.4500122070312,849.5999755859375,825.6500244140625,827.0,23434605,SBIN
2024-11-26,808.3071899414062,839.4000244140625,846.7000122070312,835.5499877929688,844.0,8893744,SBIN
2024-11-27,803.2034912109375,834.0999755859375,842.5,832.0999755859375,838.5,8375108,SBIN
2024-11-28,807.7775268554688,838.8499755859375,845.7999877929688,830.5,834.0999755859375,13505677,SBIN
2024-11-29,807.8739013671875,838.9500122070312,844.0499877929688,831.5499877929688,841.0999755859375,10822949,SBIN
2024-12-02,805.4183959960938,836.4000244140625,842.0,832.7000122070312,838.9500122070312,6651119,SBIN
2024-12-03,822.3182373046875,853.9500122070312,856.5999755859375,836.9000244140625,838.0,12186182,SBIN
2024-12-04,827.855224609375,859.7000122070312,864.0,850.2999877929688,853.9500122070312,10749716,SBIN
2024-12-05,833.3922729492188,865.4500122070312,871.4500122070312,855.5999755859375,860.0,14716036,SBIN
2024-12-06,831.6589965820312,863.6500244140625,875.4500122070312,857.0,865.25,14520568,SBIN
2024-12-09,826.266357421875,858.0499877929688,866.8499755859375,856.9500122070312,859.0,9630346,SBIN
2024-12-10,835.3663330078125,867.5,868.9500122070312,858.0499877929688,861.7999877929688,7379849,SBIN
2024-12-11,829.684814453125,861.5999755859375,869.8499755859375,860.9500122070312,867.5,7006973,SBIN
2024-12-12,822.0775146484375,853.7000122070312,864.2999877929688,851.1500244140625,861.5,8845103,SBIN
2024-12-13,829.63671875,861.5499877929688,862.9000244140625,835.0,852.5999755859375,9379370,SBIN
2024-12-16,829.0589599609375,860.9500122070312,866.4000244140625,857.7999877929688,859.7999877929688,6432713,SBIN
2024-12-17,819.044189453125,850.5499877929688,862.5999755859375,847.0499877929688,858.5499877929688,8791216,SBIN
2024-12-18,807.103515625,838.1500244140625,852.0,837.0,851.0,8295338,SBIN
2024-12-19,801.95166015625,832.7999877929688,838.0,820.2000122070312,824.5999755859375,9453398,SBIN
2024-12-20,781.922119140625,812.0,836.0,810.0,834.9000244140625,10244198,SBIN
2024-12-23,790.7332763671875,821.1500244140625,824.0,812.2000122070312,817.2999877929688,4933200,SBIN
2024-12-24,781.9702758789062,812.0499877929688,826.2000122070312,809.2000122070312,824.25,10602771,SBIN
2024-12-26,782.35546875,812.4500122070312,822.8499755859375,808.0,813.0,8318714,SBIN
2024-12-27,770.0296630859375,799.6500244140625,818.2999877929688,797.2000122070312,816.2999877929688,10649800,SBIN
2024-12-30,759.1000366210938,788.2999877929688,807.9500122070312,785.0,802.0,21515438,SBIN
2024-12-31,765.5037231445312,794.9500122070312,799.2000122070312,786.0,786.9500122070312,9086044,SBIN
2025-01-01,763.8185424804688,793.2000122070312,798.6500244140625,789.5,795.5499877929688,7273098,SBIN
2025-01-02,771.522216796875,801.2000122070312,802.4000244140625,787.0,795.0,11398319,SBIN
2025-01-03,764.0111694335938,793.4000244140625,809.5,792.1500244140625,801.2000122070312,13336514,SBIN
2025-01-06,747.6408081054688,776.4000244140625,797.5999755859375,773.1500244140625,797.4000244140625,11419367,SBIN
2025-01-07,749.9037475585938,778.75,783.8499755859375,774.8499755859375,779.8499755859375,9669152,SBIN
2025-01-08,742.5853271484375,771.1500244140625,783.9500122070312,760.0999755859375,780.9000244140625,15641490,SBIN
2025-01-09,732.2816162109375,760.4500122070312,771.3499755859375,726.25,771.1500244140625,15351029,SBIN
2025-01-10,715.71875,743.25,763.4000244140625,742.0499877929688,760.3499755859375,11779296,SBIN
2025-01-13,702.4780883789062,729.5,743.9500122070312,722.5,741.5,10414733,SBIN
2025-01-14,720.437255859375,748.1500244140625,757.0,732.9500122070312,732.9500122070312,11960975,SBIN
2025-01-15,725.7816772460938,753.7000122070312,758.9000244140625,750.0,753.1500244140625,7792299,SBIN
2025-01-16,737.9149169921875,766.2999877929688,776.7000122070312,760.4000244140625,760.4000244140625,11816079,SBIN
2025-01-17,735.79638671875,764.0999755859375,767.9500122070312,759.4000244140625,766.2999877929688,5766573,SBIN
2025-01-20,750.38525390625,779.25,785.0,767.8499755859375,769.0,9198929,SBIN
2025-01-21,730.9334716796875,759.0499877929688,784.9000244140625,756.0499877929688,784.7999877929688,13751780,SBIN
2025-01-22,725.5409545898438,753.4500122070312,763.0,738.0,762.0,9908339,SBIN
2025-01-23,718.2706298828125,745.9000244140625,755.6500244140625,743.0999755859375,750.0,10986405,SBIN
2025-01-24,716.58544921875,744.1500244140625,753.7000122070312,739.0,749.9000244140625,10579213,SBIN
2025-01-27,721.4483642578125,749.2000122070312,755.3499755859375,735.9000244140625,740.0,11433353,SBIN
2025-01-28,724.5298461914062,752.4000244140625,759.75,745.4000244140625,757.0,14140860,SBIN
2025-01-29,730.355712890625,758.4500122070312,760.7999877929688,749.7999877929688,753.0,9251973,SBIN
2025-01-30,734.3519897460938,762.5999755859375,765.0,754.75,758.5499877929688,11085824,SBIN
2025-01-31,744.2705078125,772.9000244140625,777.5499877929688,759.5,764.9000244140625,10083763,SBIN
2025-02-01,737.6260375976562,766.0,778.75,752.1500244140625,774.7999877929688,9363077,SBIN
2025-02-03,732.7631225585938,760.9500122070312,762.7999877929688,753.1500244140625,762.7999877929688,7862190,SBIN
2025-02-04,750.3370971679688,779.2000122070312,781.25,765.6500244140625,767.0,12020807,SBIN
2025-02-05,737.6741943359375,766.0499877929688,782.0,765.0,780.0,13419162,SBIN
2025-02-06,724.3853759765625,752.25,770.8499755859375,750.0499877929688,769.0,32745391,SBIN
2025-02-07,709.8928833007812,737.2000122070312,759.9000244140625,731.75,759.7999877929688,37240692,SBIN
2025-02-10,709.5076904296875,736.7999877929688,743.9000244140625,733.4000244140625,740.0,12667049,SBIN
2025-02-11,704.0187377929688,731.0999755859375,740.1500244140625,726.5499877929688,737.4500122070312,13017060,SBIN
2025-02-12,705.992919921875,733.1500244140625,738.7000122070312,717.1500244140625,733.1500244140625,12697743,SBIN
2025-02-13,700.6965942382812,727.6500244140625,737.5,726.1500244140625,734.4000244140625,12370571,SBIN
2025-02-14,695.400390625,722.1500244140625,732.9000244140625,716.2000122070312,730.9500122070312,10417539,SBIN
2025-02-17,700.7447509765625,727.7000122070312,728.75,711.5499877929688,719.0499877929688,9093600,SBIN
2025-02-18,698.9151000976562,725.7999877929688,728.25,717.3499755859375,727.7000122070312,8562003,SBIN
2025-02-19,700.3595581054688,727.2999877929688,734.8499755859375,722.0499877929688,722.0499877929688,6766606,SBIN
2025-02-20,702.6707153320312,729.7000122070312,731.5,723.3499755859375,724.9000244140625,7423268,SBIN
2025-02-21,695.255859375,722.0,731.7000122070312,720.0,727.2999877929688,6571602,SBIN
2025-02-24,689.8633422851562,716.4000244140625,719.75,710.5,710.5,6912148,SBIN
2025-02-25,684.5670776367188,710.9000244140625,718.9500122070312,710.0,718.9500122070312,8599635,SBIN
2025-02-27,677.8263549804688,703.9000244140625,717.7000122070312,701.0999755859375,716.0,12033139,SBIN
2025-02-28,663.28564453125,688.7999877929688,701.3499755859375,682.5999755859375,700.9000244140625,15780609,SBIN
2025-03-03,669.544921875,695.2999877929688,697.4000244140625,680.0,690.1500244140625,10598479,SBIN
2025-03-04,689.5262451171875,716.0499877929688,718.4500122070312,692.0999755859375,693.0,14386214,SBIN
2025-03-05,703.2965698242188,730.3499755859375,731.2999877929688,717.0,717.5499877929688,10409805,SBIN
2025-03-06,704.93359375,732.0499877929688,736.75,727.0,736.0,10928847,SBIN
2025-03-07,705.6077270507812,732.75,734.8499755859375,728.0,732.0499877929688,7246729,SBIN
2025-03-10,701.9003295898438,728.9000244140625,738.5,726.5999755859375,732.75,7400109,SBIN
2025-03-11,702.8150634765625,729.8499755859375,734.0499877929688,722.7000122070312,724.9000244140625,5538789,SBIN
2025-03-12,696.2670288085938,723.0499877929688,737.0,719.0499877929688,730.5999755859375,5547762,SBIN
2025-03-13,700.88916015625,727.8499755859375,731.4500122070312,724.5,725.9000244140625,5908337,SBIN
2025-03-17,696.3633422851562,723.1500244140625,731.25,722.2999877929688,728.9000244140625,5149563,SBIN
2025-03-18,696.3633422851562,723.1500244140625,723.1500244140625,723.1500244140625,723.1500244140625,0,SBIN
2025-03-19,717.5001831054688,745.0999755859375,749.2999877929688,739.0999755859375,739.5999755859375,7604850,SBIN
2025-03-20,721.7853393554688,749.5499877929688,752.7000122070312,744.2000122070312,748.0,6963197,SBIN
2025-03-21,725.3001708984375,753.2000122070312,755.5999755859375,747.0,749.9500122070312,9577327,SBIN
2025-03-24,751.8778076171875,780.7999877929688,782.9500122070312,755.0999755859375,758.0,12095064,SBIN
2025-03-25,744.2222900390625,772.8499755859375,786.0,769.2000122070312,783.9000244140625,15190143,SBIN
2025-03-26,735.7001342773438,764.0,776.0499877929688,761.4500122070312,772.0,7711852,SBIN
2025-03-27,743.6926879882812,772.2999877929688,775.7999877929688,760.5,763.7999877929688,15648616,SBIN
2025-03-28,742.92236328125,771.5,778.5999755859375,767.0,772.0999755859375,7628185,SBIN
2025-04-01,743.1149291992188,771.7000122070312,782.75,763.2000122070312,766.7999877929688,7011125,SBIN
2025-04-02,747.20751953125,775.9500122070312,777.0,764.2999877929688,772.2999877929688,5458436,SBIN
2025-04-03,750.3370971679688,779.2000122070312,784.7000122070312,769.9500122070312,770.0,7956680,SBIN
2025-04-04,739.0223999023438,767.4500122070312,782.9000244140625,765.0,779.0999755859375,8231194,SBIN
2025-04-07,719.2335815429688,746.9000244140625,753.7000122070312,730.0,730.0,14923235,SBIN
2025-04-08,740.1296997070312,768.5999755859375,774.0,758.1500244140625,760.0,12911288,SBIN
2025-04-09,714.7076416015625,742.2000122070312,767.9500122070312,741.0,767.0,11319387,SBIN
2025-04-11,725.9260864257812,753.8499755859375,759.7000122070312,746.0,759.0,9360327,SBIN
2025-04-15,735.2186279296875,763.5,770.7000122070312,757.0999755859375,770.0,7859090,SBIN
2025-04-16,743.1630859375,771.75,774.75,760.5,763.5,12536694,SBIN
2025-04-17,767.9111328125,797.4500122070312,801.0,767.1500244140625,772.0,27034818,SBIN
2025-04-21,786.447998046875,816.7000122070312,824.3499755859375,801.4000244140625,803.0,16398507,SBIN
2025-04-22,791.9369506835938,822.4000244140625,835.5,814.0,821.1500244140625,25117557,SBIN
2025-04-23,783.3184204101562,813.4500122070312,831.0,810.0999755859375,826.0,12104382,SBIN
2025-04-24,783.2703247070312,813.4000244140625,819.0,811.1500244140625,812.75,12713521,SBIN
2025-04-25,769.0667114257812,798.6500244140625,819.0,787.0,815.0,13131038,SBIN
2025-04-28,787.073974609375,817.3499755859375,822.7999877929688,797.4000244140625,798.6500244140625,11317611,SBIN
2025-04-29,782.4517211914062,812.5499877929688,829.0,809.0,820.0,11283059,SBIN
2025-04-30,759.4371337890625,788.6500244140625,811.5,784.5,811.5,25635764,SBIN
2025-05-02,767.1888427734375,796.7000122070312,803.4000244140625,789.0,790.3499755859375,14720184,SBIN
2025-05-05,760.737060546875,790.0,799.0,782.0,782.0,23986447,SBIN
2025-05-06,745.4259643554688,774.0999755859375,799.1500244140625,771.0999755859375,793.9500122070312,18869468,SBIN
2025-05-07,747.3518676757812,776.0999755859375,782.4000244140625,764.5499877929688,765.2999877929688,15586266,SBIN
2025-05-08,740.5149536132812,769.0,786.5,764.0,779.0,14491673,SBIN
2025-05-09,750.38525390625,779.25,781.7000122070312,755.5,756.5,13578216,SBIN
2025-05-12,771.9555053710938,801.6500244140625,803.9000244140625,793.0,799.0,15096824,SBIN
2025-05-13,772.0518188476562,801.75,807.6500244140625,797.2000122070312,798.5999755859375,13909596,SBIN
2025-05-14,771.0407104492188,800.7000122070312,807.5,796.2999877929688,805.75,9281719,SBIN
2025-05-15,777.82958984375,807.75,809.4500122070312,794.5,804.4500122070312,17058854,SBIN
2025-05-16,778.0751342773438,792.0999755859375,804.0,791.0,804.0,14733924,SBIN
2025-05-19,780.9237670898438,795.0,801.4000244140625,792.0999755859375,792.0999755859375,10666184,SBIN
2025-05-20,771.7393798828125,785.6500244140625,799.4000244140625,783.7999877929688,798.1500244140625,11324667,SBIN
2025-05-21,773.1636352539062,787.0999755859375,791.0,779.0999755859375,787.0,8206040,SBIN
2025-05-22,771.346435546875,785.25,788.2000122070312,780.2999877929688,788.0,7355826,SBIN
2025-05-23,776.5034790039062,790.5,794.9500122070312,786.2000122070312,787.9000244140625,5534158,SBIN
2025-05-26,780.33447265625,794.4000244140625,797.5499877929688,789.2000122070312,792.0,4965466,SBIN
2025-05-27,779.6468505859375,793.7000122070312,801.3499755859375,790.0499877929688,794.4000244140625,11995043,SBIN
2025-05-28,782.4463500976562,796.5499877929688,798.9000244140625,792.6500244140625,794.5,6873519,SBIN
2025-05-29,783.232177734375,797.3499755859375,800.4000244140625,791.3499755859375,799.0,14034127,SBIN
2025-05-30,797.91748046875,812.2999877929688,814.5,792.5999755859375,798.0,22037314,SBIN
2025-06-02,799.2435913085938,813.6500244140625,822.5499877929688,809.2000122070312,812.8499755859375,26891575,SBIN
2025-06-03,795.4617309570312,809.7999877929688,818.4000244140625,805.1500244140625,816.2000122070312,14247597,SBIN
2025-06-04,792.2201538085938,806.5,817.0,805.25,817.0,9607927,SBIN
2025-06-05,791.72900390625,806.0,811.7000122070312,802.8499755859375,808.7000122070312,13595507,SBIN
2025-06-06,798.6541748046875,813.0499877929688,816.4500122070312,803.0999755859375,806.6500244140625,17163935,SBIN
2025-06-09,805.5302734375,820.0499877929688,824.5,815.7000122070312,817.4000244140625,12793040,SBIN
2025-06-10,802.5833740234375,817.0499877929688,822.0499877929688,814.5999755859375,821.0,6560513,SBIN
2025-06-11,800.6187744140625,815.0499877929688,820.5999755859375,813.0499877929688,817.0,7197825,SBIN
2025-06-12,791.679931640625,805.9500122070312,816.5,801.2000122070312,816.0,13448521,SBIN
2025-06-13,778.3206787109375,792.3499755859375,796.2999877929688,786.25,786.25,11377117,SBIN
2025-06-16,778.4680786132812,792.5,795.4000244140625,786.1500244140625,792.5,8085001,SBIN
2025-06-17,778.2716064453125,792.2999877929688,798.8499755859375,790.5499877929688,794.0,7753156,SBIN
2025-06-18,777.8787231445312,791.9000244140625,795.5,788.3499755859375,792.5,5710169,SBIN
2025-06-19,771.1990356445312,785.0999755859375,793.25,781.7000122070312,792.3499755859375,11824333,SBIN
2025-06-20,782.053466796875,796.1500244140625,799.4500122070312,786.0999755859375,787.5,11367669,SBIN
2025-06-23,776.2088012695312,790.2000122070312,794.9500122070312,788.5,790.0,5549253,SBIN
2025-06-24,781.3167114257812,795.4000244140625,806.6500244140625,793.6500244140625,799.0,11402190,SBIN
2025-06-25,785.8843383789062,800.0499877929688,803.7999877929688,796.0999755859375,799.5,6528324,SBIN
2025-06-26,782.9375,797.0499877929688,803.3499755859375,791.4000244140625,802.0,24704402,SBIN
2025-06-27,791.1396484375,805.4000244140625,809.4500122070312,802.6500244140625,805.0,19375990,SBIN
2025-06-30,805.824951171875,820.3499755859375,821.0,807.0499877929688,809.0,19652607,SBIN
2025-07-01,805.7758178710938,820.2999877929688,824.9000244140625,813.25,820.0,11456405,SBIN
2025-07-02,798.5068969726562,812.9000244140625,824.0499877929688,809.0,821.0,6661200,SBIN
2025-07-03,792.8095092773438,807.0999755859375,814.5,805.7999877929688,813.5,7020403,SBIN
2025-07-04,797.4754028320312,811.8499755859375,813.8499755859375,804.0999755859375,808.75,4319538,SBIN
2025-07-07,792.56396484375,806.8499755859375,812.6500244140625,805.1500244140625,811.2000122070312,4461783,SBIN
2025-07-08,798.2612915039062,812.6500244140625,813.5499877929688,805.3499755859375,807.9000244140625,5935770,SBIN
2025-07-09,796.5913696289062,810.9500122070312,812.4500122070312,809.0,810.0,4099112,SBIN
2025-07-10,793.693603515625,808.0,815.5,806.9000244140625,811.2999877929688,12178137,SBIN
2025-07-11,794.3321533203125,808.6500244140625,812.5499877929688,804.5499877929688,807.5499877929688,6202372,SBIN
2025-07-14,794.528564453125,808.8499755859375,815.5,808.0,809.7999877929688,6938635,SBIN
2025-07-15,801.9940185546875,816.4500122070312,821.0,810.5,811.0,9297645,SBIN
2025-07-16,816.9739990234375,831.7000122070312,834.2000122070312,815.2999877929688,816.0,16458920,SBIN
2025-07-17,814.32177734375,829.0,842.5,826.3499755859375,838.4000244140625,23073718,SBIN
2025-07-18,808.7717895507812,823.3499755859375,832.6500244140625,820.25,832.0,15387801,SBIN
2025-07-21,809.6068115234375,824.2000122070312,827.3499755859375,817.9500122070312,823.0,8852594,SBIN
2025-07-22,800.5697021484375,815.0,828.0499877929688,814.0,827.5,7851163,SBIN
2025-07-23,806.1196899414062,820.6500244140625,825.2000122070312,811.5,812.5,15470390,SBIN
2025-07-24,801.25732421875,815.7000122070312,821.9500122070312,810.6500244140625,820.0,10118309,SBIN
2025-07-25,792.269287109375,806.5499877929688,819.2000122070312,805.5,815.0,6734439,SBIN
2025-07-28,783.0357666015625,797.1500244140625,808.9500122070312,796.0,806.5499877929688,7734158,SBIN
2025-07-29,785.0494384765625,799.2000122070312,800.0,793.0999755859375,796.2000122070312,7833759,SBIN
2025-07-30,787.4560546875,801.6500244140625,803.4000244140625,796.2000122070312,798.9500122070312,8743723,SBIN
2025-07-31,782.4463500976562,796.5499877929688,803.7999877929688,792.5499877929688,795.0999755859375,11359112,SBIN
2025-08-01,779.9415283203125,794.0,801.0,792.0,795.7000122070312,15468391,SBIN
2025-08-04,781.6113891601562,795.7000122070312,797.2000122070312,786.5499877929688,794.5,8820724,SBIN
2025-08-05,786.4246215820312,800.5999755859375,804.0499877929688,796.2999877929688,798.0,7381537,SBIN
2025-08-06,790.8941040039062,805.1500244140625,810.2000122070312,799.0,800.9500122070312,7409396,SBIN
2025-08-07,790.8941040039062,805.1500244140625,806.6500244140625,793.4000244140625,801.0999755859375,7091392,SBIN
2025-08-08,790.0591430664062,804.2999877929688,807.7999877929688,790.0,805.0,15708181,SBIN
2025-08-11,808.8700561523438,823.4500122070312,825.0,808.0,808.0,15236297,SBIN
2025-08-12,806.0704956054688,820.5999755859375,825.5,820.0,824.9500122070312,7986728,SBIN
2025-08-13,807.29833984375,821.8499755859375,824.9500122070312,820.6500244140625,822.6500244140625,4447508,SBIN
2025-08-14,811.9151611328125,826.5499877929688,828.0,819.0999755859375,822.0,7087573,SBIN
2025-08-18,812.9957275390625,827.6500244140625,838.0,825.1500244140625,836.0,6138124,SBIN
2025-08-19,815.697021484375,830.4000244140625,831.0,825.7999877929688,827.5,5076681,SBIN
2025-08-20,814.272705078125,828.9500122070312,831.9000244140625,827.4000244140625,828.7000122070312,4493888,SBIN
2025-08-21,811.0802612304688,825.7000122070312,833.25,824.0499877929688,828.9500122070312,4402511,SBIN
2025-08-22,801.7975463867188,816.25,826.0,815.7000122070312,824.0,5097647,SBIN
2025-08-25,801.9940185546875,816.4500122070312,820.5,814.2000122070312,817.4500122070312,5672898,SBIN
2025-08-26,793.5462646484375,807.8499755859375,815.8499755859375,806.75,814.8499755859375,6997817,SBIN
2025-08-28,787.750732421875,801.9500122070312,811.0,800.6500244140625,807.25,7898436,SBIN
2025-08-29,788.291015625,802.5,806.7000122070312,798.5,800.7000122070312,6861440,SBIN
2025-09-01,791.7781372070312,806.0499877929688,808.2999877929688,802.6500244140625,803.0999755859375,5619805,SBIN
2025-09-02,789.666259765625,803.9000244140625,810.5,802.6500244140625,806.2999877929688,5075460,SBIN
2025-09-03,797.7701416015625,812.1500244140625,813.2999877929688,803.0,804.2999877929688,4261589,SBIN
2025-09-04,795.06884765625,809.4000244140625,816.75,808.0,814.6500244140625,4471950,SBIN
2025-09-05,792.318359375,806.5999755859375,812.5,803.6500244140625,811.5,5194842,SBIN
2025-09-08,794.4794311523438,808.7999877929688,813.8499755859375,806.7999877929688,808.0,4614227,SBIN
2025-09-09,794.528564453125,808.8499755859375,812.3499755859375,805.5999755859375,812.0,4567272,SBIN
2025-09-10,803.7130126953125,818.2000122070312,824.5999755859375,810.4000244140625,812.0,7285853,SBIN
2025-09-11,809.0665283203125,823.6500244140625,825.7000122070312,819.0,819.0999755859375,7425055,SBIN
2025-09-12,808.96826171875,823.5499877929688,825.7999877929688,819.7999877929688,824.0999755859375,5078018,SBIN
2025-09-15,810.1470336914062,824.75,827.7999877929688,821.0999755859375,823.5499877929688,3852494,SBIN
2025-09-16,816.82666015625,831.5499877929688,833.0,821.6500244140625,825.0999755859375,9467531,SBIN
2025-09-17,841.973388671875,857.1500244140625,858.1500244140625,831.0,834.2999877929688,17243938,SBIN
2025-09-18,839.222900390625,854.3499755859375,860.7999877929688,851.0999755859375,858.6500244140625,10400847,SBIN
2025-09-19,847.081298828125,862.3499755859375,864.4500122070312,849.2999877929688,852.0,15206426,SBIN
2025-09-22,840.1069946289062,855.25,868.2000122070312,854.0,862.0,6594034,SBIN
2025-09-23,855.1851806640625,870.5999755859375,874.25,851.2000122070312,854.5999755859375,14357863,SBIN
2025-09-24,850.8631591796875,866.2000122070312,880.5,864.4500122070312,876.0,12840160,SBIN
2025-09-25,845.902587890625,861.1500244140625,870.1500244140625,859.9500122070312,866.5499877929688,8678821,SBIN
2025-09-26,841.7769165039062,856.9500122070312,864.3499755859375,853.0,862.0,6959545,SBIN
2025-09-29,855.3325805664062,870.75,873.5,856.0,858.0499877929688,22641712,SBIN
2025-09-30,857.0025024414062,872.4500122070312,877.5999755859375,867.5999755859375,869.9500122070312,12831593,SBIN
2025-10-01,848.80029296875,864.0999755859375,876.4500122070312,862.7999877929688,872.2999877929688,10832384,SBIN
2025-10-03,851.9436645507812,867.2999877929688,873.0,863.7999877929688,865.1500244140625,8019442,SBIN
2025-10-06,858.5741577148438,874.0499877929688,875.2999877929688,862.7999877929688,868.0,7820352,SBIN
2025-10-07,849.3897094726562,864.7000122070312,877.0,863.0,874.1500244140625,9242580,SBIN
2025-10-08,843.0538940429688,858.25,867.7999877929688,857.25,866.7999877929688,7156112,SBIN
2025-10-09,846.835693359375,862.0999755859375,865.7999877929688,858.0999755859375,861.5999755859375,7020501,SBIN
2025-10-10,865.0573120117188,880.6500244140625,883.75,861.2999877929688,862.0999755859375,13713015,SBIN
2025-10-13,867.3165893554688,882.9500122070312,888.0999755859375,876.0,879.0,11923143,SBIN
2025-10-14,861.4227905273438,876.9500122070312,884.1500244140625,872.0999755859375,883.0,7681973,SBIN
2025-10-15,870.4107666015625,886.0999755859375,887.5,877.0499877929688,878.0999755859375,8269225,SBIN
2025-10-16,871.2457275390625,886.9500122070312,891.8499755859375,882.4500122070312,888.2999877929688,8493686,SBIN
2025-10-17,873.4067993164062,889.1500244140625,894.75,883.0,887.5,8511854,SBIN
2025-10-20,891.431884765625,907.5,913.6500244140624,891.0499877929688,894.5999755859375,13546463,SBIN
2025-10-21,891.775634765625,907.8499755859376,910.0,906.4000244140624,908.0,1783576,SBIN
2025-10-23,895.41015625,911.5499877929688,918.0,904.7999877929688,912.0,13382769,SBIN
2025-10-24,888.4849853515625,904.5,914.0999755859376,900.9500122070312,910.9500122070312,5313227,SBIN
2025-10-27,906.411865234375,922.75,928.0,906.0,906.9500122070312,9150761,SBIN
2025-10-28,913.779052734375,930.25,935.8499755859376,917.7000122070312,927.0999755859376,22066289,SBIN
2025-10-29,923.11083984375,939.75,942.0499877929688,930.25,933.9000244140624,12314222,SBIN
2025-10-30,917.8064575195312,934.3499755859376,944.9000244140624,933.0499877929688,939.4500122070312,13044473,SBIN
2025-10-31,920.4095458984376,937.0,946.7000122070312,930.25,934.9000244140624,12078252,SBIN
2025-11-03,932.8847045898438,949.7000122070312,953.4000244140624,937.5,938.75,11744735,SBIN
2025-11-04,940.644775390625,957.5999755859376,959.2999877929688,941.5,951.0,19154518,SBIN
2025-11-06,943.739013671875,960.75,971.4000244140624,955.2999877929688,969.6500244140624,23088096,SBIN
2025-11-07,938.92578125,955.8499755859376,964.8499755859376,944.0,958.75,13371323,SBIN
2025-11-10,934.3090209960938,951.1500244140624,963.2000122070312,949.0999755859376,956.0,7343249,SBIN
2025-11-11,936.4209594726562,953.2999877929688,954.9500122070312,945.0499877929688,953.5999755859376,8648917,SBIN
2025-11-12,940.2028198242188,957.1500244140624,961.5499877929688,951.4000244140624,957.7000122070312,7043323,SBIN
2025-11-13,937.1085815429688,954.0,963.9500122070312,952.4500122070312,954.25,8894441,SBIN
2025-11-14,950.7133178710938,967.8499755859376,969.0499877929688,952.0,952.9500122070312,11032927,SBIN
2025-11-17,956.1159057617188,973.3499755859376,976.0,968.5,971.0,7415026,SBIN
2025-11-18,955.2318725585938,972.4500122070312,976.7000122070312,968.8499755859376,975.5999755859376,6594686,SBIN
2025-11-19,965.3494873046876,982.75,984.4500122070312,968.7999877929688,972.4500122070312,8291226,SBIN
2025-11-20,964.1707153320312,981.5499877929688,986.5999755859376,979.3499755859376,986.0,6440857,SBIN
2025-11-21,955.3792114257812,972.5999755859376,980.5999755859376,971.0499877929688,979.7000122070312,5377241,SBIN
2025-11-24,953.4146118164062,970.5999755859376,977.7000122070312,968.0499877929688,975.5499877929688,9901946,SBIN
2025-11-25,966.1844482421876,983.5999755859376,988.9500122070312,971.3499755859376,975.5499877929688,9140201,SBIN
2025-11-26,966.4791870117188,983.9000244140624,999.0,982.1500244140624,986.5999755859376,13943490,SBIN
2025-11-27,955.624755859375,972.8499755859376,988.5499877929688,968.9000244140624,986.7000122070312,11909168,SBIN
2025-11-28,961.6658935546876,979.0,983.0,973.0499877929688,976.7999877929688,8117842,SBIN
2025-12-01,955.870361328125,973.0999755859376,991.2000122070312,969.8499755859376,985.4500122070312,8808306,SBIN
2025-12-02,950.1730346679688,967.2999877929688,980.4500122070312,964.9000244140624,976.0,13444314,SBIN
2025-12-03,934.2107543945312,951.0499877929688,972.5499877929688,947.5499877929688,970.4500122070312,14051968,SBIN
2025-12-04,931.31298828125,948.0999755859376,952.5499877929688,944.4500122070312,951.0499877929688,13622724,SBIN
2025-12-05,954.2987060546876,971.5,973.2999877929688,946.7000122070312,948.8499755859376,17347847,SBIN
2025-12-08,939.466064453125,956.4000244140624,972.5,951.7000122070312,970.8499755859376,15386438,SBIN
2025-12-09,942.3638305664062,959.3499755859376,964.0,950.4500122070312,954.7999877929688,9580294,SBIN
2025-12-10,942.7567749023438,959.75,963.9500122070312,955.25,960.0999755859376,6989178,SBIN
2025-12-11,946.1947631835938,963.25,966.5,958.4500122070312,962.0999755859376,5979035,SBIN
2025-12-12,946.0965576171876,963.1500244140624,967.0,958.0,966.0,5681930,SBIN
2025-12-15,950.1239624023438,967.25,968.8499755859376,957.25,957.25,4416952,SBIN
2025-12-16,944.1319580078124,961.1500244140624,969.0,958.0499877929688,966.0499877929688,4764786,SBIN
2025-12-17,958.5716552734376,975.8499755859376,978.5,964.2999877929688,965.5499877929688,8013382,SBIN
2025-12-18,960.2415771484376,977.5499877929688,981.4500122070312,973.5,977.9000244140624,4926879,SBIN
2025-12-19,962.94287109375,980.2999877929688,982.0,977.0499877929688,979.9500122070312,5376584,SBIN
2025-12-22,957.0491333007812,974.2999877929688,983.0,972.5499877929688,981.0999755859376,5959037,SBIN
2025-12-23,954.691650390625,971.9000244140624,977.5499877929688,970.7000122070312,976.2999877929688,5123287,SBIN
2025-12-24,951.7938842773438,968.9500122070312,977.2999877929688,967.5,973.2000122070312,4105643,SBIN
2025-12-26,949.1907348632812,966.2999877929688,971.0,964.75,968.9500122070312,3286321,SBIN
2025-12-29,947.962890625,965.0499877929688,968.9000244140624,961.4500122070312,966.9000244140624,5267233,SBIN
2025-12-30,956.2141723632812,973.4500122070312,976.2000122070312,959.5,963.0,15030644,SBIN
2025-12-31,964.8092651367188,982.2000122070312,985.6500244140624,973.5,975.25,5807630,SBIN
2026-01-01,967.3140869140624,984.75,987.6500244140624,980.3499755859376,983.2000122070312,4328348,SBIN
2026-01-02,981.2626953125,998.9500122070312,1009.5,983.9500122070312,984.5,7357435,SBIN
2026-01-05,987.7457885742188,1005.5499877929688,1015.5,1000.0,1000.0,11259060,SBIN
2026-01-06,1000.8594360351562,1018.9000244140624,1024.0,1004.9500122070312,1007.9500122070312,9575742,SBIN
2026-01-07,989.3175048828124,1007.1500244140624,1022.7000122070312,1004.0,1022.7000122070312,7896720,SBIN
2026-01-08,980.3294677734376,998.0,1011.5999755859376,995.8499755859376,1006.5999755859376,6854268,SBIN
2026-01-09,982.7852172851562,1000.5,1008.0,994.0,996.0,7809460,SBIN
2026-01-12,997.1758422851562,1015.1500244140624,1017.25,996.0,1008.0,7617922,SBIN
2026-01-13,1010.2402954101562,1028.449951171875,1029.5,1016.0,1022.7999877929688,11016895,SBIN
2026-01-14,1010.14208984375,1028.3499755859375,1030.4000244140625,1020.5,1030.0,7370514,SBIN
2026-01-15,1010.14208984375,1028.3499755859375,1028.3499755859375,1028.3499755859375,1028.3499755859375,0,SBIN
2026-01-16,1023.8451538085938,1042.300048828125,1047.449951171875,1028.4000244140625,1032.0,11051580,SBIN
2026-01-19,1020.0142211914062,1038.4000244140625,1043.5999755859375,1034.0,1035.0,5460164,SBIN
2026-01-20,1018.0496215820312,1036.4000244140625,1052.0,1033.050048828125,1039.75,8905718,SBIN
2026-01-21,1010.4368286132812,1028.6500244140625,1040.5999755859375,1022.0,1032.0,7408949,SBIN
2026-01-22,1029.7879638671875,1048.3499755859375,1055.5,1034.050048828125,1035.0,12001641,SBIN
2026-01-23,1011.271728515625,1029.5,1053.0,1025.5999755859375,1051.9000244140625,10917698,SBIN
2026-01-27,1034.5030517578125,1053.1500244140625,1055.0,1030.25,1034.0999755859375,14420630,SBIN
2026-01-28,1044.6697998046875,1063.5,1065.5999755859375,1044.1500244140625,1059.4000244140625,12171257,SBIN
2026-01-29,1047.3218994140625,1066.199951171875,1075.0,1060.300048828125,1063.0,14800724,SBIN
2026-01-30,1058.078125,1077.1500244140625,1082.5,1060.4000244140625,1064.0,9480769,SBIN
2026-02-02,1010.4859008789062,1028.699951171875,1031.300048828125,990.0,1019.9000244140624,14434549,SBIN
2026-02-03,1045.3572998046875,1064.199951171875,1089.800048828125,1040.300048828125,1087.0,16129381,SBIN
2026-02-04,1049.2864990234375,1068.199951171875,1073.9000244140625,1056.300048828125,1064.199951171875,7312276,SBIN
2026-02-05,1054.49267578125,1073.5,1081.0,1067.5,1068.199951171875,9551567,SBIN
2026-02-06,1047.5184326171875,1066.4000244140625,1073.5999755859375,1051.0,1070.0,7041557,SBIN
2026-02-09,1125.708984375,1146.0,1150.0,1100.5,1120.0,40852966,SBIN
2026-02-10,1123.8426513671875,1144.0999755859375,1154.0,1138.0999755859375,1151.0,17280036,SBIN
2026-02-11,1161.9556884765625,1182.9000244140625,1187.5,1142.800048828125,1144.699951171875,29491859,SBIN
2026-02-12,1171.2874755859375,1192.4000244140625,1203.699951171875,1174.800048828125,1183.0,33214985,SBIN
2026-02-13,1177.377685546875,1198.5999755859375,1201.0,1184.5,1189.0,18141390,SBIN
2026-02-16,1186.70947265625,1208.0999755859375,1212.300048828125,1185.300048828125,1194.0,14972739,SBIN
2026-02-17,1191.9156494140625,1213.4000244140625,1225.5,1204.0999755859375,1206.0999755859375,20107196,SBIN
2026-02-18,1197.3182373046875,1218.9000244140625,1224.0999755859375,1214.0,1218.800048828125,10417264,SBIN
2026-02-19,1184.3519287109375,1205.699951171875,1224.9000244140625,1199.199951171875,1222.9000244140625,9630899,SBIN
2026-02-20,1194.5677490234375,1216.0999755859375,1218.0,1201.800048828125,1206.199951171875,9958162,SBIN
2026-02-23,1206.0606689453125,1227.800048828125,1231.0999755859375,1217.0999755859375,1222.0,9733835,SBIN
2026-02-24,1201.640380859375,1223.300048828125,1234.699951171875,1219.699951171875,1232.0,15788449,SBIN
2026-02-25,1178.85107421875,1200.0999755859375,1228.0999755859375,1197.5,1228.0999755859375,19581100,SBIN
2026-02-26,1188.084716796875,1209.5,1215.4000244140625,1188.9000244140625,1201.0,16196052,SBIN
2026-02-27,1180.4227294921875,1201.699951171875,1211.800048828125,1198.5999755859375,1207.0,10700355,SBIN
2026-03-02,1168.831787109375,1189.9000244140625,1197.300048828125,1179.4000244140625,1185.0,16270835,SBIN
2026-03-04,1153.704345703125,1174.5,1182.699951171875,1157.5999755859375,1172.0999755859375,13855065,SBIN
2026-03-05,1148.79296875,1169.5,1183.199951171875,1150.5999755859375,1181.0,22100665,SBIN
2026-03-06,1122.7620849609375,1143.0,1169.300048828125,1138.0,1168.5,20333328,SBIN
2026-03-09,1079.050048828125,1098.5,1115.0,1064.300048828125,1115.0,24631198,SBIN
2026-03-10,1092.5074462890625,1112.199951171875,1119.9000244140625,1104.5,1111.0999755859375,17491459,SBIN
2026-03-11,1071.781005859375,1091.0999755859375,1115.9000244140625,1088.0,1113.4000244140625,8364878,SBIN
2026-03-12,1065.9854736328125,1085.199951171875,1098.0,1070.5,1075.0999755859375,14614140,SBIN
2026-03-13,1028.4619140625,1047.0,1081.300048828125,1042.300048828125,1077.5,15978675,SBIN
2026-03-16,1047.8131103515625,1066.699951171875,1073.0,1036.0999755859375,1048.699951171875,15322269,SBIN
2026-03-17,1045.8485107421875,1064.699951171875,1073.9000244140625,1047.0,1073.9000244140625,16427877,SBIN
2026-03-18,1050.8582763671875,1069.800048828125,1075.4000244140625,1061.300048828125,1067.5,10749915,SBIN
2026-03-19,1030.3282470703125,1048.9000244140625,1059.699951171875,1041.0,1049.5,13431191,SBIN
2026-03-20,1039.26708984375,1058.0,1085.0,1054.0,1058.4000244140625,17748625,SBIN
2026-03-23,1013.6292724609376,1031.9000244140625,1045.5999755859375,1014.2000122070312,1039.0,16039603,SBIN
2026-03-24,1012.5487670898438,1030.800048828125,1059.0,1020.0,1055.199951171875,30416734,SBIN
2026-03-25,1041.821044921875,1060.5999755859375,1065.5,1043.0,1043.0,16205333,SBIN
2026-03-27,1001.4487915039062,1019.5,1055.300048828125,1013.0,1051.300048828125,20445349,SBIN
2026-03-30,962.058837890625,979.4000244140624,1009.4000244140624,975.7999877929688,1005.0,21438137,SBIN
2026-04-01,999.7789306640624,1017.7999877929688,1031.0,998.4500122070312,1008.0,17424479,SBIN
2026-04-02,1000.3683471679688,1018.4000244140624,1026.0,977.9000244140624,1000.0,20777629,SBIN
2026-04-06,1014.4642333984376,1032.75,1035.699951171875,1005.0499877929688,1020.0,23576634,SBIN
2026-04-07,1012.1558227539062,1030.4000244140625,1033.699951171875,1012.0,1025.0,15021291,SBIN
2026-04-08,1042.656005859375,1061.449951171875,1077.800048828125,1059.449951171875,1074.0,28533742,SBIN
2026-04-09,1022.5189819335938,1040.949951171875,1064.3499755859375,1038.300048828125,1060.0999755859375,24772948,SBIN
2026-04-10,1047.8131103515625,1066.699951171875,1069.449951171875,1046.1500244140625,1049.0,17861336,SBIN
2026-04-13,1044.7188720703125,1063.550048828125,1067.25,1030.0,1042.0,17763348,SBIN
2026-04-15,1052.528076171875,1071.5,1088.0,1068.199951171875,1076.0,16195810,SBIN
2026-04-16,1048.255126953125,1067.1500244140625,1084.1500244140625,1062.0,1078.0,20313165,SBIN
2026-04-17,1061.1231689453125,1080.25,1082.1500244140625,1060.0,1067.0,16823879,SBIN
2026-04-20,1088.2344970703125,1107.8499755859375,1120.949951171875,1075.8499755859375,1080.300048828125,31179584,SBIN
2026-04-21,1092.1636962890625,1111.8499755859375,1114.75,1105.949951171875,1113.4000244140625,16963734,SBIN
2026-04-22,1083.76513671875,1103.300048828125,1117.8499755859375,1100.0999755859375,1110.0,12412659,SBIN
2026-04-23,1074.875244140625,1094.25,1101.9000244140625,1082.199951171875,1095.0,13669001,SBIN
2026-04-24,1081.60400390625,1101.0999755859375,1106.0,1090.050048828125,1091.3499755859375,13774745,SBIN
2026-04-27,1092.1636962890625,1111.8499755859375,1114.800048828125,1103.4000244140625,1110.949951171875,11624385,SBIN
2026-04-28,1071.9775390625,1091.300048828125,1110.5,1089.1500244140625,1102.300048828125,10727835,SBIN
2026-04-29,1067.655517578125,1086.9000244140625,1105.0,1084.25,1094.0,10611104,SBIN
2026-04-30,1049.5321044921875,1068.449951171875,1077.699951171875,1063.0,1075.0,14269539,SBIN
2026-05-01,1049.5321044921875,1068.449951171875,1068.449951171875,1068.449951171875,1068.449951171875,0,SBIN
2026-05-04,1049.4830322265625,1068.4000244140625,1089.0999755859375,1063.5999755859375,1063.5999755859375,11693211,SBIN
2026-05-05,1041.133544921875,1059.9000244140625,1068.5,1049.4000244140625,1060.5999755859375,12194631,SBIN
2026-05-06,1076.5943603515625,1096.0,1101.0999755859375,1061.199951171875,1072.0,14384779,SBIN
2026-05-07,1072.6651611328125,1092.0,1108.0,1086.0999755859375,1106.0,16105163,SBIN
2026-05-08,1001.2523193359376,1019.2999877929688,1095.0,1010.9000244140624,1090.0,48065909,SBIN
2026-05-11,956.3615112304688,973.5999755859376,1007.0,971.0999755859376,1007.0,46927396,SBIN
2026-05-12,957.3438110351562,974.5999755859376,981.4000244140624,962.4000244140624,976.9000244140624,25787092,SBIN
2026-05-13,952.9234619140624,970.0999755859376,981.2000122070312,961.2000122070312,978.0,17584580,SBIN
2026-05-14,962.5499877929688,979.9000244140624,987.0,963.5999755859376,973.5,16487142,SBIN
2026-05-15,963.2000122070312,963.2000122070312,972.5,957.0,971.2000122070312,26972493,SBIN
2026-05-18,939.4000244140624,939.4000244140624,954.9000244140624,933.9000244140624,952.0,16554877,SBIN
2026-05-19,948.7999877929688,948.7999877929688,956.5999755859376,939.5,942.0,17280869,SBIN
2026-05-20,950.9000244140624,950.9000244140624,955.0,935.0,941.0999755859376,11928460,SBIN
2026-05-21,950.9000244140624,950.9000244140624,960.9000244140624,946.5,957.0,11756520,SBIN
2026-05-22,949.2000122070312,949.2000122070312,958.5999755859376,947.7000122070312,950.9000244140624,7807192,SBIN
2026-05-25,969.5999755859376,969.5999755859376,972.5,957.5,959.9000244140624,10934747,SBIN
2026-05-26,968.5,968.5,978.7999877929688,962.0999755859376,969.9000244140624,16269800,SBIN
2026-05-27,967.7999877929688,967.7999877929688,975.9000244140624,966.5999755859376,969.7999877929688,8111259,SBIN
2026-05-28,967.7999877929688,967.7999877929688,967.7999877929688,967.7999877929688,967.7999877929688,0,SBIN
2026-05-29,964.4000244140624,964.4000244140624,973.7000122070312,960.2999877929688,967.7999877929688,22292535,SBIN
2026-06-01,954.0999755859376,954.0999755859376,970.25,950.0999755859376,966.25,11118975,SBIN
2026-06-02,956.6500244140624,956.6500244140624,961.2999877929688,939.9000244140624,950.9500122070312,15911760,SBIN
2026-06-03,970.4500122070312,970.4500122070312,974.0,937.2000122070312,953.75,27947005,SBIN
2026-06-04,979.25,979.25,985.7999877929688,961.0999755859376,969.9000244140624,18875883,SBIN
2026-06-05,977.7000122070312,977.7000122070312,992.5999755859376,970.5999755859376,980.0,20955539,SBIN
2026-06-08,981.9500122070312,981.9500122070312,988.6500244140624,965.1500244140624,966.0,12895416,SBIN
2026-06-09,1002.7000122070312,1002.7000122070312,1009.0,983.0,985.0,22142480,SBIN
2026-06-10,1003.25,1003.25,1012.4000244140624,999.5,1002.7000122070312,19122317,SBIN
2026-06-11,1000.7000122070312,1000.7000122070312,1009.4000244140624,993.0,998.0999755859376,13773978,SBIN
2026-06-12,1017.1500244140624,1017.1500244140624,1018.7000122070312,1004.3499755859376,1018.0,11081119,SBIN
2026-06-15,1020.8499755859376,1020.8499755859376,1034.0,1018.5,1034.0,12463437,SBIN
2026-06-16,1015.2999877929688,1015.2999877929688,1026.550048828125,1007.4000244140624,1023.7999877929688,9693677,SBIN
2026-06-17,1026.5,1026.5,1028.0999755859375,1013.4500122070312,1017.0,8190062,SBIN
2026-06-18,1042.699951171875,1042.699951171875,1045.699951171875,1024.449951171875,1027.9000244140625,11048009,SBIN
2026-06-19,1035.0999755859375,1035.0999755859375,1042.0,1029.300048828125,1042.0,9099878,SBIN
2026-06-22,1040.75,1040.75,1043.0,1033.5999755859375,1038.0,6209440,SBIN
2026-06-23,1024.199951171875,1024.199951171875,1045.5,1022.3499755859376,1041.0,10411004,SBIN
2026-06-24,1034.5999755859375,1034.5999755859375,1044.5,1020.5,1024.0,11724076,SBIN
2026-06-25,1045.4000244140625,1045.4000244140625,1055.4000244140625,1038.550048828125,1040.0,16002360,SBIN
2026-06-26,1045.4000244140625,1045.4000244140625,1045.4000244140625,1045.4000244140625,1045.4000244140625,0,SBIN
2026-06-29,1036.0999755859375,1036.0999755859375,1046.4000244140625,1030.8499755859375,1044.449951171875,16818246,SBIN
2026-06-30,1026.9000244140625,1026.9000244140625,1044.0,1025.050048828125,1040.0,11161643,SBIN
2026-07-01,1047.4000244140625,1047.4000244140625,1049.9000244140625,1025.5,1031.0,6295315,SBIN
2026-07-02,1051.5999755859375,1051.5999755859375,1059.800048828125,1045.0,1050.9000244140625,14682790,SBIN
2026-07-03,1040.0,1040.0,1057.0,1034.5,1055.0,10441493,SBIN
2026-07-06,1037.699951171875,1037.699951171875,1048.4000244140625,1036.5,1041.9000244140625,8761017,SBIN
2026-07-07,1038.0999755859375,1038.0999755859375,1049.5999755859375,1035.5,1039.300048828125,11053574,SBIN
2026-07-08,1016.9000244140624,1016.9000244140624,1038.300048828125,1011.7000122070312,1029.5999755859375,14141694,SBIN
2026-07-09,1022.0999755859376,1022.0999755859376,1031.699951171875,1019.2999877929688,1019.7999877929688,7661699,SBIN
2026-07-10,1036.0,1036.0,1047.800048828125,1023.5,1029.5,8792150,SBIN
2026-07-13,1037.0,1037.0,1042.9000244140625,1022.0999755859376,1023.5,8381510,SBIN
2026-07-14,1015.4000244140624,1015.4000244140624,1033.699951171875,1011.4000244140624,1033.300048828125,11562326,SBIN
2026-07-15,1030.0999755859375,1030.0999755859375,1036.0,1013.7000122070312,1015.5,14275394,SBIN
2026-07-16,1031.199951171875,1031.199951171875,1036.0,1027.300048828125,1030.0999755859375,7708316,SBIN
2026-07-17,1044.300048828125,1044.300048828125,1048.0,1028.300048828125,1030.5999755859375,8452780,SBIN
2026-07-20,1060.0,1060.0,1065.0,1038.300048828125,1041.5999755859375,16540411,SBIN
2026-07-21,1044.4000244140625,1044.4000244140625,1067.0,1042.800048828125,1056.199951171875,10514887,SBIN
2026-07-22,1025.0,1025.0,1044.4000244140625,1019.2000122070312,1044.4000244140625,11227214,SBIN
2026-07-23,1012.5999755859376,1012.5999755859376,1023.0999755859376,1006.5,1022.0,8910230,SBIN
2026-07-24,1015.0,1015.0,1017.7999877929688,1000.7999877929688,1006.0,13797053,SBIN
2026-07-27,1020.5999755859376,1020.5999755859376,1023.7000122070312,1015.9000244140624,1020.2999877929688,6093002,SBIN
2026-07-28,1013.2000122070312,1013.2000122070312,1022.0,1008.2999877929688,1018.0,9873370,SBIN
2026-07-29,1013.7000122070312,1013.7000122070312,1020.2000122070312,1012.0,1020.0,4792964,SBIN
2026-07-30,1025.300048828125,1025.300048828125,1028.300048828125,1007.5999755859376,1013.5,6847458,SBIN
2026-07-31,1027.4000244140625,1027.4000244140625,1034.300048828125,1023.5,1028.0999755859375,10921417,SBIN
2020-01-01,405.0125122070313,434.2999877929688,436.4500122070313,431.25,432.9500122070313,2321850,Sun Pharma
2020-01-02,405.6187438964844,434.9500122070313,442.6000061035156,432.0,434.0,4555670,Sun Pharma
2020-01-03,414.617919921875,444.6000061035156,450.3999938964844,433.0499877929688,434.6499938964844,9457180,Sun Pharma
2020-01-06,410.281494140625,439.9500122070313,444.7000122070313,435.1000061035156,440.8999938964844,4794923,Sun Pharma
2020-01-07,416.2965087890625,446.3999938964844,448.0,437.5499877929688,441.3999938964844,4504083,Sun Pharma
2020-01-08,410.42138671875,440.1000061035156,446.5,439.0,442.9500122070313,3881918,Sun Pharma
2020-01-09,410.1883544921875,439.8500061035156,444.8500061035156,439.0,442.7000122070313,3934566,Sun Pharma
2020-01-10,413.6854248046875,443.6000061035156,449.0,440.0,440.1000061035156,4334013,Sun Pharma
2020-01-13,414.617919921875,444.6000061035156,453.6499938964844,442.5499877929688,447.0,4823348,Sun Pharma
2020-01-14,415.9234924316406,446.0,449.5,444.3999938964844,447.0,2708589,Sun Pharma
2020-01-15,418.7679138183594,449.0499877929688,450.7000122070313,443.6499938964844,447.6000061035156,3054107,Sun Pharma
2020-01-16,418.7679138183594,449.0499877929688,456.3500061035156,447.3999938964844,452.25,4416809,Sun Pharma
2020-01-17,423.9435424804688,454.6000061035156,456.25,446.0,448.2000122070313,3216737,Sun Pharma
2020-01-20,419.1409606933594,449.4500122070313,456.2000122070313,446.1499938964844,454.2000122070313,2824739,Sun Pharma
2020-01-21,417.2291259765625,447.3999938964844,451.75,446.0,448.0,2573651,Sun Pharma
2020-01-22,416.2032775878906,446.2999877929688,453.8500061035156,445.3500061035156,448.3999938964844,3412716,Sun Pharma
2020-01-23,419.5138854980469,449.8500061035156,452.2000122070313,445.0,447.2000122070313,1875787,Sun Pharma
2020-01-24,417.6021423339844,447.7999877929688,452.8500061035156,446.7999877929688,450.0,2153164,Sun Pharma
2020-01-27,418.1617126464844,448.3999938964844,451.75,442.2000122070313,447.0,3530914,Sun Pharma
2020-01-28,422.3582458496094,452.8999938964844,462.5,448.0499877929688,448.25,9487290,Sun Pharma
2020-01-29,419.7471008300781,450.1000061035156,456.75,449.4500122070313,454.8500061035156,3103817,Sun Pharma
2020-01-30,412.28662109375,442.1000061035156,453.75,440.2999877929688,451.5,3486193,Sun Pharma
2020-01-31,405.0125122070313,434.2999877929688,445.3999938964844,432.6499938964844,442.6000061035156,3757229,Sun Pharma
2020-02-03,389.3920593261719,417.5499877929688,428.8999938964844,414.0,423.7999877929688,4032780,Sun Pharma
2020-02-04,396.9458312988281,425.6499938964844,426.8999938964844,412.8500061035156,416.9500122070313,4848610,Sun Pharma
2020-02-05,397.5054626464844,426.25,431.3999938964844,421.8999938964844,429.5,3826307,Sun Pharma
2020-02-06,401.6086120605469,430.6499938964844,438.0,424.0,428.2000122070313,7745520,Sun Pharma
2020-02-07,401.7485656738281,430.7999877929688,441.75,423.2000122070313,432.0,7402556,Sun Pharma
2020-02-10,391.9566955566406,420.2999877929688,432.75,418.2999877929688,428.5499877929688,3638523,Sun Pharma
2020-02-11,390.32470703125,418.5499877929688,424.7000122070313,416.7999877929688,422.0,4683072,Sun Pharma
2020-02-12,386.64105224609375,414.6000061035156,421.2999877929688,414.0,418.7999877929688,4439987,Sun Pharma
2020-02-13,390.69769287109375,418.9500122070313,420.1000061035156,412.0,414.6000061035156,3924569,Sun Pharma
2020-02-14,390.32470703125,418.5499877929688,424.75,416.5,420.0,2862205,Sun Pharma
2020-02-17,383.608642578125,408.3999938964844,418.5,407.2999877929688,416.2000122070313,2625157,Sun Pharma
2020-02-18,383.843505859375,408.6499938964844,410.8500061035156,399.0499877929688,407.0,4187206,Sun Pharma
2020-02-19,379.0530700683594,403.5499877929688,414.2000122070313,400.6000061035156,410.3999938964844,5910512,Sun Pharma
2020-02-20,380.3681335449219,404.9500122070313,411.5,403.5499877929688,403.8500061035156,4000525,Sun Pharma
2020-02-24,373.6990966796875,397.8500061035156,414.6499938964844,395.7999877929688,406.5,12668574,Sun Pharma
2020-02-25,365.2923889160156,388.8999938964844,402.3999938964844,385.2999877929688,402.3999938964844,10050971,Sun Pharma
2020-02-26,351.95440673828125,374.7000122070313,386.9500122070313,372.5,385.1000061035156,12146582,Sun Pharma
2020-02-27,364.9166564941406,388.5,390.7000122070313,369.4500122070313,375.0,15164166,Sun Pharma
2020-02-28,350.2637023925781,372.8999938964844,385.6000061035156,371.1000061035156,379.6499938964844,8439591,Sun Pharma
2020-03-02,347.0699768066406,369.5,383.6499938964844,363.3500061035156,378.0,6915567,Sun Pharma
2020-03-03,369.6601257324219,393.5499877929688,396.3999938964844,373.25,374.0,14474553,Sun Pharma
2020-03-04,380.8377990722656,405.4500122070313,412.8999938964844,387.3500061035156,398.0,26369149,Sun Pharma
2020-03-05,380.3211669921875,404.8999938964844,414.7999877929688,401.75,409.9500122070313,9874059,Sun Pharma
2020-03-06,376.5639953613281,400.8999938964844,403.2000122070313,390.0499877929688,390.0499877929688,6500912,Sun Pharma
2020-03-09,369.4722900390625,393.3500061035156,403.8999938964844,385.5499877929688,396.0499877929688,13151861,Sun Pharma
2020-03-11,362.521484375,385.9500122070313,395.25,380.0499877929688,394.3999938964844,9127352,Sun Pharma
2020-03-12,333.2623596191406,354.79998779296875,372.7000122070313,346.3999938964844,365.5,11662910,Sun Pharma
2020-03-13,360.8777770996094,384.2000122070313,402.9500122070313,325.0,341.0,15802632,Sun Pharma
2020-03-16,346.177734375,368.5499877929688,396.3999938964844,362.7999877929688,376.0,14480298,Sun Pharma
2020-03-17,347.6806030273437,370.1499938964844,395.6000061035156,364.2000122070313,376.0,12903597,Sun Pharma
2020-03-18,340.72979736328125,362.75,386.3999938964844,355.1000061035156,383.3999938964844,12342300,Sun Pharma
2020-03-19,338.5224304199219,360.3999938964844,374.4500122070313,347.6499938964844,351.70001220703125,8728092,Sun Pharma
2020-03-20,343.0780029296875,365.25,379.5,362.2000122070313,365.2000122070313,10630619,Sun Pharma
2020-03-23,304.8016967773437,324.5,354.70001220703125,315.04998779296875,345.0,8018903,Sun Pharma
2020-03-24,314.8052062988281,335.1499938964844,348.0,330.0,330.0,6408582,Sun Pharma
2020-03-25,326.54644775390625,347.6499938964844,350.79998779296875,329.54998779296875,332.0,6174391,Sun Pharma
2020-03-26,317.7639465332031,338.29998779296875,368.0,336.1000061035156,365.0,11670467,Sun Pharma
2020-03-27,317.717041015625,338.25,352.5,333.0,347.0,7745135,Sun Pharma
2020-03-30,312.5039367675781,332.70001220703125,344.0,312.0,321.6499938964844,11648241,Sun Pharma
2020-03-31,330.91412353515625,352.29998779296875,355.0,328.25,340.1000061035156,9954142,Sun Pharma
2020-04-01,322.6952819824219,343.54998779296875,355.25,338.3999938964844,353.0,6702159,Sun Pharma
2020-04-03,353.1285400390625,375.9500122070313,389.7999877929688,340.0,343.95001220703125,28550430,Sun Pharma
2020-04-07,392.015380859375,417.3500061035156,422.8500061035156,388.2999877929688,398.0,29675052,Sun Pharma
2020-04-08,410.1907653808594,436.7000122070313,448.75,413.1499938964844,419.0,27810872,Sun Pharma
2020-04-09,426.86328125,454.4500122070313,473.8999938964844,443.3999938964844,454.3999938964844,31862948,Sun Pharma
2020-04-13,434.2837524414063,462.3500061035156,477.8999938964844,443.1000061035156,462.9500122070313,30510226,Sun Pharma
2020-04-15,421.9320068359375,449.2000122070313,488.5,444.1000061035156,474.8999938964844,32508955,Sun Pharma
2020-04-16,435.5517883300781,463.7000122070313,467.6000061035156,449.2000122070313,450.0,16932965,Sun Pharma
2020-04-17,429.3524475097656,457.1000061035156,476.9500122070313,448.4500122070313,476.9500122070313,19774082,Sun Pharma
2020-04-20,444.6629943847656,473.3999938964844,475.0,450.5499877929688,457.3500061035156,17893064,Sun Pharma
2020-04-21,444.4281921386719,473.1499938964844,490.7000122070313,464.25,467.8500061035156,30021752,Sun Pharma
2020-04-22,445.5552673339844,474.3500061035156,482.3999938964844,469.0,474.9500122070313,13336137,Sun Pharma
2020-04-23,448.4671020507813,477.4500122070313,487.8500061035156,474.3500061035156,476.9500122070313,13748820,Sun Pharma
2020-04-24,456.0754089355469,485.5499877929688,497.0,473.5499877929688,476.9500122070313,23394027,Sun Pharma
2020-04-27,460.161376953125,489.8999938964844,504.7999877929688,487.0,491.0,19310626,Sun Pharma
2020-04-28,445.1795959472656,473.9500122070313,495.3999938964844,470.2999877929688,495.0,12847910,Sun Pharma
2020-04-29,448.6549682617188,477.6499938964844,484.9500122070313,473.1499938964844,476.0,10166496,Sun Pharma
2020-04-30,436.2563171386719,464.4500122070313,485.0,458.3999938964844,484.0,18471206,Sun Pharma
2020-05-04,437.195556640625,465.4500122070313,474.5,458.0,464.4500122070313,16097066,Sun Pharma
2020-05-05,428.60101318359375,456.2999877929688,472.5,454.0,469.7999877929688,7850482,Sun Pharma
2020-05-06,426.8162536621094,454.3999938964844,463.0,448.0,459.6000061035156,10829910,Sun Pharma
2020-05-07,424.7498474121094,452.2000122070313,465.7000122070313,450.2000122070313,462.0,11216033,Sun Pharma
2020-05-08,440.5300598144531,469.0,471.3999938964844,454.0499877929688,460.0,13693803,Sun Pharma
2020-05-11,435.6926879882813,463.8500061035156,475.5499877929688,461.2999877929688,473.7000122070313,10294818,Sun Pharma
2020-05-12,435.7396545410156,463.8999938964844,468.7999877929688,455.2999877929688,465.0,9507971,Sun Pharma
2020-05-13,424.8907775878906,452.3500061035156,469.4500122070313,450.2000122070313,469.0,10010310,Sun Pharma
2020-05-14,428.2722778320313,455.9500122070313,462.9500122070313,448.7999877929688,453.0,11764703,Sun Pharma
2020-05-15,421.3683471679688,448.6000061035156,458.8999938964844,445.5499877929688,455.9500122070313,7863358,Sun Pharma
2020-05-18,413.9479370117188,440.7000122070313,454.6000061035156,434.25,447.0,9067298,Sun Pharma
2020-05-19,414.8872985839844,441.7000122070313,456.0,438.6000061035156,443.7999877929688,10126393,Sun Pharma
2020-05-20,428.08441162109375,455.75,458.4500122070313,437.25,439.8999938964844,7967084,Sun Pharma
2020-05-21,438.13482666015625,466.4500122070313,469.0,453.0,455.5,8987658,Sun Pharma
2020-05-22,440.90576171875,469.3999938964844,471.8999938964844,458.0499877929688,467.0,10194204,Sun Pharma
2020-05-26,431.2779541015625,459.1499938964844,475.5,457.0,471.0,9801056,Sun Pharma
2020-05-27,423.52874755859375,450.8999938964844,464.8999938964844,443.3999938964844,464.8999938964844,13253937,Sun Pharma
2020-05-28,431.2310180664063,459.1000061035156,461.6499938964844,444.7000122070313,453.8999938964844,12632972,Sun Pharma
2020-05-29,445.46136474609375,474.25,481.6000061035156,458.0,460.0,12662824,Sun Pharma
2020-06-01,437.1485290527344,465.3999938964844,483.7000122070313,458.2999877929688,483.5,18563612,Sun Pharma
2020-06-02,444.3811645507813,473.1000061035156,481.0,468.1499938964844,470.0,10978049,Sun Pharma
2020-06-03,447.24609375,476.1499938964844,481.6000061035156,473.0,474.9500122070313,7767457,Sun Pharma
2020-06-04,464.8108520507813,494.8500061035156,498.0,472.1000061035156,473.0,19100026,Sun Pharma
2020-06-05,464.247314453125,494.25,511.0,492.2000122070313,501.0,22798341,Sun Pharma
2020-06-08,459.3159484863281,489.0,498.75,485.0499877929688,498.75,9176155,Sun Pharma
2020-06-09,470.3527526855469,500.75,512.7000122070312,492.0,492.0,25883378,Sun Pharma
2020-06-10,468.849853515625,499.1499938964844,507.0,493.5499877929688,502.5,10636465,Sun Pharma
2020-06-11,444.8978271484375,473.6499938964844,493.7999877929688,469.1000061035156,490.0,18547382,Sun Pharma
2020-06-12,450.9562072753906,480.1000061035156,481.8999938964844,455.0,455.0,11498488,Sun Pharma
2020-06-15,456.3101806640625,485.7999877929688,489.3999938964844,472.7000122070313,481.0,10727187,Sun Pharma
2020-06-16,454.055908203125,483.3999938964844,493.5,476.5,489.3999938964844,11247556,Sun Pharma
2020-06-17,456.1693115234375,485.6499938964844,489.75,479.1000061035156,484.1499938964844,8222223,Sun Pharma
2020-06-18,454.8543090820313,484.25,488.5,483.0,485.6499938964844,4077225,Sun Pharma
2020-06-19,458.4705810546875,488.1000061035156,491.9500122070313,485.2000122070313,486.7999877929688,8114839,Sun Pharma
2020-06-22,463.2610473632813,493.2000122070313,501.2000122070313,486.0,492.2000122070313,9203804,Sun Pharma
2020-06-23,470.0709228515625,500.4500122070313,503.0,489.5,493.2000122070313,10732649,Sun Pharma
2020-06-24,454.9952087402344,484.3999938964844,503.3999938964844,481.0,502.0,8567595,Sun Pharma
2020-06-25,458.0479431152344,487.6499938964844,492.5,477.0,480.2999877929688,6954147,Sun Pharma
2020-06-26,450.8153381347656,479.9500122070313,491.0,472.2000122070313,490.25,7489306,Sun Pharma
2020-06-29,452.7409362792969,482.0,487.3500061035156,475.0,475.5,5727377,Sun Pharma
2020-06-30,444.2402648925781,472.9500122070313,483.9500122070313,469.7999877929688,483.3999938964844,8339357,Sun Pharma
2020-07-01,439.7315673828125,468.1499938964844,475.7999877929688,466.1499938964844,473.5,5983810,Sun Pharma
2020-07-02,444.2872924804688,473.0,474.9500122070313,467.9500122070313,468.0,3731827,Sun Pharma
2020-07-03,447.903564453125,476.8500061035156,479.3500061035156,472.0,477.0,4666364,Sun Pharma
2020-07-06,451.0502014160156,480.2000122070313,481.25,471.3999938964844,478.0,5995257,Sun Pharma
2020-07-07,450.1578674316406,479.25,486.0,476.1499938964844,480.0,6793452,Sun Pharma
2020-07-08,453.2104797363281,482.5,488.0,479.9500122070313,482.5499877929688,6279449,Sun Pharma
2020-07-09,452.6939697265625,481.9500122070313,487.2000122070313,480.3500061035156,484.5499877929688,3184268,Sun Pharma
2020-07-10,463.9185180664063,493.8999938964844,498.8999938964844,483.0499877929688,484.6499938964844,14898919,Sun Pharma
2020-07-13,469.3664855957031,499.7000122070313,501.7000122070313,492.2999877929688,495.0,7504299,Sun Pharma
2020-07-14,462.227783203125,492.1000061035156,503.8999938964844,490.1000061035156,500.0,6996801,Sun Pharma
2020-07-15,465.0457458496094,495.1000061035156,499.3999938964844,492.2000122070313,494.2000122070313,4710170,Sun Pharma
2020-07-16,469.3664855957031,499.7000122070313,505.9500122070313,490.6000061035156,496.0,11263548,Sun Pharma
2020-07-17,473.0296936035156,503.6000061035156,509.5499877929688,497.3500061035156,499.6000061035156,9592466,Sun Pharma
2020-07-20,454.4316711425781,483.7999877929688,501.8999938964844,481.6000061035156,501.8999938964844,16111398,Sun Pharma
2020-07-21,448.2792053222656,477.25,488.2000122070313,475.0,488.0,8470749,Sun Pharma
2020-07-22,445.5083312988281,474.2999877929688,488.0,471.6000061035156,479.6499938964844,9848007,Sun Pharma
2020-07-23,447.1051330566406,476.0,481.8500061035156,474.0499877929688,477.9500122070313,5416291,Sun Pharma
2020-07-24,456.1223449707031,485.6000061035156,497.7999877929688,481.25,490.0,19812185,Sun Pharma
2020-07-27,446.6354370117188,475.5,487.6000061035156,469.0,484.8500061035156,6112617,Sun Pharma
2020-07-28,453.3045043945313,482.6000061035156,483.75,473.25,475.5,5917155,Sun Pharma
2020-07-29,463.07318115234375,493.0,496.2999877929688,484.1499938964844,485.7000122070313,8531803,Sun Pharma
2020-07-30,478.9942626953125,509.9500122070313,513.2000122070312,487.2999877929688,493.2000122070313,17534819,Sun Pharma
2020-07-31,499.4239807128906,531.7000122070312,541.0,507.5,514.25,41253676,Sun Pharma
2020-08-03,487.8706359863281,519.4000244140625,540.2000122070312,516.7999877929688,534.0999755859375,25348229,Sun Pharma
2020-08-04,496.8409118652344,528.9500122070312,532.4000244140625,517.25,522.0,11950138,Sun Pharma
2020-08-05,496.7469177246094,528.8499755859375,538.0,527.0499877929688,537.9000244140625,10928555,Sun Pharma
2020-08-06,499.9405822753906,532.25,541.4500122070312,526.1500244140625,533.9000244140625,10919796,Sun Pharma
2020-08-07,494.0229797363281,525.9500122070312,535.4500122070312,522.5999755859375,532.2999877929688,7275403,Sun Pharma
2020-08-10,510.8363342285156,543.8499755859375,550.7999877929688,526.0,526.0,16271180,Sun Pharma
2020-08-11,508.2064514160156,541.0499877929688,549.5999755859375,535.0999755859375,548.0,7774058,Sun Pharma
2020-08-12,499.84674072265625,532.1500244140625,540.75,529.75,540.75,7405695,Sun Pharma
2020-08-13,489.1856689453125,520.7999877929688,535.9500122070312,519.0499877929688,532.1500244140625,8729438,Sun Pharma
2020-08-14,499.0951843261719,531.3499755859375,536.0,522.0,523.5,11787355,Sun Pharma
2020-08-17,496.2773132324219,528.3499755859375,537.5,527.0,536.0999755859375,6657699,Sun Pharma
2020-08-18,494.0699462890625,526.0,533.9000244140625,524.1500244140625,531.7000122070312,5555588,Sun Pharma
2020-08-19,494.4464111328125,525.4000244140625,532.9000244140625,524.3499755859375,530.0,5414452,Sun Pharma
2020-08-20,491.5289306640625,522.2999877929688,529.9000244140625,521.0499877929688,524.5,4886692,Sun Pharma
2020-08-21,500.9869689941406,532.3499755859375,538.7000122070312,524.2999877929688,526.5499877929688,9833484,Sun Pharma
2020-08-24,502.0220947265625,533.4500122070312,538.6500244140625,528.0499877929688,538.6500244140625,5675533,Sun Pharma
2020-08-25,494.16400146484375,525.0999755859375,535.1500244140625,523.4500122070312,533.5999755859375,4414315,Sun Pharma
2020-08-26,494.211181640625,525.1500244140625,530.0,522.25,526.0499877929688,5205745,Sun Pharma
2020-08-27,500.8928527832031,532.25,537.0,524.4000244140625,528.9500122070312,8564601,Sun Pharma
2020-08-28,523.0083618164062,555.75,564.75,534.75,538.0999755859375,29017731,Sun Pharma
2020-08-31,489.5998229980469,520.25,561.0,514.0499877929688,560.6500244140625,20056792,Sun Pharma
2020-09-01,490.7290344238281,521.4500122070312,527.6500244140625,506.2000122070313,521.2000122070312,13860865,Sun Pharma
2020-09-02,484.1886291503906,514.5,525.5999755859375,509.2000122070313,523.5,9636136,Sun Pharma
2020-09-03,492.6112365722656,523.4500122070312,526.8499755859375,512.5499877929688,518.5499877929688,10052098,Sun Pharma
2020-09-04,482.2593383789063,512.4500122070312,530.4000244140625,508.25,518.0,12380025,Sun Pharma
2020-09-07,483.0122985839844,513.25,518.2000122070312,504.25,516.0,6320017,Sun Pharma
2020-09-08,472.3308410644531,501.8999938964844,517.6500244140625,498.6499938964844,512.0,8519561,Sun Pharma
2020-09-09,479.2948913574219,509.2999877929688,512.7999877929688,493.6000061035156,497.0,10532163,Sun Pharma
2020-09-10,478.02447509765625,507.9500122070313,516.7000122070312,503.6499938964844,512.7000122070312,8572739,Sun Pharma
2020-09-11,475.7658386230469,505.5499877929688,512.3499755859375,502.6000061035156,507.0,5189670,Sun Pharma
2020-09-14,466.59027099609375,495.7999877929688,509.0,494.0,505.5499877929688,8041379,Sun Pharma
2020-09-15,476.5657958984375,506.3999938964844,512.4000244140625,496.0,498.0,11686574,Sun Pharma
2020-09-16,487.952880859375,518.5,520.0,503.3999938964844,510.1499938964844,10080107,Sun Pharma
2020-09-17,481.8358459472656,512.0,521.9000244140625,510.5,516.7999877929688,9959257,Sun Pharma
2020-09-18,492.51708984375,523.3499755859375,535.0,515.0,517.4500122070312,25685130,Sun Pharma
2020-09-21,473.9778137207031,503.6499938964844,528.25,499.0,523.7999877929688,9977984,Sun Pharma
2020-09-22,478.8713989257813,508.8500061035156,515.0,493.6000061035156,509.5,9862141,Sun Pharma
2020-09-23,473.2719421386719,502.8999938964844,521.0,498.25,520.5,10846053,Sun Pharma
2020-09-24,457.1793823242188,485.7999877929688,501.25,483.0,497.5,8768744,Sun Pharma
2020-09-25,460.8025207519531,489.6499938964844,496.0,483.8500061035156,496.0,9665092,Sun Pharma
2020-09-28,480.0477600097656,510.1000061035156,512.0,488.5,495.0,12221177,Sun Pharma
2020-09-29,476.33050537109375,506.1499938964844,517.8499755859375,504.5,517.8499755859375,8592449,Sun Pharma
2020-09-30,470.96630859375,500.4500122070313,516.2000122070312,498.2999877929688,508.0,12981899,Sun Pharma
2020-10-01,477.0362854003906,506.8999938964844,510.5,501.2999877929688,505.1000061035156,6733075,Sun Pharma
2020-10-05,492.2818603515625,523.0999755859375,525.0999755859375,503.7999877929688,507.0,8831627,Sun Pharma
2020-10-06,490.3526611328125,521.0499877929688,527.5999755859375,519.0,526.0,8537178,Sun Pharma
2020-10-07,481.6005859375,511.75,522.9000244140625,509.2000122070313,516.0999755859375,8346531,Sun Pharma
2020-10-08,493.2229919433594,524.0999755859375,526.0,511.75,514.5999755859375,9392711,Sun Pharma
2020-10-09,482.682861328125,512.9000244140625,529.2999877929688,511.0499877929688,525.0,11468529,Sun Pharma
2020-10-12,483.62396240234375,513.9000244140625,517.3499755859375,509.2999877929688,514.9000244140625,7092628,Sun Pharma
2020-10-13,473.5072021484375,503.1499938964844,519.9500122070312,501.6000061035156,514.0,8851580,Sun Pharma
2020-10-14,472.6131896972656,502.2000122070313,507.5,493.2999877929688,503.1499938964844,7640368,Sun Pharma
2020-10-15,461.4142150878906,490.2999877929688,504.7000122070313,489.0,504.7000122070313,6605127,Sun Pharma
2020-10-16,458.2145690917969,486.8999938964844,494.75,485.25,491.0,9085611,Sun Pharma
2020-10-19,455.1560668945313,483.6499938964844,490.8999938964844,480.8999938964844,489.9500122070313,5158764,Sun Pharma
2020-10-20,457.697021484375,486.3500061035156,488.5499877929688,480.3999938964844,484.9500122070313,5550859,Sun Pharma
2020-10-21,461.3202209472656,490.2000122070313,492.2000122070313,481.5,489.0,7269981,Sun Pharma
2020-10-22,456.9441528320313,485.5499877929688,491.3999938964844,481.7000122070313,491.2000122070313,6428694,Sun Pharma
2020-10-23,455.9560241699219,484.5,494.5,482.8999938964844,488.0,6578265,Sun Pharma
2020-10-26,446.5451049804688,474.5,487.3999938964844,471.1000061035156,487.3999938964844,6499259,Sun Pharma
2020-10-27,442.7337036132813,470.4500122070313,476.75,467.25,474.6000061035156,7693069,Sun Pharma
2020-10-28,436.0990905761719,463.3999938964844,475.75,461.3999938964844,473.0,7723679,Sun Pharma
2020-10-29,429.46435546875,456.3500061035156,464.0,452.25,463.0,8297097,Sun Pharma
2020-10-30,438.31060791015625,465.75,469.0,455.8500061035156,458.6499938964844,8680701,Sun Pharma
2020-11-02,441.74554443359375,469.3999938964844,471.0,459.0499877929688,467.8999938964844,7737909,Sun Pharma
2020-11-03,456.9911804199219,485.6000061035156,490.6000061035156,465.75,472.0499877929688,16853462,Sun Pharma
2020-11-04,474.91888427734375,504.6499938964844,518.25,495.1499938964844,499.8999938964844,48182254,Sun Pharma
2020-11-05,482.3064270019531,512.5,514.0,502.5,508.0,14095319,Sun Pharma
2020-11-06,479.1537170410156,509.1499938964844,515.75,506.75,515.0,9251548,Sun Pharma
2020-11-09,480.09478759765625,510.1499938964844,518.0,504.4500122070313,512.5,9718357,Sun Pharma
2020-11-10,461.97894287109375,490.8999938964844,514.25,489.0,511.0,12767338,Sun Pharma
2020-11-11,476.23638916015625,506.0499877929688,508.3500061035156,492.0,495.0,11754997,Sun Pharma
2020-11-12,479.2478942871094,509.25,517.7000122070312,502.2000122070313,503.9500122070313,10911897,Sun Pharma
2020-11-13,478.49505615234375,508.4500122070313,515.7999877929688,504.5499877929688,511.9500122070313,9501329,Sun Pharma
2020-11-14,483.7180480957031,514.0,515.5,510.2000122070313,511.0,1766237,Sun Pharma
2020-11-17,487.85882568359375,518.4000244140625,523.4000244140625,514.0499877929688,517.0,12411197,Sun Pharma
2020-11-18,482.7769470214844,513.0,518.3499755859375,509.0,514.0,6483702,Sun Pharma
2020-11-19,477.4598693847656,507.3500061035156,516.1500244140625,505.0,512.0,6843207,Sun Pharma
2020-11-20,473.6013488769531,503.25,512.5,496.0,510.0,7594535,Sun Pharma
2020-11-23,482.63568115234375,512.8499755859375,516.4000244140625,501.0,504.0,8931512,Sun Pharma
2020-11-24,489.5056762695313,520.1500244140625,522.75,508.2000122070313,513.5,9096230,Sun Pharma
2020-11-25,476.3775024414063,506.2000122070313,526.0,504.1499938964844,521.2000122070312,10673809,Sun Pharma
2020-11-26,481.5535278320313,511.7000122070313,513.0,502.2999877929688,506.0,7494355,Sun Pharma
2020-11-27,481.5064392089844,511.6499938964844,520.7999877929688,509.2000122070313,514.0,12954065,Sun Pharma
2020-12-01,507.574462890625,539.3499755859375,542.75,512.6500244140625,518.0,25388623,Sun Pharma
2020-12-02,512.5623779296875,544.6500244140625,547.0,536.0,540.9000244140625,14234038,Sun Pharma
2020-12-03,515.9502563476562,548.25,551.4500122070312,541.0,550.0,9345458,Sun Pharma
2020-12-04,535.5247192382812,569.0499877929688,572.9000244140625,545.2000122070312,550.0,16177536,Sun Pharma
2020-12-07,547.994140625,582.2999877929688,591.5,567.0499877929688,570.3499755859375,21232768,Sun Pharma
2020-12-08,535.1953125,568.7000122070312,582.0,565.7999877929688,582.0,10673103,Sun Pharma
2020-12-09,535.9953002929688,569.5499877929688,583.9500122070312,566.7000122070312,571.0,11144200,Sun Pharma
2020-12-10,531.9015502929688,565.2000122070312,574.75,560.0999755859375,570.0,6755693,Sun Pharma
2020-12-11,534.6306762695312,568.0999755859375,572.9500122070312,562.0,567.9000244140625,6968494,Sun Pharma
2020-12-14,542.3005981445312,576.25,578.6500244140625,568.3499755859375,568.3499755859375,8582193,Sun Pharma
2020-12-15,537.9715576171875,571.6500244140625,580.0,569.0,575.0,5896090,Sun Pharma
2020-12-16,542.6299438476562,576.5999755859375,578.5,571.0,571.0,5135499,Sun Pharma
2020-12-17,537.6890869140625,571.3499755859375,586.2999877929688,569.7000122070312,579.5,9025916,Sun Pharma
2020-12-18,541.124267578125,575.0,576.9000244140625,568.0,574.0,4940687,Sun Pharma
2020-12-21,519.996826171875,552.5499877929688,585.9000244140625,539.7000122070312,573.7999877929688,12715463,Sun Pharma
2020-12-22,534.8189697265625,568.2999877929688,571.0999755859375,540.4000244140625,553.0,8012096,Sun Pharma
2020-12-23,540.747802734375,574.5999755859375,576.5499877929688,566.0999755859375,570.0,4958783,Sun Pharma
2020-12-24,555.6641235351562,590.4500122070312,595.0,572.1500244140625,574.5999755859375,7486583,Sun Pharma
2020-12-28,552.3702392578125,586.9500122070312,599.4500122070312,584.5499877929688,599.0,12299793,Sun Pharma
2020-12-29,555.8051147460938,590.5999755859375,596.0,583.1500244140625,589.7999877929688,7430043,Sun Pharma
2020-12-30,549.593994140625,584.0,595.0,581.5,595.0,5589703,Sun Pharma
2020-12-31,557.4519653320312,592.3499755859375,594.9000244140625,582.0499877929688,584.6500244140625,8835267,Sun Pharma
2021-01-01,561.122314453125,596.25,599.75,585.8499755859375,592.5,8229768,Sun Pharma
2021-01-04,568.792236328125,604.4000244140625,609.4500122070312,595.2000122070312,600.0,11329298,Sun Pharma
2021-01-05,567.8980712890625,603.4500122070312,608.7000122070312,600.0,608.4500122070312,7790158,Sun Pharma
2021-01-06,569.6390380859375,605.2999877929688,610.9500122070312,596.1500244140625,604.0999755859375,6422080,Sun Pharma
2021-01-07,566.439453125,601.9000244140625,608.0,598.0,606.0499877929688,4555702,Sun Pharma
2021-01-08,584.2258911132812,620.7999877929688,622.7999877929688,604.0,607.0,11451416,Sun Pharma
2021-01-11,584.4140625,621.0,628.0,614.0499877929688,623.7000122070312,7516087,Sun Pharma
2021-01-12,573.73291015625,609.6500244140625,623.9000244140625,607.0499877929688,621.0,6747035,Sun Pharma
2021-01-13,566.8158569335938,602.2999877929688,614.5,597.25,611.0,6186661,Sun Pharma
2021-01-14,571.285888671875,607.0499877929688,611.6500244140625,596.4000244140625,602.2999877929688,6730284,Sun Pharma
2021-01-15,568.697998046875,604.2999877929688,616.7999877929688,598.0999755859375,609.0,8389544,Sun Pharma
2021-01-18,547.1942138671875,581.4500122070312,607.3499755859375,578.4500122070312,604.0999755859375,7414570,Sun Pharma
2021-01-19,561.404541015625,596.5499877929688,603.0,583.3499755859375,586.9000244140625,5500391,Sun Pharma
2021-01-20,559.66357421875,594.7000122070312,603.5999755859375,592.9500122070312,601.2000122070312,5182972,Sun Pharma
2021-01-21,548.5587768554688,582.9000244140625,598.75,580.6500244140625,598.0,4546393,Sun Pharma
2021-01-22,541.3125,575.2000122070312,586.9500122070312,570.5999755859375,582.9000244140625,5591688,Sun Pharma
2021-01-25,551.8526611328125,586.4000244140625,594.0,567.0,577.0999755859375,8149590,Sun Pharma
2021-01-27,536.2305297851562,569.7999877929688,585.9000244140625,563.75,585.9000244140625,8534047,Sun Pharma
2021-01-28,531.1016845703125,564.3499755859375,574.5,550.4000244140625,554.9000244140625,9863454,Sun Pharma
2021-01-29,551.6644897460938,586.2000122070312,600.0,554.0999755859375,568.0,22539938,Sun Pharma
2021-02-01,555.3817749023438,590.1500244140625,599.4000244140625,579.5999755859375,596.0,12621971,Sun Pharma
2021-02-02,573.5447387695312,609.4500122070312,616.9000244140625,591.5,596.9500122070312,15788247,Sun Pharma
2021-02-03,592.1310424804688,629.2000122070312,648.4000244140625,610.5,612.5,23788455,Sun Pharma
2021-02-04,594.2955322265625,631.5,641.0,626.25,632.5,7926593,Sun Pharma
2021-02-05,597.3541870117188,634.75,644.25,623.1500244140625,633.5,10981738,Sun Pharma
2021-02-08,597.2600708007812,634.6500244140625,644.8499755859375,632.5499877929688,640.9000244140625,6479801,Sun Pharma
2021-02-09,591.9912719726562,623.5999755859375,639.25,621.0,631.9000244140625,5794015,Sun Pharma
2021-02-10,595.3138427734375,627.0999755859375,631.5499877929688,614.0999755859375,623.0499877929688,6902162,Sun Pharma
2021-02-11,611.0250854492188,643.6500244140625,648.75,622.0,622.0,11433578,Sun Pharma
2021-02-12,595.3613891601562,627.1500244140625,654.4000244140625,622.3499755859375,654.4000244140625,15471776,Sun Pharma
2021-02-15,595.6936645507812,627.5,637.2999877929688,623.2999877929688,632.0,7310676,Sun Pharma
2021-02-16,599.1586303710938,631.1500244140625,634.5,623.0,631.0,6137454,Sun Pharma
2021-02-17,589.7604370117188,621.25,632.4000244140625,619.7999877929688,628.7000122070312,4700733,Sun Pharma
2021-02-18,584.8240356445312,616.0499877929688,627.25,614.0999755859375,622.0,5633766,Sun Pharma
2021-02-19,576.5174560546875,607.2999877929688,622.2999877929688,601.2000122070312,615.9000244140625,7301975,Sun Pharma
2021-02-22,565.1258544921875,595.2999877929688,610.8499755859375,590.4000244140625,608.0,5330343,Sun Pharma
2021-02-23,573.4322509765625,604.0499877929688,608.3499755859375,592.0,595.0,7564187,Sun Pharma
2021-02-24,570.9640502929688,601.4500122070312,609.3499755859375,595.8499755859375,607.0999755859375,3296243,Sun Pharma
2021-02-25,578.6534423828125,609.5499877929688,618.9000244140625,602.7000122070312,606.4000244140625,6261754,Sun Pharma
2021-02-26,564.461181640625,594.5999755859375,621.3499755859375,590.0,604.9500122070312,15404415,Sun Pharma
2021-03-01,573.8119506835938,604.4500122070312,610.7999877929688,597.0499877929688,600.0,5274758,Sun Pharma
2021-03-02,583.0678100585938,614.2000122070312,616.3499755859375,604.5,609.0,4776776,Sun Pharma
2021-03-03,592.7031860351562,624.3499755859375,625.4000244140625,612.25,616.5,6626297,Sun Pharma
2021-03-04,587.5770263671875,618.9500122070312,636.75,616.0,622.0,11530735,Sun Pharma
2021-03-05,580.2199096679688,611.2000122070312,619.4500122070312,606.9000244140625,619.4500122070312,6127488,Sun Pharma
2021-03-08,583.6372680664062,614.7999877929688,621.9000244140625,611.2999877929688,611.5,4554461,Sun Pharma
2021-03-09,581.5488891601562,612.5999755859375,620.9000244140625,607.5,618.0,4035628,Sun Pharma
2021-03-10,594.2695922851562,626.0,627.9000244140625,615.3499755859375,618.0,5825924,Sun Pharma
2021-03-12,582.4981689453125,613.5999755859375,629.1500244140625,611.5,628.0,4264170,Sun Pharma
2021-03-15,574.8086547851562,605.5,614.0,596.5,614.0,4030762,Sun Pharma
2021-03-16,571.7709350585938,602.2999877929688,609.9500122070312,599.25,606.0,4189930,Sun Pharma
2021-03-17,555.1104736328125,584.75,604.0,582.0,604.0,7667561,Sun Pharma
2021-03-18,545.4275512695312,574.5499877929688,591.5499877929688,572.0,587.4000244140625,5537584,Sun Pharma
2021-03-19,548.9874267578125,578.2999877929688,582.6500244140625,562.0999755859375,571.0,6186643,Sun Pharma
2021-03-22,561.043701171875,591.0,593.5999755859375,578.5999755859375,578.5999755859375,7033955,Sun Pharma
2021-03-23,558.0534057617188,587.8499755859375,594.7000122070312,583.0,591.2000122070312,5341729,Sun Pharma
2021-03-24,555.6326904296875,585.2999877929688,597.0,583.2000122070312,585.0,7299582,Sun Pharma
2021-03-25,546.5667114257812,575.75,587.9500122070312,571.5,584.4000244140625,4710869,Sun Pharma
2021-03-26,557.436279296875,587.2000122070312,590.2999877929688,574.5999755859375,580.8499755859375,5761818,Sun Pharma
2021-03-30,567.404052734375,597.7000122070312,599.0,587.25,594.9500122070312,4637718,Sun Pharma
2021-03-31,567.4990234375,597.7999877929688,606.0,595.7000122070312,598.2000122070312,5269919,Sun Pharma
2021-04-01,579.7926025390625,610.75,612.7000122070312,597.3499755859375,600.0,6033653,Sun Pharma
2021-04-05,577.9414672851562,608.7999877929688,611.9500122070312,592.75,611.7000122070312,5353987,Sun Pharma
2021-04-06,589.0010375976562,620.4500122070312,621.9000244140625,603.5,608.75,7444994,Sun Pharma
2021-04-07,589.5706176757812,621.0499877929688,628.4000244140625,616.1500244140625,621.0,4757224,Sun Pharma
2021-04-08,583.115234375,614.25,626.0,613.2999877929688,620.5499877929688,3222479,Sun Pharma
2021-04-09,604.4747314453125,636.75,642.0,609.5,613.0,16755446,Sun Pharma
2021-04-12,587.9566650390625,619.3499755859375,645.8499755859375,615.2000122070312,639.0,15229597,Sun Pharma
2021-04-13,595.5511474609375,627.3499755859375,635.5499877929688,616.0999755859375,624.0,7399207,Sun Pharma
2021-04-15,601.152099609375,633.25,641.5,626.5,633.5999755859375,8588761,Sun Pharma
2021-04-16,613.3033447265625,646.0499877929688,650.0,626.3499755859375,633.25,9804095,Sun Pharma
2021-04-19,608.1771240234375,640.6500244140625,651.4000244140625,635.0,644.0,11340358,Sun Pharma
2021-04-20,612.4490356445312,645.1500244140625,659.5,639.1500244140625,643.7999877929688,13831258,Sun Pharma
2021-04-22,607.5126342773438,639.9500122070312,658.0,638.0999755859375,650.7000122070312,11295290,Sun Pharma
2021-04-23,605.6138916015625,637.9500122070312,645.7999877929688,630.1500244140625,636.5,7668180,Sun Pharma
2021-04-26,602.5287475585938,634.7000122070312,644.0,631.0,644.0,6527947,Sun Pharma
2021-04-27,606.8480834960938,639.25,642.4500122070312,632.0,632.7000122070312,5112384,Sun Pharma
2021-04-28,610.7877197265625,643.4000244140625,647.2999877929688,638.2999877929688,640.9500122070312,6069155,Sun Pharma
2021-04-29,611.8319702148438,644.5,652.0,641.0999755859375,648.9500122070312,5676290,Sun Pharma
2021-04-30,621.2776489257812,654.4500122070312,666.5999755859375,640.0999755859375,642.0,10874266,Sun Pharma
2021-05-03,625.786865234375,659.2000122070312,663.9500122070312,650.0999755859375,653.9500122070312,6567597,Sun Pharma
2021-05-04,612.4490356445312,645.1500244140625,664.9000244140625,642.0,662.0,5604638,Sun Pharma
2021-05-05,648.7603149414062,683.4000244140625,687.9000244140625,642.25,642.25,25296369,Sun Pharma
2021-05-06,644.9629516601562,679.4000244140625,696.7000122070312,673.3499755859375,689.8499755859375,11153908,Sun Pharma
2021-05-07,645.0103759765625,679.4500122070312,691.0,677.5999755859375,681.0,6466334,Sun Pharma
2021-05-10,662.8099975585938,698.2000122070312,703.5,683.5999755859375,688.0,10924222,Sun Pharma
2021-05-11,672.2081909179688,708.0999755859375,721.8499755859375,696.2000122070312,698.5,14760511,Sun Pharma
2021-05-12,667.2244262695312,702.8499755859375,714.9500122070312,700.0,714.9500122070312,7250661,Sun Pharma
2021-05-14,656.4022827148438,691.4500122070312,711.0,687.0,703.0,6851035,Sun Pharma
2021-05-17,652.3201293945312,687.1500244140625,698.5,680.0499877929688,688.0,6318234,Sun Pharma
2021-05-18,655.7850341796875,690.7999877929688,695.8499755859375,684.75,691.0,4080423,Sun Pharma
2021-05-19,667.7464599609375,703.4000244140625,706.75,690.7999877929688,694.2999877929688,7745431,Sun Pharma
2021-05-20,652.0352783203125,686.8499755859375,701.6500244140625,685.0,700.0,6226376,Sun Pharma
2021-05-21,655.4053955078125,690.4000244140625,694.5,688.0,691.75,3434231,Sun Pharma
2021-05-24,655.927490234375,690.9500122070312,698.4000244140625,689.5999755859375,691.0,3722957,Sun Pharma
2021-05-25,660.8164672851562,696.0999755859375,697.4000244140625,691.0,695.0,2800233,Sun Pharma
2021-05-26,668.1260375976562,703.7999877929688,706.1500244140625,696.2000122070312,699.5,6235460,Sun Pharma
2021-05-27,664.0441284179688,699.5,709.75,694.5,707.25,9875654,Sun Pharma
2021-05-28,635.8021850585938,669.75,694.5,666.2999877929688,694.0,28316552,Sun Pharma
2021-05-31,634.4255981445312,668.2999877929688,675.7000122070312,659.0,672.0,13947126,Sun Pharma
2021-06-01,637.0361328125,671.0499877929688,673.2999877929688,664.2999877929688,670.0999755859375,6443084,Sun Pharma
2021-06-02,643.1117553710938,677.4500122070312,678.0999755859375,670.1500244140625,671.0,4978457,Sun Pharma
2021-06-03,641.2606201171875,675.5,680.8499755859375,673.5,678.0,3604574,Sun Pharma
2021-06-04,639.7891845703125,673.9500122070312,679.25,672.7999877929688,678.9000244140625,3747803,Sun Pharma
2021-06-07,641.1181640625,675.3499755859375,677.7999877929688,670.9000244140625,673.9500122070312,2793705,Sun Pharma
2021-06-08,644.345947265625,678.75,679.9500122070312,665.0999755859375,673.0,5695920,Sun Pharma
2021-06-09,638.7449340820312,672.8499755859375,684.7000122070312,667.5999755859375,681.0499877929688,4492551,Sun Pharma
2021-06-10,641.7827758789062,676.0499877929688,681.0,673.0,673.0499877929688,3099864,Sun Pharma
2021-06-11,646.7666625976562,681.2999877929688,686.3499755859375,674.0499877929688,675.2000122070312,3822099,Sun Pharma
2021-06-14,642.7794799804688,677.0999755859375,683.7000122070312,671.5499877929688,682.0,3640962,Sun Pharma
2021-06-15,639.0772094726562,673.2000122070312,681.4000244140625,671.75,677.0999755859375,3862284,Sun Pharma
2021-06-16,634.6629638671875,668.5499877929688,680.5,666.8499755859375,675.0,4842448,Sun Pharma
2021-06-17,631.3403930664062,665.0499877929688,673.5499877929688,661.6500244140625,671.7999877929688,2776147,Sun Pharma
2021-06-18,634.6154174804688,668.5,673.0,652.7000122070312,667.0,4158743,Sun Pharma
2021-06-21,637.3209228515625,671.3499755859375,674.7999877929688,662.0,662.0,2932177,Sun Pharma
2021-06-22,633.0015869140625,666.7999877929688,680.25,665.8499755859375,678.0,4577152,Sun Pharma
2021-06-23,631.5301513671875,665.25,672.3499755859375,664.25,666.7999877929688,2631031,Sun Pharma
2021-06-24,631.1029052734375,664.7999877929688,671.0,661.5,664.2000122070312,3460776,Sun Pharma
2021-06-25,638.1754760742188,672.25,677.4000244140625,664.7999877929688,664.7999877929688,3010243,Sun Pharma
2021-06-28,642.0200805664062,676.2999877929688,679.9000244140625,669.5499877929688,675.0,3342385,Sun Pharma
2021-06-29,643.2542114257812,677.5999755859375,681.5,673.0999755859375,673.25,2937766,Sun Pharma
2021-06-30,641.2131958007812,675.4500122070312,683.4500122070312,674.25,678.0499877929688,3768943,Sun Pharma
2021-07-01,649.47216796875,684.1500244140625,685.7999877929688,673.7000122070312,675.0,4102748,Sun Pharma
2021-07-02,646.7191772460938,681.25,689.5,678.2999877929688,685.5,5071894,Sun Pharma
2021-07-05,645.7225341796875,680.2000122070312,684.9500122070312,678.5999755859375,684.0,1600769,Sun Pharma
2021-07-06,639.1246948242188,673.25,683.0,672.4000244140625,678.0,2682423,Sun Pharma
2021-07-07,645.62744140625,680.0999755859375,682.0,666.0999755859375,668.0,2576763,Sun Pharma
2021-07-08,633.0966796875,666.9000244140625,680.9000244140625,665.0999755859375,677.0,2548016,Sun Pharma
2021-07-09,634.0458984375,667.9000244140625,672.2999877929688,664.2000122070312,666.5,1994075,Sun Pharma
2021-07-12,634.6629638671875,668.5499877929688,672.8499755859375,666.4000244140625,668.5999755859375,1555035,Sun Pharma
2021-07-13,648.38037109375,683.0,689.3499755859375,669.0,670.2999877929688,7744032,Sun Pharma
2021-07-14,651.180908203125,685.9500122070312,692.4000244140625,681.0,681.9500122070312,2663467,Sun Pharma
2021-07-15,648.38037109375,683.0,688.2000122070312,681.2999877929688,686.0,1905193,Sun Pharma
2021-07-16,653.6965942382812,688.5999755859375,695.6500244140625,682.6500244140625,684.9000244140625,3479357,Sun Pharma
2021-07-19,654.313720703125,689.25,691.5,678.0499877929688,678.0499877929688,1940882,Sun Pharma
2021-07-20,642.1625366210938,676.4500122070312,691.5999755859375,673.9000244140625,689.0,2724983,Sun Pharma
2021-07-22,652.4624633789062,687.2999877929688,688.2000122070312,675.5499877929688,680.0,2047831,Sun Pharma
2021-07-23,658.8228759765625,694.0,698.9500122070312,681.5999755859375,686.2000122070312,3956261,Sun Pharma
2021-07-26,667.7464599609375,703.4000244140625,705.0,695.2000122070312,695.2000122070312,4715053,Sun Pharma
2021-07-27,653.4118041992188,688.2999877929688,705.7000122070312,673.8499755859375,705.0,5327355,Sun Pharma
2021-07-28,652.9371337890625,687.7999877929688,691.9500122070312,672.5499877929688,688.2999877929688,3332667,Sun Pharma
2021-07-29,667.3667602539062,703.0,705.9500122070312,680.7000122070312,687.7999877929688,4397443,Sun Pharma
2021-07-30,734.720458984375,773.9500122070312,783.75,696.1500244140625,702.9500122070312,35893710,Sun Pharma
2021-08-02,735.7172241210938,775.0,801.9000244140625,764.0999755859375,785.0,18661462,Sun Pharma
2021-08-03,754.5135498046875,794.7999877929688,804.3499755859375,765.25,773.9500122070312,14678219,Sun Pharma
2021-08-04,745.92236328125,785.75,797.9000244140625,779.7000122070312,791.0,5796169,Sun Pharma
2021-08-05,746.302001953125,786.1500244140625,794.4000244140625,783.2999877929688,785.5,5026619,Sun Pharma
2021-08-06,745.4003295898438,785.2000122070312,796.4500122070312,781.5499877929688,786.5,4064324,Sun Pharma
2021-08-09,748.8176879882812,788.7999877929688,793.0,782.0,789.1500244140625,2873586,Sun Pharma
2021-08-10,753.1370849609375,793.3499755859375,798.7999877929688,782.2000122070312,789.9500122070312,5656020,Sun Pharma
2021-08-11,740.0366821289062,779.5499877929688,795.0,773.2999877929688,794.0,4275776,Sun Pharma
2021-08-12,739.1822509765625,778.6500244140625,781.25,773.1500244140625,780.0,2821380,Sun Pharma
2021-08-13,738.8500366210938,778.2999877929688,788.5,767.6500244140625,769.0,4319920,Sun Pharma
2021-08-16,741.2232055664062,780.7999877929688,783.0,771.0499877929688,775.2000122070312,2310304,Sun Pharma
2021-08-17,744.4033813476562,784.1500244140625,793.2000122070312,778.2000122070312,783.0,5686055,Sun Pharma
2021-08-18,743.216796875,782.9000244140625,791.4000244140625,779.2999877929688,788.0,4036305,Sun Pharma
2021-08-20,722.5692749023438,761.1500244140625,784.4500122070312,743.3499755859375,775.0,6238261,Sun Pharma
2021-08-23,722.7595825195312,759.3499755859375,770.0,750.7999877929688,765.0,2375417,Sun Pharma
2021-08-24,734.1814575195312,771.3499755859375,777.9500122070312,754.25,759.7999877929688,2732537,Sun Pharma
2021-08-25,731.9921264648438,769.0499877929688,776.0,759.5999755859375,770.0,2254852,Sun Pharma
2021-08-26,723.9017944335938,760.5499877929688,771.0999755859375,759.25,765.1500244140625,1735864,Sun Pharma
2021-08-27,734.609619140625,771.7999877929688,777.0,758.0999755859375,760.75,2432862,Sun Pharma
2021-08-30,749.2677001953125,787.2000122070312,794.9500122070312,768.1500244140625,769.0,3617125,Sun Pharma
2021-08-31,755.78759765625,794.0499877929688,801.0,783.7000122070312,787.4500122070312,7435465,Sun Pharma
2021-09-01,750.5049438476562,788.5,803.9000244140625,787.0,795.0499877929688,2811619,Sun Pharma
2021-09-02,751.8851928710938,789.9500122070312,795.6500244140625,788.2999877929688,790.2999877929688,2679549,Sun Pharma
2021-09-03,751.3616943359375,789.4000244140625,797.2000122070312,784.0,793.0,2860730,Sun Pharma
2021-09-06,746.4598388671875,784.25,793.0999755859375,779.75,789.4000244140625,4613445,Sun Pharma
2021-09-07,732.8012084960938,769.9000244140625,783.0,766.5999755859375,782.0,3851664,Sun Pharma
2021-09-08,739.9873657226562,777.4500122070312,778.9500122070312,763.5499877929688,767.2999877929688,2548562,Sun Pharma
2021-09-09,738.8927612304688,776.2999877929688,782.25,771.4500122070312,772.2000122070312,2008287,Sun Pharma
2021-09-13,742.7000732421875,780.2999877929688,783.0,771.6500244140625,776.2999877929688,1935832,Sun Pharma
2021-09-14,743.7471923828125,781.4000244140625,788.0,777.2999877929688,784.7000122070312,1996844,Sun Pharma
2021-09-15,743.0332641601562,780.6500244140625,785.75,778.7999877929688,784.7000122070312,1393824,Sun Pharma
2021-09-16,743.4139404296875,781.0499877929688,784.5499877929688,778.2999877929688,780.0,1353677,Sun Pharma
2021-09-17,732.8012084960938,769.9000244140625,787.9000244140625,766.6500244140625,785.0,4052622,Sun Pharma
2021-09-20,720.0469360351562,756.5,774.75,751.5999755859375,766.7000122070312,2206369,Sun Pharma
2021-09-21,727.6614379882812,764.5,766.3499755859375,751.0499877929688,756.5,2123997,Sun Pharma
2021-09-22,732.9915771484375,770.0999755859375,774.0,764.5,765.0,1817865,Sun Pharma
2021-09-23,732.753662109375,769.8499755859375,777.2000122070312,766.0999755859375,771.0999755859375,2109768,Sun Pharma
2021-09-24,733.3247680664062,770.4500122070312,776.6500244140625,762.0,769.0,1777859,Sun Pharma
2021-09-27,726.2813110351562,763.0499877929688,774.5,760.0999755859375,771.4500122070312,2862731,Sun Pharma
2021-09-28,737.750732421875,775.0999755859375,791.0,754.9500122070312,766.7000122070312,4938824,Sun Pharma
2021-09-29,772.2063598632812,811.2999877929688,819.75,771.3499755859375,784.0,18565413,Sun Pharma
2021-09-30,778.8214111328125,818.25,832.9500122070312,806.5999755859375,814.7999877929688,10478553,Sun Pharma
2021-10-01,786.7691650390625,826.5999755859375,830.7000122070312,805.2999877929688,812.0,5730355,Sun Pharma
2021-10-04,791.9088134765625,832.0,838.9000244140625,826.4500122070312,830.0,4007435,Sun Pharma
2021-10-05,780.9630126953125,820.5,834.4000244140625,814.9500122070312,828.0,2987134,Sun Pharma
2021-10-06,762.02197265625,800.5999755859375,824.0,797.2999877929688,820.4500122070312,2910453,Sun Pharma
2021-10-07,783.5805053710938,823.25,826.3499755859375,804.0999755859375,808.0499877929688,4089061,Sun Pharma
2021-10-08,781.8196411132812,821.4000244140625,833.7999877929688,818.5999755859375,825.0999755859375,2753935,Sun Pharma
2021-10-11,792.4323120117188,832.5499877929688,836.2000122070312,817.7999877929688,826.0,2988841,Sun Pharma
2021-10-12,789.7197875976562,829.7000122070312,842.75,823.7000122070312,833.5,2407031,Sun Pharma
2021-10-13,801.9505004882812,842.5499877929688,846.7999877929688,827.25,827.9500122070312,4113083,Sun Pharma
2021-10-14,800.7608032226562,841.2999877929688,850.0,838.25,843.9000244140625,2300231,Sun Pharma
2021-10-18,795.6209716796875,835.9000244140625,851.0,832.1500244140625,850.0,2632795,Sun Pharma
2021-10-19,787.48291015625,827.3499755859375,842.2000122070312,825.6500244140625,837.0,2029762,Sun Pharma
2021-10-20,775.6329345703125,814.9000244140625,834.7999877929688,807.5,825.0499877929688,2089252,Sun Pharma
2021-10-21,778.9642944335938,818.4000244140625,829.0,810.0499877929688,823.0499877929688,3155655,Sun Pharma
2021-10-22,773.3961181640625,812.5499877929688,826.8499755859375,800.1500244140625,825.0999755859375,1709523,Sun Pharma
2021-10-25,774.0147094726562,813.2000122070312,821.25,795.5499877929688,810.0,2129988,Sun Pharma
2021-10-26,774.30029296875,813.5,823.9000244140625,806.2999877929688,817.0,1628608,Sun Pharma
2021-10-27,785.3413696289062,825.0999755859375,838.4500122070312,815.7999877929688,815.7999877929688,3569869,Sun Pharma
2021-10-28,768.6845703125,807.5999755859375,829.1500244140625,803.0499877929688,823.9500122070312,1647229,Sun Pharma
2021-10-29,756.6918334960938,795.0,816.5499877929688,779.3499755859375,800.0,4321416,Sun Pharma
2021-11-01,772.6821899414062,811.7999877929688,813.8499755859375,787.0,798.9500122070312,1935341,Sun Pharma
2021-11-02,776.10888671875,815.4000244140625,836.0,782.75,814.6500244140625,17608860,Sun Pharma
2021-11-03,749.9814453125,787.9500122070312,822.0,781.3499755859375,820.0,9452138,Sun Pharma
2021-11-04,757.1200561523438,795.4500122070312,797.0,788.5,797.0,485870,Sun Pharma
2021-11-08,761.4508666992188,800.0,803.0,783.0,798.0,4280584,Sun Pharma
2021-11-09,762.7357788085938,801.3499755859375,812.0,797.0,800.0,3232291,Sun Pharma
2021-11-10,772.015869140625,811.0999755859375,815.0,797.0,799.75,2900645,Sun Pharma
2021-11-11,756.5489501953125,794.8499755859375,810.4500122070312,792.0999755859375,808.9500122070312,2107377,Sun Pharma
2021-11-12,767.6376342773438,806.5,808.5499877929688,796.0999755859375,803.9500122070312,2076523,Sun Pharma
2021-11-15,771.6353149414062,810.7000122070312,819.6500244140625,806.6500244140625,808.2999877929688,2109222,Sun Pharma
2021-11-16,759.9755249023438,798.4500122070312,817.4500122070312,795.6500244140625,812.2999877929688,1512946,Sun Pharma
2021-11-17,753.2177124023438,791.3499755859375,805.0,787.4000244140625,800.0,1662900,Sun Pharma
2021-11-18,752.5514526367188,790.6500244140625,794.3499755859375,780.0999755859375,790.0,3177648,Sun Pharma
2021-11-22,733.6102905273438,770.75,794.0,765.0499877929688,791.8499755859375,2894426,Sun Pharma
2021-11-23,747.3640747070312,785.2000122070312,791.75,761.5499877929688,770.0,2739763,Sun Pharma
2021-11-24,741.4152221679688,778.9500122070312,796.9500122070312,775.5499877929688,783.5,2404041,Sun Pharma
2021-11-25,745.1749267578125,782.9000244140625,787.25,774.3499755859375,775.5999755859375,1861259,Sun Pharma
2021-11-26,730.3265380859375,767.2999877929688,798.9000244140625,762.0,775.0,5432649,Sun Pharma
2021-11-29,714.8595581054688,751.0499877929688,775.0,749.0499877929688,773.0,4664270,Sun Pharma
2021-11-30,717.2865600585938,753.5999755859375,761.6500244140625,746.0499877929688,751.0,5505266,Sun Pharma
2021-12-01,709.4342041015625,745.3499755859375,763.25,740.3499755859375,756.75,3687799,Sun Pharma
2021-12-02,729.3271484375,766.25,770.75,746.0999755859375,753.0,4896650,Sun Pharma
2021-12-03,715.5733642578125,751.7999877929688,771.9000244140625,748.9000244140625,771.9000244140625,3135454,Sun Pharma
2021-12-06,701.62939453125,737.1500244140625,752.5499877929688,733.7000122070312,751.2000122070312,2577704,Sun Pharma
2021-12-07,707.8638305664062,743.7000122070312,751.0,735.0,741.0999755859375,2583462,Sun Pharma
2021-12-08,721.04638671875,757.5499877929688,763.5,747.3499755859375,750.2000122070312,2530785,Sun Pharma
2021-12-09,723.140380859375,759.75,766.7999877929688,756.1500244140625,758.2000122070312,2604449,Sun Pharma
2021-12-10,724.6632690429688,761.3499755859375,775.0,754.2000122070312,754.2000122070312,2950388,Sun Pharma
2021-12-13,725.8529663085938,762.5999755859375,773.3499755859375,759.0,763.8499755859375,2491218,Sun Pharma
2021-12-14,719.61865234375,756.0499877929688,768.75,753.5999755859375,757.25,3224172,Sun Pharma
2021-12-15,737.750732421875,775.0999755859375,778.8499755859375,745.2999877929688,752.5,6231786,Sun Pharma
2021-12-16,727.6139526367188,764.4500122070312,786.5,760.0,786.5,6186549,Sun Pharma
2021-12-17,731.8970947265625,768.9500122070312,772.3499755859375,753.5,762.0,7171030,Sun Pharma
2021-12-20,727.1380615234375,763.9500122070312,774.7000122070312,753.0499877929688,768.0,7474026,Sun Pharma
2021-12-21,741.0343627929688,778.5499877929688,783.9500122070312,764.0499877929688,764.0499877929688,5599344,Sun Pharma
2021-12-22,759.0712890625,797.5,801.0,777.5,785.0,5871235,Sun Pharma
2021-12-23,754.2646484375,792.4500122070312,803.9500122070312,790.0,801.8499755859375,4277384,Sun Pharma
2021-12-24,747.554443359375,785.4000244140625,794.7999877929688,777.5999755859375,793.4000244140625,3076272,Sun Pharma
2021-12-27,755.8350830078125,794.0999755859375,796.5999755859375,781.1500244140625,784.0,3598487,Sun Pharma
2021-12-28,775.8231201171875,815.0999755859375,819.9000244140625,794.2000122070312,796.0,5477769,Sun Pharma
2021-12-29,798.3811645507812,838.7999877929688,843.6500244140625,816.5,822.5,8748856,Sun Pharma
2021-12-30,794.2408447265625,834.4500122070312,841.9500122070312,827.3499755859375,836.6500244140625,5179861,Sun Pharma
2021-12-31,804.9487915039062,845.7000122070312,850.9500122070312,834.0,834.4500122070312,3346523,Sun Pharma
2022-01-03,808.0421142578125,848.9500122070312,860.0499877929688,840.9000244140625,845.0,3726756,Sun Pharma
2022-01-04,797.3343505859375,837.7000122070312,854.0,832.4000244140625,852.5,3027262,Sun Pharma
2022-01-05,794.8594360351562,835.0999755859375,844.5499877929688,830.6500244140625,840.0,2436343,Sun Pharma
2022-01-06,789.62451171875,829.5999755859375,844.9000244140625,822.0,837.7999877929688,2423850,Sun Pharma
2022-01-07,789.005859375,828.9500122070312,836.0,825.2000122070312,829.5999755859375,1475374,Sun Pharma
2022-01-10,786.8643188476562,826.7000122070312,835.0,817.5499877929688,832.0999755859375,4837873,Sun Pharma
2022-01-11,792.2896118164062,832.4000244140625,841.5,828.2999877929688,830.9000244140625,4950526,Sun Pharma
2022-01-12,795.906494140625,836.2000122070312,845.0,827.5,845.0,3953446,Sun Pharma
2022-01-13,823.7946166992188,865.5,871.0,834.25,836.2000122070312,7395140,Sun Pharma
2022-01-14,818.3217163085938,859.75,868.9000244140625,856.7999877929688,865.5,2351963,Sun Pharma
2022-01-17,812.08740234375,853.2000122070312,863.4000244140625,850.5,859.75,1750754,Sun Pharma
2022-01-18,805.9005737304688,846.7000122070312,867.2000122070312,845.0,855.0,3354708,Sun Pharma
2022-01-19,798.0957641601562,838.5,848.0,834.0,848.0,1677779,Sun Pharma
2022-01-20,780.4871215820312,820.0,842.75,815.6500244140625,839.2999877929688,2886894,Sun Pharma
2022-01-21,769.7792358398438,808.75,819.7000122070312,801.0999755859375,816.5,3218477,Sun Pharma
2022-01-24,762.2598266601562,800.8499755859375,825.0,791.5999755859375,804.0,5300160,Sun Pharma
2022-01-25,769.1129760742188,808.0499877929688,811.7000122070312,784.7999877929688,791.0,3779497,Sun Pharma
2022-01-27,772.9677124023438,812.0999755859375,817.4000244140625,791.2999877929688,802.0,3593525,Sun Pharma
2022-01-28,787.48291015625,827.3499755859375,842.9000244140625,812.0999755859375,816.0,5073701,Sun Pharma
2022-01-31,794.2883911132812,834.5,849.75,820.0499877929688,830.0999755859375,8041517,Sun Pharma
2022-02-01,848.7797241210938,891.75,895.0,839.8499755859375,847.4000244140625,12337459,Sun Pharma
2022-02-02,847.73291015625,890.6500244140625,898.4500122070312,882.0,890.0,4404741,Sun Pharma
2022-02-03,840.9749145507812,883.5499877929688,891.2000122070312,880.4500122070312,889.3499755859375,2292825,Sun Pharma
2022-02-04,850.8737182617188,893.9500122070312,902.8499755859376,881.3499755859375,882.9000244140625,4222492,Sun Pharma
2022-02-07,844.3062744140625,887.0499877929688,901.4500122070312,879.7000122070312,901.4500122070312,3494623,Sun Pharma
2022-02-08,851.016357421875,894.0999755859375,895.9500122070312,882.0,886.0,4766558,Sun Pharma
2022-02-09,850.3929443359375,886.4500122070312,894.5499877929688,885.3499755859375,893.9000244140625,2874380,Sun Pharma
2022-02-10,857.9237060546875,894.2999877929688,896.25,880.0,891.4000244140625,3159839,Sun Pharma
2022-02-11,844.3012084960938,880.0999755859375,895.7999877929688,874.6500244140625,894.5999755859375,2682532,Sun Pharma
2022-02-14,829.671630859375,864.8499755859375,886.6500244140625,862.2000122070312,870.0,5163415,Sun Pharma
2022-02-15,841.1354370117188,876.7999877929688,880.0,859.0499877929688,862.5,3219287,Sun Pharma
2022-02-16,833.5089111328125,868.8499755859375,881.1500244140625,867.0999755859375,876.0,2136415,Sun Pharma
2022-02-17,827.4651489257812,862.5499877929688,872.3499755859375,861.2999877929688,872.3499755859375,2275289,Sun Pharma
2022-02-18,827.8009643554688,862.9000244140625,867.9000244140625,856.4000244140625,862.5499877929688,1797851,Sun Pharma
2022-02-21,809.5256958007812,843.8499755859375,864.0,839.5,855.5,2305713,Sun Pharma
2022-02-22,811.3964233398438,845.7999877929688,849.0,824.5999755859375,836.0,3171552,Sun Pharma
2022-02-23,806.0721435546875,840.25,853.0,838.0499877929688,849.8499755859375,1979574,Sun Pharma
2022-02-24,784.9669799804688,818.25,836.9500122070312,815.0,830.5999755859375,3679222,Sun Pharma
2022-02-25,797.72607421875,831.5499877929688,835.0,817.0499877929688,820.5,2098988,Sun Pharma
2022-02-28,809.5738525390625,843.9000244140625,847.0,821.0,821.0,4123139,Sun Pharma
2022-03-02,787.5093383789062,820.9000244140625,844.9500122070312,815.7000122070312,844.3499755859375,3807036,Sun Pharma
2022-03-03,787.5093383789062,820.9000244140625,832.7999877929688,817.0,832.7999877929688,2657776,Sun Pharma
2022-03-04,795.9033813476562,829.6500244140625,839.5999755859375,809.3499755859375,816.2999877929688,4082674,Sun Pharma
2022-03-07,789.1881103515625,822.6500244140625,829.0,809.0999755859375,818.0,3065234,Sun Pharma
2022-03-08,820.2222900390625,855.0,861.7000122070312,826.2000122070312,826.2000122070312,4864275,Sun Pharma
2022-03-09,832.933349609375,868.25,885.7999877929688,860.0,863.4000244140625,7276355,Sun Pharma
2022-03-10,834.180419921875,869.5499877929688,881.9000244140625,866.5999755859375,869.9000244140625,2899758,Sun Pharma
2022-03-11,865.310546875,902.0,907.0,869.0499877929688,872.0,7194497,Sun Pharma
2022-03-14,855.9569702148438,892.25,911.7999877929688,889.9500122070312,901.9500122070312,3861194,Sun Pharma
2022-03-15,855.3815307617188,891.6500244140625,908.0,881.3499755859375,893.7000122070312,4039746,Sun Pharma
2022-03-16,853.0311279296875,889.2000122070312,900.0,880.4500122070312,900.0,3134307,Sun Pharma
2022-03-17,874.5199584960938,911.5999755859376,915.0,892.2000122070312,892.2000122070312,5484100,Sun Pharma
2022-03-21,876.6305541992188,913.7999877929688,931.0,911.2999877929688,912.5,3878744,Sun Pharma
2022-03-22,876.918212890625,914.0999755859376,922.0,902.5,913.7999877929688,2174495,Sun Pharma
2022-03-23,864.1592407226562,900.7999877929688,926.0,895.7999877929688,918.0,2578669,Sun Pharma
2022-03-24,871.8818359375,908.8499755859376,914.7000122070312,885.5,886.0,3141478,Sun Pharma
2022-03-25,865.6461181640625,902.3499755859376,914.9500122070312,896.2999877929688,911.8499755859376,1571676,Sun Pharma
2022-03-28,869.052001953125,905.9000244140624,910.9000244140624,899.2999877929688,908.9000244140624,1545077,Sun Pharma
2022-03-29,881.9547729492188,919.3499755859376,922.0,901.0999755859376,908.0499877929688,3177777,Sun Pharma
2022-03-30,883.1538696289062,920.5999755859376,922.0,908.4000244140624,922.0,2084073,Sun Pharma
2022-03-31,877.5419311523438,914.75,927.0,910.7999877929688,920.5999755859376,1901705,Sun Pharma
2022-04-01,871.7379760742188,908.7000122070312,919.0,904.0999755859376,914.0,1184766,Sun Pharma
2022-04-04,888.3821411132812,926.0499877929688,928.7999877929688,902.5999755859376,908.0,1876408,Sun Pharma
2022-04-05,891.30810546875,929.0999755859376,940.7000122070312,924.1500244140624,928.0,2911697,Sun Pharma
2022-04-06,890.3488159179688,928.0999755859376,938.7999877929688,925.0,927.7999877929688,1881754,Sun Pharma
2022-04-07,893.0828857421875,930.9500122070312,948.0,926.8499755859376,928.0999755859376,2728625,Sun Pharma
2022-04-08,886.9911499023438,924.5999755859376,937.2999877929688,919.2999877929688,937.0,1453271,Sun Pharma
2022-04-11,887.7586059570312,925.4000244140624,933.5499877929688,918.5999755859376,920.0,1102625,Sun Pharma
2022-04-12,883.825439453125,921.2999877929688,928.1500244140624,911.4000244140624,920.0,1420380,Sun Pharma
2022-04-13,898.6470336914062,936.75,943.0,921.2999877929688,921.2999877929688,1825531,Sun Pharma
2022-04-18,889.7733154296875,927.5,941.0499877929688,919.25,927.5999755859376,1287320,Sun Pharma
2022-04-19,884.4968872070312,922.0,937.75,915.0499877929688,930.9500122070312,2001066,Sun Pharma
2022-04-20,885.9359130859375,923.5,931.0,916.0499877929688,918.0,1455897,Sun Pharma
2022-04-21,905.6979370117188,944.0999755859376,946.0,920.5999755859376,931.0,2410164,Sun Pharma
2022-04-22,887.1830444335938,924.7999877929688,942.25,918.3499755859376,941.0,1745381,Sun Pharma
2022-04-25,863.3919067382812,900.0,922.3499755859376,896.5999755859375,915.5499877929688,1146270,Sun Pharma
2022-04-26,880.7076416015625,918.0499877929688,924.75,904.0499877929688,905.0,3142879,Sun Pharma
2022-04-27,869.24365234375,906.0999755859376,921.7000122070312,903.5999755859376,910.0499877929688,1586283,Sun Pharma
2022-04-28,883.53759765625,921.0,927.3499755859376,909.2999877929688,920.0,3150038,Sun Pharma
2022-04-29,890.87646484375,928.6500244140624,967.0499877929688,919.5499877929688,924.0,4290688,Sun Pharma
2022-05-02,885.8399658203125,923.4000244140624,925.0,902.5499877929688,922.4500122070312,2119174,Sun Pharma
2022-05-04,864.2553100585938,900.9000244140624,920.9000244140624,895.0,920.0999755859376,3925917,Sun Pharma
2022-05-05,842.4307250976562,878.1500244140625,919.2000122070312,872.5999755859375,905.0,4462293,Sun Pharma
2022-05-06,847.3710327148438,883.2999877929688,885.7000122070312,861.5,862.0,2350532,Sun Pharma
2022-05-09,849.3856811523438,885.4000244140625,891.4000244140625,868.0499877929688,868.0499877929688,2522123,Sun Pharma
2022-05-10,826.7935791015625,861.8499755859375,890.8499755859375,846.5,885.0,6975331,Sun Pharma
2022-05-11,820.0303955078125,854.7999877929688,867.0,851.0,853.0,2768829,Sun Pharma
2022-05-12,815.4255981445312,850.0,855.8499755859375,835.2000122070312,852.9000244140625,2700591,Sun Pharma
2022-05-13,846.6036376953125,882.5,889.0,860.1500244140625,862.9500122070312,4870689,Sun Pharma
2022-05-16,849.5775146484375,885.5999755859375,894.75,875.0499877929688,881.9500122070312,2739020,Sun Pharma
2022-05-17,855.4774169921875,891.75,895.5999755859375,878.7000122070312,880.1500244140625,2317400,Sun Pharma
2022-05-18,862.5763549804688,899.1500244140625,909.0,888.0,891.0,2878378,Sun Pharma
2022-05-19,848.6182250976562,884.5999755859375,900.0,878.3499755859375,885.0,2715634,Sun Pharma
2022-05-20,878.4052734375,915.6500244140624,917.7000122070312,889.0499877929688,893.0,2877917,Sun Pharma
2022-05-23,884.544921875,922.0499877929688,931.2999877929688,916.5999755859376,920.0,2195036,Sun Pharma
2022-05-24,872.8890991210938,909.9000244140624,930.8499755859376,907.0,928.0,2911410,Sun Pharma
2022-05-25,874.1362915039062,911.2000122070312,922.6500244140624,907.25,915.0,2405811,Sun Pharma
2022-05-26,863.3438720703125,899.9500122070312,922.4500122070312,893.5,918.7999877929688,4113170,Sun Pharma
2022-05-27,867.1331787109375,903.9000244140624,912.7999877929688,896.0,901.9500122070312,2374509,Sun Pharma
2022-05-30,852.1676025390625,888.2999877929688,915.5,886.5,905.0,3541617,Sun Pharma
2022-05-31,825.594482421875,860.5999755859375,882.7999877929688,851.2000122070312,867.25,24360628,Sun Pharma
2022-06-01,805.1129150390625,839.25,875.0,832.5999755859375,875.0,5999099,Sun Pharma
2022-06-02,824.587158203125,859.5499877929688,862.9000244140625,832.7999877929688,836.75,3553217,Sun Pharma
2022-06-03,829.9114379882812,865.0999755859375,875.0,854.8499755859375,862.1500244140625,2618353,Sun Pharma
2022-06-06,824.8270263671875,859.7999877929688,873.9500122070312,858.0,865.0,2095566,Sun Pharma
2022-06-07,813.746826171875,848.25,857.4000244140625,838.5999755859375,855.0,3031449,Sun Pharma
2022-06-08,812.787353515625,847.25,854.0,837.5999755859375,845.0999755859375,3208941,Sun Pharma
2022-06-09,823.9155883789062,858.8499755859375,862.0999755859375,835.4500122070312,846.0,2297715,Sun Pharma
2022-06-10,811.3004150390625,845.7000122070312,853.9500122070312,842.0,850.0,2124778,Sun Pharma
2022-06-13,795.759521484375,829.5,851.0,819.75,840.0,2191412,Sun Pharma
2022-06-14,791.4904174804688,825.0499877929688,835.6500244140625,821.8499755859375,826.0,2461692,Sun Pharma
2022-06-15,788.852294921875,822.2999877929688,830.0499877929688,819.1500244140625,825.25,2008725,Sun Pharma
2022-06-16,781.4655151367188,814.5999755859375,826.0,806.5499877929688,822.5999755859375,2327414,Sun Pharma
2022-06-17,761.1278686523438,793.4000244140625,810.2999877929688,789.9000244140625,805.2000122070312,5719089,Sun Pharma
2022-06-20,772.5438232421875,805.2999877929688,813.5,794.5,801.0,2745302,Sun Pharma
2022-06-21,784.1996459960938,817.4500122070312,820.2999877929688,805.3499755859375,806.5999755859375,1342717,Sun Pharma
2022-06-22,776.381103515625,809.2999877929688,821.0,803.25,814.0,2032073,Sun Pharma
2022-06-23,791.3466186523438,824.9000244140625,826.5,808.5,809.5,1778752,Sun Pharma
2022-06-24,791.058837890625,824.5999755859375,833.7999877929688,821.5,827.9000244140625,1404748,Sun Pharma
2022-06-27,801.6593017578125,835.6500244140625,848.0,828.0,828.0,2980249,Sun Pharma
2022-06-28,794.8960571289062,828.5999755859375,837.5,825.0499877929688,837.0,2823691,Sun Pharma
2022-06-29,804.585205078125,838.7000122070312,843.7000122070312,823.8499755859375,824.0,2975927,Sun Pharma
2022-06-30,796.814697265625,830.5999755859375,848.1500244140625,823.6500244140625,836.0,3809670,Sun Pharma
2022-07-01,795.5197143554688,829.25,836.9500122070312,825.0,829.9000244140625,2316527,Sun Pharma
2022-07-04,795.66357421875,829.4000244140625,839.6500244140625,821.9000244140625,825.2999877929688,2097164,Sun Pharma
2022-07-05,801.8032836914062,835.7999877929688,846.7999877929688,826.6500244140625,829.4000244140625,2682730,Sun Pharma
2022-07-06,803.6259765625,837.7000122070312,842.6500244140625,831.25,840.0,2364840,Sun Pharma
2022-07-07,814.8980102539062,849.4500122070312,852.9000244140625,842.1500244140625,843.0499877929688,2327906,Sun Pharma
2022-07-08,822.8123779296875,857.7000122070312,859.5,849.75,853.5,2927832,Sun Pharma
2022-07-11,822.3807373046875,857.25,863.0,851.0999755859375,856.7999877929688,1768048,Sun Pharma
2022-07-12,816.9603881835938,851.5999755859375,860.0,849.0,853.0,1695338,Sun Pharma
2022-07-13,825.1627197265625,860.1500244140625,863.25,849.3499755859375,854.5999755859375,2663538,Sun Pharma
2022-07-14,844.1094360351562,879.9000244140625,882.9500122070312,864.2000122070312,867.4000244140625,4934156,Sun Pharma
2022-07-15,842.6704711914062,878.4000244140625,884.9500122070312,872.8499755859375,884.9000244140625,1413559,Sun Pharma
2022-07-18,846.8914184570312,882.7999877929688,895.5999755859375,878.5499877929688,888.5999755859375,2866600,Sun Pharma
2022-07-19,839.696533203125,875.2999877929688,891.2999877929688,873.5,880.0,1604458,Sun Pharma
2022-07-20,832.2138671875,867.5,884.7000122070312,862.0499877929688,884.7000122070312,2885666,Sun Pharma
2022-07-21,834.2763061523438,869.6500244140625,877.9000244140625,863.7000122070312,872.0,2321107,Sun Pharma
2022-07-22,838.9290161132812,874.5,876.1500244140625,866.5,871.0,1939758,Sun Pharma
2022-07-25,833.0291748046875,868.3499755859375,878.0,856.4000244140625,870.0,2419358,Sun Pharma
2022-07-26,832.3577880859375,867.6500244140625,877.4000244140625,862.0,869.2000122070312,1560211,Sun Pharma
2022-07-27,857.6358032226562,894.0,897.0,866.0499877929688,867.5,2797789,Sun Pharma
2022-07-28,858.4512329101562,894.8499755859375,896.8499755859375,878.75,896.0,3183169,Sun Pharma
2022-07-29,904.8346557617188,943.2000122070312,951.9500122070312,879.0,897.0,11315800,Sun Pharma
2022-08-01,881.3312377929688,918.7000122070312,939.9500122070312,910.0,939.9500122070312,4219890,Sun Pharma
2022-08-02,879.9401245117188,917.25,926.5999755859376,912.0499877929688,918.7000122070312,2043767,Sun Pharma
2022-08-03,860.5137939453125,897.0,917.7999877929688,893.5499877929688,915.0,2863168,Sun Pharma
2022-08-04,881.1392822265625,918.5,920.0,895.5999755859375,901.0,3151481,Sun Pharma
2022-08-05,878.6929931640625,915.9500122070312,929.0,911.9000244140624,919.5,3317738,Sun Pharma
2022-08-08,873.3688354492188,910.4000244140624,919.7999877929688,908.4000244140624,919.7999877929688,2677742,Sun Pharma
2022-08-10,882.29052734375,919.7000122070312,927.0,913.2000122070312,913.2000122070312,3077870,Sun Pharma
2022-08-11,883.5855712890625,921.0499877929688,926.9000244140624,917.4500122070312,923.0,1526395,Sun Pharma
2022-08-12,876.294677734375,913.4500122070312,922.7999877929688,907.1500244140624,921.0499877929688,1384417,Sun Pharma
2022-08-16,877.39794921875,914.5999755859376,919.4500122070312,906.2999877929688,907.0,1635836,Sun Pharma
2022-08-17,883.3457641601562,920.7999877929688,926.0,915.0,919.0,1828327,Sun Pharma
2022-08-18,879.4605102539062,916.75,919.0,895.2000122070312,910.0,2989998,Sun Pharma
2022-08-19,867.5258178710938,901.3499755859376,920.7999877929688,898.0,916.0,1708425,Sun Pharma
2022-08-22,847.50634765625,880.5499877929688,903.4500122070312,878.1500244140625,900.5,2860170,Sun Pharma
2022-08-23,855.0617065429688,888.4000244140625,892.0,872.5999755859375,874.1500244140625,2314528,Sun Pharma
2022-08-24,847.939453125,881.0,899.9500122070312,878.0499877929688,892.0,3223687,Sun Pharma
2022-08-25,844.3782958984375,877.2999877929688,890.6500244140625,875.0,888.0,5016244,Sun Pharma
2022-08-26,847.121337890625,880.1500244140625,890.5,878.0999755859375,882.2999877929688,1542618,Sun Pharma
2022-08-29,846.255126953125,879.25,881.0,865.0,872.0,2068888,Sun Pharma
2022-08-30,859.5372924804688,893.0499877929688,895.5,882.0,883.0,3672052,Sun Pharma
2022-09-01,839.1328125,871.8499755859375,901.9000244140624,870.4000244140625,893.0,2939235,Sun Pharma
2022-09-02,836.919189453125,869.5499877929688,878.0,866.0,872.9000244140625,1963435,Sun Pharma
2022-09-05,851.4043579101562,884.5999755859375,886.1500244140625,864.4500122070312,869.0,2808538,Sun Pharma
2022-09-06,854.4361572265625,887.75,890.7000122070312,882.5499877929688,887.0,2252661,Sun Pharma
2022-09-07,860.2109985351562,893.75,896.4000244140625,879.5,879.5,1698682,Sun Pharma
2022-09-08,860.7403564453125,894.2999877929688,900.75,887.0,898.25,1772605,Sun Pharma
2022-09-09,856.6017456054688,890.0,901.9000244140624,886.7000122070312,894.5,1405210,Sun Pharma
2022-09-12,854.3880615234375,887.7000122070312,895.1500244140625,885.0999755859375,891.2000122070312,1571387,Sun Pharma
2022-09-13,856.74609375,890.1500244140625,893.2999877929688,883.5,889.8499755859375,2216354,Sun Pharma
2022-09-14,850.5863037109375,883.75,897.7000122070312,880.0499877929688,884.5999755859375,1889322,Sun Pharma
2022-09-15,841.4908447265625,874.2999877929688,888.1500244140625,871.0999755859375,883.0,1780723,Sun Pharma
2022-09-16,835.4755249023438,868.0499877929688,890.5,865.7999877929688,878.7000122070312,5625488,Sun Pharma
2022-09-19,842.0201416015625,874.8499755859375,876.9500122070312,856.7999877929688,872.4000244140625,1920725,Sun Pharma
2022-09-20,877.7281494140625,911.9500122070312,914.75,876.7999877929688,877.5499877929688,4408042,Sun Pharma
2022-09-21,871.3275146484375,905.2999877929688,922.5,902.6500244140624,918.5499877929688,4153228,Sun Pharma
2022-09-22,873.92626953125,908.0,911.25,895.2999877929688,899.9000244140625,2317690,Sun Pharma
2022-09-23,886.5347900390625,921.0999755859376,926.7000122070312,902.5999755859376,902.5999755859376,4802181,Sun Pharma
2022-09-26,866.9002685546875,900.7000122070312,926.3499755859376,899.0499877929688,917.9500122070312,3760536,Sun Pharma
2022-09-27,863.4833984375,897.1500244140625,909.8499755859376,894.4000244140625,905.25,3096645,Sun Pharma
2022-09-28,883.4066162109375,917.8499755859376,926.0,892.0499877929688,894.0,5559336,Sun Pharma
2022-09-29,895.7744140625,930.7000122070312,955.5,925.0999755859376,925.0999755859376,8519098,Sun Pharma
2022-09-30,913.0509033203124,948.6500244140624,950.9500122070312,930.0,933.9500122070312,4182345,Sun Pharma
2022-10-03,909.0565185546876,944.5,967.8499755859376,942.75,952.9500122070312,4444578,Sun Pharma
2022-10-04,909.1046752929688,944.5499877929688,956.2999877929688,943.0499877929688,955.7000122070312,1856830,Sun Pharma
2022-10-06,918.103759765625,953.9000244140624,962.0,947.5499877929688,954.7000122070312,3449485,Sun Pharma
2022-10-07,919.3069458007812,955.1500244140624,961.5499877929688,946.2000122070312,953.0,1762328,Sun Pharma
2022-10-10,910.5484008789062,946.0499877929688,954.25,935.25,945.9500122070312,1683827,Sun Pharma
2022-10-11,909.297119140625,944.75,951.9000244140624,940.0,950.7999877929688,2426935,Sun Pharma
2022-10-12,919.69189453125,955.5499877929688,960.0,941.0499877929688,946.0,2875040,Sun Pharma
2022-10-13,932.0596313476562,968.4000244140624,973.75,951.5,956.8499755859376,4498223,Sun Pharma
2022-10-14,939.6632080078124,976.2999877929688,979.9000244140624,964.0,976.0,3307000,Sun Pharma
2022-10-17,943.2244262695312,980.0,985.0,973.2999877929688,976.2999877929688,2647369,Sun Pharma
2022-10-18,941.6362915039062,978.3499755859376,985.0,972.75,983.75,2065146,Sun Pharma
2022-10-19,940.2406616210938,976.9000244140624,980.7000122070312,965.0499877929688,975.5999755859376,2424533,Sun Pharma
2022-10-20,943.5612182617188,980.3499755859376,982.8499755859376,966.5499877929688,970.0,1669666,Sun Pharma
2022-10-21,941.0106811523438,977.7000122070312,991.9000244140624,975.75,981.0,1791608,Sun Pharma
2022-10-24,949.961669921875,987.0,989.9500122070312,982.0999755859376,986.0,191840,Sun Pharma
2022-10-25,954.3409423828124,991.5499877929688,997.3499755859376,985.5,991.9500122070312,2119595,Sun Pharma
2022-10-27,973.6867065429688,1011.6500244140624,1013.4000244140624,992.5,999.0,4379157,Sun Pharma
2022-10-28,952.8490600585938,990.0,1003.5,987.5499877929688,1002.0,3934980,Sun Pharma
2022-10-31,978.7396240234376,1016.9000244140624,1027.300048828125,991.2000122070312,994.9500122070312,3546309,Sun Pharma
2022-11-01,997.700439453125,1036.5999755859375,1049.0,1019.1500244140624,1021.9500122070312,5264069,Sun Pharma
2022-11-02,1012.4742431640624,1051.949951171875,1070.949951171875,1032.6500244140625,1038.800048828125,5923662,Sun Pharma
2022-11-03,1005.0150756835938,1044.199951171875,1055.5999755859375,1039.550048828125,1045.0,2386317,Sun Pharma
2022-11-04,1000.8765869140624,1039.9000244140625,1046.4000244140625,1031.449951171875,1045.300048828125,1576349,Sun Pharma
2022-11-07,989.7598876953124,1028.3499755859375,1049.949951171875,1021.0,1045.0,2853521,Sun Pharma
2022-11-09,975.515380859375,1013.5499877929688,1036.6500244140625,1010.0,1020.0499877929688,2268760,Sun Pharma
2022-11-10,972.7242431640624,1010.6500244140624,1022.2999877929688,1006.75,1010.0,2419991,Sun Pharma
2022-11-11,975.515380859375,1013.5499877929688,1031.449951171875,1009.8499755859376,1015.75,2390487,Sun Pharma
2022-11-14,978.7396240234376,1016.9000244140624,1021.4000244140624,1002.0,1018.6500244140624,1764788,Sun Pharma
2022-11-15,977.9215087890624,1016.0499877929688,1022.0,1004.4500122070312,1022.0,1703050,Sun Pharma
2022-11-16,980.4239501953124,1018.6500244140624,1022.7999877929688,1007.0999755859376,1007.0999755859376,1485506,Sun Pharma
2022-11-17,975.3228149414062,1013.3499755859376,1030.5,1010.4500122070312,1023.2999877929688,1758031,Sun Pharma
2022-11-18,971.7135620117188,1009.5999755859376,1017.8499755859376,1006.0,1015.25,1130682,Sun Pharma
2022-11-21,965.505615234375,1003.1500244140624,1012.7999877929688,993.5,1003.0,1108922,Sun Pharma
2022-11-22,972.1949462890624,1010.0999755859376,1012.4000244140624,996.25,1006.1500244140624,1723123,Sun Pharma
2022-11-23,979.4616088867188,1017.6500244140624,1019.0999755859376,1009.4500122070312,1015.2000122070312,1311376,Sun Pharma
2022-11-24,996.2567138671876,1035.0999755859375,1037.4000244140625,1013.7999877929688,1020.6500244140624,1994268,Sun Pharma
2022-11-25,995.0535888671876,1033.8499755859375,1037.949951171875,1026.949951171875,1037.949951171875,1948596,Sun Pharma
2022-11-28,995.9197998046876,1034.75,1041.5,1027.949951171875,1033.0,1427648,Sun Pharma
2022-11-29,1010.453125,1049.8499755859375,1051.199951171875,1034.0,1035.0,1179559,Sun Pharma
2022-11-30,1006.7957763671876,1046.050048828125,1058.300048828125,1039.3499755859375,1053.0,3060171,Sun Pharma
2022-12-01,1007.1807861328124,1046.449951171875,1057.8499755859375,1039.5999755859375,1055.0,1878374,Sun Pharma
2022-12-02,1000.9728393554688,1040.0,1049.8499755859375,1034.800048828125,1048.300048828125,2284133,Sun Pharma
2022-12-05,1000.3954467773438,1039.4000244140625,1045.949951171875,1030.75,1042.1500244140625,2294634,Sun Pharma
2022-12-06,994.764892578125,1033.550048828125,1040.0,1023.25,1039.4000244140625,1321211,Sun Pharma
2022-12-07,979.5577392578124,1017.75,1037.1500244140625,1015.3499755859376,1036.550048828125,2954262,Sun Pharma
2022-12-08,943.9943237304688,980.7999877929688,1018.0,975.0,1015.0,10021644,Sun Pharma
2022-12-09,955.5921020507812,992.8499755859376,997.0,980.0,980.7999877929688,4231753,Sun Pharma
2022-12-12,950.3467407226562,987.4000244140624,995.0,980.1500244140624,994.9000244140624,1875104,Sun Pharma
2022-12-13,957.3246459960938,994.6500244140624,996.3499755859376,979.7999877929688,980.0,1863361,Sun Pharma
2022-12-14,962.7145385742188,1000.25,1003.0,994.5499877929688,999.0,1570685,Sun Pharma
2022-12-15,964.5913696289062,1002.2000122070312,1007.0,998.0999755859376,1001.0,1304660,Sun Pharma
2022-12-16,956.3622436523438,993.6500244140624,1005.0999755859376,987.5999755859376,998.1500244140624,2618988,Sun Pharma
2022-12-19,950.8761596679688,987.9500122070312,993.1500244140624,973.7000122070312,987.5999755859376,1547342,Sun Pharma
2022-12-20,951.260986328125,988.3499755859376,990.6500244140624,979.4000244140624,987.9500122070312,1352408,Sun Pharma
2022-12-21,967.8637084960938,1005.5999755859376,1009.5,988.4000244140624,992.0,2043630,Sun Pharma
2022-12-22,972.7242431640624,1010.6500244140624,1034.050048828125,1007.0499877929688,1019.9500122070312,5163443,Sun Pharma
2022-12-23,963.9657592773438,1001.5499877929688,1027.8499755859375,998.4500122070312,1012.0,3612433,Sun Pharma
2022-12-26,962.52197265625,1000.0499877929688,1011.7999877929688,988.7000122070312,1010.0,2307374,Sun Pharma
2022-12-27,962.6182250976562,1000.1500244140624,1015.75,993.0,1000.25,1870105,Sun Pharma
2022-12-28,957.6614990234376,995.0,1010.5999755859376,993.0,998.9000244140624,1686511,Sun Pharma
2022-12-29,963.0032348632812,1000.5499877929688,1004.7000122070312,989.0999755859376,998.5499877929688,2162872,Sun Pharma
2022-12-30,963.8212280273438,1001.4000244140624,1006.7999877929688,993.75,1004.0,1629162,Sun Pharma
2023-01-02,959.5863647460938,997.0,1001.4000244140624,987.2000122070312,1001.4000244140624,1616012,Sun Pharma
2023-01-03,971.2323608398438,1009.0999755859376,1012.7999877929688,988.0,993.0,1810117,Sun Pharma
2023-01-04,966.419921875,1004.0999755859376,1025.9000244140625,1000.75,1012.0,2573870,Sun Pharma
2023-01-05,978.06591796875,1016.2000122070312,1021.9000244140624,1008.25,1009.0999755859376,2246533,Sun Pharma
2023-01-06,970.847412109375,1008.7000122070312,1021.7999877929688,1004.0999755859376,1015.0,1773153,Sun Pharma
2023-01-09,978.6914672851562,1016.8499755859376,1023.3499755859376,1010.5,1015.0,1567316,Sun Pharma
2023-01-10,973.879150390625,1011.8499755859376,1024.0,1010.0499877929688,1016.0,1607654,Sun Pharma
2023-01-11,989.423095703125,1028.0,1033.050048828125,1008.3499755859376,1012.0,3258157,Sun Pharma
2023-01-12,994.091064453125,1032.8499755859375,1035.449951171875,1021.1500244140624,1031.949951171875,1641398,Sun Pharma
2023-01-13,992.8880004882812,1031.5999755859375,1035.0,1020.1500244140624,1031.1500244140625,1491367,Sun Pharma
2023-01-16,996.593505859375,1035.449951171875,1039.5,1026.0999755859375,1031.5999755859375,1437532,Sun Pharma
2023-01-17,993.9467163085938,1032.699951171875,1036.0,1026.800048828125,1035.449951171875,1245848,Sun Pharma
2023-01-18,1001.0690307617188,1040.0999755859375,1041.5,1030.1500244140625,1032.699951171875,1238451,Sun Pharma
2023-01-19,1001.502197265625,1040.550048828125,1044.0,1036.0,1038.0999755859375,824263,Sun Pharma
2023-01-20,991.6849365234376,1030.3499755859375,1047.5,1016.8499755859376,1044.050048828125,2963571,Sun Pharma
2023-01-23,1009.9238891601562,1049.300048828125,1054.9000244140625,1022.5,1035.0,2106604,Sun Pharma
2023-01-24,1001.646484375,1040.699951171875,1050.949951171875,1034.550048828125,1050.0,2088556,Sun Pharma
2023-01-25,1001.02099609375,1040.050048828125,1045.6500244140625,1030.300048828125,1030.300048828125,1753333,Sun Pharma
2023-01-27,1004.2452392578124,1043.4000244140625,1051.0,1034.0,1044.949951171875,3448013,Sun Pharma
2023-01-30,1012.2337036132812,1051.699951171875,1072.1500244140625,1040.199951171875,1041.949951171875,3320916,Sun Pharma
2023-01-31,995.6790771484376,1034.5,1060.300048828125,1026.050048828125,1055.0,5265462,Sun Pharma
2023-02-01,976.8148193359376,1014.9000244140624,1043.949951171875,1005.0999755859376,1036.449951171875,4717887,Sun Pharma
2023-02-02,969.7886962890624,1007.5999755859376,1015.7000122070312,993.0,1009.9500122070312,2117181,Sun Pharma
2023-02-03,989.567626953125,1028.1500244140625,1032.449951171875,1001.6500244140624,1007.0,2332076,Sun Pharma
2023-02-06,984.947509765625,1023.3499755859376,1025.949951171875,1012.75,1020.0,1215157,Sun Pharma
2023-02-07,968.6336059570312,1006.4000244140624,1028.5,1002.0,1026.25,2360600,Sun Pharma
2023-02-08,982.3065185546876,1013.0,1016.9000244140624,997.4000244140624,1004.7999877929688,1815142,Sun Pharma
2023-02-09,976.2943115234376,1006.7999877929688,1021.2000122070312,1001.4000244140624,1003.0,1474402,Sun Pharma
2023-02-10,976.100341796875,1006.5999755859376,1014.3499755859376,996.7000122070312,1006.7999877929688,1530150,Sun Pharma
2023-02-13,984.4883422851562,1015.25,1017.3499755859376,1002.0,1008.25,1355766,Sun Pharma
2023-02-14,976.245849609375,1006.75,1018.0499877929688,1003.25,1018.0,1832842,Sun Pharma
2023-02-15,965.2398071289062,995.4000244140624,1006.4000244140624,990.5499877929688,1002.0,2251350,Sun Pharma
2023-02-16,964.997314453125,995.1500244140624,1010.0,991.2000122070312,998.9000244140624,1678410,Sun Pharma
2023-02-17,954.6699829101562,984.5,996.5,982.0,992.2000122070312,1847026,Sun Pharma
2023-02-20,954.5731201171876,984.4000244140624,991.6500244140624,974.9500122070312,990.1500244140624,2157871,Sun Pharma
2023-02-21,942.160888671875,971.5999755859376,990.7999877929688,969.1500244140624,990.0,1771813,Sun Pharma
2023-02-22,939.2032470703124,968.5499877929688,978.0,966.0,971.5499877929688,2605147,Sun Pharma
2023-02-23,943.0336303710938,972.5,977.25,964.0499877929688,973.0,2835983,Sun Pharma
2023-02-24,941.09423828125,970.5,983.3499755859376,963.7000122070312,970.5999755859376,1823835,Sun Pharma
2023-02-27,935.809326171875,965.0499877929688,972.5499877929688,960.0499877929688,970.5,1548675,Sun Pharma
2023-02-28,927.6153564453124,956.5999755859376,976.0,954.0,969.0,3819644,Sun Pharma
2023-03-01,930.2335815429688,959.2999877929688,966.0499877929688,951.0,951.0,1862513,Sun Pharma
2023-03-02,936.0516357421876,965.2999877929688,967.0,951.0999755859376,960.0,1510195,Sun Pharma
2023-03-03,937.603271484375,966.9000244140624,969.75,958.1500244140624,967.0499877929688,2215832,Sun Pharma
2023-03-06,936.0032958984376,965.25,979.5,963.7999877929688,970.0,1989152,Sun Pharma
2023-03-08,928.488037109375,957.5,965.0,947.0,960.0,4734482,Sun Pharma
2023-03-09,923.8335571289062,952.7000122070312,959.4000244140624,947.1500244140624,957.5,2994556,Sun Pharma
2023-03-10,926.59716796875,955.5499877929688,957.5,946.0999755859376,946.5,2001392,Sun Pharma
2023-03-13,925.1910400390624,954.0999755859376,959.9000244140624,947.5499877929688,955.0999755859376,1412106,Sun Pharma
2023-03-14,928.1972045898438,957.2000122070312,963.75,950.2999877929688,953.5,1879695,Sun Pharma
2023-03-15,922.5728759765624,951.4000244140624,964.9000244140624,949.3499755859376,952.0,2189113,Sun Pharma
2023-03-16,938.088134765625,967.4000244140624,970.0,951.7000122070312,955.25,2228093,Sun Pharma
2023-03-17,928.6820678710938,957.7000122070312,968.7000122070312,952.75,968.5499877929688,2218687,Sun Pharma
2023-03-20,932.0760498046876,961.2000122070312,962.6500244140624,947.3499755859376,950.0,1955757,Sun Pharma
2023-03-21,927.2274169921876,956.2000122070312,965.0,953.25,965.0,1687239,Sun Pharma
2023-03-22,942.5972290039062,972.0499877929688,974.4000244140624,956.5999755859376,957.0,1626129,Sun Pharma
2023-03-23,948.0275268554688,977.6500244140624,982.9500122070312,972.0,975.0,1857923,Sun Pharma
2023-03-24,943.3729858398438,972.8499755859376,979.0,968.0,977.5999755859376,1534322,Sun Pharma
2023-03-27,953.65185546875,983.4500122070312,990.9500122070312,963.0,980.0,2473222,Sun Pharma
2023-03-28,954.379150390625,984.2000122070312,987.7999877929688,976.2999877929688,987.0,1394675,Sun Pharma
2023-03-29,961.8458862304688,991.9000244140624,996.5,979.0,985.6500244140624,3045795,Sun Pharma
2023-03-31,953.3123168945312,983.0999755859376,995.2000122070312,981.4000244140624,995.2000122070312,1822710,Sun Pharma
2023-04-03,949.3850708007812,979.0499877929688,988.0,976.2000122070312,981.0,1671570,Sun Pharma
2023-04-05,966.9366455078124,997.1500244140624,999.0,975.2999877929688,985.0,1544121,Sun Pharma
2023-04-06,981.4336547851562,1012.0999755859376,1014.0,993.4000244140624,997.1500244140624,1423990,Sun Pharma
2023-04-10,978.039794921875,1008.5999755859376,1016.9500122070312,1006.6500244140624,1015.0,1110974,Sun Pharma
2023-04-11,978.670166015625,1009.25,1022.25,1007.5499877929688,1008.5999755859376,1786844,Sun Pharma
2023-04-12,985.894287109375,1016.7000122070312,1020.2000122070312,1005.25,1015.5,3246327,Sun Pharma
2023-04-13,973.0942993164062,1003.5,1023.8499755859376,1002.0,1022.2999877929688,1445693,Sun Pharma
2023-04-17,968.4398193359376,998.7000122070312,1009.9000244140624,995.0499877929688,999.4500122070312,1768817,Sun Pharma
2023-04-18,974.3549194335938,1004.7999877929688,1006.25,988.2999877929688,999.0,1217390,Sun Pharma
2023-04-19,965.3367309570312,995.5,1009.4000244140624,993.0,1003.5,2174563,Sun Pharma
2023-04-20,957.8214721679688,987.75,1002.0999755859376,983.75,999.0999755859376,1638094,Sun Pharma
2023-04-21,959.4700317382812,989.4500122070312,994.2999877929688,984.9500122070312,994.2999877929688,1216575,Sun Pharma
2023-04-24,949.4821166992188,979.1500244140624,982.5,959.25,975.0,3485350,Sun Pharma
2023-04-25,943.0336303710938,972.5,982.9000244140624,967.0,980.0,2377746,Sun Pharma
2023-04-26,941.8215942382812,971.25,976.7999877929688,963.2000122070312,975.7999877929688,2911028,Sun Pharma
2023-04-27,949.0457763671876,978.7000122070312,981.5999755859376,963.5499877929688,968.0,2777173,Sun Pharma
2023-04-28,957.7245483398438,987.6500244140624,992.5,979.1500244140624,984.9500122070312,2009995,Sun Pharma
2023-05-02,943.5670166015624,973.0499877929688,988.9000244140624,970.2999877929688,987.6500244140624,3152556,Sun Pharma
2023-05-03,934.4032592773438,963.5999755859376,972.4000244140624,959.5,970.5,3087472,Sun Pharma
2023-05-04,944.4880981445312,974.0,975.9000244140624,965.1500244140624,967.6500244140624,1197830,Sun Pharma
2023-05-05,941.0457153320312,970.4500122070312,977.25,967.8499755859376,974.0,1062645,Sun Pharma
2023-05-08,932.7063598632812,961.8499755859376,969.0,961.0,962.0,2676958,Sun Pharma
2023-05-09,928.4396362304688,957.4500122070312,966.8499755859376,949.5,961.9000244140624,6902170,Sun Pharma
2023-05-10,924.9002075195312,953.7999877929688,959.9500122070312,951.5999755859376,957.0,2180917,Sun Pharma
2023-05-11,931.9304809570312,961.0499877929688,963.9000244140624,952.0,953.7999877929688,1296607,Sun Pharma
2023-05-12,927.0335693359376,956.0,963.0999755859376,952.0,961.0,2014927,Sun Pharma
2023-05-15,924.12451171875,953.0,955.75,948.0499877929688,953.0,1814239,Sun Pharma
2023-05-16,912.4395751953124,940.9500122070312,962.5499877929688,938.0,953.0,2625163,Sun Pharma
2023-05-17,907.591064453125,935.9500122070312,945.2999877929688,928.8499755859376,941.25,2956985,Sun Pharma
2023-05-18,901.4819946289062,929.6500244140624,943.0,922.4500122070312,943.0,3014019,Sun Pharma
2023-05-19,897.7969970703125,925.8499755859376,934.4000244140624,924.2999877929688,932.0,1309343,Sun Pharma
2023-05-22,909.045654296875,937.4500122070312,942.75,922.8499755859376,925.8499755859376,1382485,Sun Pharma
2023-05-23,903.372802734375,931.5999755859376,956.2000122070312,929.0999755859376,937.5,3057684,Sun Pharma
2023-05-24,923.3001708984376,952.1500244140624,954.7999877929688,932.5999755859376,935.5,2953574,Sun Pharma
2023-05-25,916.3668823242188,945.0,951.7000122070312,942.7000122070312,949.7000122070312,2331464,Sun Pharma
2023-05-26,940.5123901367188,969.9000244140624,976.7000122070312,937.0,943.9500122070312,4137189,Sun Pharma
2023-05-29,939.1063232421876,968.4500122070312,973.25,946.4000244140624,969.9500122070312,5344765,Sun Pharma
2023-05-30,930.5244750976562,959.5999755859376,967.4500122070312,956.2999877929688,965.0,2624815,Sun Pharma
2023-05-31,945.7973022460938,975.3499755859376,979.2999877929688,960.75,965.0,5595631,Sun Pharma
2023-06-01,957.7730712890624,987.7000122070312,990.4500122070312,975.0,979.7999877929688,3261906,Sun Pharma
2023-06-02,969.3125,999.5999755859376,1003.7000122070312,981.0,986.5499877929688,3734815,Sun Pharma
2023-06-05,978.1851806640624,1008.75,1017.7000122070312,998.5,1005.3499755859376,3629780,Sun Pharma
2023-06-06,983.0822143554688,1013.7999877929688,1015.9500122070312,1004.0,1008.9000244140624,1632644,Sun Pharma
2023-06-07,983.8579711914062,1014.5999755859376,1017.5,1010.0,1015.0,1608613,Sun Pharma
2023-06-08,957.0942993164062,987.0,1016.0,983.25,1015.0,3395935,Sun Pharma
2023-06-09,954.13671875,983.9500122070312,990.7000122070312,981.0,984.0,2306206,Sun Pharma
2023-06-12,955.5911254882812,985.4500122070312,989.9000244140624,981.0499877929688,987.9000244140624,593319,Sun Pharma
2023-06-13,958.160888671875,988.0999755859376,996.0,985.5499877929688,990.0,2413311,Sun Pharma
2023-06-14,956.8033447265624,986.7000122070312,995.0,984.25,991.5999755859376,2139387,Sun Pharma
2023-06-15,958.4518432617188,988.4000244140624,994.7999877929688,985.7000122070312,988.5,2731724,Sun Pharma
2023-06-16,961.9427490234376,992.0,994.6500244140624,987.2000122070312,990.0,3611214,Sun Pharma
2023-06-19,971.44580078125,1001.7999877929688,1006.7000122070312,993.75,995.1500244140624,1327862,Sun Pharma
2023-06-20,961.8941650390624,991.9500122070312,1007.75,989.5999755859376,1007.6500244140624,1445688,Sun Pharma
2023-06-21,961.8458862304688,991.9000244140624,993.8499755859376,983.5999755859376,991.9500122070312,1396686,Sun Pharma
2023-06-22,960.2943725585938,990.2999877929688,996.2000122070312,987.0999755859376,987.0999755859376,5384143,Sun Pharma
2023-06-23,961.4094848632812,991.4500122070312,995.9500122070312,977.2999877929688,994.0,1218237,Sun Pharma
2023-06-26,964.8034057617188,994.9500122070312,1003.7999877929688,991.4500122070312,994.0,2066932,Sun Pharma
2023-06-27,971.44580078125,1001.7999877929688,1003.3499755859376,986.0,999.9500122070312,4647465,Sun Pharma
2023-06-28,990.8397216796876,1021.7999877929688,1025.550048828125,995.0,995.0,5296330,Sun Pharma
2023-06-30,1019.7368774414062,1051.5999755859375,1055.0,1020.0499877929688,1021.75,4765060,Sun Pharma
2023-07-03,1001.4096069335938,1032.699951171875,1053.6500244140625,1030.0,1053.0,2338356,Sun Pharma
2023-07-04,1017.021728515625,1048.800048828125,1053.9000244140625,1029.9000244140625,1040.0,1549174,Sun Pharma
2023-07-05,1013.0459594726562,1044.699951171875,1057.699951171875,1042.6500244140625,1055.0,1840716,Sun Pharma
2023-07-06,1010.91259765625,1042.5,1056.5999755859375,1040.0,1040.0,2551103,Sun Pharma
2023-07-07,1004.3186645507812,1035.699951171875,1051.199951171875,1028.75,1033.5,1721224,Sun Pharma
2023-07-10,1013.3369140625,1045.0,1051.0,1031.0999755859375,1036.0,1221769,Sun Pharma
2023-07-11,1039.76123046875,1072.25,1074.75,1049.050048828125,1052.0,4369937,Sun Pharma
2023-07-12,1046.064208984375,1078.75,1083.75,1070.0,1075.0,5088473,Sun Pharma
2023-07-13,1043.0582275390625,1075.6500244140625,1081.9000244140625,1071.699951171875,1081.9000244140625,1541690,Sun Pharma
2023-07-14,1040.43994140625,1072.949951171875,1080.0,1065.0,1079.949951171875,2641580,Sun Pharma
2023-07-17,1044.9490966796875,1077.5999755859375,1081.050048828125,1070.5,1073.699951171875,1254025,Sun Pharma
2023-07-18,1034.815673828125,1067.1500244140625,1078.9000244140625,1064.3499755859375,1078.449951171875,2238739,Sun Pharma
2023-07-19,1049.0703125,1081.8499755859375,1086.0,1063.8499755859375,1067.1500244140625,2311282,Sun Pharma
2023-07-20,1064.3917236328125,1097.6500244140625,1104.5,1082.300048828125,1086.050048828125,5218991,Sun Pharma
2023-07-21,1063.90673828125,1097.1500244140625,1104.199951171875,1090.3499755859375,1103.4000244140625,1879610,Sun Pharma
2023-07-24,1067.0582275390625,1100.4000244140625,1107.3499755859375,1092.5,1094.0,2130036,Sun Pharma
2023-07-25,1061.8704833984375,1095.050048828125,1110.0,1090.800048828125,1110.0,1702900,Sun Pharma
2023-07-26,1078.3067626953125,1112.0,1114.4000244140625,1094.0999755859375,1097.050048828125,1321572,Sun Pharma
2023-07-27,1100.561279296875,1134.949951171875,1155.3499755859375,1116.300048828125,1128.0,6366612,Sun Pharma
2023-07-28,1107.957275390625,1138.550048828125,1143.9000244140625,1121.6500244140625,1129.949951171875,2677679,Sun Pharma
2023-07-31,1112.677001953125,1143.4000244140625,1145.0,1127.0,1140.0,1718336,Sun Pharma
2023-08-01,1112.7254638671875,1143.449951171875,1152.6500244140625,1136.0,1143.4000244140625,1448567,Sun Pharma
2023-08-02,1104.745849609375,1135.25,1144.300048828125,1126.449951171875,1143.949951171875,1731918,Sun Pharma
2023-08-03,1110.34130859375,1141.0,1169.699951171875,1122.3499755859375,1130.25,8460399,Sun Pharma
2023-08-04,1108.34619140625,1138.949951171875,1145.0,1121.050048828125,1129.0,3527805,Sun Pharma
2023-08-07,1129.609375,1160.800048828125,1166.75,1133.5,1138.949951171875,3353219,Sun Pharma
2023-08-08,1117.785888671875,1148.6500244140625,1164.5999755859375,1139.949951171875,1162.199951171875,3073468,Sun Pharma
2023-08-09,1121.82421875,1152.800048828125,1159.300048828125,1140.300048828125,1151.1500244140625,1306791,Sun Pharma
2023-08-10,1119.3914794921875,1150.300048828125,1157.9000244140625,1143.5999755859375,1150.5999755859375,1443067,Sun Pharma
2023-08-11,1101.923828125,1132.3499755859375,1151.0,1130.5,1150.050048828125,1756630,Sun Pharma
2023-08-14,1103.7728271484375,1134.25,1142.0,1120.5,1131.0,1824622,Sun Pharma
2023-08-16,1112.920166015625,1143.6500244140625,1145.5,1121.8499755859375,1134.949951171875,1224080,Sun Pharma
2023-08-17,1114.039306640625,1144.800048828125,1148.949951171875,1137.5,1143.6500244140625,1964341,Sun Pharma
2023-08-18,1104.4053955078125,1134.9000244140625,1149.300048828125,1129.0,1141.0,1473774,Sun Pharma
2023-08-21,1106.8380126953125,1137.4000244140625,1143.9000244140625,1127.1500244140625,1129.949951171875,941384,Sun Pharma
2023-08-22,1106.9840087890625,1137.550048828125,1147.0,1130.0,1135.0,1438879,Sun Pharma
2023-08-23,1093.5062255859375,1123.699951171875,1130.449951171875,1110.5999755859375,1128.0,3050418,Sun Pharma
2023-08-24,1088.2513427734375,1118.300048828125,1133.0999755859375,1113.199951171875,1123.5999755859375,1575291,Sun Pharma
2023-08-25,1076.5738525390625,1106.300048828125,1123.300048828125,1100.25,1118.0,1515282,Sun Pharma
2023-08-28,1086.9862060546875,1117.0,1124.1500244140625,1105.1500244140625,1110.050048828125,1959645,Sun Pharma
2023-08-29,1081.7314453125,1111.5999755859375,1125.050048828125,1106.449951171875,1125.050048828125,1749707,Sun Pharma
2023-08-30,1084.942626953125,1114.9000244140625,1119.1500244140625,1110.5,1117.5,1543173,Sun Pharma
2023-08-31,1081.7314453125,1111.5999755859375,1118.8499755859375,1101.699951171875,1118.8499755859375,4782404,Sun Pharma
2023-09-01,1079.201171875,1109.0,1117.5,1105.75,1112.0,2715249,Sun Pharma
2023-09-04,1079.10400390625,1108.9000244140625,1114.0,1102.0,1114.0,1205294,Sun Pharma
2023-09-05,1101.48583984375,1131.9000244140625,1136.0,1107.199951171875,1110.0,1698118,Sun Pharma
2023-09-06,1111.655029296875,1142.3499755859375,1149.0,1129.050048828125,1137.0,2960249,Sun Pharma
2023-09-07,1102.6051025390625,1133.050048828125,1141.449951171875,1128.5999755859375,1140.0,1863837,Sun Pharma
2023-09-08,1100.0745849609375,1130.449951171875,1138.050048828125,1128.5,1133.0,1789037,Sun Pharma
2023-09-11,1106.3515625,1136.9000244140625,1140.0,1125.699951171875,1130.449951171875,2032253,Sun Pharma
2023-09-12,1114.4771728515625,1145.25,1153.800048828125,1137.0999755859375,1142.050048828125,3989578,Sun Pharma
2023-09-13,1117.883056640625,1148.75,1156.699951171875,1142.300048828125,1149.0,2115524,Sun Pharma
2023-09-14,1113.0662841796875,1143.800048828125,1150.9000244140625,1138.75,1148.75,2065163,Sun Pharma
2023-09-15,1118.9049072265625,1149.800048828125,1153.800048828125,1144.0,1144.0,2404169,Sun Pharma
2023-09-18,1116.8126220703125,1147.6500244140625,1157.0,1142.550048828125,1149.0,962842,Sun Pharma
2023-09-20,1122.1649169921875,1153.1500244140625,1156.0,1139.0,1148.0,2303191,Sun Pharma
2023-09-21,1115.3529052734375,1146.1500244140625,1156.949951171875,1141.1500244140625,1149.0,2088934,Sun Pharma
2023-09-22,1101.923828125,1132.3499755859375,1148.0,1128.300048828125,1142.5,1585418,Sun Pharma
2023-09-25,1093.8468017578125,1124.050048828125,1136.800048828125,1121.6500244140625,1126.199951171875,1009279,Sun Pharma
2023-09-26,1095.5985107421875,1125.8499755859375,1130.0,1118.5,1125.0,1966198,Sun Pharma
2023-09-27,1109.3194580078125,1139.949951171875,1145.9000244140625,1123.199951171875,1126.1500244140625,2332018,Sun Pharma
2023-09-28,1101.875244140625,1132.300048828125,1152.0,1128.8499755859375,1142.949951171875,2685663,Sun Pharma
2023-09-29,1127.5172119140625,1158.6500244140625,1167.4000244140625,1134.300048828125,1134.300048828125,2288577,Sun Pharma
2023-10-03,1110.779296875,1141.449951171875,1161.949951171875,1139.25,1159.550048828125,1946966,Sun Pharma
2023-10-04,1093.6036376953125,1123.800048828125,1139.0,1113.0,1138.0999755859375,1803871,Sun Pharma
2023-10-05,1089.02978515625,1119.0999755859375,1128.6500244140625,1111.800048828125,1124.6500244140625,2348562,Sun Pharma
2023-10-06,1097.0093994140625,1127.300048828125,1132.1500244140625,1123.0999755859375,1128.0,1056281,Sun Pharma
2023-10-09,1092.873779296875,1123.050048828125,1133.800048828125,1109.0,1111.0,1080276,Sun Pharma
2023-10-10,1096.23095703125,1126.5,1130.4000244140625,1119.800048828125,1122.0,1092093,Sun Pharma
2023-10-11,1098.42041015625,1128.75,1134.449951171875,1122.3499755859375,1128.0,1456045,Sun Pharma
2023-10-12,1100.026123046875,1130.4000244140625,1132.550048828125,1121.199951171875,1129.0,1221965,Sun Pharma
2023-10-13,1114.52587890625,1145.300048828125,1147.199951171875,1122.0,1126.0999755859375,1934884,Sun Pharma
2023-10-16,1104.7945556640625,1135.300048828125,1147.25,1133.050048828125,1141.5,1144308,Sun Pharma
2023-10-17,1106.2542724609375,1136.800048828125,1144.0,1134.0,1138.6500244140625,798807,Sun Pharma
2023-10-18,1122.408203125,1153.4000244140625,1161.800048828125,1134.050048828125,1137.0,2178517,Sun Pharma
2023-10-19,1110.827880859375,1141.5,1150.0,1135.0,1147.4000244140625,1765065,Sun Pharma
2023-10-20,1111.5091552734375,1142.199951171875,1145.0,1133.0999755859375,1138.0,957910,Sun Pharma
2023-10-23,1092.2899169921875,1122.449951171875,1149.199951171875,1118.0,1135.0,702730,Sun Pharma
2023-10-25,1090.197509765625,1120.300048828125,1129.699951171875,1112.800048828125,1125.0,1800673,Sun Pharma
2023-10-26,1074.04345703125,1103.699951171875,1117.949951171875,1097.5,1115.949951171875,2223975,Sun Pharma
2023-10-27,1081.4393310546875,1111.300048828125,1119.800048828125,1107.6500244140625,1112.0,1250965,Sun Pharma
2023-10-30,1085.234619140625,1115.199951171875,1119.949951171875,1103.8499755859375,1115.699951171875,1078813,Sun Pharma
2023-10-31,1059.3492431640625,1088.5999755859375,1119.5999755859375,1068.3499755859375,1119.449951171875,6475786,Sun Pharma
2023-11-01,1086.2076416015625,1116.199951171875,1132.550048828125,1082.5999755859375,1092.0,3973264,Sun Pharma
2023-11-02,1102.4102783203125,1132.8499755859375,1137.550048828125,1110.5999755859375,1127.8499755859375,3454692,Sun Pharma
2023-11-03,1110.438720703125,1141.0999755859375,1145.699951171875,1131.5,1138.5,1741756,Sun Pharma
2023-11-06,1119.0994873046875,1150.0,1151.0,1140.0,1140.0999755859375,1428537,Sun Pharma
2023-11-07,1139.4866943359375,1170.949951171875,1173.550048828125,1146.550048828125,1149.0,1811831,Sun Pharma
2023-11-08,1145.0821533203125,1176.699951171875,1182.9000244140625,1171.0,1175.0,1702301,Sun Pharma
2023-11-09,1144.5955810546875,1176.199951171875,1183.25,1166.8499755859375,1181.0,1849169,Sun Pharma
2023-11-10,1147.6610107421875,1179.3499755859375,1181.5,1170.0999755859375,1174.050048828125,957539,Sun Pharma
2023-11-13,1146.1527099609375,1177.800048828125,1187.550048828125,1173.75,1180.0999755859375,816825,Sun Pharma
2023-11-15,1149.1693115234375,1180.9000244140625,1184.4000244140625,1171.0,1179.5,2246320,Sun Pharma
2023-11-16,1157.5867919921875,1189.550048828125,1194.9000244140625,1179.5999755859375,1182.0,2205723,Sun Pharma
2023-11-17,1162.5010986328125,1194.5999755859375,1198.4000244140625,1187.949951171875,1189.800048828125,891965,Sun Pharma
2023-11-20,1156.078369140625,1188.0,1198.25,1185.25,1196.0,1054810,Sun Pharma
2023-11-21,1169.1185302734375,1201.4000244140625,1205.0,1186.25,1189.0,999135,Sun Pharma
2023-11-22,1171.745849609375,1204.0999755859375,1214.800048828125,1199.0,1205.0,1401782,Sun Pharma
2023-11-23,1166.5882568359375,1198.800048828125,1209.9000244140625,1194.75,1203.550048828125,1177434,Sun Pharma
2023-11-24,1163.3282470703125,1195.449951171875,1209.5999755859375,1192.800048828125,1200.0,1376695,Sun Pharma
2023-11-28,1159.33837890625,1191.3499755859375,1200.3499755859375,1189.75,1197.1500244140625,886708,Sun Pharma
2023-11-29,1169.8970947265625,1202.199951171875,1209.5,1184.5,1191.949951171875,1813462,Sun Pharma
2023-11-30,1192.911376953125,1225.8499755859375,1231.1500244140625,1192.3499755859375,1192.3499755859375,4672807,Sun Pharma
2023-12-01,1198.1663818359375,1231.25,1241.8499755859375,1225.0,1233.050048828125,1749751,Sun Pharma
2023-12-04,1198.0689697265625,1231.1500244140625,1240.0,1220.5,1237.25,1615837,Sun Pharma
2023-12-05,1206.2432861328125,1239.550048828125,1243.5999755859375,1220.550048828125,1225.9000244140625,930042,Sun Pharma
2023-12-06,1207.021728515625,1240.3499755859375,1258.0,1233.300048828125,1248.550048828125,1704590,Sun Pharma
2023-12-07,1206.0001220703125,1239.300048828125,1241.9000244140625,1228.9000244140625,1231.0,1478355,Sun Pharma
2023-12-08,1202.5941162109375,1235.800048828125,1247.5999755859375,1230.6500244140625,1236.050048828125,1612113,Sun Pharma
2023-12-11,1208.0435791015625,1241.4000244140625,1246.3499755859375,1215.0999755859375,1236.0,1172972,Sun Pharma
2023-12-12,1185.2723388671875,1218.0,1250.0,1212.6500244140625,1249.0,2832873,Sun Pharma
2023-12-13,1199.9666748046875,1233.0999755859375,1239.5999755859375,1212.6500244140625,1218.300048828125,2448178,Sun Pharma
2023-12-14,1198.2149658203125,1231.300048828125,1239.9000244140625,1224.25,1239.0,2341190,Sun Pharma
2023-12-15,1202.54541015625,1235.75,1246.5,1233.0,1241.0,3474624,Sun Pharma
2023-12-18,1219.088623046875,1252.75,1267.9000244140625,1234.0,1235.75,2135393,Sun Pharma
2023-12-19,1211.4981689453125,1244.949951171875,1267.949951171875,1236.5,1264.800048828125,2187458,Sun Pharma
2023-12-20,1199.0423583984375,1232.1500244140625,1255.0,1228.449951171875,1255.0,1837031,Sun Pharma
2023-12-21,1200.3558349609375,1233.5,1237.949951171875,1208.550048828125,1224.0999755859375,1916222,Sun Pharma
2023-12-22,1210.2332763671875,1243.6500244140625,1251.0,1236.050048828125,1240.0,2058127,Sun Pharma
2023-12-26,1213.979736328125,1247.5,1250.0,1239.300048828125,1243.6500244140625,1796483,Sun Pharma
2023-12-27,1218.796630859375,1252.449951171875,1255.4000244140625,1241.25,1250.0,2005268,Sun Pharma
2023-12-28,1228.236083984375,1262.1500244140625,1264.6500244140625,1249.550048828125,1254.949951171875,2043365,Sun Pharma
2023-12-29,1225.608642578125,1259.449951171875,1271.949951171875,1252.550048828125,1262.0999755859375,1840160,Sun Pharma
2024-01-01,1226.3870849609375,1260.25,1263.949951171875,1252.5,1261.0,733452,Sun Pharma
2024-01-02,1261.3712158203125,1296.199951171875,1299.0,1257.1500244140625,1261.0,3174447,Sun Pharma
2024-01-03,1263.7066650390625,1298.5999755859375,1304.6500244140625,1291.1500244140625,1296.199951171875,1699057,Sun Pharma
2024-01-04,1277.6710205078125,1312.949951171875,1328.5,1297.050048828125,1304.0,2851729,Sun Pharma
2024-01-05,1265.263671875,1300.199951171875,1318.0,1287.0,1318.0,2960339,Sun Pharma
2024-01-08,1270.2266845703125,1305.300048828125,1309.949951171875,1299.300048828125,1305.4000244140625,1678133,Sun Pharma
2024-01-09,1288.4241943359375,1324.0,1333.449951171875,1306.8499755859375,1314.949951171875,1712486,Sun Pharma
2024-01-10,1289.2513427734375,1324.8499755859375,1333.5,1313.1500244140625,1330.050048828125,1278475,Sun Pharma
2024-01-11,1280.8824462890625,1316.25,1331.9000244140625,1310.199951171875,1328.0,1320281,Sun Pharma
2024-01-12,1290.32177734375,1325.949951171875,1330.0,1305.550048828125,1319.0,1538242,Sun Pharma
2024-01-15,1293.63037109375,1329.3499755859375,1340.0,1321.5999755859375,1329.199951171875,1475983,Sun Pharma
2024-01-16,1278.15771484375,1313.449951171875,1331.550048828125,1307.550048828125,1330.050048828125,824502,Sun Pharma
2024-01-17,1264.095947265625,1299.0,1320.449951171875,1294.3499755859375,1312.0,2544642,Sun Pharma
2024-01-18,1299.8583984375,1335.75,1343.4000244140625,1290.0,1298.949951171875,2842572,Sun Pharma
2024-01-19,1299.71240234375,1335.5999755859375,1344.4000244140625,1329.1500244140625,1340.0,1605745,Sun Pharma
2024-01-23,1341.26513671875,1378.300048828125,1394.5999755859375,1316.0,1316.0,4129729,Sun Pharma
2024-01-24,1344.9630126953125,1382.0999755859375,1390.0,1360.3499755859375,1380.0,1719845,Sun Pharma
2024-01-25,1331.533935546875,1368.300048828125,1390.0999755859375,1348.5,1383.550048828125,1870910,Sun Pharma
2024-01-29,1363.2091064453125,1400.8499755859375,1420.8499755859375,1355.199951171875,1365.0,3413149,Sun Pharma
2024-01-30,1334.89111328125,1371.75,1409.199951171875,1369.1500244140625,1401.9000244140625,1935332,Sun Pharma
2024-01-31,1380.336181640625,1418.449951171875,1438.9000244140625,1366.9000244140625,1371.699951171875,5796356,Sun Pharma
2024-02-01,1370.118408203125,1407.949951171875,1430.449951171875,1398.9000244140625,1427.0,2442481,Sun Pharma
2024-02-02,1378.584716796875,1416.6500244140625,1433.8499755859375,1405.1500244140625,1409.0,1775449,Sun Pharma
2024-02-05,1424.4678955078125,1463.800048828125,1466.0,1423.5999755859375,1426.800048828125,3481964,Sun Pharma
2024-02-06,1435.464111328125,1475.0999755859375,1478.0,1446.550048828125,1450.0,1893995,Sun Pharma
2024-02-07,1455.9970703125,1496.199951171875,1500.449951171875,1480.4000244140625,1483.0,2259235,Sun Pharma
2024-02-08,1459.3056640625,1499.5999755859375,1507.5,1485.3499755859375,1501.050048828125,2213750,Sun Pharma
2024-02-09,1502.073974609375,1534.800048828125,1539.0,1492.25,1500.9000244140625,6343881,Sun Pharma
2024-02-12,1501.7314453125,1534.449951171875,1555.0999755859375,1521.0999755859375,1539.8499755859375,4059288,Sun Pharma
2024-02-13,1509.3160400390625,1542.199951171875,1551.0,1525.449951171875,1537.5,4687838,Sun Pharma
2024-02-14,1487.9810791015625,1520.4000244140625,1545.800048828125,1508.050048828125,1545.800048828125,2105672,Sun Pharma
2024-02-15,1477.705078125,1509.9000244140625,1529.050048828125,1505.550048828125,1529.050048828125,2161691,Sun Pharma
2024-02-16,1477.7537841796875,1509.949951171875,1522.0,1504.8499755859375,1515.0,3480879,Sun Pharma
2024-02-19,1497.4742431640625,1530.0999755859375,1532.75,1507.4000244140625,1514.8499755859375,777823,Sun Pharma
2024-02-20,1505.890869140625,1538.699951171875,1542.0,1512.25,1532.0,2230669,Sun Pharma
2024-02-21,1510.4906005859375,1543.4000244140625,1549.5,1533.0,1540.050048828125,1993748,Sun Pharma
2024-02-22,1524.828369140625,1558.050048828125,1561.0,1535.0,1549.5999755859375,1981678,Sun Pharma
2024-02-23,1527.9600830078125,1561.25,1568.449951171875,1550.4000244140625,1558.0,1340283,Sun Pharma
2024-02-26,1523.7515869140625,1556.949951171875,1566.9000244140625,1548.699951171875,1562.0,974892,Sun Pharma
2024-02-27,1549.00146484375,1582.75,1585.449951171875,1549.050048828125,1556.75,2140963,Sun Pharma
2024-02-28,1540.291259765625,1573.8499755859375,1587.449951171875,1562.6500244140625,1586.5,578316,Sun Pharma
2024-02-29,1544.3038330078125,1577.949951171875,1587.800048828125,1556.5,1575.0,2350244,Sun Pharma
2024-03-01,1526.002685546875,1559.25,1581.9000244140625,1548.050048828125,1580.0,4069161,Sun Pharma
2024-03-04,1519.005126953125,1552.0999755859375,1569.0999755859375,1548.9000244140625,1550.550048828125,2298105,Sun Pharma
2024-03-05,1540.6339111328125,1574.199951171875,1576.4000244140625,1535.4000244140625,1553.800048828125,1408172,Sun Pharma
2024-03-06,1569.79833984375,1604.0,1606.75,1566.4000244140625,1575.0,1761032,Sun Pharma
2024-03-07,1571.462158203125,1605.699951171875,1619.949951171875,1600.4000244140625,1610.75,2440999,Sun Pharma
2024-03-11,1559.6201171875,1593.5999755859375,1627.0,1586.4000244140625,1615.1500244140625,2994345,Sun Pharma
2024-03-12,1550.5184326171875,1584.300048828125,1603.800048828125,1580.1500244140625,1592.199951171875,1294598,Sun Pharma
2024-03-13,1525.3665771484375,1558.5999755859375,1592.199951171875,1544.0,1581.199951171875,2881503,Sun Pharma
2024-03-14,1536.718994140625,1570.199951171875,1574.300048828125,1546.25,1567.25,3062556,Sun Pharma
2024-03-15,1515.188232421875,1548.199951171875,1573.5,1541.199951171875,1568.75,3421374,Sun Pharma
2024-03-18,1537.746826171875,1571.25,1576.25,1543.449951171875,1548.25,2281873,Sun Pharma
2024-03-19,1515.4327392578125,1548.449951171875,1579.75,1540.4000244140625,1574.0,3692624,Sun Pharma
2024-03-20,1516.313720703125,1549.3499755859375,1559.949951171875,1520.5,1559.949951171875,3412218,Sun Pharma
2024-03-21,1531.8255615234375,1565.199951171875,1570.8499755859375,1542.550048828125,1564.800048828125,2567975,Sun Pharma
2024-03-22,1574.5941162109375,1608.9000244140625,1621.0,1566.0999755859375,1568.9000244140625,4941447,Sun Pharma
2024-03-26,1564.0242919921875,1598.0999755859375,1614.699951171875,1593.0999755859375,1595.050048828125,3649049,Sun Pharma
2024-03-27,1569.945068359375,1604.1500244140625,1626.1500244140625,1592.0999755859375,1602.0,2530169,Sun Pharma
2024-03-28,1585.99560546875,1620.550048828125,1634.0,1607.949951171875,1609.949951171875,4427587,Sun Pharma
2024-04-01,1594.510009765625,1629.25,1633.75,1618.5,1631.5999755859375,1148498,Sun Pharma
2024-04-02,1587.6593017578125,1622.25,1633.0,1609.9000244140625,1629.25,1921533,Sun Pharma
2024-04-03,1585.3104248046875,1619.8499755859375,1628.949951171875,1594.199951171875,1609.0,2098379,Sun Pharma
2024-04-04,1584.821044921875,1619.3499755859375,1628.0,1587.1500244140625,1620.9000244140625,2439461,Sun Pharma
2024-04-05,1574.69189453125,1609.0,1638.8499755859375,1606.0999755859375,1611.0,1548980,Sun Pharma
2024-04-08,1565.590087890625,1599.699951171875,1618.9000244140625,1597.0,1611.0,1170390,Sun Pharma
2024-04-09,1568.3795166015625,1602.550048828125,1608.8499755859375,1591.949951171875,1601.0,1389391,Sun Pharma
2024-04-10,1569.8475341796875,1604.050048828125,1608.5,1583.75,1603.050048828125,1928878,Sun Pharma
2024-04-12,1507.1630859375,1540.0,1595.0,1534.0,1595.0,8258068,Sun Pharma
2024-04-15,1507.2120361328125,1540.050048828125,1544.0999755859375,1503.800048828125,1517.5999755859375,2474028,Sun Pharma
2024-04-16,1504.7652587890625,1537.550048828125,1543.300048828125,1525.1500244140625,1535.0,2058697,Sun Pharma
2024-04-18,1484.0662841796875,1516.4000244140625,1545.550048828125,1506.449951171875,1545.550048828125,3266796,Sun Pharma
2024-04-19,1490.329833984375,1522.800048828125,1528.300048828125,1503.699951171875,1505.0,2536516,Sun Pharma
2024-04-22,1507.260986328125,1540.0999755859375,1548.0,1521.949951171875,1528.449951171875,1680307,Sun Pharma
2024-04-23,1452.9932861328125,1484.6500244140625,1562.449951171875,1477.699951171875,1562.0,9160422,Sun Pharma
2024-04-24,1454.06982421875,1485.75,1503.0,1479.3499755859375,1484.6500244140625,4652803,Sun Pharma
2024-04-25,1487.736328125,1520.1500244140625,1527.300048828125,1488.6500244140625,1490.0,3846327,Sun Pharma
2024-04-26,1474.42626953125,1506.550048828125,1532.0,1500.050048828125,1531.0,1794350,Sun Pharma
2024-04-29,1489.1553955078125,1521.5999755859375,1527.800048828125,1510.050048828125,1516.0,1091667,Sun Pharma
2024-04-30,1470.0712890625,1502.0999755859375,1529.1500244140625,1497.0,1527.0,1991646,Sun Pharma
2024-05-02,1486.6109619140625,1519.0,1530.0,1502.0,1503.0,2494925,Sun Pharma
2024-05-03,1478.92822265625,1511.1500244140625,1537.0,1501.5,1527.0,3183226,Sun Pharma
2024-05-06,1496.54443359375,1529.1500244140625,1534.0,1508.75,1518.0,1240626,Sun Pharma
2024-05-07,1483.0386962890625,1515.3499755859375,1543.1500244140625,1510.0999755859375,1535.949951171875,1532550,Sun Pharma
2024-05-08,1489.30224609375,1521.75,1525.800048828125,1502.25,1510.0,1026357,Sun Pharma
2024-05-09,1462.7799072265625,1494.6500244140625,1529.949951171875,1489.800048828125,1521.199951171875,1477007,Sun Pharma
2024-05-10,1474.42626953125,1506.550048828125,1526.449951171875,1491.0,1494.6500244140625,1528487,Sun Pharma
2024-05-13,1492.53173828125,1525.050048828125,1530.0,1502.0,1513.0,1628326,Sun Pharma
2024-05-14,1512.30126953125,1545.25,1547.949951171875,1516.050048828125,1525.0,2206236,Sun Pharma
2024-05-15,1494.8319091796875,1527.4000244140625,1550.25,1520.3499755859375,1545.25,1207536,Sun Pharma
2024-05-16,1503.5419921875,1536.300048828125,1541.1500244140625,1508.300048828125,1529.0,2684392,Sun Pharma
2024-05-17,1498.7464599609375,1531.4000244140625,1537.300048828125,1520.1500244140625,1536.0,1341676,Sun Pharma
2024-05-21,1508.0928955078125,1540.949951171875,1558.300048828125,1524.0,1530.0,1791791,Sun Pharma
2024-05-22,1506.47802734375,1539.300048828125,1564.0,1505.4000244140625,1547.0,3948239,Sun Pharma
2024-05-23,1463.220458984375,1495.0999755859375,1510.0,1467.0,1510.0,11618479,Sun Pharma
2024-05-24,1454.99951171875,1486.699951171875,1505.699951171875,1477.0999755859375,1504.0,5307322,Sun Pharma
2024-05-27,1434.7900390625,1466.050048828125,1501.0,1460.550048828125,1486.699951171875,3474806,Sun Pharma
2024-05-28,1433.6644287109375,1464.9000244140625,1479.0999755859375,1455.949951171875,1468.949951171875,2616438,Sun Pharma
2024-05-29,1447.414794921875,1478.949951171875,1495.0,1465.6500244140625,1468.0999755859375,2843365,Sun Pharma
2024-05-30,1427.988037109375,1459.0999755859375,1477.4000244140625,1449.5,1476.0,3133423,Sun Pharma
2024-05-31,1428.6732177734375,1459.800048828125,1479.4000244140625,1440.0,1465.0,5503924,Sun Pharma
2024-06-03,1422.067138671875,1453.050048828125,1498.0,1451.0,1496.5,1855318,Sun Pharma
2024-06-04,1399.36181640625,1429.8499755859375,1476.300048828125,1377.199951171875,1461.5999755859375,5055952,Sun Pharma
2024-06-05,1455.5867919921875,1487.300048828125,1490.0,1432.0,1449.699951171875,2487724,Sun Pharma
2024-06-06,1441.2979736328125,1472.699951171875,1494.0,1455.050048828125,1494.0,3004955,Sun Pharma
2024-06-07,1474.7198486328125,1506.8499755859375,1510.0999755859375,1472.1500244140625,1479.9000244140625,3404664,Sun Pharma
2024-06-10,1480.836669921875,1513.0999755859375,1521.699951171875,1505.0999755859375,1519.0,1433942,Sun Pharma
2024-06-11,1467.7713623046875,1499.75,1525.0,1497.3499755859375,1524.0,1441589,Sun Pharma
2024-06-12,1474.7198486328125,1506.8499755859375,1514.550048828125,1495.8499755859375,1500.0,994784,Sun Pharma
2024-06-13,1478.5855712890625,1510.800048828125,1514.5999755859375,1498.0,1514.5999755859375,1412477,Sun Pharma
2024-06-14,1483.6748046875,1516.0,1518.0,1505.550048828125,1513.8499755859375,937490,Sun Pharma
2024-06-18,1488.5191650390625,1520.949951171875,1522.8499755859375,1510.199951171875,1522.5999755859375,1478241,Sun Pharma
2024-06-19,1471.9307861328125,1504.0,1529.8499755859375,1500.0,1524.949951171875,1537367,Sun Pharma
2024-06-20,1439.634521484375,1471.0,1487.949951171875,1467.0,1487.949951171875,4168375,Sun Pharma
2024-06-21,1435.9642333984375,1467.25,1488.0,1460.9000244140625,1480.0999755859375,4426556,Sun Pharma
2024-06-24,1462.633056640625,1494.5,1502.9000244140625,1475.050048828125,1475.050048828125,3726155,Sun Pharma
2024-06-25,1473.1051025390625,1505.199951171875,1508.0,1492.300048828125,1498.050048828125,1833311,Sun Pharma
2024-06-26,1488.715087890625,1521.1500244140625,1528.9000244140625,1495.25,1502.0,2563493,Sun Pharma
2024-06-27,1483.9195556640625,1516.25,1528.050048828125,1505.0,1525.0,3881458,Sun Pharma
2024-06-28,1488.42138671875,1520.8499755859375,1538.949951171875,1515.5999755859375,1520.0,2634599,Sun Pharma
2024-07-01,1487.6873779296875,1520.0999755859375,1530.0,1503.8499755859375,1520.8499755859375,1451094,Sun Pharma
2024-07-02,1491.55322265625,1524.050048828125,1534.9000244140625,1508.25,1514.0,1336816,Sun Pharma
2024-07-03,1501.2420654296875,1533.949951171875,1536.25,1498.300048828125,1519.3499755859375,1061099,Sun Pharma
2024-07-04,1524.6815185546875,1557.9000244140625,1571.0,1526.0,1535.0,2630823,Sun Pharma
2024-07-05,1534.9576416015625,1568.4000244140625,1574.75,1557.0,1562.0,2481046,Sun Pharma
2024-07-08,1523.2135009765625,1556.4000244140625,1574.800048828125,1550.949951171875,1570.5999755859375,1120204,Sun Pharma
2024-07-09,1551.5950927734375,1585.4000244140625,1589.9000244140625,1549.800048828125,1564.800048828125,1492840,Sun Pharma
2024-07-10,1564.464599609375,1598.550048828125,1601.1500244140625,1567.5999755859375,1592.800048828125,1899956,Sun Pharma
2024-07-11,1548.02294921875,1581.75,1602.5,1572.300048828125,1601.0,1707500,Sun Pharma
2024-07-12,1548.5628662109375,1577.300048828125,1587.3499755859375,1550.0,1582.0,1426598,Sun Pharma
2024-07-15,1557.3006591796875,1586.199951171875,1594.699951171875,1577.300048828125,1579.949951171875,832804,Sun Pharma
2024-07-16,1550.5264892578125,1579.300048828125,1595.0,1574.949951171875,1589.0,688481,Sun Pharma
2024-07-18,1565.2039794921875,1594.25,1596.5999755859375,1570.25,1575.0,1665636,Sun Pharma
2024-07-19,1540.070556640625,1568.6500244140625,1589.75,1565.1500244140625,1584.699951171875,1649335,Sun Pharma
2024-07-22,1558.4296875,1587.3499755859375,1589.5,1555.050048828125,1555.050048828125,826636,Sun Pharma
2024-07-23,1572.420166015625,1601.5999755859375,1605.6500244140625,1574.300048828125,1587.0,1502677,Sun Pharma
2024-07-24,1589.94482421875,1619.449951171875,1624.949951171875,1592.0,1602.0,2923358,Sun Pharma
2024-07-25,1635.450439453125,1665.800048828125,1681.300048828125,1602.199951171875,1614.8499755859375,5329712,Sun Pharma
2024-07-26,1683.0177001953125,1714.25,1723.800048828125,1665.0,1670.449951171875,4591049,Sun Pharma
2024-07-29,1691.853759765625,1723.25,1728.75,1692.75,1715.25,3187339,Sun Pharma
2024-07-30,1670.59814453125,1701.5999755859375,1725.449951171875,1697.0,1716.0999755859375,1525840,Sun Pharma
2024-07-31,1688.0247802734375,1719.3499755859375,1730.949951171875,1695.199951171875,1702.0999755859375,1594881,Sun Pharma
2024-08-01,1683.9503173828125,1715.199951171875,1746.449951171875,1681.300048828125,1725.5,5258291,Sun Pharma
2024-08-02,1700.100830078125,1731.6500244140625,1741.800048828125,1683.8499755859375,1700.0,2992406,Sun Pharma
2024-08-05,1689.006591796875,1720.3499755859375,1758.0,1715.0,1725.0,5165558,Sun Pharma
2024-08-06,1676.43994140625,1707.550048828125,1734.0,1703.949951171875,1725.0,1710278,Sun Pharma
2024-08-07,1702.849609375,1734.449951171875,1736.8499755859375,1709.4000244140625,1720.0,1922313,Sun Pharma
2024-08-08,1705.4024658203125,1737.050048828125,1748.6500244140625,1728.3499755859375,1735.0,2480113,Sun Pharma
2024-08-09,1703.6842041015625,1735.300048828125,1749.800048828125,1730.050048828125,1749.800048828125,751683,Sun Pharma
2024-08-12,1702.2606201171875,1733.8499755859375,1748.5,1730.050048828125,1735.0,1526788,Sun Pharma
2024-08-13,1708.396728515625,1740.0999755859375,1751.8499755859375,1725.5999755859375,1740.0,2076963,Sun Pharma
2024-08-14,1709.9185791015625,1741.6500244140625,1753.0,1732.5999755859375,1747.5,2207250,Sun Pharma
2024-08-16,1710.9984130859375,1742.75,1751.1500244140625,1728.6500244140625,1749.5999755859375,2180718,Sun Pharma
2024-08-19,1715.95654296875,1747.800048828125,1752.8499755859375,1740.6500244140625,1752.8499755859375,1363446,Sun Pharma
2024-08-20,1734.16845703125,1766.3499755859375,1770.800048828125,1745.1500244140625,1751.800048828125,1766597,Sun Pharma
2024-08-21,1732.4996337890625,1764.6500244140625,1771.949951171875,1757.300048828125,1770.0,1184193,Sun Pharma
2024-08-22,1718.754638671875,1750.6500244140625,1769.5,1748.4000244140625,1769.5,1369554,Sun Pharma
2024-08-23,1743.397216796875,1775.75,1781.449951171875,1751.9000244140625,1753.75,3515492,Sun Pharma
2024-08-26,1740.1573486328125,1772.449951171875,1780.0,1764.5,1780.0,933372,Sun Pharma
2024-08-27,1756.798828125,1789.4000244140625,1792.5999755859375,1767.1500244140625,1778.0,1231023,Sun Pharma
2024-08-28,1778.839599609375,1811.8499755859373,1823.0,1786.3499755859375,1796.9000244140625,1768949,Sun Pharma
2024-08-29,1766.4200439453125,1799.199951171875,1826.8499755859373,1790.25,1809.9000244140625,3205924,Sun Pharma
2024-08-30,1788.4610595703125,1821.6500244140625,1828.1500244140625,1791.300048828125,1798.1500244140625,3036374,Sun Pharma
2024-09-02,1782.86474609375,1815.949951171875,1837.0,1805.199951171875,1829.949951171875,1617946,Sun Pharma
2024-09-03,1778.495849609375,1811.5,1839.550048828125,1805.0999755859373,1820.0,2148689,Sun Pharma
2024-09-04,1799.4569091796875,1832.8499755859373,1835.0,1801.300048828125,1811.5,2473477,Sun Pharma
2024-09-05,1793.2225341796875,1826.5,1843.9000244140625,1820.0,1833.199951171875,1902919,Sun Pharma
2024-09-06,1791.3082275390625,1824.550048828125,1850.0,1805.0,1819.550048828125,1701134,Sun Pharma
2024-09-09,1788.6572265625,1821.8499755859373,1835.4000244140625,1812.8499755859373,1824.550048828125,1544883,Sun Pharma
2024-09-10,1802.8931884765625,1836.3499755859373,1842.25,1825.699951171875,1830.0,1460472,Sun Pharma
2024-09-11,1812.0728759765625,1845.699951171875,1857.5,1831.0999755859373,1836.4000244140625,1701900,Sun Pharma
2024-09-12,1831.4139404296875,1865.4000244140625,1871.5,1840.4000244140625,1855.1500244140625,2744070,Sun Pharma
2024-09-13,1819.9761962890625,1853.75,1865.0,1851.4000244140625,1865.0,1322430,Sun Pharma
2024-09-16,1829.008544921875,1862.949951171875,1873.3499755859373,1850.9000244140625,1862.0,1284085,Sun Pharma
2024-09-17,1832.1011962890625,1866.0999755859373,1869.6500244140625,1859.25,1863.0,738265,Sun Pharma
2024-09-18,1802.549560546875,1836.0,1868.0,1829.5999755859373,1868.0,1202676,Sun Pharma
2024-09-19,1812.41650390625,1846.050048828125,1856.0,1835.0,1845.199951171875,1675819,Sun Pharma
2024-09-20,1831.757568359375,1865.75,1871.0,1841.9000244140625,1851.0999755859373,4229991,Sun Pharma
2024-09-23,1828.7630615234373,1862.699951171875,1875.0,1857.5,1867.0,812520,Sun Pharma
2024-09-24,1834.064697265625,1868.0999755859373,1880.6500244140625,1856.0,1856.0,2528953,Sun Pharma
2024-09-25,1836.4700927734373,1870.550048828125,1876.0,1858.550048828125,1874.0,956893,Sun Pharma
2024-09-26,1863.812744140625,1898.4000244140625,1905.0,1867.050048828125,1870.550048828125,2452807,Sun Pharma
2024-09-27,1913.1961669921875,1948.699951171875,1959.300048828125,1915.25,1917.949951171875,3809008,Sun Pharma
2024-09-30,1891.596923828125,1926.699951171875,1960.3499755859373,1921.050048828125,1949.0,2608461,Sun Pharma
2024-10-01,1884.969970703125,1919.949951171875,1934.75,1902.3499755859373,1924.8499755859373,1275678,Sun Pharma
2024-10-03,1876.0357666015625,1910.8499755859373,1936.300048828125,1896.050048828125,1900.800048828125,2492195,Sun Pharma
2024-10-04,1875.2503662109373,1910.050048828125,1952.25,1903.6500244140625,1910.8499755859373,2798189,Sun Pharma
2024-10-07,1870.5379638671875,1905.25,1917.949951171875,1888.050048828125,1910.050048828125,1691999,Sun Pharma
2024-10-08,1882.2210693359373,1917.1500244140625,1921.449951171875,1901.550048828125,1904.0,2309881,Sun Pharma
2024-10-09,1895.671630859375,1930.8499755859373,1947.0,1894.5,1894.550048828125,1597182,Sun Pharma
2024-10-10,1853.3568115234373,1887.75,1937.949951171875,1883.9000244140625,1929.5999755859373,2383012,Sun Pharma
2024-10-11,1867.2979736328125,1901.949951171875,1909.3499755859373,1890.5,1899.0,1019117,Sun Pharma
2024-10-14,1874.955810546875,1909.75,1915.75,1895.0999755859373,1903.0,676879,Sun Pharma
2024-10-15,1863.861572265625,1898.449951171875,1920.4000244140625,1894.6500244140625,1918.0,1383203,Sun Pharma
2024-10-16,1863.9107666015625,1898.5,1914.699951171875,1887.0,1908.949951171875,1401914,Sun Pharma
2024-10-17,1855.1239013671875,1889.550048828125,1923.6500244140625,1879.6500244140625,1923.550048828125,1447059,Sun Pharma
2024-10-18,1875.5450439453125,1910.3499755859373,1917.9000244140625,1872.699951171875,1900.0,1203693,Sun Pharma
2024-10-21,1862.438232421875,1897.0,1920.550048828125,1890.550048828125,1918.800048828125,660583,Sun Pharma
2024-10-22,1853.160400390625,1887.550048828125,1906.0,1881.0,1892.0,1192915,Sun Pharma
2024-10-23,1805.8385009765625,1839.3499755859373,1889.550048828125,1832.0,1880.050048828125,1673366,Sun Pharma
2024-10-24,1815.2144775390625,1848.9000244140625,1859.550048828125,1829.449951171875,1830.0,1739776,Sun Pharma
2024-10-25,1826.505126953125,1860.4000244140625,1875.5999755859373,1850.0999755859373,1856.800048828125,2148004,Sun Pharma
2024-10-28,1868.230712890625,1902.9000244140625,1916.0,1835.0,1863.199951171875,2445724,Sun Pharma
2024-10-29,1837.5008544921875,1871.5999755859373,1922.699951171875,1862.0,1922.0,2295542,Sun Pharma
2024-10-30,1818.356201171875,1852.0999755859373,1880.9000244140625,1820.0,1868.5,1900203,Sun Pharma
2024-10-31,1815.2144775390625,1848.9000244140625,1872.5,1842.0999755859373,1860.0,2572932,Sun Pharma
2024-11-01,1824.54150390625,1858.4000244140625,1864.949951171875,1831.550048828125,1860.0,107596,Sun Pharma
2024-11-04,1775.9432373046875,1808.9000244140625,1845.0,1760.0999755859375,1845.0,5031861,Sun Pharma
2024-11-05,1770.7398681640625,1803.5999755859373,1833.0,1799.449951171875,1805.0,1658010,Sun Pharma
2024-11-06,1794.1552734375,1827.449951171875,1840.0,1802.199951171875,1815.550048828125,2060619,Sun Pharma
2024-11-07,1758.3203125,1790.949951171875,1845.0,1778.800048828125,1845.0,1909269,Sun Pharma
2024-11-08,1776.6304931640625,1809.5999755859373,1815.050048828125,1790.949951171875,1799.800048828125,1644075,Sun Pharma
2024-11-11,1761.90380859375,1794.5999755859375,1817.6500244140625,1791.949951171875,1817.4000244140625,1069649,Sun Pharma
2024-11-12,1768.0399169921875,1800.8499755859375,1825.0,1795.0999755859375,1801.9000244140625,2471888,Sun Pharma
2024-11-13,1746.5880126953125,1779.0,1797.300048828125,1770.449951171875,1791.0,1810332,Sun Pharma
2024-11-14,1735.9847412109375,1768.199951171875,1796.0,1763.1500244140625,1779.699951171875,1473358,Sun Pharma
2024-11-18,1715.9073486328125,1747.75,1799.0,1743.199951171875,1799.0,1533025,Sun Pharma
2024-11-19,1744.869873046875,1777.25,1806.75,1730.0,1730.050048828125,1933316,Sun Pharma
2024-11-21,1747.56982421875,1780.0,1791.449951171875,1758.050048828125,1772.0,2014349,Sun Pharma
2024-11-22,1762.591064453125,1795.300048828125,1814.949951171875,1768.050048828125,1785.0,1420813,Sun Pharma
2024-11-25,1766.1256103515625,1798.9000244140625,1830.0,1784.1500244140625,1806.0,3137448,Sun Pharma
2024-11-26,1729.5050048828125,1761.5999755859375,1806.75,1753.199951171875,1806.75,1589883,Sun Pharma
2024-11-27,1717.5762939453125,1749.449951171875,1778.5999755859375,1740.25,1760.0999755859375,1982546,Sun Pharma
2024-11-28,1702.6534423828125,1734.25,1760.699951171875,1723.4000244140625,1749.449951171875,3071758,Sun Pharma
2024-11-29,1748.45361328125,1780.9000244140625,1795.800048828125,1739.199951171875,1742.9000244140625,2427677,Sun Pharma
2024-12-02,1775.5997314453125,1808.550048828125,1814.0,1792.1500244140625,1800.0,1948045,Sun Pharma
2024-12-03,1767.254638671875,1800.050048828125,1832.0,1788.3499755859375,1831.25,1543970,Sun Pharma
2024-12-04,1767.4017333984375,1800.199951171875,1814.8499755859373,1785.0,1810.5,2320116,Sun Pharma
2024-12-05,1780.410400390625,1813.449951171875,1825.949951171875,1775.4000244140625,1808.699951171875,2742263,Sun Pharma
2024-12-06,1771.9671630859375,1804.8499755859373,1823.949951171875,1801.0,1815.8499755859373,1590478,Sun Pharma
2024-12-09,1773.734375,1806.6500244140625,1819.949951171875,1796.699951171875,1814.800048828125,1528215,Sun Pharma
2024-12-10,1776.9742431640625,1809.949951171875,1823.0,1796.0,1821.0,2043634,Sun Pharma
2024-12-11,1780.9503173828125,1814.0,1826.3499755859373,1805.050048828125,1824.300048828125,1745911,Sun Pharma
2024-12-12,1772.55615234375,1805.449951171875,1820.0,1798.050048828125,1819.0,1082394,Sun Pharma
2024-12-13,1780.410400390625,1813.449951171875,1816.800048828125,1774.050048828125,1804.75,1391111,Sun Pharma
2024-12-16,1776.826904296875,1809.800048828125,1822.5,1792.3499755859375,1818.699951171875,1483330,Sun Pharma
2024-12-17,1756.455078125,1789.050048828125,1815.75,1783.0999755859375,1810.0,1608164,Sun Pharma
2024-12-18,1768.236328125,1801.050048828125,1822.449951171875,1792.800048828125,1798.0,1732860,Sun Pharma
2024-12-19,1790.0810546875,1823.300048828125,1829.4000244140625,1790.800048828125,1801.0,1924091,Sun Pharma
2024-12-20,1775.894287109375,1808.8499755859373,1825.949951171875,1794.0999755859375,1823.300048828125,2513418,Sun Pharma
2024-12-23,1781.5394287109375,1814.5999755859373,1828.0,1796.6500244140625,1811.0,1299181,Sun Pharma
2024-12-24,1785.859375,1819.0,1831.75,1803.1500244140625,1814.9000244140625,1121058,Sun Pharma
2024-12-26,1807.802001953125,1841.3499755859373,1845.050048828125,1814.4000244140625,1820.0,1402706,Sun Pharma
2024-12-27,1827.3394775390625,1861.25,1866.0,1836.75,1845.5,1668898,Sun Pharma
2024-12-30,1849.576904296875,1883.9000244140625,1895.75,1855.0,1862.050048828125,6021550,Sun Pharma
2024-12-31,1851.9822998046875,1886.3499755859373,1910.0,1868.800048828125,1876.800048828125,1844944,Sun Pharma
2025-01-01,1855.5164794921875,1889.949951171875,1902.949951171875,1878.6500244140625,1889.9000244140625,1338092,Sun Pharma
2025-01-02,1843.7843017578125,1878.0,1896.0,1864.949951171875,1892.0,2507223,Sun Pharma
2025-01-03,1815.9508056640625,1849.6500244140625,1884.0,1844.0,1878.0,1515825,Sun Pharma
2025-01-06,1813.741943359375,1847.4000244140625,1856.5,1825.6500244140625,1850.5,1397724,Sun Pharma
2025-01-07,1819.632568359375,1853.4000244140625,1865.0,1845.6500244140625,1848.550048828125,1615649,Sun Pharma
2025-01-08,1804.267578125,1837.75,1862.5999755859373,1829.199951171875,1862.5999755859373,1298188,Sun Pharma
2025-01-09,1793.0753173828125,1826.3499755859373,1841.0,1814.0,1841.0,1199181,Sun Pharma
2025-01-10,1752.2823486328125,1784.800048828125,1834.5999755859373,1772.75,1825.449951171875,857827,Sun Pharma
2025-01-13,1715.072998046875,1746.9000244140625,1785.550048828125,1742.449951171875,1784.5999755859375,1645287,Sun Pharma
2025-01-14,1738.586669921875,1770.8499755859375,1784.050048828125,1742.0999755859375,1755.0,1962645,Sun Pharma
2025-01-15,1724.841552734375,1756.8499755859375,1775.0,1747.699951171875,1772.800048828125,857867,Sun Pharma
2025-01-16,1731.1741943359375,1763.300048828125,1775.5999755859375,1740.800048828125,1775.050048828125,2180496,Sun Pharma
2025-01-17,1754.0006103515625,1786.550048828125,1791.949951171875,1767.5999755859375,1779.0,1163986,Sun Pharma
2025-01-20,1745.8516845703125,1778.25,1800.449951171875,1768.300048828125,1789.3499755859375,1341246,Sun Pharma
2025-01-21,1730.5848388671875,1762.699951171875,1805.75,1759.5,1772.0999755859375,2489267,Sun Pharma
2025-01-22,1766.174560546875,1798.949951171875,1803.5999755859373,1773.8499755859375,1777.0,2262270,Sun Pharma
2025-01-23,1800.1932373046875,1833.5999755859373,1839.75,1786.050048828125,1788.0999755859375,1974760,Sun Pharma
2025-01-24,1789.0008544921875,1822.199951171875,1843.0999755859373,1808.199951171875,1829.0,1277935,Sun Pharma
2025-01-27,1754.2950439453125,1786.8499755859375,1824.25,1774.300048828125,1818.0999755859373,1452975,Sun Pharma
2025-01-28,1674.42724609375,1705.5,1780.0,1693.0999755859375,1779.800048828125,5972497,Sun Pharma
2025-01-29,1703.7333984375,1735.3499755859375,1744.0,1696.0,1705.5,1433336,Sun Pharma
2025-01-30,1707.4150390625,1739.0999755859375,1760.300048828125,1725.300048828125,1740.449951171875,2017991,Sun Pharma
2025-01-31,1712.1766357421875,1743.949951171875,1769.8499755859375,1706.050048828125,1742.0,4275269,Sun Pharma
2025-02-01,1710.4583740234375,1742.199951171875,1789.0,1733.300048828125,1740.0,1477972,Sun Pharma
2025-02-03,1708.8878173828125,1740.5999755859375,1785.9000244140625,1710.550048828125,1781.449951171875,2210231,Sun Pharma
2025-02-04,1733.088623046875,1765.25,1776.25,1740.6500244140625,1749.300048828125,2796294,Sun Pharma
2025-02-05,1720.8162841796875,1752.75,1773.800048828125,1735.199951171875,1773.800048828125,1787905,Sun Pharma
2025-02-06,1720.5694580078125,1742.0,1768.3499755859375,1736.300048828125,1753.0,3421791,Sun Pharma
2025-02-07,1728.2735595703125,1749.800048828125,1753.0,1727.300048828125,1751.4000244140625,1371545,Sun Pharma
2025-02-10,1710.7911376953125,1732.0999755859375,1750.0,1723.699951171875,1741.25,1237839,Sun Pharma
2025-02-11,1678.839111328125,1699.75,1734.199951171875,1695.050048828125,1725.199951171875,2779274,Sun Pharma
2025-02-12,1673.01171875,1693.8499755859375,1714.949951171875,1688.050048828125,1706.449951171875,1757284,Sun Pharma
2025-02-13,1724.8658447265625,1746.3499755859375,1752.75,1699.949951171875,1700.0,2750390,Sun Pharma
2025-02-14,1679.579833984375,1700.5,1748.949951171875,1685.0,1747.3499755859375,2123774,Sun Pharma
2025-02-17,1693.111328125,1714.199951171875,1735.3499755859375,1696.050048828125,1700.5,2277889,Sun Pharma
2025-02-18,1680.6663818359375,1701.5999755859375,1729.75,1698.4000244140625,1714.199951171875,2163972,Sun Pharma
2025-02-19,1655.9739990234375,1676.5999755859375,1699.0,1647.0999755859375,1665.0999755859375,2576319,Sun Pharma
2025-02-20,1648.7637939453125,1669.300048828125,1677.949951171875,1663.0,1667.1500244140625,1670915,Sun Pharma
2025-02-21,1623.5279541015625,1643.75,1684.4000244140625,1632.0,1678.050048828125,2244190,Sun Pharma
2025-02-24,1619.330322265625,1639.5,1669.9000244140625,1627.050048828125,1629.75,2357441,Sun Pharma
2025-02-25,1593.7490234375,1613.5999755859375,1647.800048828125,1606.25,1639.5,2836717,Sun Pharma
2025-02-27,1627.23193359375,1647.5,1653.0999755859375,1605.050048828125,1628.949951171875,2744489,Sun Pharma
2025-02-28,1573.6494140625,1593.25,1671.0,1586.4000244140625,1671.0,3549979,Sun Pharma
2025-03-03,1565.599609375,1585.0999755859375,1607.4000244140625,1582.199951171875,1585.300048828125,1425492,Sun Pharma
2025-03-04,1547.2283935546875,1566.5,1590.0,1556.0,1585.0,1717135,Sun Pharma
2025-03-05,1562.9820556640625,1582.449951171875,1586.300048828125,1553.050048828125,1564.5999755859375,2428171,Sun Pharma
2025-03-06,1594.14404296875,1614.0,1617.9000244140625,1572.550048828125,1598.25,2458676,Sun Pharma
2025-03-07,1589.501953125,1609.300048828125,1628.75,1605.6500244140625,1624.0,980890,Sun Pharma
2025-03-10,1591.6748046875,1611.5,1641.449951171875,1602.75,1621.949951171875,1600589,Sun Pharma
2025-03-11,1634.93603515625,1655.300048828125,1663.5999755859375,1605.3499755859375,1616.0999755859375,3325416,Sun Pharma
2025-03-12,1656.2208251953125,1676.8499755859375,1680.25,1658.050048828125,1662.0,2389362,Sun Pharma
2025-03-13,1662.739501953125,1683.449951171875,1687.1500244140625,1663.449951171875,1672.0,1666929,Sun Pharma
2025-03-17,1683.333251953125,1704.300048828125,1720.1500244140625,1688.3499755859375,1694.050048828125,2588408,Sun Pharma
2025-03-18,1683.333251953125,1704.300048828125,1704.300048828125,1704.300048828125,1704.300048828125,0,Sun Pharma
2025-03-19,1711.0380859375,1732.3499755859375,1748.0,1726.300048828125,1747.800048828125,2167448,Sun Pharma
2025-03-20,1728.7178955078125,1750.25,1757.1500244140625,1722.9000244140625,1735.6500244140625,1602232,Sun Pharma
2025-03-21,1762.5465087890625,1784.5,1792.800048828125,1750.25,1759.0,2483162,Sun Pharma
2025-03-24,1762.8428955078125,1784.800048828125,1820.0,1777.5999755859375,1794.5,1182084,Sun Pharma
2025-03-25,1743.0394287109375,1764.75,1795.949951171875,1758.5,1784.800048828125,1471028,Sun Pharma
2025-03-26,1737.310791015625,1758.949951171875,1770.800048828125,1746.0999755859375,1767.949951171875,1762361,Sun Pharma
2025-03-27,1710.1490478515625,1731.449951171875,1752.300048828125,1720.0,1751.0,3279881,Sun Pharma
2025-03-28,1713.359130859375,1734.699951171875,1741.3499755859375,1705.199951171875,1731.449951171875,1956781,Sun Pharma
2025-04-01,1677.456298828125,1698.3499755859375,1733.949951171875,1681.5999755859375,1731.0,4142445,Sun Pharma
2025-04-02,1692.5682373046875,1713.6500244140625,1718.449951171875,1685.9000244140625,1695.0,3369489,Sun Pharma
2025-04-03,1748.2249755859375,1770.0,1812.699951171875,1750.0,1755.0,5715573,Sun Pharma
2025-04-04,1688.321044921875,1709.3499755859375,1778.8499755859375,1658.050048828125,1778.8499755859375,5345276,Sun Pharma
2025-04-07,1645.8499755859375,1666.3499755859375,1692.0,1620.0999755859375,1620.0999755859375,5715334,Sun Pharma
2025-04-08,1667.579345703125,1688.3499755859375,1709.8499755859375,1645.0,1645.0,2807382,Sun Pharma
2025-04-09,1631.8739013671875,1652.199951171875,1679.75,1640.0,1650.0,3481864,Sun Pharma
2025-04-11,1666.789306640625,1687.550048828125,1737.0,1682.0999755859375,1710.0,3801939,Sun Pharma
2025-04-15,1684.0245361328125,1705.0,1724.5,1696.800048828125,1720.0,1993085,Sun Pharma
2025-04-16,1672.27099609375,1693.0999755859375,1702.699951171875,1682.0999755859375,1691.0999755859375,2205374,Sun Pharma
2025-04-17,1729.9525146484375,1751.5,1758.0,1687.4000244140625,1695.0,2683908,Sun Pharma
2025-04-21,1723.43359375,1744.9000244140625,1761.0,1731.300048828125,1761.0,1539511,Sun Pharma
2025-04-22,1725.9029541015625,1747.4000244140625,1755.0,1734.5,1751.0,961907,Sun Pharma
2025-04-23,1766.7935791015625,1788.800048828125,1791.300048828125,1742.0999755859375,1754.199951171875,1471029,Sun Pharma
2025-04-24,1781.7078857421875,1803.9000244140625,1807.9000244140625,1773.9000244140625,1790.0,2101177,Sun Pharma
2025-04-25,1765.4107666015625,1787.4000244140625,1815.5,1764.199951171875,1806.0,2036801,Sun Pharma
2025-04-28,1818.944091796875,1841.5999755859373,1846.0,1781.199951171875,1787.4000244140625,3216482,Sun Pharma
2025-04-29,1783.2882080078125,1805.5,1846.0,1797.0,1845.0,2886160,Sun Pharma
2025-04-30,1809.7584228515625,1832.300048828125,1838.9000244140625,1803.300048828125,1810.0,2667314,Sun Pharma
2025-05-02,1802.1531982421875,1824.5999755859373,1851.199951171875,1813.800048828125,1832.300048828125,1885257,Sun Pharma
2025-05-05,1814.005615234375,1836.5999755859373,1843.300048828125,1821.4000244140625,1827.800048828125,1219830,Sun Pharma
2025-05-06,1796.7208251953125,1819.0999755859373,1827.9000244140625,1799.0,1820.0,1414772,Sun Pharma
2025-05-07,1759.385986328125,1781.300048828125,1826.4000244140625,1778.699951171875,1817.9000244140625,2015237,Sun Pharma
2025-05-08,1745.459228515625,1767.199951171875,1788.9000244140625,1755.0,1781.300048828125,2647871,Sun Pharma
2025-05-09,1723.3349609375,1744.800048828125,1766.300048828125,1731.699951171875,1751.9000244140625,1148956,Sun Pharma
2025-05-12,1665.4556884765625,1686.199951171875,1712.4000244140625,1623.5999755859375,1695.699951171875,9221075,Sun Pharma
2025-05-13,1679.0860595703125,1700.0,1748.5,1691.300048828125,1711.0,6988329,Sun Pharma
2025-05-14,1687.18505859375,1708.199951171875,1711.4000244140625,1692.0999755859375,1702.0,1639324,Sun Pharma
2025-05-15,1718.692626953125,1740.0999755859375,1744.4000244140625,1684.0999755859375,1701.0999755859375,3880385,Sun Pharma
2025-05-16,1713.5567626953125,1734.9000244140625,1741.5999755859375,1719.0,1740.0,1448249,Sun Pharma
2025-05-19,1708.9144287109375,1730.199951171875,1765.0,1726.5999755859375,1745.0,2074023,Sun Pharma
2025-05-20,1686.7901611328125,1707.800048828125,1748.0,1703.300048828125,1743.800048828125,2706777,Sun Pharma
2025-05-21,1710.494873046875,1731.800048828125,1758.699951171875,1707.800048828125,1716.4000244140625,2754306,Sun Pharma
2025-05-22,1697.555908203125,1718.699951171875,1740.0,1707.199951171875,1734.199951171875,2670554,Sun Pharma
2025-05-23,1662.8878173828125,1683.5999755859375,1689.5,1636.5999755859375,1658.0,8339783,Sun Pharma
2025-05-26,1655.4801025390625,1676.0999755859375,1702.4000244140625,1667.0,1693.0999755859375,2282131,Sun Pharma
2025-05-27,1662.690185546875,1683.4000244140625,1692.0,1661.0999755859375,1676.0999755859375,2800622,Sun Pharma
2025-05-28,1645.8994140625,1666.4000244140625,1686.9000244140625,1663.0,1683.4000244140625,2657712,Sun Pharma
2025-05-29,1678.8885498046875,1699.800048828125,1703.300048828125,1670.4000244140625,1675.0,2377583,Sun Pharma
2025-05-30,1656.961669921875,1677.5999755859375,1713.5999755859375,1669.0999755859375,1702.0,3640641,Sun Pharma
2025-06-02,1653.99853515625,1674.5999755859375,1683.5,1660.5,1679.0,1819538,Sun Pharma
2025-06-03,1646.9859619140625,1667.5,1695.0,1657.5999755859375,1695.0,2556920,Sun Pharma
2025-06-04,1644.41796875,1664.9000244140625,1669.0,1649.0,1656.0,1700482,Sun Pharma
2025-06-05,1662.3939208984375,1683.0999755859375,1694.300048828125,1662.0,1662.0,2037073,Sun Pharma
2025-06-06,1658.5418701171875,1679.199951171875,1689.0,1669.0,1685.0,2500047,Sun Pharma
2025-06-09,1673.554931640625,1694.4000244140625,1698.800048828125,1673.300048828125,1679.9000244140625,2589656,Sun Pharma
2025-06-10,1668.02392578125,1688.800048828125,1706.9000244140625,1677.699951171875,1701.800048828125,2369135,Sun Pharma
2025-06-11,1669.8016357421875,1690.5999755859375,1695.0,1679.300048828125,1694.800048828125,1999978,Sun Pharma
2025-06-12,1666.64111328125,1687.4000244140625,1727.5,1681.0999755859375,1694.9000244140625,3588365,Sun Pharma
2025-06-13,1667.0361328125,1687.800048828125,1700.0,1661.0999755859375,1666.800048828125,2404272,Sun Pharma
2025-06-16,1664.5670166015625,1685.300048828125,1689.800048828125,1655.699951171875,1665.0,2249326,Sun Pharma
2025-06-17,1629.898681640625,1650.199951171875,1681.699951171875,1641.0999755859375,1680.0,5408285,Sun Pharma
2025-06-18,1627.7257080078125,1648.0,1661.300048828125,1638.5,1645.0,1455885,Sun Pharma
2025-06-19,1627.3306884765625,1647.5999755859375,1655.300048828125,1636.0,1648.0999755859375,1696525,Sun Pharma
2025-06-20,1644.6153564453125,1665.0999755859375,1670.0,1645.5999755859375,1647.5999755859375,2567882,Sun Pharma
2025-06-23,1642.04736328125,1662.5,1667.0,1647.199951171875,1663.199951171875,840643,Sun Pharma
2025-06-24,1641.257080078125,1661.699951171875,1686.4000244140625,1658.800048828125,1670.5,2066326,Sun Pharma
2025-06-25,1649.06005859375,1669.5999755859375,1678.800048828125,1658.0999755859375,1661.699951171875,1372945,Sun Pharma
2025-06-26,1649.2576904296875,1669.800048828125,1678.9000244140625,1650.4000244140625,1674.800048828125,2102627,Sun Pharma
2025-06-27,1666.838623046875,1687.5999755859375,1695.699951171875,1668.199951171875,1670.199951171875,5313904,Sun Pharma
2025-06-30,1655.0848388671875,1675.699951171875,1704.5,1671.5999755859375,1696.0,2160184,Sun Pharma
2025-07-01,1646.689453125,1667.199951171875,1684.300048828125,1657.5,1675.699951171875,3298070,Sun Pharma
2025-07-02,1656.8629150390625,1677.5,1682.0,1656.0,1656.0,1611046,Sun Pharma
2025-07-03,1659.0357666015625,1679.699951171875,1692.800048828125,1674.5,1677.5,1553777,Sun Pharma
2025-07-04,1655.6776123046875,1676.300048828125,1686.699951171875,1671.5999755859375,1686.699951171875,1264399,Sun Pharma
2025-07-07,1664.6953125,1679.9000244140625,1682.4000244140625,1663.0,1674.699951171875,1550620,Sun Pharma
2025-07-08,1657.3623046875,1672.5,1682.0,1649.0999755859375,1680.0,1860328,Sun Pharma
2025-07-09,1654.290283203125,1669.4000244140625,1680.800048828125,1647.0,1660.0,2178705,Sun Pharma
2025-07-10,1647.4527587890625,1662.5,1670.5999755859375,1647.199951171875,1662.0,1741718,Sun Pharma
2025-07-11,1656.8668212890625,1672.0,1679.9000244140625,1662.199951171875,1665.800048828125,1298302,Sun Pharma
2025-07-14,1667.370849609375,1682.5999755859375,1696.9000244140625,1675.5,1680.4000244140625,1309704,Sun Pharma
2025-07-15,1711.864501953125,1727.5,1730.9000244140625,1687.9000244140625,1705.0,3332578,Sun Pharma
2025-07-16,1685.6043701171875,1701.0,1731.300048828125,1698.0,1730.0,2285143,Sun Pharma
2025-07-17,1687.9825439453125,1703.4000244140625,1717.0,1696.0,1704.0,1461039,Sun Pharma
2025-07-18,1678.271240234375,1693.5999755859375,1709.4000244140625,1686.699951171875,1709.0,1253929,Sun Pharma
2025-07-21,1676.983154296875,1692.300048828125,1701.4000244140625,1677.5,1681.0999755859375,2390289,Sun Pharma
2025-07-22,1662.8125,1678.0,1693.0999755859375,1672.800048828125,1686.0999755859375,1244491,Sun Pharma
2025-07-23,1667.2718505859375,1682.5,1689.5999755859375,1671.4000244140625,1678.5,1229173,Sun Pharma
2025-07-24,1676.685791015625,1692.0,1696.0,1680.0999755859375,1682.5,1079045,Sun Pharma
2025-07-25,1683.622314453125,1699.0,1702.0,1682.199951171875,1690.0,1088592,Sun Pharma
2025-07-28,1686.79345703125,1702.199951171875,1710.0999755859375,1693.9000244140625,1702.0999755859375,2168507,Sun Pharma
2025-07-29,1695.018310546875,1710.5,1718.0,1697.0999755859375,1698.0,1325544,Sun Pharma
2025-07-30,1718.107421875,1733.800048828125,1740.5,1712.0999755859375,1720.0,2318723,Sun Pharma
2025-07-31,1691.2525634765625,1706.699951171875,1748.0,1694.0,1715.5,3233087,Sun Pharma
2025-08-01,1614.9495849609375,1629.699951171875,1695.0,1608.0,1690.0,8774548,Sun Pharma
2025-08-04,1626.7418212890625,1641.5999755859375,1647.4000244140625,1613.5999755859375,1629.800048828125,1898762,Sun Pharma
2025-08-05,1617.327880859375,1632.0999755859375,1644.5999755859375,1620.0999755859375,1640.9000244140625,1622897,Sun Pharma
2025-08-06,1580.7618408203125,1595.199951171875,1629.699951171875,1591.0,1629.699951171875,2376257,Sun Pharma
2025-08-07,1583.9329833984375,1598.4000244140625,1605.4000244140625,1571.0,1581.0,3435674,Sun Pharma
2025-08-08,1572.537109375,1586.9000244140625,1602.0,1580.9000244140625,1590.0,1654424,Sun Pharma
2025-08-11,1593.8424072265625,1608.4000244140625,1660.0,1584.199951171875,1586.9000244140625,1140902,Sun Pharma
2025-08-12,1607.5174560546875,1622.199951171875,1636.699951171875,1610.0999755859375,1611.699951171875,1679088,Sun Pharma
2025-08-13,1624.958251953125,1639.800048828125,1643.5,1617.300048828125,1624.199951171875,1313668,Sun Pharma
2025-08-14,1626.5438232421875,1641.4000244140625,1651.0999755859375,1632.199951171875,1639.800048828125,1738094,Sun Pharma
2025-08-18,1617.9224853515625,1632.699951171875,1649.5999755859375,1625.4000244140625,1649.5999755859375,3080173,Sun Pharma
2025-08-19,1611.877685546875,1626.5999755859375,1638.0,1619.0999755859375,1632.800048828125,2656391,Sun Pharma
2025-08-20,1618.31884765625,1633.0999755859375,1636.5,1616.0,1634.0,1831706,Sun Pharma
2025-08-21,1625.3544921875,1640.199951171875,1652.5,1623.9000244140625,1630.800048828125,1727099,Sun Pharma
2025-08-22,1626.940185546875,1641.800048828125,1651.4000244140625,1635.0999755859375,1642.0,2098310,Sun Pharma
2025-08-25,1641.7052001953125,1656.699951171875,1660.5,1634.0,1649.199951171875,1904984,Sun Pharma
2025-08-26,1585.8157958984375,1600.300048828125,1647.4000244140625,1596.199951171875,1645.0,4502371,Sun Pharma
2025-08-28,1571.3477783203125,1585.699951171875,1600.0,1567.5999755859375,1593.0999755859375,4993739,Sun Pharma
2025-08-29,1580.0682373046875,1594.5,1601.699951171875,1575.800048828125,1581.0,3176534,Sun Pharma
2025-09-01,1549.150634765625,1563.300048828125,1600.199951171875,1556.199951171875,1599.0,9366820,Sun Pharma
2025-09-02,1551.0333251953125,1565.199951171875,1570.300048828125,1558.0,1566.0,2855840,Sun Pharma
2025-09-03,1564.4111328125,1578.699951171875,1581.0999755859375,1558.300048828125,1562.0999755859375,2091370,Sun Pharma
2025-09-04,1567.9786376953125,1582.300048828125,1597.0,1561.0,1597.0,2298657,Sun Pharma
2025-09-05,1579.17626953125,1593.5999755859375,1599.300048828125,1575.5,1582.4000244140625,1814479,Sun Pharma
2025-09-08,1566.6904296875,1581.0,1604.5,1578.199951171875,1597.5999755859375,1369139,Sun Pharma
2025-09-09,1577.2935791015625,1591.699951171875,1597.0,1577.5,1580.0,1709406,Sun Pharma
2025-09-10,1578.978271484375,1593.4000244140625,1601.5999755859375,1582.4000244140625,1592.0999755859375,2408379,Sun Pharma
2025-09-11,1595.130615234375,1609.699951171875,1617.0,1591.0,1592.5,1762484,Sun Pharma
2025-09-12,1601.96826171875,1616.5999755859375,1622.5,1603.0999755859375,1610.0,1878894,Sun Pharma
2025-09-15,1587.500244140625,1602.0,1617.0999755859375,1595.4000244140625,1616.5999755859375,2005917,Sun Pharma
2025-09-16,1595.92333984375,1610.5,1615.0,1600.0,1602.5,1480567,Sun Pharma
2025-09-17,1605.53564453125,1620.199951171875,1622.0999755859375,1607.4000244140625,1612.5999755859375,2128406,Sun Pharma
2025-09-18,1633.6785888671875,1648.5999755859375,1651.300048828125,1627.699951171875,1635.0999755859375,1832386,Sun Pharma
2025-09-19,1641.0115966796875,1656.0,1668.0999755859375,1643.0999755859375,1648.5999755859375,3191406,Sun Pharma
2025-09-22,1629.1202392578125,1644.0,1657.9000244140625,1635.300048828125,1650.0,1785320,Sun Pharma
2025-09-23,1616.43603515625,1631.199951171875,1644.0,1625.0999755859375,1643.199951171875,1967731,Sun Pharma
2025-09-24,1612.3731689453125,1627.0999755859375,1635.9000244140625,1625.0,1630.0,1131058,Sun Pharma
2025-09-25,1612.6705322265625,1627.4000244140625,1642.800048828125,1622.699951171875,1627.9000244140625,2762750,Sun Pharma
2025-09-26,1572.3387451171875,1586.699951171875,1602.9000244140625,1548.0,1585.0,7256759,Sun Pharma
2025-09-29,1574.915283203125,1589.300048828125,1618.9000244140625,1580.0,1581.0,4180922,Sun Pharma
2025-09-30,1579.8701171875,1594.300048828125,1604.300048828125,1586.0,1589.0999755859375,2257443,Sun Pharma
2025-10-01,1621.3907470703125,1636.199951171875,1651.5,1611.9000244140625,1611.9000244140625,3109095,Sun Pharma
2025-10-03,1616.43603515625,1631.199951171875,1645.5,1600.0,1600.0,4041865,Sun Pharma
2025-10-06,1639.7232666015625,1654.699951171875,1659.699951171875,1620.0,1630.0,1756916,Sun Pharma
2025-10-07,1638.1378173828125,1653.0999755859375,1663.0,1647.0,1649.4000244140625,2174852,Sun Pharma
2025-10-08,1616.83251953125,1631.5999755859375,1655.0,1629.0,1645.0,1846507,Sun Pharma
2025-10-09,1643.489013671875,1658.5,1662.300048828125,1632.4000244140625,1645.0,2197566,Sun Pharma
2025-10-10,1655.7767333984375,1670.9000244140625,1676.5999755859375,1649.0,1655.0,1454056,Sun Pharma
2025-10-13,1653.2994384765625,1668.4000244140625,1675.0,1655.800048828125,1662.5,1375179,Sun Pharma
2025-10-14,1639.426025390625,1654.4000244140625,1669.9000244140625,1646.199951171875,1667.5999755859375,2108287,Sun Pharma
2025-10-15,1640.11962890625,1655.0999755859375,1668.699951171875,1650.0999755859375,1652.5,2088737,Sun Pharma
2025-10-16,1643.9844970703125,1659.0,1662.9000244140625,1643.199951171875,1654.0,2895957,Sun Pharma
2025-10-17,1663.9024658203125,1679.0999755859375,1692.0,1656.699951171875,1658.199951171875,1594147,Sun Pharma
2025-10-20,1673.3165283203125,1688.5999755859375,1696.9000244140625,1682.800048828125,1684.9000244140625,1647622,Sun Pharma
2025-10-21,1675.1993408203125,1690.5,1696.0,1684.0,1690.0,74296,Sun Pharma
2025-10-23,1674.604736328125,1689.9000244140625,1712.0,1682.199951171875,1705.0,2687094,Sun Pharma
2025-10-24,1683.622314453125,1699.0,1701.9000244140625,1686.0,1690.0,994307,Sun Pharma
2025-10-27,1678.271240234375,1693.5999755859375,1708.5,1690.0,1701.0,2067904,Sun Pharma
2025-10-28,1671.73095703125,1687.0,1702.699951171875,1679.199951171875,1692.0,2440939,Sun Pharma
2025-10-29,1700.369384765625,1715.9000244140625,1722.0,1687.300048828125,1690.0,1016738,Sun Pharma
2025-10-30,1687.9825439453125,1703.4000244140625,1716.9000244140625,1680.0999755859375,1715.800048828125,1986233,Sun Pharma
2025-10-31,1675.3974609375,1690.699951171875,1705.0,1686.800048828125,1700.0,1560918,Sun Pharma
2025-11-03,1690.9554443359375,1706.4000244140625,1712.800048828125,1681.199951171875,1688.199951171875,1099955,Sun Pharma
2025-11-04,1674.703857421875,1690.0,1711.199951171875,1682.199951171875,1707.0,1597993,Sun Pharma
2025-11-06,1670.6409912109375,1685.9000244140625,1723.9000244140625,1667.0,1699.0,3389867,Sun Pharma
2025-11-07,1676.0911865234375,1691.4000244140625,1710.0,1683.0999755859375,1694.0,1512908,Sun Pharma
2025-11-10,1682.433349609375,1697.800048828125,1703.0999755859375,1685.800048828125,1697.5,1235665,Sun Pharma
2025-11-11,1700.567626953125,1716.0999755859375,1719.0,1695.0,1701.5999755859375,1315353,Sun Pharma
2025-11-12,1716.4228515625,1732.0999755859375,1744.0999755859375,1710.199951171875,1721.4000244140625,1833097,Sun Pharma
2025-11-13,1721.6749267578125,1737.4000244140625,1747.800048828125,1725.4000244140625,1734.5,1727602,Sun Pharma
2025-11-14,1741.196533203125,1757.0999755859375,1760.0999755859375,1734.699951171875,1737.4000244140625,1667322,Sun Pharma
2025-11-17,1747.93505859375,1763.9000244140625,1768.0,1747.699951171875,1765.800048828125,1430618,Sun Pharma
2025-11-18,1742.8812255859375,1758.800048828125,1764.5,1750.0,1764.0,1429522,Sun Pharma
2025-11-19,1767.9521484375,1784.0999755859375,1790.300048828125,1751.0999755859375,1762.0,2131124,Sun Pharma
2025-11-20,1761.3128662109375,1777.4000244140625,1792.0,1773.0999755859375,1790.0,1513894,Sun Pharma
2025-11-21,1763.5919189453125,1779.699951171875,1787.4000244140625,1773.699951171875,1778.0,2199311,Sun Pharma
2025-11-24,1764.68212890625,1780.800048828125,1785.9000244140625,1771.800048828125,1785.9000244140625,3434492,Sun Pharma
2025-11-25,1760.71826171875,1776.800048828125,1792.0999755859375,1766.0999755859375,1785.0,1848114,Sun Pharma
2025-11-26,1788.56396484375,1804.9000244140625,1806.9000244140625,1773.5999755859375,1775.5,1158948,Sun Pharma
2025-11-27,1793.9150390625,1810.300048828125,1814.9000244140625,1802.0999755859373,1802.0999755859373,2902053,Sun Pharma
2025-11-28,1815.022216796875,1831.5999755859373,1833.0,1807.5,1810.300048828125,1623103,Sun Pharma
2025-12-01,1791.041259765625,1807.4000244140625,1849.0,1801.0,1841.0,1869293,Sun Pharma
2025-12-02,1783.2127685546875,1799.5,1814.9000244140625,1788.5999755859375,1804.0,2948688,Sun Pharma
2025-12-03,1790.3475341796875,1806.699951171875,1816.0,1782.5,1805.0,2114510,Sun Pharma
2025-12-04,1801.8427734375,1818.300048828125,1823.199951171875,1798.300048828125,1808.4000244140625,1713961,Sun Pharma
2025-12-05,1788.9603271484375,1805.300048828125,1820.199951171875,1800.199951171875,1819.0,1777401,Sun Pharma
2025-12-08,1779.942626953125,1796.199951171875,1806.0,1785.699951171875,1805.300048828125,2410074,Sun Pharma
2025-12-09,1759.9254150390625,1776.0,1801.199951171875,1772.0,1796.0,2401728,Sun Pharma
2025-12-10,1769.3394775390625,1785.5,1791.699951171875,1767.9000244140625,1787.9000244140625,2321746,Sun Pharma
2025-12-11,1790.843017578125,1807.199951171875,1810.5,1775.0999755859375,1778.0,1280916,Sun Pharma
2025-12-12,1777.26708984375,1793.5,1811.800048828125,1791.0,1808.0,1442309,Sun Pharma
2025-12-15,1780.83447265625,1797.0999755859375,1804.5999755859373,1777.5999755859375,1779.0,1396948,Sun Pharma
2025-12-16,1765.1776123046875,1781.300048828125,1791.9000244140625,1778.300048828125,1790.0,1533979,Sun Pharma
2025-12-17,1776.672607421875,1792.9000244140625,1797.5999755859375,1771.5,1781.0,1910628,Sun Pharma
2025-12-18,1730.097900390625,1745.9000244140625,1785.0,1736.0,1785.0,3461351,Sun Pharma
2025-12-19,1729.10693359375,1744.9000244140625,1760.0,1741.199951171875,1747.0,2768986,Sun Pharma
2025-12-22,1753.7816162109375,1769.800048828125,1773.199951171875,1743.0999755859375,1744.9000244140625,1467257,Sun Pharma
2025-12-23,1740.0074462890625,1755.9000244140625,1774.5999755859375,1751.699951171875,1772.0,1124853,Sun Pharma
2025-12-24,1721.278564453125,1737.0,1759.0,1719.0,1755.9000244140625,2224786,Sun Pharma
2025-12-26,1703.936767578125,1719.5,1737.0,1708.0,1737.0,2507337,Sun Pharma
2025-12-29,1701.65771484375,1717.199951171875,1727.5,1710.300048828125,1719.5,1800816,Sun Pharma
2025-12-30,1704.6304931640625,1720.199951171875,1723.0999755859375,1707.0,1723.0999755859375,2639497,Sun Pharma
2025-12-31,1704.135009765625,1719.699951171875,1725.5999755859375,1715.5,1720.199951171875,1428439,Sun Pharma
2026-01-01,1705.5223388671875,1721.0999755859375,1726.0,1708.9000244140625,1720.0,877515,Sun Pharma
2026-01-02,1712.35986328125,1728.0,1732.0,1719.4000244140625,1721.0999755859375,974123,Sun Pharma
2026-01-05,1713.2518310546875,1728.9000244140625,1746.0,1723.4000244140625,1728.0,1416698,Sun Pharma
2026-01-06,1744.2684326171875,1760.199951171875,1762.5999755859375,1725.699951171875,1725.699951171875,1658801,Sun Pharma
2026-01-07,1766.4656982421875,1782.5999755859375,1806.5999755859373,1748.5,1755.0,3059500,Sun Pharma
2026-01-08,1744.763916015625,1760.699951171875,1778.5999755859375,1757.699951171875,1766.0,1910656,Sun Pharma
2026-01-09,1714.2427978515625,1729.9000244140625,1765.199951171875,1727.0,1765.199951171875,1585689,Sun Pharma
2026-01-12,1720.2874755859375,1736.0,1744.300048828125,1714.0999755859375,1732.0999755859375,2327272,Sun Pharma
2026-01-13,1713.053466796875,1728.699951171875,1743.800048828125,1712.0999755859375,1743.0,1770082,Sun Pharma
2026-01-14,1685.3070068359375,1700.699951171875,1737.0999755859375,1689.199951171875,1737.0999755859375,2479677,Sun Pharma
2026-01-15,1685.3070068359375,1700.699951171875,1700.699951171875,1700.699951171875,1700.699951171875,0,Sun Pharma
2026-01-16,1653.794921875,1668.9000244140625,1708.0,1659.300048828125,1708.0,3697596,Sun Pharma
2026-01-19,1660.236083984375,1675.4000244140625,1687.300048828125,1600.0,1650.0,2975272,Sun Pharma
2026-01-20,1599.193603515625,1613.800048828125,1674.0999755859375,1602.800048828125,1674.0999755859375,5019166,Sun Pharma
2026-01-21,1598.3017578125,1612.9000244140625,1645.0,1607.699951171875,1637.0,3947877,Sun Pharma
2026-01-22,1619.408935546875,1634.199951171875,1646.5,1613.199951171875,1614.0999755859375,2279862,Sun Pharma
2026-01-23,1617.1297607421875,1631.9000244140625,1648.9000244140625,1625.4000244140625,1640.0,1678658,Sun Pharma
2026-01-27,1624.06640625,1638.9000244140625,1658.199951171875,1622.300048828125,1658.199951171875,2666522,Sun Pharma
2026-01-28,1596.0224609375,1610.5999755859375,1649.300048828125,1600.0,1639.9000244140625,4124391,Sun Pharma
2026-01-29,1574.915283203125,1589.300048828125,1625.0,1583.699951171875,1625.0,5796513,Sun Pharma
2026-01-30,1580.861083984375,1595.300048828125,1606.5,1585.0999755859375,1589.300048828125,3962196,Sun Pharma
2026-02-02,1613.166015625,1627.9000244140625,1634.0,1598.199951171875,1634.0,2721280,Sun Pharma
2026-02-03,1686.6943359375,1702.0999755859375,1725.0,1671.0,1709.9000244140625,8520586,Sun Pharma
2026-02-04,1688.9736328125,1704.4000244140625,1729.0,1695.300048828125,1714.9000244140625,3952775,Sun Pharma
2026-02-05,1698.1494140625,1702.5999755859375,1710.0,1684.300048828125,1699.0,3074842,Sun Pharma
2026-02-06,1690.6690673828125,1695.0999755859375,1709.0,1689.5999755859375,1709.0,1277116,Sun Pharma
2026-02-09,1700.1441650390625,1704.5999755859375,1713.4000244140625,1696.0,1706.699951171875,2647031,Sun Pharma
2026-02-10,1703.3359375,1707.800048828125,1719.800048828125,1702.0999755859375,1709.5999755859375,1869988,Sun Pharma
2026-02-11,1706.627197265625,1711.0999755859375,1716.699951171875,1702.5,1715.0,1175501,Sun Pharma
2026-02-12,1710.4173583984375,1714.9000244140625,1719.0,1701.199951171875,1714.800048828125,1359444,Sun Pharma
2026-02-13,1693.062744140625,1697.5,1719.0,1694.5999755859375,1714.9000244140625,1148165,Sun Pharma
2026-02-16,1696.054931640625,1700.5,1715.0,1693.4000244140625,1697.5,1247403,Sun Pharma
2026-02-17,1712.611572265625,1717.0999755859375,1719.0,1693.9000244140625,1696.0,1053855,Sun Pharma
2026-02-18,1719.8924560546875,1724.4000244140625,1730.5999755859375,1717.0999755859375,1720.4000244140625,1262429,Sun Pharma
2026-02-19,1708.9212646484375,1713.4000244140625,1727.0,1710.0,1722.199951171875,1143429,Sun Pharma
2026-02-20,1719.8924560546875,1724.4000244140625,1727.0,1708.0999755859375,1710.0999755859375,1203988,Sun Pharma
2026-02-23,1727.7718505859375,1732.300048828125,1735.800048828125,1720.199951171875,1732.9000244140625,1550400,Sun Pharma
2026-02-24,1727.273193359375,1731.800048828125,1745.9000244140625,1723.699951171875,1732.0,2769363,Sun Pharma
2026-02-25,1759.58837890625,1764.199951171875,1770.4000244140625,1733.4000244140625,1742.0,1200997,Sun Pharma
2026-02-26,1781.0322265625,1785.699951171875,1792.199951171875,1760.300048828125,1764.199951171875,2076586,Sun Pharma
2026-02-27,1732.4595947265625,1737.0,1788.0999755859375,1730.9000244140625,1779.0,3041489,Sun Pharma
2026-03-02,1747.9190673828125,1752.5,1759.9000244140625,1712.0,1712.0,3919270,Sun Pharma
2026-03-04,1745.92431640625,1750.5,1757.199951171875,1721.0,1721.199951171875,4914857,Sun Pharma
2026-03-05,1779.8353271484375,1784.5,1794.9000244140625,1748.0,1750.0,3600895,Sun Pharma
2026-03-06,1794.6964111328125,1799.4000244140625,1805.5999755859373,1771.800048828125,1784.5,3669921,Sun Pharma
2026-03-09,1802.675537109375,1807.4000244140625,1815.0,1770.0,1772.9000244140625,4112775,Sun Pharma
2026-03-10,1808.0614013671875,1812.800048828125,1825.0999755859373,1803.300048828125,1810.0,3298680,Sun Pharma
2026-03-11,1821.127197265625,1825.9000244140625,1843.0,1818.0999755859373,1823.0,2510495,Sun Pharma
2026-03-12,1820.52880859375,1825.300048828125,1833.5999755859373,1808.4000244140625,1828.0,2606057,Sun Pharma
2026-03-13,1796.890625,1801.5999755859373,1833.300048828125,1797.0,1822.0,2554627,Sun Pharma
2026-03-16,1778.5386962890625,1783.199951171875,1818.0,1768.800048828125,1801.5999755859373,2452391,Sun Pharma
2026-03-17,1789.70947265625,1794.4000244140625,1806.0999755859373,1781.0999755859375,1794.0999755859375,1979497,Sun Pharma
2026-03-18,1773.651611328125,1778.300048828125,1805.0,1773.199951171875,1799.5999755859375,2436459,Sun Pharma
2026-03-19,1739.8402099609375,1744.4000244140625,1784.0,1737.9000244140625,1760.5,2301164,Sun Pharma
2026-03-20,1772.4547119140625,1777.0999755859375,1781.300048828125,1754.300048828125,1755.0999755859375,3591446,Sun Pharma
2026-03-23,1753.8035888671875,1758.4000244140625,1775.0,1741.0999755859375,1774.800048828125,2783613,Sun Pharma
2026-03-24,1748.717041015625,1753.300048828125,1779.9000244140625,1745.0999755859375,1775.0,2040152,Sun Pharma
2026-03-25,1790.7069091796875,1795.4000244140625,1809.5,1755.5,1766.699951171875,1900794,Sun Pharma
2026-03-27,1788.91162109375,1793.5999755859375,1819.0,1785.0,1785.0,2975423,Sun Pharma
2026-03-30,1752.606689453125,1757.199951171875,1790.0,1750.0999755859375,1786.800048828125,4182503,Sun Pharma
2026-04-01,1723.9818115234375,1728.5,1788.0,1713.199951171875,1762.0999755859375,3245628,Sun Pharma
2026-04-02,1689.1729736328125,1693.5999755859375,1700.0,1620.0,1665.0,3937824,Sun Pharma
2026-04-06,1690.17041015625,1694.5999755859375,1699.0,1654.9000244140625,1684.300048828125,3533715,Sun Pharma
2026-04-07,1713.5091552734375,1718.0,1723.9000244140625,1681.300048828125,1689.800048828125,2471378,Sun Pharma
2026-04-08,1710.1180419921875,1714.5999755859375,1749.199951171875,1685.5,1730.0,4859877,Sun Pharma
2026-04-09,1712.611572265625,1717.0999755859375,1730.9000244140625,1702.699951171875,1702.699951171875,3276165,Sun Pharma
2026-04-10,1650.57421875,1654.9000244140625,1700.0,1630.4000244140625,1699.199951171875,8089531,Sun Pharma
2026-04-13,1647.881103515625,1652.199951171875,1668.699951171875,1640.0999755859375,1654.9000244140625,3751005,Sun Pharma
2026-04-15,1692.1651611328125,1696.5999755859375,1699.199951171875,1657.699951171875,1675.0,3760449,Sun Pharma
2026-04-16,1688.67431640625,1693.0999755859375,1713.9000244140625,1666.5999755859375,1713.9000244140625,4512633,Sun Pharma
2026-04-17,1671.120361328125,1675.5,1696.9000244140625,1670.5,1696.9000244140625,3146482,Sun Pharma
2026-04-20,1664.23828125,1668.5999755859375,1680.0,1665.0,1680.0,1834532,Sun Pharma
2026-04-21,1660.84716796875,1665.199951171875,1682.9000244140625,1659.9000244140625,1667.199951171875,3631490,Sun Pharma
2026-04-22,1665.435302734375,1669.800048828125,1673.9000244140625,1652.4000244140625,1665.199951171875,2169514,Sun Pharma
2026-04-23,1675.708251953125,1680.0999755859375,1713.0,1661.199951171875,1669.0,3245164,Sun Pharma
2026-04-24,1616.164306640625,1620.4000244140625,1673.300048828125,1613.5999755859375,1670.4000244140625,9606128,Sun Pharma
2026-04-27,1728.96875,1733.5,1766.9000244140625,1621.9000244140625,1625.0,26995361,Sun Pharma
2026-04-28,1742.732666015625,1747.300048828125,1763.9000244140625,1714.300048828125,1724.0,16599167,Sun Pharma
2026-04-29,1774.050537109375,1778.699951171875,1789.800048828125,1750.0,1756.0,9809449,Sun Pharma
2026-04-30,1803.5732421875,1808.300048828125,1815.0,1761.4000244140625,1771.0,4749798,Sun Pharma
2026-05-01,1803.5732421875,1808.300048828125,1808.300048828125,1808.300048828125,1808.300048828125,0,Sun Pharma
2026-05-04,1818.7333984375,1823.5,1841.0,1810.0,1820.0,4206373,Sun Pharma
2026-05-05,1816.04052734375,1820.800048828125,1831.699951171875,1798.5999755859375,1828.5,3011421,Sun Pharma
2026-05-06,1845.3636474609373,1850.199951171875,1857.800048828125,1818.4000244140625,1837.0,3247156,Sun Pharma
2026-05-07,1829.60498046875,1834.4000244140625,1857.0999755859373,1826.300048828125,1850.199951171875,2201070,Sun Pharma
2026-05-08,1843.0697021484373,1847.9000244140625,1857.5,1819.199951171875,1822.0,2837885,Sun Pharma
2026-05-11,1867.8048095703125,1872.699951171875,1885.800048828125,1825.0,1827.199951171875,2564978,Sun Pharma
2026-05-12,1840.8753662109373,1845.699951171875,1879.4000244140625,1840.0,1875.0,3263351,Sun Pharma
2026-05-13,1820.0301513671875,1824.800048828125,1860.0,1820.0,1845.699951171875,1972365,Sun Pharma
2026-05-14,1858.32958984375,1863.199951171875,1867.5,1829.699951171875,1852.0,2429220,Sun Pharma
2026-05-15,1873.2904052734373,1878.199951171875,1887.9000244140625,1863.199951171875,1874.0,2756465,Sun Pharma
2026-05-18,1900.818359375,1905.800048828125,1911.0,1865.0,1878.199951171875,3456331,Sun Pharma
2026-05-19,1877.3797607421875,1882.300048828125,1916.5999755859373,1880.0,1900.5,2200951,Sun Pharma
2026-05-20,1875.385009765625,1880.300048828125,1892.9000244140625,1872.0,1880.0,1376695,Sun Pharma
2026-05-21,1886.3563232421875,1891.300048828125,1899.5999755859373,1868.0999755859373,1892.0,1605806,Sun Pharma
2026-05-22,1839.7783203125,1844.5999755859373,1903.0,1833.0999755859373,1903.0,3610732,Sun Pharma
2026-05-25,1835.7886962890625,1840.5999755859373,1849.0,1825.0,1840.0,3049028,Sun Pharma
2026-05-26,1835.98828125,1840.800048828125,1844.9000244140625,1815.9000244140625,1830.0,2337759,Sun Pharma
2026-05-27,1839.4791259765625,1844.300048828125,1882.0,1830.0,1865.0,1385752,Sun Pharma
2026-05-28,1839.4791259765625,1844.300048828125,1844.300048828125,1844.300048828125,1844.300048828125,0,Sun Pharma
2026-05-29,1794.4969482421875,1799.199951171875,1852.800048828125,1785.300048828125,1844.300048828125,10058572,Sun Pharma
2026-06-01,1791.8040771484375,1796.5,1812.0999755859373,1777.0999755859375,1812.0,2051152,Sun Pharma
2026-06-02,1785.2213134765625,1789.9000244140625,1800.0,1766.5,1794.199951171875,2885899,Sun Pharma
2026-06-03,1783.824951171875,1788.5,1796.300048828125,1756.800048828125,1781.0,4209769,Sun Pharma
2026-06-04,1775.4468994140625,1780.0999755859375,1793.4000244140625,1768.5999755859375,1787.0,2343536,Sun Pharma
2026-06-05,1777.5413818359375,1782.199951171875,1802.9000244140625,1779.0,1789.0,2495159,Sun Pharma
2026-06-08,1784.1241455078125,1788.800048828125,1803.5,1773.5,1780.699951171875,3098542,Sun Pharma
2026-06-09,1774.3497314453125,1779.0,1796.5999755859375,1766.0999755859375,1787.699951171875,3756570,Sun Pharma
2026-06-10,1781.73046875,1786.4000244140625,1797.5999755859375,1771.0,1779.5999755859375,1882009,Sun Pharma
2026-06-11,1789.510009765625,1794.199951171875,1805.0,1778.699951171875,1780.0,1858093,Sun Pharma
2026-06-12,1802.9747314453125,1807.699951171875,1814.5,1792.5,1807.0,1243362,Sun Pharma
2026-06-15,1801.2791748046875,1806.0,1818.0,1797.800048828125,1818.0,2188933,Sun Pharma
2026-06-16,1795.9930419921875,1800.699951171875,1809.9000244140625,1792.5999755859375,1808.0,1373638,Sun Pharma
2026-06-17,1815.6416015625,1820.4000244140625,1823.4000244140625,1802.5999755859373,1814.0,1771990,Sun Pharma
2026-06-18,1820.0301513671875,1824.800048828125,1830.0,1812.5,1817.5,2054738,Sun Pharma
2026-06-19,1833.4947509765625,1838.300048828125,1842.699951171875,1820.9000244140625,1824.0,2126703,Sun Pharma
2026-06-22,1858.030517578125,1862.9000244140625,1865.199951171875,1834.0,1845.0,1588758,Sun Pharma
2026-06-23,1863.1170654296875,1868.0,1902.4000244140625,1861.199951171875,1870.0,2812236,Sun Pharma
2026-06-24,1869.5003662109373,1874.4000244140625,1882.0999755859373,1864.9000244140625,1868.0,1406231,Sun Pharma
2026-06-25,1857.9307861328125,1862.800048828125,1887.0,1858.0,1870.0,1816438,Sun Pharma
2026-06-26,1857.9307861328125,1862.800048828125,1862.800048828125,1862.800048828125,1862.800048828125,0,Sun Pharma
2026-06-29,1869.8994140625,1874.800048828125,1897.0999755859373,1855.9000244140625,1876.800048828125,1655869,Sun Pharma
2026-06-30,1857.6314697265625,1862.5,1892.9000244140625,1859.4000244140625,1885.0,2352774,Sun Pharma
2026-07-01,1861.32177734375,1866.199951171875,1887.4000244140625,1860.199951171875,1877.9000244140625,1230360,Sun Pharma
2026-07-02,1866.1092529296875,1871.0,1882.0,1868.300048828125,1876.0,1485296,Sun Pharma
2026-07-03,1899.8209228515625,1904.800048828125,1925.0999755859373,1871.5999755859373,1880.0,2168491,Sun Pharma
2026-07-06,1907.800048828125,1912.800048828125,1917.0,1900.0,1904.0,1213635,Sun Pharma
2026-07-07,1903.4000244140625,1903.4000244140625,1924.9000244140625,1898.5999755859373,1900.5999755859373,2060613,Sun Pharma
2026-07-08,1888.199951171875,1888.199951171875,1929.5,1875.0999755859373,1904.0,2785926,Sun Pharma
2026-07-09,1938.699951171875,1938.699951171875,1952.0,1888.199951171875,1889.9000244140625,4446201,Sun Pharma
2026-07-10,1935.5,1935.5,1953.9000244140625,1926.5999755859373,1942.800048828125,1478172,Sun Pharma
2026-07-13,1921.4000244140625,1921.4000244140625,1933.0999755859373,1911.0,1925.9000244140625,1573176,Sun Pharma
2026-07-14,1942.5999755859373,1942.5999755859373,1950.800048828125,1910.0,1910.0,2822124,Sun Pharma
2026-07-15,1951.5,1951.5,1962.699951171875,1943.300048828125,1955.0,2283494,Sun Pharma
2026-07-16,1950.0999755859373,1950.0999755859373,1957.699951171875,1943.0,1950.0,1396189,Sun Pharma
2026-07-17,1932.5999755859373,1932.5999755859373,1952.5999755859373,1922.5,1948.699951171875,2475664,Sun Pharma
2026-07-20,1956.4000244140625,1956.4000244140625,1958.800048828125,1935.0,1942.0,1676034,Sun Pharma
2026-07-21,1961.9000244140625,1961.9000244140625,1966.5,1938.199951171875,1952.0999755859373,1412579,Sun Pharma
2026-07-22,1943.0,1943.0,1951.800048828125,1925.199951171875,1938.0,1718430,Sun Pharma
2026-07-23,1954.0,1954.0,1958.5,1926.800048828125,1929.0999755859373,2057288,Sun Pharma
2026-07-24,1941.0999755859373,1941.0999755859373,1959.800048828125,1934.800048828125,1945.0,1578929,Sun Pharma
2026-07-27,1973.699951171875,1973.699951171875,1977.0,1933.0,1948.5,5414380,Sun Pharma
2026-07-28,1976.699951171875,1976.699951171875,1993.0,1970.9000244140625,1978.800048828125,4579529,Sun Pharma
2026-07-29,1989.9000244140625,1989.9000244140625,1992.699951171875,1960.4000244140625,1977.0,2682295,Sun Pharma
2026-07-30,2001.0999755859373,2001.0999755859373,2017.300048828125,1988.0,1993.0999755859373,2224264,Sun Pharma
2026-07-31,1990.5,1990.5,2046.9000244140625,1965.300048828125,2016.4000244140625,4954449,Sun Pharma
