Date,Adj Close,Close,High,Low,Open,Volume
2020-01-01,427.6331481933594,459.79998779296875,460.79998779296875,457.54998779296875,459.70001220703125,495678
2020-01-02,427.77264404296875,459.95001220703125,462.20001220703125,458.0,459.79998779296875,502422
2020-01-03,423.7270202636719,455.6000061035156,460.70001220703125,453.54998779296875,459.0,1376230
2020-01-06,416.6585998535156,448.0,456.45001220703125,445.70001220703125,454.0,1415568
2020-01-07,421.77392578125,453.5,456.0,449.1499938964844,450.29998779296875,966767
2020-01-08,424.7034912109375,456.6499938964844,457.95001220703125,446.6000061035156,449.79998779296875,1291151
2020-01-09,428.47021484375,460.70001220703125,464.0,457.75,459.1499938964844,1811623
2020-01-10,434.18994140625,466.8500061035156,469.0,459.8999938964844,463.0,1037751
2020-01-13,445.2109375,478.70001220703125,479.45001220703125,469.5,469.75,2755979
2020-01-14,448.8846130371094,482.6499938964844,483.6499938964844,477.54998779296875,480.95001220703125,1804874
2020-01-15,456.23187255859375,490.54998779296875,492.1000061035156,480.25,481.95001220703125,1346372
2020-01-16,453.48828125,487.6000061035156,494.3999938964844,485.3500061035156,491.75,2012701
2020-01-17,455.3948974609375,489.6499938964844,491.95001220703125,486.70001220703125,488.0,1015739
2020-01-20,452.04669189453125,486.04998779296875,492.70001220703125,484.54998779296875,489.6499938964844,1406615
2020-01-21,452.93023681640625,487.0,488.3500061035156,480.45001220703125,485.3999938964844,788507
2020-01-22,452.7442626953125,486.79998779296875,494.0,486.25,489.20001220703125,1140015
2020-01-23,455.5343933105469,489.79998779296875,492.0,482.75,486.70001220703125,798731
2020-01-24,465.4858703613281,500.5,501.8999938964844,490.0,490.04998779296875,2564212
2020-01-27,458.6965026855469,493.20001220703125,505.8500061035156,491.6499938964844,500.3999938964844,1640739
2020-01-28,454.2322998046875,488.3999938964844,499.20001220703125,486.75,493.25,1372031
2020-01-29,457.2084045410156,491.6000061035156,495.5,488.70001220703125,490.8999938964844,830287
2020-01-30,445.2574157714844,478.75,496.20001220703125,472.1499938964844,492.0,7747030
2020-01-31,461.06817626953125,495.75,503.45001220703125,480.04998779296875,483.95001220703125,7462427
2020-02-03,462.2306823730469,497.0,500.8999938964844,483.8999938964844,484.8999938964844,3688146
2020-02-04,468.1364440917969,503.3500061035156,513.0,498.1000061035156,498.20001220703125,3128490
2020-02-05,475.3907775878906,511.1499938964844,513.0,503.5,505.0,1728547
2020-02-06,473.9957580566406,509.6499938964844,518.0,505.29998779296875,514.4000244140625,1730852
2020-02-07,477.7159423828125,513.6500244140625,517.7000122070312,506.3999938964844,512.7999877929688,1439486
2020-02-10,476.9718017578125,512.8499755859375,517.5,508.54998779296875,513.5999755859375,1094750
2020-02-11,473.2981872558594,508.8999938964844,517.0,507.79998779296875,514.8499755859375,1212549
2020-02-12,483.5286865234375,519.9000244140625,523.25,511.29998779296875,511.29998779296875,2805428
2020-02-13,476.8323059082031,512.7000122070312,518.7999877929688,510.6499938964844,518.7999877929688,1632953
2020-02-14,470.69403076171875,506.1000061035156,516.9500122070312,503.45001220703125,515.0,1260687
2020-02-17,465.9043273925781,500.95001220703125,510.0,500.25,506.45001220703125,1336491
2020-02-18,469.25250244140625,504.54998779296875,507.20001220703125,496.0,499.0,2041114
2020-02-19,472.50762939453125,508.04998779296875,510.5,488.8500061035156,499.0,3634077
2020-02-20,470.7405700683594,506.1499938964844,517.0,503.04998779296875,509.0,2543540
2020-02-24,465.95086669921875,501.0,513.4000244140625,498.5,503.54998779296875,3415189
2020-02-25,465.2532958984375,500.25,509.5,499.1000061035156,503.5,2111814
2020-02-26,466.83441162109375,501.95001220703125,507.0,497.25,501.0,2775398
2020-02-27,470.9265441894531,506.3500061035156,508.20001220703125,501.3999938964844,502.79998779296875,3265481
2020-02-28,461.3936462402344,496.1000061035156,504.95001220703125,492.0,501.0,4192788
2020-03-02,464.3232421875,499.25,513.7000122070312,493.70001220703125,503.79998779296875,3441005
2020-03-03,471.1590576171875,506.6000061035156,513.0,500.29998779296875,503.0,3579242
2020-03-04,478.4134521484375,514.4000244140625,516.9000244140625,506.6000061035156,511.0,3354621
2020-03-05,481.715087890625,517.9500122070312,525.0,514.5499877929688,520.0,3594544
2020-03-06,465.5323181152344,500.54998779296875,513.25,496.20001220703125,511.0,2903801
2020-03-09,449.3495178222656,483.1499938964844,494.95001220703125,478.1000061035156,492.0,2176031
2020-03-11,453.8603210449219,488.0,494.3500061035156,476.45001220703125,479.79998779296875,2848963
2020-03-12,423.40142822265625,455.25,478.0,451.70001220703125,477.5,2856276
2020-03-13,419.0767517089844,450.6000061035156,472.75,401.70001220703125,425.0,4078543
2020-03-16,401.3129577636719,431.5,454.95001220703125,426.3999938964844,439.3999938964844,3101283
2020-03-17,400.2899169921875,430.3999938964844,450.8999938964844,424.3999938964844,431.5,2506801
2020-03-18,385.5487365722656,414.54998779296875,437.25,412.1000061035156,435.0,2896377
2020-03-19,389.5480041503906,418.8500061035156,428.45001220703125,390.5,400.45001220703125,3097171
2020-03-20,413.26397705078125,444.3500061035156,452.70001220703125,415.0,419.0,4011074
2020-03-23,368.34295654296875,396.04998779296875,428.0,386.04998779296875,408.0,2662357
2020-03-24,373.1326904296875,401.20001220703125,419.6000061035156,391.0,392.1499938964844,4911904
2020-03-25,376.8529052734375,405.20001220703125,412.04998779296875,391.04998779296875,403.6499938964844,4409305
2020-03-26,396.1512756347656,425.95001220703125,433.95001220703125,400.54998779296875,415.0,5838526
2020-03-27,393.4075927734375,423.0,445.6000061035156,418.0,441.5,3674758
2020-03-30,397.6393127441406,427.54998779296875,434.8999938964844,404.1000061035156,415.0,3175357
2020-03-31,418.56524658203125,450.04998779296875,455.54998779296875,430.45001220703125,435.8999938964844,3302637
2020-04-01,404.4286193847656,434.8500061035156,454.79998779296875,430.29998779296875,450.8999938964844,2154766
2020-04-03,397.871826171875,427.79998779296875,454.25,424.04998779296875,444.5,4235746
2020-04-07,444.141357421875,477.54998779296875,489.0,434.3999938964844,446.8500061035156,4522049
2020-04-08,454.1392822265625,488.29998779296875,517.4000244140625,470.0,474.29998779296875,5642395
2020-04-09,451.3956604003906,485.3500061035156,514.0,479.25,501.0,5377864
2020-04-13,446.23394775390625,479.79998779296875,492.95001220703125,472.75,485.8999938964844,2769922
2020-04-15,467.6714172363281,502.8500061035156,506.0,480.0,480.0,4343214
2020-04-16,468.2760009765625,503.5,509.0,492.1499938964844,497.75,3438673
2020-04-17,455.81341552734375,490.1000061035156,515.0,487.20001220703125,515.0,3429703
2020-04-20,458.3710632324219,492.8500061035156,499.95001220703125,482.5,492.3999938964844,3233932
2020-04-21,463.3467102050781,498.20001220703125,503.0,484.0,486.5,4518995
2020-04-22,467.531982421875,502.70001220703125,504.79998779296875,495.54998779296875,498.5,2801897
2020-04-23,464.0907897949219,499.0,516.1500244140625,497.04998779296875,506.1000061035156,4322555
2020-04-24,464.1372985839844,499.04998779296875,503.75,494.5,499.0,2376828
2020-04-27,457.3479919433594,491.75,504.6499938964844,487.25,502.0,4482196
2020-04-28,453.4417724609375,487.54998779296875,494.3999938964844,482.3999938964844,494.0,2010508
2020-04-29,444.79241943359375,478.25,490.6499938964844,475.45001220703125,490.0,2503008
2020-04-30,455.0693359375,489.29998779296875,495.3500061035156,478.25,485.0,4295419
2020-05-04,435.9570007324219,468.75,482.79998779296875,465.70001220703125,480.0,3267221
2020-05-05,420.8438720703125,452.5,475.54998779296875,450.0,471.0,3676031
2020-05-06,423.8199462890625,455.70001220703125,458.3500061035156,443.1000061035156,454.95001220703125,4087839
2020-05-07,410.9853820800781,441.8999938964844,456.5,440.0,456.5,3356812
2020-05-08,415.5426025390625,446.79998779296875,452.0,441.6499938964844,447.0,3238325
2020-05-11,415.31005859375,446.54998779296875,454.70001220703125,443.5,450.0,2890780
2020-05-12,412.1479797363281,443.1499938964844,451.75,439.20001220703125,447.0,2465770
2020-05-13,412.9850158691406,444.04998779296875,458.6000061035156,442.45001220703125,458.0,2202274
2020-05-14,426.5170593261719,458.6000061035156,461.0,445.0,445.5,3710845
2020-05-15,412.8454895019531,443.8999938964844,463.6499938964844,441.3500061035156,463.0,4049485
2020-05-18,405.5912170410156,436.1000061035156,446.0,430.1000061035156,446.0,3056578
2020-05-19,406.52117919921875,437.1000061035156,447.1499938964844,433.5,440.45001220703125,3631044
2020-05-20,408.892822265625,439.6499938964844,444.95001220703125,435.25,437.79998779296875,2543929
2020-05-21,409.35784912109375,440.1499938964844,449.3999938964844,439.1000061035156,440.0,2934438
2020-05-22,401.4990234375,431.70001220703125,443.95001220703125,429.8999938964844,439.6000061035156,3326987
2020-05-26,402.8010559082031,433.1000061035156,436.20001220703125,427.3999938964844,431.70001220703125,3334407
2020-05-27,398.94134521484375,428.95001220703125,434.8500061035156,424.1000061035156,432.0,5829539
2020-05-28,417.03070068359375,448.3999938964844,451.25,421.20001220703125,429.95001220703125,10807910
2020-05-29,433.8179016113281,466.45001220703125,470.0,440.29998779296875,443.75,7711038
2020-06-01,436.42205810546875,469.25,473.95001220703125,462.0,470.0,6224484
2020-06-02,428.60968017578125,460.8500061035156,476.8999938964844,459.04998779296875,469.25,3195295
2020-06-03,430.934814453125,463.3500061035156,470.6000061035156,457.1000061035156,464.1000061035156,3870392
2020-06-04,430.19073486328125,462.54998779296875,469.45001220703125,458.0,465.0,2631670
2020-06-05,430.4697570800781,462.8500061035156,466.5,457.5,464.0,2549236
2020-06-08,426.05206298828125,458.1000061035156,469.5,456.95001220703125,469.5,2555231
2020-06-09,433.910888671875,466.54998779296875,475.8500061035156,458.70001220703125,460.29998779296875,5028353
2020-06-10,429.5862121582031,461.8999938964844,473.8999938964844,458.8999938964844,468.0,3751933
2020-06-11,418.6116943359375,450.1000061035156,465.0,448.0,461.8999938964844,3476454
2020-06-12,423.7734680175781,455.6499938964844,457.0,431.0,431.3500061035156,2789834
2020-06-15,421.9133605957031,453.6499938964844,460.45001220703125,451.8999938964844,456.0,1990031
2020-06-16,417.1236572265625,448.5,458.0,445.79998779296875,455.6000061035156,3353195
2020-06-17,409.6833190917969,440.5,457.3999938964844,438.0,446.5,4824055
2020-06-18,409.2182922363281,440.0,443.54998779296875,436.5,440.0,3947046
2020-06-19,412.0549011230469,443.04998779296875,449.5,441.5,442.8999938964844,4482029
2020-06-22,412.47344970703125,443.5,449.0,441.04998779296875,445.0,3082797
2020-06-23,426.5170593261719,458.6000061035156,460.0,441.5,441.5,5596513
2020-06-24,423.2154541015625,455.04998779296875,464.8500061035156,450.79998779296875,460.95001220703125,3473535
2020-06-25,427.0286865234375,459.1499938964844,465.75,452.75,454.6000061035156,3845591
2020-06-26,428.1446228027344,460.3500061035156,464.95001220703125,455.04998779296875,462.1000061035156,3102744
2020-06-29,431.3067932128906,463.75,469.0,458.1000061035156,460.0,5083680
2020-06-30,433.3528747558594,465.95001220703125,472.70001220703125,462.5,468.5,4999118
2020-07-01,433.9574279785156,466.6000061035156,471.0,465.54998779296875,470.8999938964844,2383843
2020-07-02,432.5158386230469,465.04998779296875,471.5,463.8999938964844,469.5,2370799
2020-07-03,434.3758544921875,467.04998779296875,470.75,464.70001220703125,467.1000061035156,2323284
2020-07-06,433.3528747558594,465.95001220703125,470.1000061035156,464.0,470.0,1892579
2020-07-07,445.0714111328125,478.54998779296875,481.8999938964844,465.04998779296875,466.0,5373286
2020-07-08,440.14215087890625,473.25,483.8999938964844,471.04998779296875,483.8999938964844,2670696
2020-07-09,439.9561767578125,473.04998779296875,477.0,466.0,466.0,1944218
2020-07-10,440.979248046875,474.1499938964844,478.3999938964844,472.1000061035156,473.3999938964844,2126443
2020-07-13,450.6051940917969,484.5,486.0,474.6000061035156,474.95001220703125,3108357
2020-07-14,445.908447265625,479.45001220703125,487.3999938964844,475.8500061035156,486.0,3209743
2020-07-15,446.0944519042969,479.6499938964844,486.8500061035156,477.3500061035156,484.8999938964844,2305139
2020-07-16,453.5347595214844,487.6499938964844,489.0,474.5,481.0,3164943
2020-07-17,456.41790771484375,490.75,495.3500061035156,483.5,489.95001220703125,5791083
2020-07-20,465.9043273925781,500.95001220703125,503.0,487.29998779296875,494.0,3529535
2020-07-21,457.2549133300781,491.6499938964844,502.70001220703125,490.45001220703125,499.1000061035156,3328043
2020-07-22,447.396484375,481.04998779296875,495.20001220703125,478.3999938964844,493.0,3073060
2020-07-23,445.908447265625,479.45001220703125,486.8500061035156,476.6499938964844,482.95001220703125,2331308
2020-07-24,438.5146179199219,471.5,482.79998779296875,470.1499938964844,479.0,2141706
2020-07-27,433.77142333984375,466.3999938964844,474.20001220703125,462.95001220703125,473.0,3751567
2020-07-28,441.86279296875,475.1000061035156,477.0,466.0,466.3999938964844,3183237
2020-07-29,455.348388671875,489.6000061035156,491.6499938964844,476.54998779296875,476.75,6554407
2020-07-30,457.48748779296875,491.8999938964844,497.75,480.75,493.8999938964844,8628513
2020-07-31,477.6229248046875,513.5499877929688,515.0,494.04998779296875,496.0,8509912
2020-08-03,474.73974609375,510.45001220703125,518.6500244140625,507.29998779296875,514.8499755859375,4310402
2020-08-04,471.484619140625,506.95001220703125,516.2000122070312,505.54998779296875,515.0,2173942
2020-08-05,467.8574523925781,503.04998779296875,511.1499938964844,501.0,508.04998779296875,2597217
2020-08-06,471.3451232910156,506.79998779296875,509.6000061035156,501.29998779296875,503.95001220703125,2349815
2020-08-07,476.4602966308594,512.2999877929688,513.7000122070312,506.04998779296875,507.8999938964844,2754108
2020-08-10,472.9726867675781,508.54998779296875,528.0,506.3500061035156,515.0,5418102
2020-08-11,477.2508850097656,513.1500244140625,524.5999755859375,510.0,510.0,5206538
2020-08-12,468.36895751953125,503.6000061035156,519.5,502.0,513.9000244140625,4289689
2020-08-13,464.4969787597656,497.8500061035156,509.29998779296875,495.75,508.8999938964844,3607000
2020-08-14,463.7972106933594,497.1000061035156,501.6000061035156,488.75,499.5,4703261
2020-08-17,462.3510437011719,495.54998779296875,503.54998779296875,491.0,503.54998779296875,2880081
2020-08-18,463.70391845703125,497.0,499.1000061035156,492.75,494.0,3279512
2020-08-19,461.0915222167969,494.20001220703125,504.8999938964844,493.0,497.0,3390431
2020-08-20,459.59869384765625,492.6000061035156,496.8500061035156,490.3500061035156,492.79998779296875,1638348
2020-08-21,458.9922180175781,491.95001220703125,498.5,491.0,496.5,1911355
2020-08-24,457.6394348144531,490.5,495.45001220703125,486.54998779296875,492.29998779296875,2692195
2020-08-25,458.9922180175781,491.95001220703125,494.0,486.29998779296875,492.95001220703125,2055713
2020-08-26,462.7242126464844,495.95001220703125,502.0,492.1499938964844,496.0,4093077
2020-08-27,460.1118469238281,493.1499938964844,499.3500061035156,491.0,498.75,1859971
2020-08-28,456.33319091796875,489.1000061035156,495.6499938964844,488.0,495.20001220703125,1854626
2020-08-31,442.8045959472656,474.6000061035156,495.3999938964844,470.8999938964844,491.3999938964844,4785569
2020-09-01,454.9336242675781,487.6000061035156,491.0,473.6499938964844,478.3999938964844,3914565
2020-09-02,456.70635986328125,489.5,494.79998779296875,487.6000061035156,488.79998779296875,2111745
2020-09-03,461.5579528808594,494.70001220703125,497.29998779296875,484.75,491.70001220703125,2149283
2020-09-04,451.3882141113281,483.79998779296875,496.0,481.29998779296875,493.0,2578717
2020-09-07,455.21356201171875,487.8999938964844,490.95001220703125,478.3999938964844,486.8999938964844,2630952
2020-09-08,453.8140869140625,486.3999938964844,490.3999938964844,481.5,484.20001220703125,2088168
2020-09-09,459.3653869628906,492.3500061035156,494.0,482.04998779296875,485.0,2157196
2020-09-10,462.304443359375,495.5,497.5,489.6000061035156,497.3999938964844,2500434
2020-09-11,474.2002258300781,508.25,511.70001220703125,491.70001220703125,491.70001220703125,5351472
2020-09-14,470.4216003417969,504.20001220703125,514.7000122070312,498.25,511.0,4233220
2020-09-15,471.8677062988281,505.75,508.0,499.54998779296875,503.8999938964844,2657472
2020-09-16,475.4598388671875,509.6000061035156,513.0,504.29998779296875,507.0,2763452
2020-09-17,468.882080078125,502.54998779296875,510.95001220703125,501.1499938964844,509.70001220703125,2087520
2020-09-18,474.3868713378906,508.45001220703125,509.8999938964844,498.75,503.8999938964844,3067745
2020-09-21,457.8260192871094,490.70001220703125,511.95001220703125,487.25,510.0,2405043
2020-09-22,459.1321716308594,492.1000061035156,494.6000061035156,480.0,492.20001220703125,1843708
2020-09-23,453.20758056640625,485.75,495.95001220703125,484.3500061035156,495.04998779296875,2096287
2020-09-24,453.7207336425781,486.29998779296875,490.75,478.79998779296875,484.0,2732039
2020-09-25,459.59869384765625,492.6000061035156,496.0,488.25,491.3999938964844,2817278
2020-09-28,469.53521728515625,503.25,504.6499938964844,492.04998779296875,494.95001220703125,2319660
2020-09-29,463.8905944824219,497.20001220703125,510.29998779296875,496.25,503.04998779296875,2520348
2020-09-30,476.3461608886719,510.54998779296875,514.0,496.29998779296875,497.25,4019124
2020-10-01,479.37841796875,513.7999877929688,517.4000244140625,510.3999938964844,515.75,3703107
2020-10-05,485.16302490234375,520.0,521.6500244140625,510.6499938964844,515.3499755859375,2820656
2020-10-06,491.50750732421875,526.7999877929688,535.0,522.0,524.25,8742072
2020-10-07,488.94171142578125,524.0499877929688,531.2999877929688,521.5,527.0,2420627
2020-10-08,487.0757141113281,522.0499877929688,527.0,516.4500122070312,526.6500244140625,2229377
2020-10-09,484.32330322265625,519.0999755859375,524.5999755859375,516.0,524.5999755859375,1704989
2020-10-12,480.96453857421875,515.5,521.4000244140625,512.75,520.0,1945978
2020-10-13,479.79827880859375,514.25,524.5,512.7999877929688,515.9000244140625,3197252
2020-10-14,482.3174133300781,516.9500122070312,518.5,506.25,513.8499755859375,3519347
2020-10-15,482.923828125,517.5999755859375,525.6500244140625,515.25,518.2000122070312,3824212
2020-10-16,477.4191589355469,511.70001220703125,524.3499755859375,510.79998779296875,520.7999877929688,2531683
2020-10-19,484.5098876953125,519.2999877929688,522.0,510.20001220703125,514.9000244140625,2434568
2020-10-20,492.6737365722656,528.0499877929688,529.9500122070312,518.75,521.2000122070312,5066334
2020-10-21,481.2910461425781,515.8499755859375,533.0,508.1000061035156,530.4000244140625,5603035
2020-10-22,473.1739196777344,507.1499938964844,516.0,505.1000061035156,515.8499755859375,4991374
2020-10-23,484.37005615234375,519.1500244140625,520.9000244140625,509.79998779296875,512.0,4275575
2020-10-26,479.0985412597656,513.5,521.7999877929688,509.70001220703125,519.9500122070312,2134741
2020-10-27,488.148681640625,523.2000122070312,526.4000244140625,512.25,515.0,3284285
2020-10-28,482.5040283203125,517.1500244140625,526.0,515.4000244140625,523.1500244140625,1863446
2020-10-29,484.9298400878906,519.75,522.4500122070312,509.20001220703125,515.5,2966915
2020-10-30,477.18585205078125,511.45001220703125,524.0,508.04998779296875,520.5,3022547
2020-11-02,472.334228515625,506.25,516.7999877929688,504.04998779296875,515.0,3217501
2020-11-03,480.87127685546875,515.4000244140625,523.5,509.54998779296875,510.45001220703125,9690523
2020-11-04,483.7169189453125,518.4500122070312,530.0,517.3499755859375,524.0,7074924
2020-11-05,484.74322509765625,519.5499877929688,525.6500244140625,516.0,521.0,3293074
2020-11-06,491.8807067871094,527.2000122070312,528.9000244140625,518.7000122070312,520.9000244140625,4929181
2020-11-09,492.2072448730469,527.5499877929688,535.9500122070312,524.1500244140625,530.0,5212222
2020-11-10,480.4980163574219,515.0,529.9000244140625,511.79998779296875,527.7000122070312,4847614
2020-11-11,477.4554138183594,510.0,519.25,505.6000061035156,516.7999877929688,4915653
2020-11-12,484.8512878417969,517.9000244140625,521.9500122070312,510.54998779296875,512.5,5297239
2020-11-13,482.5108947753906,515.4000244140625,522.0,512.5999755859375,520.0,3104681
2020-11-14,484.1492004394531,517.1500244140625,522.0,515.5,520.0,438259
2020-11-17,479.0000915527344,511.6499938964844,522.2000122070312,509.5,522.2000122070312,3016364
2020-11-18,473.14898681640625,505.3999938964844,514.1500244140625,504.45001220703125,513.0,3492271
2020-11-19,474.92767333984375,507.29998779296875,510.0,500.04998779296875,505.0,5496008
2020-11-20,475.95751953125,508.3999938964844,513.7999877929688,505.95001220703125,511.04998779296875,4801287
2020-11-23,476.6128845214844,509.1000061035156,511.3999938964844,505.1000061035156,508.0,3182272
2020-11-24,475.48944091796875,507.8999938964844,511.25,506.5,510.0,2495047
2020-11-25,469.3105773925781,501.29998779296875,510.5,500.04998779296875,508.79998779296875,3897557
2020-11-26,471.93194580078125,504.1000061035156,505.0,494.04998779296875,501.79998779296875,4957778
2020-11-27,467.9063415527344,499.79998779296875,507.1000061035156,496.6499938964844,507.0,7150001
2020-12-01,473.710693359375,506.0,507.0,500.6000061035156,503.04998779296875,2177754
2020-12-02,470.43402099609375,502.5,509.5,497.25,507.5,3467739
2020-12-03,469.497802734375,501.5,506.95001220703125,500.5,500.5,3471978
2020-12-04,470.2467346191406,502.29998779296875,506.79998779296875,501.6000061035156,502.8999938964844,3038914
2020-12-07,470.0126953125,502.04998779296875,505.5,499.0,502.6000061035156,3544985
2020-12-08,470.5276794433594,502.6000061035156,506.79998779296875,499.04998779296875,503.0,4020487
2020-12-09,470.1063537597656,502.1499938964844,510.0,501.0,510.0,4619524
2020-12-10,481.5746765136719,514.4000244140625,517.0,502.0,502.0,9250804
2020-12-11,481.012939453125,513.7999877929688,519.5,508.79998779296875,517.3499755859375,4988627
2020-12-14,480.8257141113281,513.5999755859375,518.9500122070312,512.4000244140625,517.0,3013023
2020-12-15,481.0596923828125,513.8499755859375,517.2000122070312,511.20001220703125,513.9500122070312,3113626
2020-12-16,480.8724670410156,513.6500244140625,519.5499877929688,512.2999877929688,515.4000244140625,3925836
2020-12-17,478.85968017578125,511.5,517.4000244140625,510.5,515.2000122070312,2926337
2020-12-18,476.8469543457031,509.3500061035156,513.4000244140625,503.04998779296875,513.1500244140625,3666563
2020-12-21,471.4637756347656,503.6000061035156,514.9500122070312,494.20001220703125,509.0,5009242
2020-12-22,472.07232666015625,504.25,508.8999938964844,492.54998779296875,504.8999938964844,4879416
2020-12-23,477.59588623046875,510.1499938964844,512.5,502.29998779296875,505.0,3046867
2020-12-24,481.7150573730469,514.5499877929688,515.75,508.29998779296875,515.0,2894330
2020-12-28,491.54498291015625,525.0499877929688,526.9000244140625,514.0,514.5499877929688,5556022
2020-12-29,495.1961364746094,528.9500122070312,533.7999877929688,524.5499877929688,527.5,6040679
2020-12-30,505.1197509765625,539.5499877929688,540.5,524.3499755859375,530.0,6666770
2020-12-31,499.9239807128906,534.0,539.7999877929688,532.1500244140625,539.7000122070312,3337284
2021-01-01,500.1111145019531,534.2000122070312,538.4500122070312,532.2999877929688,534.0,2285766
2021-01-04,508.67724609375,543.3499755859375,544.0,532.4000244140625,537.0,3026253
2021-01-05,504.5112609863281,538.9000244140625,542.4000244140625,535.5,542.0,2126666
2021-01-06,500.0174255371094,534.0999755859375,541.7000122070312,529.5999755859375,539.0,4825471
2021-01-07,501.04742431640625,535.2000122070312,539.2999877929688,533.4000244140625,537.4000244140625,1850927
2021-01-08,505.6345520019531,540.0999755859375,542.4500122070312,534.0,537.0,3665938
2021-01-11,511.6261901855469,546.5,549.0,540.0,543.0,2812154
2021-01-12,506.4771728515625,541.0,550.9500122070312,538.25,549.0,3857637
2021-01-13,501.8899230957031,536.0999755859375,545.4500122070312,533.5999755859375,541.1500244140625,2933547
2021-01-14,513.919921875,548.9500122070312,552.4500122070312,535.25,536.5,6273001
2021-01-15,506.2432861328125,540.75,552.5499877929688,539.0499877929688,548.5,2546799
2021-01-18,503.20062255859375,537.5,544.7999877929688,533.2000122070312,541.2000122070312,2572902
2021-01-19,506.851806640625,541.4000244140625,547.4500122070312,539.0,539.0499877929688,2174161
2021-01-20,503.34100341796875,537.6500244140625,544.8499755859375,536.5999755859375,544.0,1606896
2021-01-21,502.779296875,537.0499877929688,546.0,535.4000244140625,540.0,2903743
2021-01-22,498.94091796875,532.9500122070312,540.5,531.2999877929688,537.0,2153095
2021-01-25,498.61322021484375,532.5999755859375,541.2999877929688,525.0,538.0,3036463
2021-01-27,493.83868408203125,527.5,537.5,525.6500244140625,533.9000244140625,1786873
2021-01-28,494.2132263183594,527.9000244140625,535.0,521.0499877929688,526.7999877929688,2380469
2021-01-29,481.7150573730469,514.5499877929688,532.0,511.3500061035156,530.0,6467932
2021-02-01,491.6854553222656,525.2000122070312,536.0,515.1500244140625,515.1500244140625,5219141
2021-02-02,492.8089294433594,526.4000244140625,535.5999755859375,524.4000244140625,530.0,2246578
2021-02-03,491.2641296386719,524.75,529.1500244140625,523.0,527.4500122070312,2680479
2021-02-04,492.528076171875,526.0999755859375,529.9000244140625,524.0499877929688,524.75,2515981
2021-02-05,488.45562744140625,521.75,528.5499877929688,517.7999877929688,527.0,2592937
2021-02-08,485.3194274902344,518.4000244140625,526.5,517.2999877929688,522.7999877929688,2667420
2021-02-09,491.6387634277344,525.1500244140625,532.0499877929688,519.0,523.0499877929688,4281247
2021-02-10,491.1706237792969,524.6500244140625,528.8499755859375,522.4000244140625,527.4000244140625,1871619
2021-02-11,501.6090393066406,535.7999877929688,537.5,523.9500122070312,524.7000122070312,4491181
2021-02-12,499.9239807128906,534.0,544.4500122070312,532.0499877929688,539.2999877929688,4218265
2021-02-15,493.6513977050781,527.2999877929688,540.8499755859375,526.2999877929688,537.5,2574672
2021-02-16,489.2513732910156,522.5999755859375,532.75,520.4000244140625,530.0,3119109
2021-02-17,486.8641052246094,520.0499877929688,526.0,519.0,523.2000122070312,2436843
2021-02-18,486.8641052246094,520.0499877929688,528.0,517.9000244140625,522.0,3416920
2021-02-19,480.685302734375,513.4500122070312,515.0,507.8500061035156,515.0,13849233
2021-02-22,468.4212341308594,500.3500061035156,517.2999877929688,497.04998779296875,514.75,3810112
2021-02-23,468.1402893066406,500.04998779296875,505.5,498.75,502.0,3011786
2021-02-24,471.5106506347656,503.6499938964844,506.25,498.04998779296875,502.5,1464678
2021-02-25,476.5660705566406,509.04998779296875,510.54998779296875,505.04998779296875,508.0,4492656
2021-02-26,470.9956970214844,503.1000061035156,513.6500244140625,501.0,508.5,5709953
2021-03-01,473.57025146484375,505.8500061035156,507.8500061035156,502.79998779296875,504.0,1751572
2021-03-02,478.6256408691406,511.25,512.5,504.79998779296875,507.3999938964844,1420334
2021-03-03,485.03857421875,518.0999755859375,520.0,512.0499877929688,514.2000122070312,3130922
2021-03-04,490.7492980957031,524.2000122070312,527.5,515.1500244140625,515.1500244140625,4314919
2021-03-05,490.9365234375,524.4000244140625,528.9000244140625,522.6500244140625,525.4500122070312,3785627
2021-03-08,494.91534423828125,528.6500244140625,530.9500122070312,521.75,525.0,1684546
2021-03-09,492.2004089355469,525.75,531.1500244140625,519.0,531.0,1424487
2021-03-10,497.2557678222656,531.1500244140625,534.4000244140625,525.1500244140625,526.2999877929688,2158157
2021-03-12,490.0471496582031,523.4500122070312,534.3499755859375,522.2000122070312,533.9000244140625,1757943
2021-03-15,492.528076171875,526.0999755859375,530.0,521.2999877929688,523.0999755859375,3007071
2021-03-16,495.336669921875,529.0999755859375,530.75,525.1500244140625,526.0999755859375,1684209
2021-03-17,493.88543701171875,527.5499877929688,533.5,525.25,527.5,2054354
2021-03-18,488.5960388183594,521.9000244140625,529.9500122070312,519.5999755859375,528.8499755859375,1333801
2021-03-19,491.3110046386719,524.7999877929688,526.75,516.0,516.0,1899152
2021-03-22,499.4559020996094,533.5,534.7000122070312,523.7000122070312,525.0999755859375,1720620
2021-03-23,499.22174072265625,533.25,536.9500122070312,531.25,533.7999877929688,1557222
2021-03-24,495.28973388671875,529.0499877929688,535.7999877929688,527.75,531.7999877929688,1431667
2021-03-25,484.3363952636719,517.3499755859375,529.2999877929688,515.0,528.0,1569877
2021-03-26,495.9919128417969,529.7999877929688,531.0,517.5999755859375,517.5999755859375,1757265
2021-03-30,503.6686096191406,538.0,541.2000122070312,532.0,532.5,2643994
2021-03-31,506.00909423828125,540.5,542.7999877929688,536.6500244140625,538.0,1560926
2021-04-01,504.2771911621094,538.6500244140625,543.9500122070312,536.7999877929688,540.4500122070312,823482
2021-04-05,502.7325134277344,537.0,541.0999755859375,534.0999755859375,538.2000122070312,1359678
2021-04-06,512.0474243164062,546.9500122070312,547.75,534.3499755859375,537.0,1825976
2021-04-07,517.898681640625,553.2000122070312,557.5,547.3499755859375,548.0,3109165
2021-04-08,523.4690551757812,559.1500244140625,561.7000122070312,548.25,553.4500122070312,2009731
2021-04-09,524.7327880859375,560.5,566.3499755859375,557.2000122070312,560.0,2203711
2021-04-12,519.3497924804688,554.75,561.4500122070312,549.5,556.0,2061407
2021-04-13,524.4987182617188,560.25,565.7000122070312,554.2999877929688,555.2000122070312,3181848
2021-04-15,535.5457763671875,572.0499877929688,577.0,560.75,565.0,5336354
2021-04-16,538.3076171875,575.0,581.9000244140625,571.0,581.9000244140625,3675431
2021-04-19,532.8777465820312,569.2000122070312,574.0,562.6500244140625,565.0,1876054
2021-04-20,532.6905517578125,569.0,575.9500122070312,565.7999877929688,574.0,2321346
2021-04-22,530.0223388671875,566.1500244140625,573.25,564.0499877929688,572.6500244140625,2545878
2021-04-23,524.2179565429688,559.9500122070312,566.9500122070312,556.0999755859375,566.1500244140625,2408395
2021-04-26,506.7580261230469,541.2999877929688,562.5999755859375,539.5499877929688,560.9000244140625,3121274
2021-04-27,504.2302551269531,538.5999755859375,544.25,534.6500244140625,544.25,2463374
2021-04-28,506.71136474609375,541.25,545.7000122070312,536.1500244140625,542.0,2614846
2021-04-29,507.3197021484375,541.9000244140625,547.0499877929688,540.2000122070312,544.4500122070312,1796174
2021-04-30,503.7154541015625,538.0499877929688,545.25,535.7000122070312,539.7999877929688,1960727
2021-05-03,507.7878723144531,542.4000244140625,548.4000244140625,538.5999755859375,538.75,1725231
2021-05-04,503.2473449707031,537.5499877929688,545.7000122070312,535.3499755859375,545.0,1772835
2021-05-05,506.4304504394531,540.9500122070312,542.4500122070312,537.0499877929688,538.7999877929688,1136917
2021-05-06,510.45599365234375,545.25,547.3499755859375,539.0,542.8499755859375,2142388
2021-05-07,500.485595703125,534.5999755859375,548.0,532.2999877929688,548.0,8776663
2021-05-10,489.39178466796875,522.75,535.75,519.2999877929688,535.0,6409447
2021-05-11,491.9195251464844,525.4500122070312,526.7999877929688,520.4000244140625,522.75,2458535
2021-05-12,495.43023681640625,529.2000122070312,532.5999755859375,525.0,527.0,3997812
2021-05-14,500.86004638671875,535.0,538.4500122070312,529.6500244140625,532.0,3274059
2021-05-17,500.25152587890625,534.3499755859375,539.25,532.2000122070312,537.0999755859375,2002740
2021-05-18,497.20892333984375,531.0999755859375,539.0,529.4500122070312,537.0,2056620
2021-05-19,503.7154541015625,538.0499877929688,539.1500244140625,528.0499877929688,530.0,2402429
2021-05-20,501.6090393066406,535.7999877929688,541.0,533.5999755859375,537.0,2586717
2021-05-21,502.49835205078125,536.75,540.0,535.4500122070312,538.0,1582534
2021-05-24,499.22174072265625,533.25,538.1500244140625,532.0,538.0,2142262
2021-05-25,496.69403076171875,530.5499877929688,536.75,529.2999877929688,535.4000244140625,2341520
2021-05-26,498.23883056640625,532.2000122070312,532.9500122070312,528.75,532.9500122070312,1533553
2021-05-27,493.55792236328125,527.2000122070312,533.7999877929688,524.4000244140625,533.0,7104429
2021-05-28,496.5534973144531,530.4000244140625,532.9000244140625,528.0499877929688,530.0,1322812
2021-05-31,505.9622802734375,540.4500122070312,544.2999877929688,529.5499877929688,532.2999877929688,2775615
2021-06-01,502.779296875,537.0499877929688,545.0,535.0,544.7000122070312,1855968
2021-06-02,498.2856140136719,532.25,540.25,529.75,538.3499755859375,4073182
2021-06-03,506.2899475097656,540.7999877929688,541.7999877929688,534.0,534.7999877929688,2070792
2021-06-04,509.3326721191406,544.0499877929688,545.0,539.3499755859375,542.0,1964169
2021-06-07,513.4985961914062,548.5,550.0,542.4000244140625,545.1500244140625,2061081
2021-06-08,520.8477172851562,556.3499755859375,560.75,551.8499755859375,551.8499755859375,3966396
2021-06-09,522.9540405273438,558.5999755859375,561.5,554.25,559.0,2452001
2021-06-10,524.2179565429688,559.9500122070312,563.8499755859375,556.0499877929688,560.5,2602822
2021-06-11,529.1329956054688,565.2000122070312,566.2000122070312,559.7000122070312,560.75,1036563
2021-06-14,532.175537109375,568.4500122070312,571.4000244140625,560.25,564.9500122070312,1628291
2021-06-15,538.120361328125,574.7999877929688,576.0,569.0499877929688,569.0499877929688,1774944
2021-06-16,543.5501708984375,580.5999755859375,582.7000122070312,575.2999877929688,576.0,2232810
2021-06-17,536.6224365234375,573.2000122070312,581.0,570.2000122070312,577.7000122070312,1512920
2021-06-18,540.2736206054688,577.0999755859375,581.9000244140625,571.5999755859375,574.75,3901362
2021-06-21,535.2650146484375,571.75,579.6500244140625,570.0,576.0,2238942
2021-06-22,530.4905395507812,566.6500244140625,578.0,565.0499877929688,574.25,2681016
2021-06-23,530.3032836914062,566.4500122070312,570.0,560.25,567.2000122070312,1172122
2021-06-24,538.4947509765625,575.2000122070312,576.75,561.3499755859375,566.4500122070312,1362412
2021-06-25,528.4308471679688,564.4500122070312,575.5,562.9500122070312,575.25,1190963
2021-06-28,530.8648681640625,567.0499877929688,568.5999755859375,564.2999877929688,568.4500122070312,794690
2021-06-29,531.145751953125,567.3499755859375,570.5,561.5499877929688,565.0999755859375,1761569
2021-06-30,532.4564208984375,568.75,573.5,563.5,568.5499877929688,1346860
2021-07-01,552.1163330078125,589.75,591.4500122070312,569.9000244140625,572.4000244140625,5398923
2021-07-02,552.7716674804688,590.4500122070312,592.0,583.8499755859375,591.5499877929688,2477693
2021-07-05,550.1971435546875,587.7000122070312,593.6500244140625,586.5,593.4000244140625,1196198
2021-07-06,554.0355224609375,591.7999877929688,595.4500122070312,588.0,588.6500244140625,1428646
2021-07-07,556.4696044921875,594.4000244140625,596.0,588.0999755859375,590.7999877929688,1255033
2021-07-08,558.06103515625,596.0999755859375,599.0,591.0,594.2000122070312,1845925
2021-07-09,557.5931396484375,595.5999755859375,605.0,592.3499755859375,596.0,2686530
2021-07-12,555.2993774414062,593.1500244140625,600.1500244140625,591.7000122070312,597.0,1038327
2021-07-13,551.5545654296875,589.1500244140625,595.3499755859375,585.5999755859375,594.2000122070312,934799
2021-07-14,547.9503173828125,585.2999877929688,588.5,581.5,588.5,1290445
2021-07-15,547.1544799804688,584.4500122070312,589.4500122070312,582.0499877929688,585.2999877929688,1233095
2021-07-16,543.2694091796875,580.2999877929688,588.8499755859375,578.7000122070312,584.8499755859375,2229326
2021-07-19,551.2268676757812,588.7999877929688,590.0,576.0,578.7999877929688,1953706
2021-07-20,550.665283203125,588.2000122070312,592.4500122070312,583.0,591.0,1877572
2021-07-22,550.8992919921875,588.4500122070312,595.4000244140625,584.5499877929688,590.7000122070312,1191908
2021-07-23,552.490966796875,590.1500244140625,594.0999755859375,585.6500244140625,590.9000244140625,666936
2021-07-26,557.3590698242188,595.3499755859375,599.0,590.1500244140625,593.0,1527942
2021-07-27,551.1333618164062,588.7000122070312,598.7999877929688,587.75,597.3499755859375,1585300
2021-07-28,552.4440307617188,590.0999755859375,603.4500122070312,586.1500244140625,586.1500244140625,2559515
2021-07-29,550.091552734375,584.5999755859375,593.4500122070312,582.2000122070312,588.4000244140625,2365089
2021-07-30,565.2412109375,600.7000122070312,603.6500244140625,584.1500244140625,587.2000122070312,3145307
2021-08-02,563.6886596679688,599.0499877929688,609.0,594.0499877929688,605.9000244140625,5788412
2021-08-03,577.9913940429688,614.25,619.7999877929688,597.9000244140625,602.7000122070312,13194079
2021-08-04,553.3850708007812,588.0999755859375,615.9000244140625,586.75,615.0,5849144
2021-08-05,554.7493896484375,589.5499877929688,596.4500122070312,585.8499755859375,593.4500122070312,3160815
2021-08-06,550.6561279296875,585.2000122070312,596.5499877929688,584.0999755859375,590.0,2452586
2021-08-09,547.4098510742188,581.75,594.0,579.25,590.9500122070312,2261395
2021-08-10,545.5748291015625,579.7999877929688,585.6500244140625,573.5999755859375,584.6500244140625,2070287
2021-08-11,541.15234375,575.0999755859375,582.4000244140625,570.6500244140625,582.0,2320928
2021-08-12,541.4346313476562,575.4000244140625,584.7999877929688,574.0499877929688,576.0,2474432
2021-08-13,553.5731811523438,588.2999877929688,591.5,576.8499755859375,579.7000122070312,5318962
2021-08-16,553.6201782226562,588.3499755859375,592.6500244140625,583.0,588.2000122070312,1315500
2021-08-17,561.3831787109375,596.5999755859375,597.7999877929688,588.3499755859375,589.0,4557665
2021-08-18,562.1360473632812,597.4000244140625,600.75,594.1500244140625,598.3499755859375,1992466
2021-08-20,575.5919799804688,611.7000122070312,616.0,590.2999877929688,594.6500244140625,4420438
2021-08-23,573.8980102539062,609.9000244140625,621.9500122070312,605.8499755859375,614.75,3188046
2021-08-24,557.8544921875,592.8499755859375,610.5,589.2000122070312,608.0,2295973
2021-08-25,564.6765747070312,600.0999755859375,601.7999877929688,592.1500244140625,593.0,1533202
2021-08-26,569.7578125,605.5,609.2000122070312,598.9500122070312,599.9500122070312,1793401
2021-08-27,572.8160400390625,608.75,612.5999755859375,605.0499877929688,608.0,1477611
2021-08-30,580.3438720703125,616.75,617.5499877929688,610.0,610.0,1299450
2021-08-31,584.8133544921875,621.5,623.8499755859375,610.0,616.0,3026655
2021-09-01,589.2830200195312,626.25,627.7000122070312,615.6500244140625,622.0,2467985
2021-09-02,603.0210571289062,640.8499755859375,643.9000244140625,624.4500122070312,626.5,3017389
2021-09-03,603.3975830078125,641.25,644.0,634.0,643.2000122070312,1676263
2021-09-06,597.3281860351562,634.7999877929688,645.4000244140625,633.75,641.25,1420648
2021-09-07,600.3394775390625,638.0,651.3499755859375,635.4000244140625,637.0,2457494
2021-09-08,602.8329467773438,640.6500244140625,642.5499877929688,634.0,639.0,1262769
2021-09-09,600.6216430664062,638.2999877929688,639.1500244140625,627.2000122070312,635.0,2195875
2021-09-13,602.4095458984375,640.2000122070312,649.25,637.0,642.4000244140625,2328010
2021-09-14,601.4685668945312,639.2000122070312,640.9500122070312,634.75,640.2000122070312,1422838
2021-09-15,599.5867309570312,637.2000122070312,644.0,636.2999877929688,640.4000244140625,1157146
2021-09-16,602.59765625,640.4000244140625,645.6500244140625,638.0499877929688,642.2000122070312,1115690
2021-09-17,615.347900390625,653.9500122070312,655.9000244140625,640.3499755859375,641.0,2959141
2021-09-20,607.5379028320312,645.6500244140625,658.4000244140625,643.0,654.8499755859375,2804783
2021-09-21,612.8543090820312,651.2999877929688,652.1500244140625,645.0,647.9500122070312,785138
2021-09-22,610.1255493164062,648.4000244140625,654.0,647.5499877929688,654.0,877503
2021-09-23,609.4198608398438,647.6500244140625,651.0,642.6500244140625,650.0999755859375,1480529
2021-09-24,613.4188232421875,651.9000244140625,658.9500122070312,649.0,649.0,2416462
2021-09-27,595.8228149414062,633.2000122070312,654.25,632.0,654.0,1468310
2021-09-28,589.3770751953125,626.3499755859375,634.3499755859375,621.0,634.0,1906140
2021-09-29,586.365966796875,623.1500244140625,628.2999877929688,620.25,627.0,1827330
2021-09-30,580.6260375976562,617.0499877929688,626.7999877929688,616.0999755859375,624.0,1705501
2021-10-01,581.4730224609375,617.9500122070312,620.2000122070312,609.0,617.0,1563570
2021-10-04,587.35400390625,624.2000122070312,625.4500122070312,613.2999877929688,619.9000244140625,2158448
2021-10-05,579.8262329101562,616.2000122070312,626.4000244140625,614.0,626.4000244140625,3156201
2021-10-06,578.6500854492188,614.9500122070312,623.7000122070312,614.0,616.7999877929688,2026192
2021-10-07,578.8383178710938,615.1500244140625,619.4000244140625,614.4000244140625,617.5499877929688,1228502
2021-10-08,571.1693115234375,607.0,620.9000244140625,606.0,616.0499877929688,3407806
2021-10-11,572.721923828125,608.6500244140625,611.0,607.0,610.0,1426583
2021-10-12,580.3908081054688,616.7999877929688,621.5999755859375,610.0,611.0,2801156
2021-10-13,586.9775390625,623.7999877929688,625.0,616.0999755859375,621.4500122070312,1499629
2021-10-14,578.8853149414062,615.2000122070312,627.9000244140625,612.4500122070312,626.0,2722324
2021-10-18,577.8972778320312,614.1500244140625,632.0,612.5999755859375,632.0,1464144
2021-10-19,569.5226440429688,605.25,620.2999877929688,604.0999755859375,615.0,1524974
2021-10-20,557.6664428710938,592.6500244140625,607.8499755859375,591.0499877929688,607.0,2784702
2021-10-21,552.7264404296875,587.4000244140625,599.0,585.25,598.5,1925145
2021-10-22,555.8784790039062,590.75,597.0,585.0,591.9000244140625,1407275
2021-10-25,546.9863891601562,581.2999877929688,593.25,576.5499877929688,592.0,1462238
2021-10-26,547.033447265625,581.3499755859375,583.9500122070312,574.4500122070312,582.0,1949684
2021-10-27,556.7254028320312,591.6500244140625,597.9500122070312,583.3499755859375,584.0,3252371
2021-10-28,554.8905639648438,589.7000122070312,594.3499755859375,586.4500122070312,594.0,1105554
2021-10-29,551.2677612304688,585.8499755859375,593.7999877929688,582.4500122070312,589.9000244140625,1980982
2021-11-01,561.806640625,597.0499877929688,600.7999877929688,587.0,588.0,3104045
2021-11-02,562.7474975585938,598.0499877929688,604.9000244140625,588.75,599.8499755859375,6908391
2021-11-03,574.5098266601562,610.5499877929688,612.2999877929688,600.75,608.0,7257690
2021-11-04,576.3917236328125,612.5499877929688,616.1500244140625,611.75,616.0,276957
2021-11-08,570.9810791015625,606.7999877929688,625.0,604.5,625.0,2428555
2021-11-09,567.5936889648438,603.2000122070312,609.4000244140625,600.1500244140625,606.0,876256
2021-11-10,569.5226440429688,605.25,606.9000244140625,598.0,601.2000122070312,1801639
2021-11-11,565.9793090820312,599.0,604.7000122070312,595.0,604.7000122070312,2031771
2021-11-12,569.2390747070312,602.4500122070312,604.2999877929688,598.5999755859375,602.0,2304135
2021-11-15,570.7036743164062,604.0,607.0,598.0999755859375,604.0,1665604
2021-11-16,576.3729248046875,610.0,611.9000244140625,604.5499877929688,605.7999877929688,1793708
2021-11-17,574.4832153320312,608.0,611.7999877929688,606.0499877929688,608.0,1022417
2021-11-18,575.1918334960938,608.75,610.0,601.4500122070312,608.0,841689
2021-11-22,573.3493041992188,606.7999877929688,616.5999755859375,603.5499877929688,611.0,3998703
2021-11-23,577.8374633789062,611.5499877929688,613.5,599.2000122070312,607.4500122070312,1508700
2021-11-24,569.7116088867188,602.9500122070312,611.5499877929688,602.0,610.0499877929688,1845329
2021-11-25,572.9713745117188,606.4000244140625,606.9500122070312,594.0499877929688,603.2999877929688,1518710
2021-11-26,568.8139038085938,602.0,612.4000244140625,599.7999877929688,603.0,1952921
2021-11-29,565.0343627929688,598.0,602.0,589.25,600.0,1125420
2021-11-30,562.1526489257812,594.9500122070312,602.5,592.0499877929688,595.0,5219689
2021-12-01,544.3417358398438,576.0999755859375,598.2000122070312,574.2999877929688,595.0999755859375,3306382
2021-12-02,546.65673828125,578.5499877929688,583.0,575.0999755859375,577.0,1931467
2021-12-03,549.30224609375,581.3499755859375,584.0499877929688,578.0499877929688,580.0,1202147
2021-12-06,536.02685546875,567.2999877929688,583.0,566.0,583.0,1525444
2021-12-07,540.845703125,572.4000244140625,574.6500244140625,567.2000122070312,569.9500122070312,889360
2021-12-08,542.4047241210938,574.0499877929688,576.8499755859375,572.4500122070312,575.4000244140625,1406874
2021-12-09,547.79052734375,579.75,580.9500122070312,571.5,575.5,1444157
2021-12-10,545.9481201171875,577.7999877929688,583.6500244140625,575.5,582.0,1258379
2021-12-13,546.9874877929688,578.9000244140625,583.1500244140625,574.0499877929688,582.9500122070312,1626598
2021-12-14,547.4597778320312,579.4000244140625,580.4000244140625,573.1500244140625,578.0,1167762
2021-12-15,541.6961059570312,573.2999877929688,578.0499877929688,571.7999877929688,577.5499877929688,929113
2021-12-16,538.814208984375,570.25,575.9000244140625,569.0,574.25,884563
2021-12-17,533.617431640625,564.75,572.0,561.5499877929688,570.5,1884521
2021-12-20,527.4285888671875,558.2000122070312,563.6500244140625,550.4000244140625,562.0,1332911
2021-12-21,528.27880859375,559.0999755859375,564.7999877929688,557.0,559.0,641150
2021-12-22,532.9559936523438,564.0499877929688,565.25,558.0,560.0999755859375,912026
2021-12-23,538.058349609375,569.4500122070312,571.0,562.7000122070312,566.0,926683
2021-12-24,532.6253662109375,563.7000122070312,573.9000244140625,562.1500244140625,573.9000244140625,418659
2021-12-27,530.4993286132812,561.4500122070312,564.4000244140625,558.25,564.0,571197
2021-12-28,531.4442749023438,562.4500122070312,565.25,560.7000122070312,561.9500122070312,394545
2021-12-29,535.365478515625,566.5999755859375,570.2999877929688,561.0,563.4500122070312,1354842
2021-12-30,540.0426635742188,571.5499877929688,572.5499877929688,561.75,566.5999755859375,917276
2021-12-31,548.073974609375,580.0499877929688,581.25,571.7999877929688,573.0,1024258
2022-01-03,549.1134033203125,581.1500244140625,584.9000244140625,578.5499877929688,580.0,1161811
2022-01-04,542.4047241210938,574.0499877929688,583.0,570.5,583.0,3062561
2022-01-05,550.388916015625,582.5,583.5,573.6500244140625,575.0,1001768
2022-01-06,550.4361572265625,582.5499877929688,583.4500122070312,574.4000244140625,582.5,1246823
2022-01-07,555.1133422851562,587.5,590.8499755859375,582.5499877929688,583.0499877929688,1492507
2022-01-10,556.625,589.0999755859375,591.25,586.0499877929688,589.0,813368
2022-01-11,555.1605224609375,587.5499877929688,590.7999877929688,584.0,590.4000244140625,815198
2022-01-12,550.388916015625,582.5,590.4000244140625,580.5999755859375,590.0999755859375,1287352
2022-01-13,548.6881103515625,580.7000122070312,584.8499755859375,577.5499877929688,582.5,1421440
2022-01-14,544.0582885742188,575.7999877929688,584.2000122070312,571.0499877929688,576.5999755859375,2009075
2022-01-17,538.2000732421875,569.5999755859375,578.4500122070312,568.9000244140625,575.7999877929688,1486008
2022-01-18,532.8142700195312,563.9000244140625,571.2999877929688,562.5999755859375,569.5999755859375,1185072
2022-01-19,537.2078247070312,568.5499877929688,569.5999755859375,560.0,563.9000244140625,1103105
2022-01-20,528.9876098632812,559.8499755859375,569.0,556.25,568.9500122070312,1007594
2022-01-21,521.1450805664062,551.5499877929688,558.75,547.9000244140625,555.2000122070312,2389963
2022-01-24,515.99560546875,546.0999755859375,554.3499755859375,541.0,552.0,2431761
2022-01-25,512.8775024414062,542.7999877929688,546.1500244140625,536.6500244140625,544.0999755859375,1847960
2022-01-27,499.8854064941406,529.0499877929688,542.0,527.0499877929688,541.0,2183776
2022-01-28,504.5152893066406,533.9500122070312,542.5,531.0999755859375,533.25,1426419
2022-01-31,507.16094970703125,536.75,541.5,535.2999877929688,538.0999755859375,1749168
2022-02-01,516.326171875,546.4500122070312,550.3499755859375,538.0,541.1500244140625,1500268
2022-02-02,526.7198486328125,557.4500122070312,562.75,545.0,550.5,1157446
2022-02-03,525.7750244140625,556.4500122070312,559.2000122070312,548.6500244140625,549.9500122070312,1798123
2022-02-04,537.633056640625,569.0,570.25,556.0,560.0,2712529
2022-02-07,535.4599609375,566.7000122070312,570.75,559.5999755859375,570.0,2481096
2022-02-08,531.2553100585938,562.25,569.9000244140625,561.25,566.7000122070312,820398
2022-02-09,539.0503540039062,570.5,574.4500122070312,562.0,564.4000244140625,1381438
2022-02-10,533.4756469726562,564.5999755859375,571.1500244140625,560.3499755859375,570.5,2044201
2022-02-11,529.9323120117188,560.8499755859375,563.75,555.5499877929688,562.0,1053326
2022-02-14,522.6096801757812,553.0999755859375,559.9000244140625,546.25,551.0999755859375,1256655
2022-02-15,531.4442749023438,562.4500122070312,563.9000244140625,550.9000244140625,552.5,1349136
2022-02-16,530.8773193359375,561.8499755859375,566.7000122070312,556.0,562.4500122070312,1053001
2022-02-17,523.8380126953125,554.4000244140625,565.0999755859375,553.1500244140625,562.0999755859375,1222505
2022-02-18,517.6018676757812,547.7999877929688,554.7000122070312,545.5,551.0,1383430
2022-02-21,523.0820922851562,553.5999755859375,554.9000244140625,541.7000122070312,545.4500122070312,1157096
2022-02-22,519.727783203125,550.0499877929688,551.8499755859375,542.2000122070312,542.9000244140625,1465489
2022-02-23,513.3026733398438,543.25,551.0,540.5999755859375,550.0499877929688,940986
2022-02-24,504.2791442871094,533.7000122070312,539.5499877929688,526.4000244140625,532.0,3036292
2022-02-25,514.8143920898438,544.8499755859375,546.9000244140625,533.4500122070312,536.0,1284779
2022-02-28,532.2946166992188,563.3499755859375,570.0999755859375,526.9500122070312,542.7999877929688,7992990
2022-03-02,534.0899047851562,565.25,570.0,558.7000122070312,562.9500122070312,1871881
2022-03-03,531.8694458007812,562.9000244140625,570.75,560.0,566.2999877929688,2166986
2022-03-04,509.3341064453125,539.0499877929688,561.2000122070312,537.0,557.0,2103625
2022-03-07,478.0589294433594,505.95001220703125,527.0,502.0,520.0,3178030
2022-03-08,492.7988586425781,521.5499877929688,522.7999877929688,505.0,506.0,2161459
2022-03-09,498.9877014160156,528.0999755859375,533.0499877929688,516.5,520.0,2952144
2022-03-10,515.6174926757812,545.7000122070312,547.0,531.5499877929688,538.9500122070312,1658773
2022-03-11,517.3655395507812,547.5499877929688,549.5499877929688,540.8499755859375,545.5,1238386
2022-03-14,510.798828125,540.5999755859375,548.4000244140625,532.25,546.4000244140625,3049209
2022-03-15,525.9639892578125,556.6500244140625,558.75,539.7999877929688,539.8499755859375,2726150
2022-03-16,533.570068359375,564.7000122070312,566.0,559.4000244140625,563.5,1685983
2022-03-17,529.365478515625,560.25,570.7000122070312,555.6500244140625,566.2000122070312,1988370
2022-03-21,519.25537109375,549.5499877929688,560.9500122070312,547.0999755859375,554.5,1119604
2022-03-22,504.5625915527344,534.0,549.0,531.2999877929688,549.0,2369464
2022-03-23,494.0272216796875,522.8499755859375,538.5,522.0999755859375,538.5,3708515
2022-03-24,494.8775939941406,523.75,530.7999877929688,519.6500244140625,520.9000244140625,2528645
2022-03-25,491.14532470703125,519.7999877929688,527.1500244140625,517.7000122070312,526.0,1185395
2022-03-28,486.7517395019531,515.1500244140625,524.1500244140625,512.2000122070312,522.1500244140625,2529886
2022-03-29,487.3658752441406,515.7999877929688,523.0,513.6500244140625,516.0,2072288
2022-03-30,498.60992431640625,527.7000122070312,529.5999755859375,518.25,518.2999877929688,3274773
2022-03-31,506.64129638671875,536.2000122070312,539.0,527.7000122070312,530.9000244140625,2884367
2022-04-01,512.5467529296875,542.4500122070312,545.0,536.25,539.0,1488872
2022-04-04,514.6254272460938,544.6500244140625,546.0,534.5999755859375,542.9000244140625,2818537
2022-04-05,518.6884155273438,548.9500122070312,553.0,546.2999877929688,548.0,2471895
2022-04-06,511.60186767578125,541.4500122070312,548.9500122070312,538.5999755859375,548.9500122070312,1813477
2022-04-07,520.2001953125,550.5499877929688,556.0,540.5,540.5,2078365
2022-04-08,526.2473754882812,556.9500122070312,558.0,550.2000122070312,550.5499877929688,974621
2022-04-11,521.9481811523438,552.4000244140625,558.5499877929688,549.25,558.5499877929688,1472046
2022-04-12,523.223876953125,553.75,556.9000244140625,548.0999755859375,552.0,1373926
2022-04-13,525.2553100585938,555.9000244140625,557.7000122070312,551.0,553.7999877929688,1405005
2022-04-18,531.6804809570312,562.7000122070312,563.8499755859375,549.1500244140625,550.0,1332556
2022-04-19,518.7357177734375,549.0,569.7000122070312,546.0,567.4500122070312,3225494
2022-04-20,519.9639892578125,550.2999877929688,556.2999877929688,542.3499755859375,550.0,1341149
2022-04-21,530.8773193359375,561.8499755859375,563.0,550.7999877929688,552.4500122070312,1293680
2022-04-22,528.9876098632812,559.8499755859375,564.7000122070312,554.0499877929688,557.9500122070312,1804787
2022-04-25,520.9088745117188,551.2999877929688,559.9000244140625,545.5499877929688,555.5499877929688,1262104
2022-04-26,529.0348510742188,559.9000244140625,561.5,554.0,554.2000122070312,1950606
2022-04-27,528.9876098632812,559.8499755859375,561.25,549.7000122070312,555.2000122070312,1704589
2022-04-28,540.7039184570312,572.25,576.8499755859375,560.0499877929688,564.0,2316486
2022-04-29,526.0112915039062,556.7000122070312,575.0999755859375,554.0999755859375,575.0,3244210
2022-05-02,526.483642578125,557.2000122070312,559.4500122070312,549.25,552.0,1089778
2022-05-04,508.3892517089844,538.0499877929688,565.0,532.2999877929688,557.7999877929688,3409715
2022-05-05,499.8854064941406,529.0499877929688,543.4500122070312,523.5999755859375,540.5,3769187
2022-05-06,482.6414489746094,510.79998779296875,526.9000244140625,508.3500061035156,518.2000122070312,3569229
2022-05-09,476.73602294921875,504.54998779296875,513.4000244140625,502.04998779296875,510.79998779296875,1443702
2022-05-10,474.8462219238281,502.54998779296875,508.70001220703125,499.3500061035156,505.79998779296875,2305275
2022-05-11,479.14544677734375,507.1000061035156,509.95001220703125,494.20001220703125,502.54998779296875,1809222
2022-05-12,470.8778076171875,498.3500061035156,507.1000061035156,495.5,507.0,2176908
2022-05-13,473.1927185058594,500.79998779296875,512.4500122070312,498.3500061035156,502.0,2733902
2022-05-16,469.4132385253906,496.79998779296875,505.95001220703125,495.3999938964844,504.6000061035156,895516
2022-05-17,474.18487548828125,501.8500061035156,503.6499938964844,494.29998779296875,499.45001220703125,2052078
2022-05-18,481.6966247558594,509.79998779296875,515.25,502.0,504.25,3035188
2022-05-19,464.9723205566406,492.1000061035156,502.8500061035156,489.3500061035156,499.04998779296875,2053355
2022-05-20,475.6021728515625,503.3500061035156,507.3500061035156,496.8500061035156,497.70001220703125,2149292
2022-05-23,478.3895568847656,506.29998779296875,513.1500244140625,504.0,505.0,1572782
2022-05-24,474.46832275390625,502.1499938964844,508.6000061035156,498.20001220703125,508.6000061035156,2089081
2022-05-25,467.1928405761719,494.45001220703125,505.0,493.45001220703125,504.8500061035156,1054477
2022-05-26,470.4053039550781,497.8500061035156,501.5,488.29998779296875,497.29998779296875,2070365
2022-05-27,470.2637023925781,497.70001220703125,501.3500061035156,495.70001220703125,501.20001220703125,1089096
2022-05-30,481.9800720214844,510.1000061035156,510.5,500.0,501.3999938964844,1594338
2022-05-31,490.38946533203125,519.0,526.25,504.1000061035156,509.79998779296875,5516299
2022-06-01,489.01934814453125,517.5499877929688,527.0,515.4000244140625,519.3499755859375,1596876
2022-06-02,492.9406433105469,521.7000122070312,524.9500122070312,512.0499877929688,517.5499877929688,1883760
2022-06-03,485.6177978515625,513.9500122070312,522.9500122070312,512.6500244140625,521.5,2117973
2022-06-06,480.5627746582031,508.6000061035156,513.1500244140625,505.3500061035156,509.0,3537326
2022-06-07,473.6179504394531,501.25,507.8999938964844,496.70001220703125,507.8999938964844,1213684
2022-06-08,467.52349853515625,494.79998779296875,501.04998779296875,491.54998779296875,498.0,1415492
2022-06-09,470.21636962890625,497.6499938964844,498.5,488.70001220703125,495.0,1191289
2022-06-10,474.56280517578125,502.25,504.75,491.0,496.5,1775867
2022-06-13,470.3581237792969,497.79998779296875,506.79998779296875,494.3999938964844,500.75,2658015
2022-06-14,468.3266296386719,495.6499938964844,503.6000061035156,492.04998779296875,499.3999938964844,1325521
2022-06-15,468.94085693359375,496.29998779296875,501.0,493.25,498.5,1213910
2022-06-16,469.60223388671875,497.0,501.8500061035156,492.70001220703125,498.29998779296875,1778349
2022-06-17,457.88580322265625,484.6000061035156,494.95001220703125,482.25,493.0,4334329
2022-06-20,473.1927185058594,500.79998779296875,503.1000061035156,484.6000061035156,486.5,3139895
2022-06-21,478.0115966796875,505.8999938964844,510.45001220703125,497.8999938964844,501.6499938964844,1819682
2022-06-22,471.4447326660156,498.95001220703125,512.4000244140625,495.1499938964844,505.5,1766236
2022-06-23,477.3029479980469,505.1499938964844,509.0,499.04998779296875,500.0,1065402
2022-06-24,481.64935302734375,509.75,514.7000122070312,506.3500061035156,507.0,1581131
2022-06-27,487.2713623046875,515.7000122070312,519.0,512.25,517.5,664059
2022-06-28,483.8697509765625,512.0999755859375,515.7000122070312,507.45001220703125,515.7000122070312,1358007
2022-06-29,473.5707092285156,501.20001220703125,512.9000244140625,498.1000061035156,507.0,1698999
2022-06-30,468.610107421875,495.95001220703125,502.8999938964844,495.0,497.70001220703125,1706703
2022-07-01,483.0666809082031,511.25,512.7000122070312,492.04998779296875,492.04998779296875,1704654
2022-07-04,496.0586853027344,525.0,526.9000244140625,511.25,511.95001220703125,2119912
2022-07-05,501.4445495605469,530.7000122070312,532.7999877929688,526.0,528.0,1891633
2022-07-06,513.0191040039062,542.9500122070312,544.75,521.0999755859375,530.5999755859375,2355807
2022-07-07,513.586181640625,543.5499877929688,552.2999877929688,538.0999755859375,542.0999755859375,1624706
2022-07-08,513.9168701171875,543.9000244140625,548.4500122070312,540.5999755859375,545.0,759628
2022-07-11,515.334228515625,545.4000244140625,547.0,539.0999755859375,539.0999755859375,767902
2022-07-12,513.4916381835938,543.4500122070312,545.0,539.0499877929688,539.0499877929688,383407
2022-07-13,515.2395629882812,545.2999877929688,548.1500244140625,540.0499877929688,542.0,1655868
2022-07-14,518.971923828125,549.25,552.0,544.0499877929688,545.9000244140625,1608306
2022-07-15,518.1214599609375,548.3499755859375,555.0,543.4000244140625,550.25,848018
2022-07-18,519.7750244140625,550.0999755859375,553.5999755859375,542.1500244140625,550.0,1156564
2022-07-19,519.1607666015625,549.4500122070312,553.4000244140625,545.0999755859375,551.6500244140625,986838
2022-07-20,527.4756469726562,558.25,560.0,550.2000122070312,552.0,2544134
2022-07-21,543.047119140625,571.9500122070312,574.5999755859375,558.0,558.2000122070312,3414847
2022-07-22,547.17724609375,576.2999877929688,577.9000244140625,567.5999755859375,574.75,2036934
2022-07-25,539.20166015625,567.9000244140625,575.7999877929688,564.1500244140625,570.0,1440874
2022-07-26,530.0392456054688,558.25,568.0999755859375,556.25,565.5999755859375,1549359
2022-07-27,539.0592651367188,567.75,569.25,555.9000244140625,555.9000244140625,1151735
2022-07-28,543.7590942382812,572.7000122070312,577.9000244140625,568.0499877929688,568.5,1914336
2022-07-29,554.5830078125,584.0999755859375,585.25,571.0499877929688,573.2000122070312,2161611
2022-08-01,551.4497680664062,580.7999877929688,585.5499877929688,576.5,584.0999755859375,993023
2022-08-02,549.0286865234375,578.25,590.5,575.0,580.7999877929688,1291098
2022-08-03,541.0055541992188,569.7999877929688,579.3499755859375,565.5999755859375,578.0,1793491
2022-08-04,544.8984985351562,573.9000244140625,576.0,566.2000122070312,572.0,2687696
2022-08-05,549.883056640625,579.1500244140625,582.5499877929688,573.0,573.9000244140625,1455945
2022-08-08,556.8616943359375,586.5,587.5,577.5499877929688,580.0,1395495
2022-08-10,555.3900756835938,584.9500122070312,591.4500122070312,580.9500122070312,588.9500122070312,1222405
2022-08-11,553.2538452148438,582.7000122070312,590.0,581.0,588.0,1222897
2022-08-12,552.2094116210938,581.5999755859375,586.5499877929688,573.25,582.0,1418557
2022-08-16,550.3103637695312,579.5999755859375,587.9000244140625,577.5999755859375,582.25,1076292
2022-08-17,555.3900756835938,584.9500122070312,586.0,576.2000122070312,580.0,1524111
2022-08-18,564.5523681640625,594.5999755859375,596.0499877929688,583.6500244140625,585.75,1777307
2022-08-19,557.5263061523438,587.2000122070312,602.0,586.0499877929688,597.7999877929688,2461951
2022-08-22,554.6780395507812,584.2000122070312,591.9000244140625,581.3499755859375,584.5,1333644
2022-08-23,558.380859375,588.0999755859375,591.9500122070312,579.0,579.2000122070312,1186601
2022-08-24,557.431396484375,587.0999755859375,588.5,579.2000122070312,585.0,1383496
2022-08-25,550.4054565429688,579.7000122070312,589.5499877929688,578.0,588.5,1563845
2022-08-26,543.0945434570312,572.0,582.5499877929688,567.7999877929688,581.0499877929688,2359504
2022-08-29,544.0914306640625,573.0499877929688,580.7999877929688,563.8499755859375,564.9500122070312,2612374
2022-08-30,554.1082763671875,583.5999755859375,586.0,575.0499877929688,575.0499877929688,1784269
2022-09-01,540.8157348632812,569.5999755859375,574.5499877929688,565.0499877929688,565.0499877929688,3042496
2022-09-02,541.8602294921875,570.7000122070312,572.5,566.5,571.25,1659835
2022-09-05,541.29052734375,570.0999755859375,574.0499877929688,568.0499877929688,572.1500244140625,686752
2022-09-06,542.1449584960938,571.0,573.0,568.4000244140625,571.5499877929688,562408
2022-09-07,543.4266967773438,572.3499755859375,574.7000122070312,569.0499877929688,569.9500122070312,485140
2022-09-08,541.5753784179688,570.4000244140625,573.9000244140625,567.25,573.8499755859375,853719
2022-09-09,545.8479614257812,574.9000244140625,577.8499755859375,569.5,577.8499755859375,965576
2022-09-12,541.5753784179688,570.4000244140625,578.5999755859375,568.5499877929688,574.9000244140625,835551
2022-09-13,542.1449584960938,571.0,573.9000244140625,569.7999877929688,572.9500122070312,827907
2022-09-14,538.34716796875,567.0,571.0,565.0,567.4000244140625,867842
2022-09-15,534.9765014648438,563.4500122070312,569.8499755859375,560.2000122070312,569.8499755859375,1225198
2022-09-16,518.7880859375,546.4000244140625,562.8499755859375,544.0,560.25,1946975
2022-09-19,520.4498291015625,548.1500244140625,550.7999877929688,540.2999877929688,549.1500244140625,685828
2022-09-20,528.66259765625,556.7999877929688,560.5499877929688,548.4500122070312,550.7999877929688,812820
2022-09-21,533.1251831054688,561.5,568.7000122070312,554.7000122070312,556.7999877929688,1660482
2022-09-22,546.56005859375,575.6500244140625,580.0,558.9000244140625,561.9000244140625,2626545
2022-09-23,539.8187255859375,568.5499877929688,576.8499755859375,567.5499877929688,575.7000122070312,1156625
2022-09-26,528.0928955078125,556.2000122070312,566.7999877929688,555.0999755859375,564.5499877929688,1442609
2022-09-27,532.1755981445312,560.5,565.4500122070312,557.0499877929688,559.0,1734629
2022-09-28,535.5462646484375,564.0499877929688,568.5,555.9500122070312,558.0499877929688,1551538
2022-09-29,546.6549682617188,575.75,578.1500244140625,563.9000244140625,566.9000244140625,2309452
2022-09-30,543.9964599609375,572.9500122070312,575.75,568.0999755859375,575.75,1598546
2022-10-03,528.994873046875,557.1500244140625,577.8499755859375,555.0,571.5999755859375,1606325
2022-10-04,525.8142700195312,553.7999877929688,568.2000122070312,552.2000122070312,568.2000122070312,2948474
2022-10-06,518.7880859375,546.4000244140625,557.5,544.5,557.5,2675443
2022-10-07,512.85400390625,540.1500244140625,544.5,534.25,537.9000244140625,3803118
2022-10-10,502.3623962402344,529.0999755859375,537.7999877929688,526.5499877929688,534.0,3601832
2022-10-11,492.7253112792969,518.9500122070312,531.75,517.0,531.75,6628877
2022-10-12,506.63494873046875,533.5999755859375,538.8499755859375,518.9500122070312,518.9500122070312,3197008
2022-10-13,503.2168884277344,530.0,538.5499877929688,529.25,535.0,2075101
2022-10-14,504.4986877441406,531.3499755859375,535.0,527.0,535.0,1518166
2022-10-17,503.16949462890625,529.9500122070312,534.5,527.0,531.3499755859375,757924
2022-10-18,504.4986877441406,531.3499755859375,533.5,528.7000122070312,531.5499877929688,1247608
2022-10-19,499.51397705078125,526.0999755859375,536.0,525.0499877929688,532.5499877929688,2677154
2022-10-20,508.8662109375,535.9500122070312,537.5,522.0,525.0,2273116
2022-10-21,510.7651672363281,537.9500122070312,540.0,532.4500122070312,536.0,1238126
2022-10-24,509.720703125,536.8499755859375,541.0,534.5,540.3499755859375,164839
2022-10-25,505.25830078125,532.1500244140625,538.0,530.75,536.0,1231137
2022-10-27,521.3041381835938,549.0499877929688,551.2999877929688,536.0,541.5,5098267
2022-10-28,523.2032470703125,551.0499877929688,554.25,546.25,552.5,2012341
2022-10-31,526.6687622070312,554.7000122070312,558.5,550.2000122070312,553.3499755859375,1517302
2022-11-01,535.308837890625,563.7999877929688,565.0,554.8499755859375,556.9000244140625,1354247
2022-11-02,533.8372192382812,562.25,566.4000244140625,558.5,565.9500122070312,936356
2022-11-03,530.1654663085938,555.9000244140625,562.5999755859375,554.5,562.25,807402
2022-11-04,531.69140625,557.5,560.4000244140625,554.1500244140625,557.4000244140625,620438
2022-11-07,527.971923828125,553.5999755859375,563.25,547.6500244140625,557.5,1295002
2022-11-09,528.4963989257812,554.1500244140625,560.3499755859375,549.0,555.0,883098
2022-11-10,528.2579956054688,553.9000244140625,555.8499755859375,548.0,551.0,927378
2022-11-11,527.4950561523438,553.0999755859375,559.5,550.2000122070312,556.7000122070312,1331351
2022-11-14,527.5903930664062,553.2000122070312,568.0,550.2999877929688,555.4500122070312,2173335
2022-11-15,525.25390625,550.75,556.0,542.0,555.2000122070312,1939642
2022-11-16,524.5862426757812,550.0499877929688,551.0,544.2000122070312,549.0499877929688,2344384
2022-11-17,526.3507080078125,551.9000244140625,553.7999877929688,545.6500244140625,548.25,2201076
2022-11-18,523.1080322265625,548.5,551.9500122070312,543.0,551.9000244140625,1143913
2022-11-21,525.301513671875,550.7999877929688,551.9500122070312,544.2000122070312,547.4500122070312,1022010
2022-11-22,521.1528930664062,546.4500122070312,548.9000244140625,540.5499877929688,548.4500122070312,1710541
2022-11-23,525.8737182617188,551.4000244140625,552.5,544.0,546.0999755859375,1450395
2022-11-24,527.971923828125,553.5999755859375,557.0,550.5,553.0,1285517
2022-11-25,530.7852783203125,556.5499877929688,557.5,547.7000122070312,555.0,815285
2022-11-28,532.7404174804688,558.5999755859375,562.9000244140625,555.5999755859375,556.5499877929688,1384789
2022-11-29,565.643310546875,593.0999755859375,598.2999877929688,558.0999755859375,559.8499755859375,11072058
2022-11-30,561.1131591796875,588.3499755859375,598.9000244140625,585.7000122070312,595.4500122070312,6800183
2022-12-01,559.635009765625,586.7999877929688,591.5999755859375,586.0999755859375,589.5,2181957
2022-12-02,563.7835693359375,591.1500244140625,592.9500122070312,576.5,584.9000244140625,3556471
2022-12-05,559.9210815429688,587.0999755859375,592.5,582.8499755859375,591.0,3137533
2022-12-06,565.1664428710938,592.5999755859375,594.0499877929688,582.1500244140625,585.9000244140625,1040850
2022-12-07,574.3697509765625,602.25,610.75,598.3499755859375,601.0,6182504
2022-12-08,576.4202270507812,604.4000244140625,607.0,598.7999877929688,605.5,1825451
2022-12-09,571.0317993164062,598.75,609.5499877929688,594.0,606.7999877929688,1253564
2022-12-12,574.5604248046875,602.4500122070312,603.7999877929688,590.2999877929688,600.0,1989220
2022-12-13,566.6923828125,594.2000122070312,604.8499755859375,593.0,603.2000122070312,1713097
2022-12-14,559.9210815429688,587.0999755859375,598.1500244140625,585.3499755859375,596.0,1470878
2022-12-15,559.7302856445312,586.9000244140625,590.0,582.2999877929688,585.6500244140625,993549
2022-12-16,552.9113159179688,579.75,587.9500122070312,579.0,585.0,1749583
2022-12-19,561.78076171875,589.0499877929688,589.7999877929688,574.0499877929688,578.0,2060993
2022-12-20,552.6729125976562,579.5,582.4000244140625,569.5499877929688,576.0999755859375,8300358
2022-12-21,550.5269775390625,577.25,586.5999755859375,574.6500244140625,582.3499755859375,2308329
2022-12-22,551.00390625,577.75,583.0999755859375,574.4500122070312,577.4000244140625,818353
2022-12-23,539.6547241210938,565.8499755859375,575.5,562.9500122070312,572.2999877929688,1890316
2022-12-26,539.8931274414062,566.0999755859375,567.5499877929688,557.25,560.25,2149944
2022-12-27,546.9506225585938,573.5,577.2999877929688,566.1500244140625,568.0,756651
2022-12-28,542.8020629882812,569.1500244140625,575.0,568.0,575.0,1041815
2022-12-29,534.9816284179688,560.9500122070312,569.9500122070312,559.75,568.5,1761390
2022-12-30,535.45849609375,561.4500122070312,568.25,560.0999755859375,563.5,699061
2023-01-02,535.5538330078125,561.5499877929688,563.4500122070312,558.0999755859375,561.4500122070312,564453
2023-01-03,534.8861694335938,560.8499755859375,568.3499755859375,557.25,564.2999877929688,904153
2023-01-04,533.9326171875,559.8499755859375,564.5,557.7999877929688,562.5,1223101
2023-01-05,546.2353515625,572.75,574.1500244140625,561.0,561.0999755859375,2641778
2023-01-06,527.256591796875,552.8499755859375,573.9500122070312,548.5,573.1500244140625,2789534
2023-01-09,524.1094360351562,549.5499877929688,556.0,545.7000122070312,556.0,3024289
2023-01-10,528.9255981445312,554.5999755859375,555.2000122070312,547.5,550.2000122070312,1156889
2023-01-11,522.9649047851562,548.3499755859375,555.2000122070312,545.0999755859375,554.5999755859375,1862522
2023-01-12,519.7223510742188,544.9500122070312,549.2999877929688,541.9000244140625,547.7999877929688,1973109
2023-01-13,518.5302124023438,543.7000122070312,549.9000244140625,538.5499877929688,545.5,3143762
2023-01-16,527.447265625,553.0499877929688,553.7999877929688,543.0499877929688,545.2000122070312,1120373
2023-01-17,530.7852783203125,556.5499877929688,559.25,550.0499877929688,553.0499877929688,1228285
2023-01-18,531.7866821289062,557.5999755859375,559.9500122070312,554.0,556.4500122070312,676706
2023-01-19,529.2594604492188,554.9500122070312,560.7999877929688,551.7999877929688,556.5,1182667
2023-01-20,539.7978515625,566.0,568.5,551.0999755859375,554.0499877929688,2511076
2023-01-23,538.27197265625,564.4000244140625,568.0,560.5999755859375,568.0,704349
2023-01-24,540.7039184570312,566.9500122070312,569.5,561.25,565.6500244140625,611251
2023-01-25,537.2228393554688,563.2999877929688,567.4500122070312,560.6500244140625,565.6500244140625,854326
2023-01-27,536.0307006835938,562.0499877929688,567.5,556.25,564.3499755859375,1373950
2023-01-30,532.2158813476562,558.0499877929688,563.7000122070312,551.6500244140625,563.0,2094290
2023-01-31,531.9298706054688,557.75,559.7000122070312,553.4500122070312,559.4000244140625,2302382
2023-02-01,535.935302734375,561.9500122070312,568.75,553.5999755859375,560.0,2239694
2023-02-02,528.7825317382812,554.4500122070312,560.9500122070312,546.5,557.5,1698846
2023-02-03,508.9931640625,533.7000122070312,562.0499877929688,528.25,562.0,4206140
2023-02-06,519.4839477539062,544.7000122070312,546.4500122070312,530.25,533.7000122070312,2259398
2023-02-07,510.8529052734375,535.6500244140625,545.9000244140625,533.0,544.4500122070312,2293797
2023-02-08,509.2315368652344,533.9500122070312,537.0,529.2000122070312,535.6500244140625,1629050
2023-02-09,508.56396484375,533.25,536.6500244140625,530.6500244140625,533.9500122070312,1095213
2023-02-10,507.7533264160156,532.4000244140625,533.9500122070312,530.2999877929688,533.25,913857
2023-02-13,509.70843505859375,534.4500122070312,535.5,529.0,532.0,1379183
2023-02-14,505.46441650390625,530.0,538.3499755859375,529.5499877929688,535.0,1728878
2023-02-15,510.08984375,534.8499755859375,536.5,524.0,529.7999877929688,1530576
2023-02-16,510.8052062988281,535.5999755859375,538.9500122070312,533.0,535.8499755859375,1400865
2023-02-17,509.756103515625,534.5,536.6500244140625,530.5,533.9000244140625,1510520
2023-02-20,510.2328796386719,535.0,536.25,529.6500244140625,534.9500122070312,1462577
2023-02-21,510.3760681152344,535.1500244140625,537.9000244140625,532.6500244140625,536.2999877929688,2460231
2023-02-22,508.5162658691406,533.2000122070312,535.5,529.5999755859375,535.5,922754
2023-02-23,514.7630615234375,539.75,543.0999755859375,530.0499877929688,531.0,2803998
2023-02-24,510.13763427734375,534.9000244140625,541.25,534.0,540.9000244140625,1375098
2023-02-27,501.84033203125,526.2000122070312,534.0499877929688,523.2999877929688,534.0,1746670
2023-02-28,507.944091796875,532.5999755859375,535.0,522.25,526.5,2330523
2023-03-01,502.841796875,527.25,536.4500122070312,526.0,535.7999877929688,1767693
2023-03-02,505.55975341796875,530.0999755859375,530.7999877929688,525.4500122070312,528.9000244140625,1215381
2023-03-03,510.042236328125,534.7999877929688,536.75,529.9000244140625,531.5499877929688,970153
2023-03-06,512.1404418945312,537.0,539.0999755859375,533.0999755859375,536.0999755859375,1070128
2023-03-08,507.22882080078125,531.8499755859375,537.4500122070312,530.25,537.4500122070312,1455390
2023-03-09,502.2695007324219,526.6500244140625,533.1500244140625,526.0,531.0,1585845
2023-03-10,505.41680908203125,529.9500122070312,531.0,524.0499877929688,525.0,909401
2023-03-13,499.3130187988281,523.5499877929688,529.8499755859375,520.0,527.5,1409053
2023-03-14,502.1264953613281,526.5,528.5499877929688,522.0999755859375,522.6500244140625,838398
2023-03-15,497.69171142578125,521.8499755859375,529.0999755859375,518.5999755859375,526.25,3297110
2023-03-16,509.756103515625,534.5,537.75,520.5,520.5,2094724
2023-03-17,511.32977294921875,536.1500244140625,539.25,532.3499755859375,536.0999755859375,1400977
2023-03-20,512.2356567382812,537.0999755859375,537.9000244140625,529.0,532.0,870716
2023-03-21,507.6578369140625,532.2999877929688,539.8499755859375,531.1500244140625,537.9500122070312,1645563
2023-03-22,515.1445922851562,540.1500244140625,542.0,531.2000122070312,532.1500244140625,784791
2023-03-23,514.4292602539062,539.4000244140625,544.4500122070312,536.5999755859375,540.9500122070312,1927951
2023-03-24,511.5681457519531,536.4000244140625,540.0,535.0,536.2000122070312,639799
2023-03-27,516.3843994140625,541.4500122070312,546.0,534.2000122070312,534.2000122070312,1319154
2023-03-28,509.0884704589844,533.7999877929688,542.75,532.0,539.0,1173081
2023-03-29,510.8529052734375,535.6500244140625,537.5,529.2000122070312,533.0,1804819
2023-03-31,519.674560546875,544.9000244140625,548.0,536.9500122070312,536.9500122070312,1361128
2023-04-03,522.2496337890625,547.5999755859375,549.9500122070312,543.0499877929688,547.5,2436530
2023-04-05,522.6787719726562,548.0499877929688,555.0499877929688,541.8499755859375,555.0,1737173
2023-04-06,501.55426025390625,525.9000244140625,548.0499877929688,525.0,547.7999877929688,3766812
2023-04-10,498.9792175292969,523.2000122070312,528.0,521.2000122070312,527.9000244140625,1618940
2023-04-11,497.69171142578125,521.8499755859375,526.6500244140625,519.7000122070312,523.7000122070312,3509174
2023-04-12,493.68621826171875,517.6500244140625,522.0,515.4500122070312,522.0,2122535
2023-04-13,502.7463684082031,527.1500244140625,527.7999877929688,514.2000122070312,519.0,8617033
2023-04-17,499.8375244140625,524.0999755859375,529.9500122070312,521.5499877929688,529.9500122070312,1555572
2023-04-18,496.78570556640625,520.9000244140625,524.8499755859375,519.25,524.6500244140625,2893384
2023-04-19,495.9750061035156,520.0499877929688,520.7000122070312,517.4500122070312,520.0,1138035
2023-04-20,500.9819641113281,525.2999877929688,526.25,518.7999877929688,520.0499877929688,2688238
2023-04-21,500.8390197753906,525.1500244140625,528.3499755859375,523.7000122070312,525.4000244140625,1242615
2023-04-24,500.5527648925781,524.8499755859375,527.5,520.75,526.4000244140625,2399145
2023-04-25,502.0310974121094,526.4000244140625,528.7000122070312,520.2000122070312,522.5,965836
2023-04-26,508.9454650878906,533.6500244140625,534.9500122070312,526.0,526.2000122070312,2552760
2023-04-27,505.8458251953125,530.4000244140625,534.8499755859375,528.0499877929688,534.6500244140625,1298338
2023-04-28,508.23028564453125,532.9000244140625,534.75,528.75,531.0,2032847
2023-05-02,511.6158142089844,536.4500122070312,537.1500244140625,532.0499877929688,535.0,1099379
2023-05-03,513.04638671875,537.9500122070312,541.5,535.9500122070312,538.9000244140625,2882258
2023-05-04,505.8458251953125,530.4000244140625,540.8499755859375,528.2000122070312,539.4000244140625,4124229
2023-05-05,481.6217956542969,505.0,527.0,503.6499938964844,517.5,6512813
2023-05-08,490.1097717285156,513.9000244140625,515.0,506.04998779296875,508.0,2707182
2023-05-09,493.924560546875,517.9000244140625,518.6500244140625,514.5499877929688,515.8499755859375,1447224
2023-05-10,490.4912414550781,514.2999877929688,518.9500122070312,509.1000061035156,518.9500122070312,2751302
2023-05-11,496.11810302734375,520.2000122070312,521.0,512.4500122070312,514.5999755859375,1959951
2023-05-12,494.35369873046875,518.3499755859375,522.4000244140625,517.1500244140625,520.9000244140625,1542764
2023-05-15,508.3731994628906,533.0499877929688,533.9500122070312,513.6500244140625,518.0,3666778
2023-05-16,506.1796569824219,530.75,535.8499755859375,530.0,535.0,1530503
2023-05-17,499.69451904296875,523.9500122070312,530.4000244140625,519.5999755859375,530.0,2511945
2023-05-18,499.2176208496094,523.4500122070312,527.4500122070312,522.0,527.4500122070312,1579098
2023-05-19,495.0689697265625,519.0999755859375,525.9000244140625,517.0,525.8499755859375,1402249
2023-05-22,498.07318115234375,522.25,525.2000122070312,515.4000244140625,518.9000244140625,1305271
2023-05-23,501.41119384765625,525.75,526.5,520.0,523.0,1500934
2023-05-24,502.317138671875,526.7000122070312,528.5,522.25,526.7999877929688,2304274
2023-05-25,505.6075134277344,530.1500244140625,533.5499877929688,525.5499877929688,526.7000122070312,2297300
2023-05-26,517.0042724609375,542.0999755859375,543.7000122070312,528.5,529.5499877929688,2184804
2023-05-29,522.9649047851562,548.3499755859375,550.0,542.4000244140625,545.9500122070312,2215580
2023-05-30,524.4431762695312,549.9000244140625,552.9000244140625,546.7000122070312,550.0,2023557
2023-05-31,529.6885986328125,555.4000244140625,558.0,546.0499877929688,548.5,4905059
2023-06-01,531.119140625,556.9000244140625,563.9000244140625,553.25,555.4500122070312,1385234
2023-06-02,531.4052124023438,557.2000122070312,560.0,555.8499755859375,557.5,1166828
2023-06-05,526.6844482421875,552.25,563.0,551.5499877929688,558.5499877929688,1570130
2023-06-06,522.1542358398438,547.5,554.3499755859375,541.5499877929688,553.5499877929688,2685928
2023-06-07,530.7376098632812,556.5,558.2000122070312,546.2000122070312,548.9500122070312,2718117
2023-06-08,526.5413208007812,552.0999755859375,560.0,551.2999877929688,559.0,1650679
2023-06-09,524.4909057617188,549.9500122070312,556.5,546.5999755859375,555.6500244140625,2146305
2023-06-12,527.971923828125,553.5999755859375,555.7000122070312,546.6500244140625,549.0,1007065
2023-06-13,534.5047607421875,560.4500122070312,562.9000244140625,551.2999877929688,553.5999755859375,2644392
2023-06-14,536.3167724609375,562.3499755859375,563.5,557.75,561.0,1577846
2023-06-15,542.7066650390625,569.0499877929688,570.5,561.5499877929688,562.3499755859375,2246105
2023-06-16,544.4710693359375,570.9000244140625,573.0,565.25,573.0,2022971
2023-06-19,542.8020629882812,569.1500244140625,573.0,566.6500244140625,571.0999755859375,1114637
2023-06-20,545.615478515625,572.0999755859375,572.9000244140625,563.0999755859375,567.3499755859375,1068183
2023-06-21,540.846923828125,567.0999755859375,575.5,564.7999877929688,572.0,1632121
2023-06-22,536.6029663085938,562.6500244140625,569.0499877929688,560.0499877929688,567.0999755859375,1815315
2023-06-23,537.2705688476562,563.3499755859375,565.75,556.0,560.0,1536193
2023-06-26,543.1834716796875,569.5499877929688,570.0,560.1500244140625,560.1500244140625,825926
2023-06-27,544.1849365234375,570.5999755859375,571.7000122070312,564.0499877929688,569.0,1900084
2023-06-28,547.5228271484375,574.0999755859375,575.9000244140625,568.7000122070312,571.0,2195767
2023-06-30,546.4260864257812,572.9500122070312,578.0,569.2999877929688,573.0,1993618
2023-07-03,555.295654296875,582.25,583.8499755859375,573.0999755859375,574.9500122070312,1375594
2023-07-04,552.8160400390625,579.6500244140625,586.0999755859375,577.4000244140625,584.0,730709
2023-07-05,565.0234375,592.4500122070312,595.8499755859375,576.5999755859375,579.2000122070312,1607408
2023-07-06,564.5465087890625,591.9500122070312,597.0999755859375,586.7999877929688,592.4500122070312,1116191
2023-07-07,545.7109375,572.2000122070312,596.25,570.6500244140625,596.0,3008774
2023-07-10,546.1876831054688,572.7000122070312,576.1500244140625,566.0,572.25,1999303
2023-07-11,554.7232666015625,581.6500244140625,582.4000244140625,573.0,575.75,1212325
2023-07-12,556.3924560546875,583.4000244140625,585.8499755859375,578.8499755859375,583.9500122070312,1388783
2023-07-13,550.9561767578125,577.7000122070312,585.7000122070312,576.5,584.0,793507
2023-07-14,559.3488159179688,586.5,588.0,576.7999877929688,577.6500244140625,1133717
2023-07-17,555.295654296875,582.25,594.75,580.9000244140625,588.6500244140625,1721733
2023-07-18,550.2886352539062,577.0,582.2000122070312,573.0499877929688,582.2000122070312,1492660
2023-07-19,547.9520874023438,574.5499877929688,581.0499877929688,573.6500244140625,577.0,607767
2023-07-20,551.7191772460938,578.5,580.0,570.0499877929688,574.5499877929688,1538931
2023-07-21,541.5625610351562,565.2000122070312,577.25,564.0499877929688,572.0,3010552
2023-07-24,541.6582641601562,565.2999877929688,571.9500122070312,559.25,565.2000122070312,2410138
2023-07-25,544.5806884765625,568.3499755859375,569.5999755859375,563.0999755859375,566.9500122070312,594176
2023-07-26,550.95263671875,575.0,576.0499877929688,568.2000122070312,570.4500122070312,1273253
2023-07-27,549.8028564453125,573.7999877929688,578.9500122070312,572.0,576.7999877929688,2005022
2023-07-28,557.3723754882812,581.7000122070312,582.8499755859375,570.0,572.25,1812535
2023-07-31,551.5275268554688,575.5999755859375,579.9500122070312,572.5999755859375,575.0,1156926
2023-08-01,544.9640502929688,568.75,578.2999877929688,567.5,575.7999877929688,1334010
2023-08-02,541.9935913085938,565.6500244140625,568.9000244140625,561.75,568.0999755859375,1868482
2023-08-03,531.8368530273438,555.0499877929688,562.0,545.6500244140625,556.75,5441318
2023-08-04,545.8743286132812,569.7000122070312,593.75,563.7999877929688,564.0,7508691
2023-08-07,541.6582641601562,565.2999877929688,567.7999877929688,558.0999755859375,566.0499877929688,1988682
2023-08-08,538.8795776367188,562.4000244140625,567.0999755859375,558.5499877929688,564.9000244140625,1956590
2023-08-09,548.2218627929688,572.1500244140625,572.9500122070312,561.0,562.2999877929688,1130663
2023-08-10,547.6469116210938,571.5499877929688,579.4500122070312,569.0,572.4500122070312,1310628
2023-08-11,539.5982055664062,563.1500244140625,571.75,562.0,571.5,1198557
2023-08-14,541.2271118164062,564.8499755859375,567.75,556.0,563.0,1300882
2023-08-16,541.7061767578125,565.3499755859375,566.3499755859375,559.5,562.0999755859375,641032
2023-08-17,537.729736328125,561.2000122070312,565.3499755859375,556.4000244140625,563.75,2172788
2023-08-18,541.8499755859375,565.5,567.9500122070312,558.2999877929688,560.9000244140625,1108955
2023-08-21,544.0057983398438,567.75,568.5499877929688,562.0499877929688,563.5,1138890
2023-08-22,550.7130737304688,574.75,577.9500122070312,565.25,566.0,1750504
2023-08-23,543.5745849609375,567.2999877929688,575.7999877929688,565.75,575.6500244140625,1933561
2023-08-24,541.2750854492188,564.9000244140625,570.9500122070312,564.0499877929688,570.9500122070312,740364
2023-08-25,534.7114868164062,558.0499877929688,568.6500244140625,557.0499877929688,561.25,2083408
2023-08-28,530.9745483398438,554.1500244140625,559.8499755859375,551.7000122070312,558.1500244140625,1481763
2023-08-29,527.1419067382812,550.1500244140625,553.9000244140625,546.0999755859375,553.5499877929688,2642866
2023-08-30,531.6932983398438,554.9000244140625,555.8499755859375,552.0,553.9500122070312,845829
2023-08-31,529.9684448242188,553.0999755859375,557.4500122070312,546.5,554.9000244140625,4736298
2023-09-01,530.2080688476562,553.3499755859375,555.9500122070312,550.4000244140625,551.5,924117
2023-09-04,534.5678100585938,557.9000244140625,560.0,551.0499877929688,554.1500244140625,944485
2023-09-05,536.4362182617188,559.8499755859375,562.9000244140625,558.0,560.0,992447
2023-09-06,538.0651245117188,561.5499877929688,563.0,558.7000122070312,559.75,635877
2023-09-07,542.3289794921875,566.0,568.75,561.5499877929688,561.5499877929688,1352944
2023-09-08,543.383056640625,567.0999755859375,568.9000244140625,563.5499877929688,566.0,695069
2023-09-11,545.8743286132812,569.7000122070312,571.25,566.9500122070312,567.25,690033
2023-09-12,542.0415649414062,565.7000122070312,572.9500122070312,561.6500244140625,571.0,1086960
2023-09-13,541.8499755859375,565.5,566.7000122070312,560.2000122070312,563.5999755859375,1206619
2023-09-14,543.7183837890625,567.4500122070312,569.4000244140625,563.1500244140625,564.0999755859375,998731
2023-09-15,541.8499755859375,565.5,569.2000122070312,560.5,568.0499877929688,2463912
2023-09-18,541.9935913085938,565.6500244140625,576.5999755859375,563.25,571.0,1469701
2023-09-20,537.6818237304688,561.1500244140625,565.4000244140625,554.25,565.0,2487342
2023-09-21,536.7237548828125,560.1500244140625,561.4000244140625,553.5499877929688,559.75,2150267
2023-09-22,537.8255615234375,561.2999877929688,564.9000244140625,557.5499877929688,559.4500122070312,956641
2023-09-25,531.1183471679688,554.2999877929688,563.0,552.7999877929688,561.2999877929688,1426546
2023-09-26,532.22021484375,555.4500122070312,557.9500122070312,553.0499877929688,554.25,1290222
2023-09-27,537.5380859375,561.0,562.0499877929688,553.7000122070312,555.0499877929688,1375349
2023-09-28,524.3631591796875,547.25,561.8499755859375,545.5499877929688,561.0,2182058
2023-09-29,528.53125,551.5999755859375,552.9000244140625,546.75,548.9000244140625,838408
2023-10-03,530.4475708007812,553.5999755859375,555.5,546.0999755859375,555.2000122070312,1924677
2023-10-04,532.1243896484375,555.3499755859375,557.2000122070312,550.5999755859375,552.0,1096308
2023-10-05,527.716796875,550.75,558.0,547.4500122070312,555.3499755859375,1509964
2023-10-06,524.267333984375,547.1500244140625,551.9000244140625,545.7999877929688,551.0,1061490
2023-10-09,519.0932006835938,541.75,545.2000122070312,540.0999755859375,543.1500244140625,1076708
2023-10-10,521.1052856445312,543.8499755859375,545.4000244140625,541.75,544.9500122070312,814992
2023-10-11,521.009521484375,543.75,546.7000122070312,543.0999755859375,544.4500122070312,1039964
2023-10-12,518.3745727539062,541.0,546.2000122070312,538.7999877929688,545.4500122070312,903301
2023-10-13,516.314453125,538.8499755859375,542.4500122070312,536.5,541.9000244140625,1607850
2023-10-16,514.4940185546875,536.9500122070312,538.9500122070312,534.5499877929688,538.0,1807237
2023-10-17,517.6559448242188,540.25,543.0,536.0,537.0999755859375,2040439
2023-10-18,511.6673278808594,534.0,540.7999877929688,533.3499755859375,538.1500244140625,1251181
2023-10-19,503.66650390625,525.6500244140625,528.3499755859375,520.5,525.0,4093512
2023-10-20,502.85211181640625,524.7999877929688,526.25,516.0,523.0,7600488
2023-10-23,499.5462951660156,521.3499755859375,526.0,518.6500244140625,524.7999877929688,1535943
2023-10-25,496.2406311035156,517.9000244140625,525.0,516.2999877929688,517.2999877929688,2014418
2023-10-26,487.18585205078125,508.45001220703125,517.9000244140625,504.1000061035156,517.9000244140625,2400780
2023-10-27,502.6125183105469,524.5499877929688,525.8499755859375,509.04998779296875,510.8999938964844,2125985
2023-10-30,501.55853271484375,523.4500122070312,524.7000122070312,521.7000122070312,524.5,1711768
2023-10-31,506.7805480957031,528.9000244140625,531.0499877929688,522.25,524.5999755859375,1687120
2023-11-01,495.47406005859375,517.0999755859375,532.0,516.2000122070312,530.5,2712123
2023-11-02,508.2178955078125,530.4000244140625,533.5,517.3499755859375,519.75,1919439
2023-11-03,513.1046142578125,535.5,537.8499755859375,531.4000244140625,534.0999755859375,1337219
2023-11-06,515.4520874023438,537.9500122070312,539.5499877929688,533.3499755859375,536.9000244140625,478913
2023-11-07,513.679443359375,536.0999755859375,539.9000244140625,532.8499755859375,539.0,823342
2023-11-08,516.69775390625,539.25,539.7999877929688,533.4000244140625,538.7000122070312,776461
2023-11-09,512.481689453125,534.8499755859375,540.0,533.0,540.0,1366713
2023-11-10,513.6856689453125,533.3499755859375,535.0,526.7000122070312,532.6500244140625,1361649
2023-11-13,510.5554504394531,530.0999755859375,535.7999877929688,525.9500122070312,535.5,979880
2023-11-15,506.6065979003906,526.0,527.5,516.7000122070312,523.0499877929688,3398705
2023-11-16,515.178466796875,534.9000244140625,535.4000244140625,526.2000122070312,532.25,1612231
2023-11-17,520.7647094726562,540.7000122070312,542.5999755859375,531.6500244140625,535.7999877929688,1512369
2023-11-20,523.1724853515625,543.2000122070312,545.4500122070312,537.2000122070312,540.7000122070312,1910044
2023-11-21,520.9090576171875,540.8499755859375,545.6500244140625,539.25,545.6500244140625,1379849
2023-11-22,521.0536499023438,541.0,541.9500122070312,537.5499877929688,540.7000122070312,680568
2023-11-23,520.4276123046875,540.3499755859375,542.0,535.25,541.0,800753
2023-11-24,517.5382080078125,537.3499755859375,542.0999755859375,536.0,542.0,440877
2023-11-28,514.1190795898438,533.7999877929688,537.3499755859375,531.0499877929688,536.5,2251292
2023-11-29,514.8895874023438,534.5999755859375,536.0499877929688,532.0,533.7999877929688,1815670
2023-11-30,518.21240234375,538.0499877929688,540.4000244140625,533.0,534.5999755859375,3167951
2023-12-01,521.1980590820312,541.1500244140625,544.4000244140625,537.7000122070312,540.0,1584387
2023-12-04,526.8324584960938,547.0,548.9000244140625,541.7000122070312,544.9000244140625,2125643
2023-12-05,531.6481323242188,552.0,552.5,546.7999877929688,548.9500122070312,1748869
2023-12-06,529.7699584960938,550.0499877929688,554.9000244140625,549.2999877929688,554.75,1028497
2023-12-07,525.6766357421875,545.7999877929688,550.9500122070312,537.4500122070312,550.0499877929688,1150700
2023-12-08,527.31396484375,547.5,556.25,545.7999877929688,548.9000244140625,2453675
2023-12-11,530.2033081054688,550.5,551.3499755859375,545.0499877929688,548.0,1278433
2023-12-12,528.7586059570312,549.0,553.5999755859375,546.7000122070312,550.5,1418773
2023-12-13,527.362060546875,547.5499877929688,549.3499755859375,543.0999755859375,547.5499877929688,1628806
2023-12-14,527.2658081054688,547.4500122070312,549.7000122070312,544.5999755859375,548.7000122070312,2078199
2023-12-15,519.801513671875,539.7000122070312,548.0,537.25,547.9500122070312,2655593
2023-12-18,520.572021484375,540.5,543.0499877929688,537.2999877929688,539.7000122070312,2700975
2023-12-19,527.9880981445312,548.2000122070312,551.5,539.7000122070312,541.4500122070312,2155547
2023-12-20,515.2266845703125,534.9500122070312,551.4000244140625,532.2999877929688,550.0,3685894
2023-12-21,510.6999206542969,530.25,534.0,527.0499877929688,533.25,6150231
2023-12-22,509.784912109375,529.2999877929688,532.6500244140625,526.5,531.9500122070312,3869597
2023-12-26,511.03704833984375,530.5999755859375,534.7999877929688,529.0,530.0,1655240
2023-12-27,514.6487426757812,534.3499755859375,536.0499877929688,530.0499877929688,531.0,3308899
2023-12-28,523.076171875,543.0999755859375,545.75,534.3499755859375,534.5499877929688,3512802
2023-12-29,536.6563110351562,557.2000122070312,560.0,543.6500244140625,544.75,4120332
2024-01-01,536.8970947265625,557.4500122070312,563.0,555.0,560.0,1417550
2024-01-02,536.3192138671875,556.8499755859375,562.3499755859375,551.3499755859375,559.4500122070312,1201767
2024-01-03,530.7811889648438,551.0999755859375,562.7000122070312,546.5999755859375,557.0,2733401
2024-01-04,545.3727416992188,566.25,567.2999877929688,550.9000244140625,554.6500244140625,3064476
2024-01-05,548.0693359375,569.0499877929688,571.6500244140625,564.5,571.0,2834989
2024-01-08,532.8519897460938,553.25,572.5,551.0,572.5,2152367
2024-01-09,527.6510009765625,547.8499755859375,556.0,546.2000122070312,555.0,2107464
2024-01-10,527.1695556640625,547.3499755859375,551.4000244140625,542.2999877929688,548.8499755859375,1758621
2024-01-11,531.6481323242188,552.0,556.0,548.4500122070312,549.5999755859375,2089001
2024-01-12,529.432861328125,549.7000122070312,552.9500122070312,548.0,552.0,1029614
2024-01-15,533.71875,554.1500244140625,557.5,548.25,551.0,1524201
2024-01-16,538.197265625,558.7999877929688,561.9000244140625,552.9500122070312,556.1500244140625,2027207
2024-01-17,529.1920776367188,549.4500122070312,557.8499755859375,546.0999755859375,557.8499755859375,2075918
2024-01-18,519.5608520507812,539.4500122070312,549.9500122070312,535.3499755859375,546.2000122070312,1520695
2024-01-19,522.3056640625,542.2999877929688,543.9500122070312,539.5499877929688,543.25,1965102
2024-01-23,505.4509582519531,524.7999877929688,544.4000244140625,522.5999755859375,544.4000244140625,2256565
2024-01-24,516.8157958984375,536.5999755859375,537.4000244140625,522.2000122070312,525.75,914551
2024-01-25,512.0001220703125,531.5999755859375,537.5499877929688,529.0499877929688,536.5999755859375,924085
2024-01-29,514.552490234375,534.25,535.9500122070312,515.0,515.0,1316110
2024-01-30,516.1897583007812,535.9500122070312,537.7000122070312,533.25,534.25,1603876
2024-01-31,519.7052612304688,539.5999755859375,545.5999755859375,534.0,535.9500122070312,3475918
2024-02-01,533.9595336914062,554.4000244140625,575.5,547.0,547.0,11117689
2024-02-02,524.569091796875,544.6500244140625,559.0,539.75,554.5,3318354
2024-02-05,513.9746704101562,533.6500244140625,544.7999877929688,532.2999877929688,543.0,1417520
2024-02-06,513.0596313476562,532.7000122070312,537.4000244140625,531.25,534.25,1247440
2024-02-07,517.5863647460938,537.4000244140625,538.4500122070312,530.6500244140625,533.1500244140625,1784199
2024-02-08,514.2634887695312,533.9500122070312,541.0,532.0,539.7000122070312,1488521
2024-02-09,519.3200073242188,539.2000122070312,540.0,528.6500244140625,534.9000244140625,1786915
2024-02-12,516.7677001953125,536.5499877929688,543.75,535.4000244140625,539.2000122070312,1454041
2024-02-13,518.8865966796875,538.75,539.9000244140625,531.1500244140625,536.3499755859375,725665
2024-02-14,524.2319946289062,544.2999877929688,545.25,533.25,533.5499877929688,828939
2024-02-15,524.1356201171875,544.2000122070312,547.3499755859375,540.9000244140625,545.9500122070312,1006711
2024-02-16,524.4244995117188,544.5,547.8499755859375,541.0,545.0999755859375,839405
2024-02-19,527.45849609375,547.6500244140625,550.2000122070312,540.25,545.0,1353397
2024-02-20,527.362060546875,547.5499877929688,551.2000122070312,543.0,551.2000122070312,1057848
2024-02-21,526.158203125,546.2999877929688,549.8499755859375,544.3499755859375,547.5999755859375,1636393
2024-02-22,521.6314697265625,541.5999755859375,546.5,538.6500244140625,546.5,1264327
2024-02-23,515.563720703125,535.2999877929688,544.5499877929688,534.25,542.0999755859375,1160683
2024-02-26,509.73687744140625,529.25,537.0999755859375,526.8499755859375,534.1500244140625,1180365
2024-02-27,515.8526611328125,535.5999755859375,538.2000122070312,526.0,527.9000244140625,2954271
2024-02-28,516.478759765625,536.25,541.4500122070312,531.9000244140625,535.3499755859375,2697005
2024-02-29,518.3087158203125,538.1500244140625,539.3499755859375,532.2999877929688,536.2999877929688,2453976
2024-03-01,521.14990234375,541.0999755859375,544.9500122070312,538.1500244140625,538.1500244140625,762406
2024-03-04,517.4900512695312,537.2999877929688,539.7000122070312,531.7999877929688,538.0,2030164
2024-03-05,515.0340576171875,534.75,536.7999877929688,533.0499877929688,535.1500244140625,1464768
2024-03-06,511.90386962890625,531.5,536.0,528.25,534.7999877929688,1082367
2024-03-07,515.5155639648438,535.25,537.75,530.5,531.5,894981
2024-03-11,513.73388671875,533.4000244140625,538.4000244140625,531.5999755859375,535.25,984138
2024-03-12,509.49603271484375,529.0,532.2999877929688,525.8499755859375,530.5499877929688,1011782
2024-03-13,500.77978515625,519.9500122070312,531.4000244140625,515.7999877929688,529.5499877929688,2666699
2024-03-14,510.1220703125,529.6500244140625,530.7999877929688,516.1500244140625,517.0,2047715
2024-03-15,507.1364440917969,526.5499877929688,530.3499755859375,524.25,528.9500122070312,1710825
2024-03-18,504.2951354980469,523.5999755859375,526.5499877929688,521.0999755859375,526.5499877929688,1247334
2024-03-19,499.2386779785156,518.3499755859375,530.0,516.5499877929688,523.25,2071489
2024-03-20,501.0204772949219,520.2000122070312,521.2000122070312,512.0,518.3499755859375,925067
2024-03-21,504.63226318359375,523.9500122070312,525.6500244140625,518.5,522.25,973386
2024-03-22,501.59832763671875,520.7999877929688,527.3499755859375,519.0,524.0,1072318
2024-03-26,501.8872985839844,521.0999755859375,522.25,512.5999755859375,512.5999755859375,1961179
2024-03-27,502.4170837402344,521.6500244140625,524.4000244140625,519.0999755859375,524.0,2638465
2024-03-28,503.8617858886719,523.1500244140625,526.0,517.75,522.0,2312982
2024-04-01,509.6405944824219,529.1500244140625,530.5999755859375,523.5,523.5,847682
2024-04-02,512.0001220703125,531.5999755859375,532.5499877929688,527.6500244140625,529.1500244140625,1175093
2024-04-03,511.42230224609375,531.0,532.4000244140625,528.5999755859375,530.9000244140625,1176084
2024-04-04,487.3921813964844,506.04998779296875,531.9500122070312,502.29998779296875,531.0,10445923
2024-04-05,489.1739807128906,507.8999938964844,510.0,504.0,510.0,7615006
2024-04-08,484.5028076171875,503.04998779296875,509.8500061035156,502.20001220703125,508.04998779296875,3602540
2024-04-09,484.59912109375,503.1499938964844,508.5,502.5,506.5,2217268
2024-04-10,487.5848388671875,506.25,506.95001220703125,502.25,505.0,1978008
2024-04-12,482.1431579589844,500.6000061035156,507.6499938964844,499.1000061035156,507.0,4166549
2024-04-15,476.9422302246094,495.20001220703125,497.0,489.20001220703125,495.8999938964844,3600795
2024-04-16,485.3215026855469,503.8999938964844,505.6000061035156,492.3500061035156,495.20001220703125,2928056
2024-04-18,485.2733154296875,503.8500061035156,507.95001220703125,501.0,505.75,2604037
2024-04-19,485.6104431152344,504.20001220703125,505.79998779296875,496.04998779296875,501.6000061035156,2183936
2024-04-22,487.4884948730469,506.1499938964844,508.0,503.29998779296875,507.3999938964844,1208372
2024-04-23,488.4516296386719,507.1499938964844,510.45001220703125,505.20001220703125,507.1000061035156,1904186
2024-04-24,490.6668395996094,509.45001220703125,510.29998779296875,507.6499938964844,509.8999938964844,1855798
2024-04-25,487.7774658203125,506.45001220703125,510.25,504.1499938964844,509.5,1022931
2024-04-26,490.2334289550781,509.0,511.54998779296875,505.29998779296875,507.3500061035156,1372205
2024-04-29,488.0182800292969,506.70001220703125,512.7999877929688,506.0,512.4000244140625,1373441
2024-04-30,489.029541015625,507.75,512.4000244140625,505.1499938964844,509.0,2092290
2024-05-02,505.93243408203125,525.2999877929688,536.0499877929688,508.0,508.0,7092006
2024-05-03,512.1447143554688,531.75,538.0,524.0,536.25,7008370
2024-05-06,511.2297058105469,530.7999877929688,535.5,524.25,535.0,3172072
2024-05-07,537.8602294921875,558.4500122070312,566.9000244140625,531.2999877929688,533.5499877929688,14721222
2024-05-08,536.0784912109375,556.5999755859375,561.9500122070312,554.0999755859375,558.4500122070312,4085815
2024-05-09,532.4185791015625,552.7999877929688,564.9500122070312,550.4500122070312,556.5999755859375,5305923
2024-05-10,530.4922485351562,550.7999877929688,551.9500122070312,540.3499755859375,550.9500122070312,2521438
2024-05-13,529.9625854492188,550.25,553.2000122070312,543.7000122070312,550.7999877929688,3067643
2024-05-14,534.10400390625,554.5499877929688,562.7000122070312,550.25,550.25,2872594
2024-05-15,525.7247924804688,545.8499755859375,555.0,543.0,554.5499877929688,2436198
2024-05-16,522.0648803710938,542.0499877929688,549.4000244140625,534.7000122070312,547.6500244140625,3864351
2024-05-17,516.0453491210938,535.7999877929688,544.0,535.0,543.2000122070312,1642503
2024-05-21,519.4644165039062,539.3499755859375,541.0,533.5999755859375,538.0999755859375,1388390
2024-05-22,533.5742797851562,554.0,555.9000244140625,538.7999877929688,543.0,4319988
2024-05-23,539.3049926757812,559.9500122070312,562.0,551.6500244140625,556.0,2924910
2024-05-24,537.5230712890625,558.0999755859375,564.9000244140625,554.0499877929688,559.0,2805803
2024-05-27,546.4802856445312,567.4000244140625,571.0,559.7999877929688,559.8499755859375,3169943
2024-05-28,549.7548828125,570.7999877929688,578.9000244140625,564.5499877929688,570.0,4429603
2024-05-29,534.9708251953125,555.4500122070312,570.7999877929688,553.0499877929688,570.7999877929688,2620387
2024-05-30,530.8294067382812,551.1500244140625,557.4000244140625,549.3499755859375,555.4500122070312,1591522
2024-05-31,525.0023803710938,545.0999755859375,554.5,540.5499877929688,552.0499877929688,11192196
2024-06-03,524.7135009765625,544.7999877929688,561.2000122070312,543.0,560.0,2836670
2024-06-04,556.882080078125,578.2000122070312,584.4500122070312,536.75,548.4500122070312,17458506
2024-06-05,578.119140625,600.25,633.4000244140625,584.5,585.0,21568184
2024-06-06,575.181640625,597.2000122070312,605.2999877929688,582.0499877929688,600.25,7598586
2024-06-07,590.4953002929688,613.0999755859375,614.7999877929688,598.1500244140625,599.4500122070312,5429725
2024-06-10,596.9964599609375,619.8499755859375,627.4500122070312,604.2000122070312,604.2000122070312,5180578
2024-06-11,590.8324584960938,613.4500122070312,622.9500122070312,608.0,619.8499755859375,3728825
2024-06-12,596.6593627929688,619.5,623.0,611.75,614.1500244140625,4528718
2024-06-13,587.1724853515625,609.6500244140625,614.5499877929688,588.1500244140625,612.0,7963596
2024-06-14,586.20947265625,608.6500244140625,618.7999877929688,606.0,610.9500122070312,1975440
2024-06-18,578.0709228515625,600.2000122070312,613.75,598.0,608.0999755859375,4304663
2024-06-19,576.4818115234375,598.5499877929688,603.0999755859375,594.0,602.0,1703051
2024-06-20,578.6006469726562,600.75,604.9000244140625,595.0,598.5,2886298
2024-06-21,568.1988525390625,589.9500122070312,603.9000244140625,588.5499877929688,601.0,3868601
2024-06-24,577.6375122070312,599.75,602.4500122070312,588.8499755859375,590.75,1774168
2024-06-25,571.4735107421875,593.3499755859375,603.9500122070312,592.5,603.7999877929688,1791877
2024-06-26,579.6119384765625,601.7999877929688,603.0,590.2999877929688,591.4000244140625,2230523
2024-06-27,577.2041625976562,599.2999877929688,606.0,595.0499877929688,602.0,2405121
2024-06-28,578.552490234375,600.7000122070312,609.6500244140625,597.6500244140625,601.7999877929688,1710529
2024-07-01,588.4246215820312,610.9500122070312,613.25,600.7000122070312,600.7000122070312,2469588
2024-07-02,580.5750122070312,602.7999877929688,616.7999877929688,602.0,616.7999877929688,3919339
2024-07-03,587.220703125,609.7000122070312,613.2999877929688,605.0,607.0,1786017
2024-07-04,583.6090087890625,605.9500122070312,613.5999755859375,605.0499877929688,609.7999877929688,2277423
2024-07-05,584.090576171875,606.4500122070312,607.9500122070312,603.25,604.0,879215
2024-07-08,600.4638061523438,623.4500122070312,633.0,610.4000244140625,610.4000244140625,7279634
2024-07-09,606.9649047851562,630.2000122070312,633.4000244140625,618.0499877929688,622.0499877929688,2665679
2024-07-10,608.4096069335938,631.7000122070312,637.25,619.5499877929688,630.0,2882570
2024-07-11,606.1461791992188,629.3499755859375,635.7999877929688,623.7999877929688,635.7999877929688,1588742
2024-07-12,606.772216796875,630.0,633.9000244140625,626.0,633.9000244140625,1630043
2024-07-15,609.0838012695312,632.4000244140625,638.9500122070312,630.1500244140625,632.9000244140625,1091279
2024-07-16,617.3185424804688,640.9500122070312,648.7000122070312,630.0,634.0,2960104
2024-07-18,621.07470703125,644.8499755859375,651.0,639.25,640.9500122070312,3161993
2024-07-19,612.1759643554688,632.9000244140625,647.2000122070312,631.6500244140625,645.0,2176993
2024-07-22,615.8031616210938,636.6500244140625,639.8499755859375,627.2000122070312,628.25,1365836
2024-07-23,630.9407348632812,652.2999877929688,662.3499755859375,632.0999755859375,639.9000244140625,7195533
2024-07-24,613.385009765625,634.1500244140625,650.0,618.0499877929688,650.0,8340915
2024-07-25,610.5316162109375,631.2000122070312,636.4500122070312,625.0,625.5,1831371
2024-07-26,611.7407836914062,632.4500122070312,635.25,625.0999755859375,631.2000122070312,1469979
2024-07-29,620.107421875,641.0999755859375,643.1500244140625,631.0499877929688,635.8499755859375,2240896
2024-07-30,613.1431884765625,633.9000244140625,648.8499755859375,632.5,641.0499877929688,3020230
2024-07-31,614.88427734375,635.7000122070312,640.75,630.0,636.9500122070312,2769613
2024-08-01,622.4288940429688,643.5,655.8499755859375,636.75,638.9000244140625,6852547
2024-08-02,607.0010986328125,627.5499877929688,650.0,625.0,643.5,4123973
2024-08-05,613.2399291992188,634.0,640.0,614.0499877929688,615.0,4771981
2024-08-06,608.5487670898438,629.1500244140625,643.0,627.0,638.0,1854542
2024-08-07,618.3180541992188,639.25,641.2999877929688,631.2000122070312,631.2000122070312,1788865
2024-08-08,616.5770263671875,637.4500122070312,641.7999877929688,634.6500244140625,639.0,1528269
2024-08-09,603.5189819335938,623.9500122070312,642.2000122070312,622.0999755859375,641.5999755859375,2679620
2024-08-12,600.036865234375,620.3499755859375,627.25,615.75,626.9000244140625,1139283
2024-08-13,586.0116577148438,605.8499755859375,624.25,602.7000122070312,620.5999755859375,2691122
2024-08-14,584.609130859375,604.4000244140625,609.9000244140625,598.5999755859375,609.9000244140625,2012408
2024-08-16,597.376953125,617.5999755859375,618.5,604.4000244140625,606.3499755859375,1259712
2024-08-19,600.955810546875,621.2999877929688,624.9000244140625,614.8499755859375,618.0,2332398
2024-08-20,602.6968383789062,623.0999755859375,625.4500122070312,617.0499877929688,625.4000244140625,1340039
2024-08-21,613.5784301757812,634.3499755859375,635.9500122070312,617.9500122070312,624.9000244140625,2105395
2024-08-22,624.9921264648438,646.1500244140625,647.7000122070312,632.0999755859375,637.0,3452342
2024-08-23,622.18701171875,643.25,651.2000122070312,640.8499755859375,647.9000244140625,3461642
2024-08-26,633.1170654296875,654.5499877929688,655.4000244140625,640.9000244140625,646.0,2940223
2024-08-27,622.3321533203125,643.4000244140625,655.0,641.6500244140625,655.0,1428673
2024-08-28,623.2994384765625,644.4000244140625,649.5,638.0,645.9500122070312,1149783
2024-08-29,623.0575561523438,644.1500244140625,647.9000244140625,638.5999755859375,644.0,1071747
2024-08-30,616.2868041992188,637.1500244140625,645.5499877929688,636.0999755859375,644.0,3304453
2024-09-02,615.8031616210938,636.6500244140625,644.6500244140625,634.4500122070312,637.7999877929688,745420
2024-09-03,617.3023681640625,638.2000122070312,648.5,635.25,636.6500244140625,1775357
2024-09-04,628.7643432617188,650.0499877929688,651.5499877929688,634.2000122070312,638.0499877929688,3104663
2024-09-05,623.6862182617188,644.7999877929688,655.0,642.6500244140625,655.0,2131132
2024-09-06,623.2994384765625,644.4000244140625,653.7000122070312,643.3499755859375,644.0,1910995
2024-09-09,640.6615600585938,662.3499755859375,664.9000244140625,644.0499877929688,645.0,6213572
2024-09-10,643.4666748046875,665.25,669.9000244140625,662.3499755859375,669.3499755859375,4126339
2024-09-11,642.1609497070312,663.9000244140625,671.5,662.0,668.0,3134456
2024-09-12,642.9830932617188,664.75,669.5,663.0,663.9500122070312,2222824
2024-09-13,639.2591552734375,660.9000244140625,667.7000122070312,651.25,665.6500244140625,2559794
2024-09-16,639.6943359375,661.3499755859375,667.8499755859375,658.25,660.0,806885
2024-09-17,638.5337524414062,660.1500244140625,672.0,656.4000244140625,661.3499755859375,1793296
2024-09-18,632.971923828125,654.4000244140625,662.2999877929688,650.5499877929688,660.0,1465661
2024-09-19,642.9346923828125,664.7000122070312,666.7999877929688,654.4000244140625,655.0,1768324
2024-09-20,645.6913452148438,667.5499877929688,669.9500122070312,662.0999755859375,668.9500122070312,1798471
2024-09-23,639.4042358398438,661.0499877929688,671.5,656.2999877929688,668.0,1684518
2024-09-24,634.37451171875,655.8499755859375,666.0,652.4000244140625,660.0,1881683
2024-09-25,606.4691162109375,627.0,653.9500122070312,622.1500244140625,651.0,7092888
2024-09-26,605.2601318359375,625.75,628.4000244140625,620.5999755859375,627.0499877929688,2581456
2024-09-27,612.2726440429688,633.0,634.7999877929688,622.0,628.0,4628215
2024-09-30,604.7281494140625,625.2000122070312,635.7999877929688,623.3499755859375,633.0,2475507
2024-10-01,598.7311401367188,619.0,629.75,614.0,626.0,1095384
2024-10-03,561.2015991210938,580.2000122070312,595.7999877929688,571.0,580.3499755859375,18729275
2024-10-04,553.7053833007812,572.4500122070312,585.0,571.0499877929688,584.75,4745480
2024-10-07,550.7552490234375,569.4000244140625,581.1500244140625,562.0,575.0,4723935
2024-10-08,548.7723388671875,567.3499755859375,572.6500244140625,564.7000122070312,571.5,3261216
2024-10-09,546.5476684570312,565.0499877929688,571.9500122070312,563.2000122070312,567.75,3580212
2024-10-10,552.9799194335938,571.7000122070312,576.4000244140625,564.2000122070312,567.0,2379978
2024-10-11,552.15771484375,570.8499755859375,574.9500122070312,569.2000122070312,574.5,1276108
2024-10-14,548.7239379882812,567.2999877929688,575.1500244140625,566.0,570.8499755859375,1902352
2024-10-15,552.3027954101562,571.0,572.9000244140625,567.2999877929688,568.0,1687923
2024-10-16,559.3637084960938,578.2999877929688,579.3499755859375,570.5,572.9000244140625,2647660
2024-10-17,553.8021240234375,572.5499877929688,579.0999755859375,572.0,578.0,1838328
2024-10-18,552.6897583007812,571.4000244140625,572.0999755859375,564.9500122070312,571.5,2159572
2024-10-21,549.5946044921875,568.2000122070312,575.0,566.0999755859375,571.0,1511359
2024-10-22,540.79248046875,559.0999755859375,571.75,556.0,565.5999755859375,1510177
2024-10-23,540.4055786132812,558.7000122070312,562.9000244140625,556.0499877929688,558.0,1233395
2024-10-24,523.2852172851562,541.0,558.0,535.25,555.7999877929688,3076408
2024-10-25,521.060546875,538.7000122070312,545.2999877929688,536.3499755859375,545.2999877929688,1506493
2024-10-28,535.5693359375,553.7000122070312,558.5,537.0999755859375,540.0,1750115
2024-10-29,518.3037719726562,535.8499755859375,554.0,532.8499755859375,553.7000122070312,5088807
2024-10-30,528.7501831054688,546.6500244140625,551.9000244140625,536.0,539.0,5828617
2024-10-31,522.3179931640625,540.0,548.9500122070312,533.0,538.0499877929688,3001455
2024-11-01,524.784423828125,542.5499877929688,545.1500244140625,540.3499755859375,541.7000122070312,159703
2024-11-04,517.4332885742188,534.9500122070312,545.4000244140625,531.6500244140625,545.0499877929688,2308784
2024-11-05,517.3364868164062,534.8499755859375,536.8499755859375,528.7000122070312,535.0499877929688,2117262
2024-11-06,521.9310302734375,539.5999755859375,543.4000244140625,535.3499755859375,536.0,2368331
2024-11-07,516.9979248046875,534.5,544.1500244140625,532.2999877929688,541.3499755859375,1695158
2024-11-08,516.7549438476562,531.5,535.0,528.5999755859375,532.3499755859375,1458407
2024-11-11,508.2477111816406,522.75,531.4000244140625,520.3499755859375,530.0,1589666
2024-11-12,496.3375549316406,510.5,524.1500244140625,509.5,522.7999877929688,4775306
2024-11-13,496.6778564453125,510.8500061035156,514.2000122070312,507.29998779296875,511.3500061035156,2253481
2024-11-14,494.004150390625,508.1000061035156,513.9500122070312,502.6499938964844,510.8500061035156,2083472
2024-11-18,494.3930358886719,508.5,509.6000061035156,499.0,509.1000061035156,3329177
2024-11-19,494.1013488769531,508.20001220703125,514.5,506.1499938964844,511.0,2126926
2024-11-21,491.7193603515625,505.75,509.3999938964844,502.3999938964844,508.5,1771693
2024-11-22,498.7681884765625,513.0,515.0999755859375,504.3999938964844,506.6499938964844,1050913
2024-11-25,507.0323791503906,521.5,528.1500244140625,515.2000122070312,516.3499755859375,4146364
2024-11-26,510.77557373046875,525.3499755859375,529.9000244140625,519.4000244140625,524.0,894410
2024-11-27,512.865966796875,527.5,529.2000122070312,519.4500122070312,519.9500122070312,1722809
2024-11-28,511.4075012207031,526.0,534.3499755859375,524.0,529.8499755859375,1554564
2024-11-29,512.525634765625,527.1500244140625,529.6500244140625,518.25,518.25,2225080
2024-12-02,509.3658142089844,523.9000244140625,528.0,520.7000122070312,522.5,1510906
2024-12-03,508.0532531738281,522.5499877929688,529.0499877929688,521.0,523.9000244140625,3691025
2024-12-04,508.29632568359375,522.7999877929688,527.25,520.0,524.0,2515588
2024-12-05,508.6366271972656,523.1500244140625,527.2999877929688,516.6500244140625,525.0,2760858
2024-12-06,509.2685852050781,523.7999877929688,525.8499755859375,520.25,525.0,1663402
2024-12-09,492.788818359375,506.8500061035156,520.75,503.20001220703125,519.0,6086175
2024-12-10,492.88604736328125,506.95001220703125,511.70001220703125,504.3500061035156,507.95001220703125,3425754
2024-12-11,494.2472229003906,508.3500061035156,511.25,505.1000061035156,507.0,3602452
2024-12-12,492.5943603515625,506.6499938964844,512.0,505.75,510.0,3491848
2024-12-13,498.5737609863281,512.7999877929688,514.2999877929688,499.5,506.6499938964844,2205228
2024-12-16,495.8028259277344,509.95001220703125,516.0,509.04998779296875,514.0499877929688,1041908
2024-12-17,491.3790588378906,505.3999938964844,510.29998779296875,504.1000061035156,509.0,2821249
2024-12-18,491.3790588378906,505.3999938964844,508.95001220703125,502.45001220703125,507.95001220703125,2300294
2024-12-19,489.9692687988281,503.95001220703125,505.3999938964844,499.5,503.0,1583630
2024-12-20,488.6081237792969,502.54998779296875,508.29998779296875,500.0,504.0,3228278
2024-12-23,495.36529541015625,509.5,511.0,500.8999938964844,502.70001220703125,1777848
2024-12-24,495.8028259277344,509.95001220703125,515.9500122070312,507.75,512.0,3207041
2024-12-26,491.573486328125,505.6000061035156,511.5,504.04998779296875,510.45001220703125,2088931
2024-12-27,493.0804748535156,507.1499938964844,509.70001220703125,504.04998779296875,506.5,1299653
2024-12-30,491.23321533203125,505.25,509.79998779296875,503.1000061035156,507.0,4298784
2024-12-31,492.9346618652344,507.0,509.0,502.29998779296875,505.29998779296875,812765
2025-01-01,496.7751159667969,510.95001220703125,512.5,506.5,506.8999938964844,1065540
2025-01-02,499.1084899902344,513.3499755859375,515.5,507.75,510.95001220703125,1720007
2025-01-03,510.33807373046875,524.9000244140625,529.0,514.0499877929688,515.0,3814344
2025-01-06,490.8443298339844,504.8500061035156,522.5,501.1000061035156,522.2999877929688,5026479
2025-01-07,494.73333740234375,508.8500061035156,512.75,503.1000061035156,508.0,2248836
2025-01-08,499.4974060058594,513.75,514.8499755859375,505.29998779296875,509.79998779296875,1666424
2025-01-09,506.692138671875,521.1500244140625,530.9000244140625,511.54998779296875,514.0,4084746
2025-01-10,503.53228759765625,517.9000244140625,522.9500122070312,514.0499877929688,519.0,2316135
2025-01-13,496.58062744140625,510.75,519.5499877929688,509.5,515.9500122070312,2857732
2025-01-14,498.2820739746094,512.5,520.8499755859375,510.1499938964844,512.2000122070312,2539143
2025-01-15,501.1988525390625,515.5,516.4500122070312,510.20001220703125,513.0,1959656
2025-01-16,507.9074401855469,522.4000244140625,523.7000122070312,514.8499755859375,518.0,2718298
2025-01-17,511.4561462402344,526.0499877929688,531.8499755859375,516.0,521.5,2943339
2025-01-20,507.12957763671875,521.5999755859375,529.0,520.9500122070312,528.6500244140625,1536752
2025-01-21,506.7893371582031,521.25,528.9000244140625,519.5,522.0499877929688,2258554
2025-01-22,506.0601501464844,520.5,524.5999755859375,517.7000122070312,521.25,1532395
2025-01-23,510.04638671875,524.5999755859375,526.7000122070312,515.1500244140625,518.0999755859375,698448
2025-01-24,507.1782531738281,521.6500244140625,527.0,518.5999755859375,524.6500244140625,1031251
2025-01-27,509.31719970703125,523.8499755859375,532.9500122070312,517.0999755859375,517.0999755859375,3023866
2025-01-28,510.77557373046875,525.3499755859375,528.2999877929688,522.7000122070312,525.0,2683319
2025-01-29,503.72674560546875,518.0999755859375,527.5,515.5,525.0,2201858
2025-01-30,518.8939819335938,533.7000122070312,540.0,519.0,521.25,3384404
2025-01-31,515.1506958007812,529.8499755859375,542.7999877929688,523.0,538.0,4302619
2025-02-01,524.1441040039062,539.0999755859375,551.7000122070312,522.7000122070312,533.4500122070312,4921220
2025-02-03,519.7203369140625,534.5499877929688,546.4000244140625,530.2999877929688,540.4000244140625,3792769
2025-02-04,526.0399780273438,541.0499877929688,542.75,534.6500244140625,536.5499877929688,3275638
2025-02-05,516.7549438476562,531.5,543.0,530.6500244140625,542.0,2811816
2025-02-06,511.6020202636719,526.2000122070312,536.7000122070312,524.6500244140625,531.5,1225984
2025-02-07,512.4769897460938,527.0999755859375,529.8499755859375,520.1500244140625,529.6500244140625,2097013
2025-02-10,513.4493408203125,528.0999755859375,535.4500122070312,523.6500244140625,527.0999755859375,1678247
2025-02-11,503.3378601074219,517.7000122070312,532.2000122070312,515.7000122070312,529.9000244140625,1177152
2025-02-12,511.1645202636719,525.75,527.3499755859375,515.6500244140625,518.2999877929688,2113562
2025-02-13,505.42816162109375,519.8499755859375,528.7999877929688,517.2999877929688,525.5499877929688,1484585
2025-02-14,505.4768371582031,519.9000244140625,524.8499755859375,517.2999877929688,520.5499877929688,1191521
2025-02-17,506.1087646484375,520.5499877929688,522.2999877929688,514.75,518.0999755859375,974964
2025-02-18,500.85858154296875,515.1500244140625,520.4000244140625,514.0,520.0,1603493
2025-02-19,490.4554138183594,504.45001220703125,515.0,503.70001220703125,515.0,2715980
2025-02-20,496.1917419433594,510.3500061035156,510.95001220703125,500.1499938964844,505.0,2052520
2025-02-21,494.53887939453125,508.6499938964844,511.6000061035156,503.5,510.95001220703125,2057493
2025-02-24,491.6707458496094,505.70001220703125,507.0,502.6000061035156,503.6000061035156,736767
2025-02-25,496.7751159667969,510.95001220703125,512.4000244140625,504.1499938964844,505.1499938964844,1483864
2025-02-27,489.2886657714844,503.25,515.0,501.5,510.1499938964844,1181893
2025-02-28,479.61474609375,493.29998779296875,504.45001220703125,490.8500061035156,500.29998779296875,5530947
2025-03-03,478.10772705078125,491.75,496.54998779296875,485.0,493.0,2166131
2025-03-04,470.2810363769531,483.70001220703125,489.25,480.0,486.0,2477085
2025-03-05,474.17010498046875,487.70001220703125,491.0,482.6000061035156,483.0,1767699
2025-03-06,481.267578125,495.0,497.75,488.70001220703125,489.8999938964844,1219415
2025-03-07,482.04534912109375,495.79998779296875,499.1000061035156,491.79998779296875,495.0,1913893
2025-03-10,479.663330078125,493.3500061035156,501.3999938964844,492.0,495.0,2526521
2025-03-11,483.746826171875,497.54998779296875,500.5,489.54998779296875,490.0,1830398
2025-03-12,486.08026123046875,499.95001220703125,500.8999938964844,491.75,496.20001220703125,1450825
2025-03-13,487.0525207519531,500.95001220703125,504.0,498.8999938964844,500.5,1288721
2025-03-17,481.0245056152344,494.75,502.5,490.1000061035156,498.3999938964844,1646821
2025-03-18,481.0245056152344,494.75,494.75,494.75,494.75,0
2025-03-19,481.705078125,495.45001220703125,502.25,492.8500061035156,501.6000061035156,2652053
2025-03-20,485.1566162109375,499.0,499.75,493.0,497.0,3651974
2025-03-21,492.7402038574219,506.79998779296875,507.8999938964844,497.8999938964844,500.0,2013377
2025-03-24,493.129150390625,507.20001220703125,509.04998779296875,502.20001220703125,507.45001220703125,2299229
2025-03-25,495.1222229003906,509.25,512.0,505.04998779296875,507.20001220703125,2782397
2025-03-26,494.73333740234375,508.8500061035156,510.95001220703125,505.04998779296875,509.0,2517374
2025-03-27,498.622314453125,512.8499755859375,514.9500122070312,503.8500061035156,507.6000061035156,1649107
2025-03-28,492.44854736328125,506.5,519.4500122070312,503.79998779296875,513.0,1759182
2025-04-01,483.6982116699219,497.5,512.5499877929688,496.54998779296875,505.8500061035156,1974802
2025-04-02,481.99676513671875,495.75,497.6000061035156,484.45001220703125,496.1499938964844,2835760
2025-04-03,452.4887390136719,465.3999938964844,483.75,458.20001220703125,473.95001220703125,12356973
2025-04-04,448.94000244140625,461.75,467.25,458.5,466.8999938964844,3850303
2025-04-07,438.8771057128906,451.3999938964844,454.1499938964844,433.29998779296875,435.0,4571485
2025-04-08,446.2662658691406,459.0,464.04998779296875,453.0,454.8999938964844,1640063
2025-04-09,452.3428955078125,465.25,468.45001220703125,458.04998779296875,459.79998779296875,2429984
2025-04-11,448.5024719238281,461.29998779296875,465.20001220703125,455.8999938964844,463.0,2170343
2025-04-15,460.6070861816406,473.75,474.45001220703125,462.6000061035156,467.6499938964844,2374405
2025-04-16,467.9962463378906,481.3500061035156,481.70001220703125,473.79998779296875,474.79998779296875,1382224
2025-04-17,466.00311279296875,479.29998779296875,480.54998779296875,476.20001220703125,480.45001220703125,844403
2025-04-21,462.35711669921875,475.54998779296875,481.8500061035156,474.79998779296875,481.29998779296875,2586539
2025-04-22,470.9616394042969,484.3999938964844,485.75,475.5,476.0,1525955
2025-04-23,472.7117004394531,486.20001220703125,487.3500061035156,482.04998779296875,486.0,1107728
2025-04-24,478.0591125488281,491.70001220703125,494.5,484.45001220703125,486.20001220703125,3251494
2025-04-25,471.1560974121094,484.6000061035156,493.04998779296875,480.0,489.0,1369564
2025-04-28,468.82269287109375,482.20001220703125,487.8500061035156,480.20001220703125,483.0,1312796
2025-04-29,470.2324523925781,483.6499938964844,486.95001220703125,481.29998779296875,482.25,1470658
2025-04-30,474.2187194824219,487.75,490.45001220703125,482.3500061035156,483.6000061035156,2195362
2025-05-02,466.1003723144531,479.3999938964844,487.75,476.6000061035156,485.29998779296875,1697677
2025-05-05,468.48236083984375,481.8500061035156,485.3999938964844,479.25,481.0,3248925
2025-05-06,467.2670593261719,480.6000061035156,486.25,479.3999938964844,482.0,702529
2025-05-07,468.7254638671875,482.1000061035156,485.75,473.29998779296875,473.29998779296875,1520898
2025-05-08,455.6971740722656,468.70001220703125,478.6000061035156,461.1000061035156,469.95001220703125,7843512
2025-05-09,449.9122314453125,462.75,467.29998779296875,458.6000061035156,466.3500061035156,2037837
2025-05-12,461.87103271484375,475.04998779296875,476.54998779296875,467.0,468.04998779296875,2902701
2025-05-13,460.6070861816406,473.75,479.20001220703125,471.70001220703125,474.95001220703125,2449180
2025-05-14,455.9402770996094,468.95001220703125,474.54998779296875,467.0,473.75,3541267
2025-05-15,455.9888610839844,469.0,472.5,467.1000061035156,469.3999938964844,2739793
2025-05-16,463.4266052246094,476.6499938964844,477.3999938964844,467.29998779296875,471.20001220703125,2431240
2025-05-19,470.03802490234375,483.45001220703125,484.5,475.1000061035156,477.6000061035156,1640651
2025-05-20,462.4543762207031,475.6499938964844,486.3999938964844,475.0,484.8500061035156,1843098
2025-05-21,468.3851318359375,481.75,484.8999938964844,477.29998779296875,477.79998779296875,1927887
2025-05-22,463.8155212402344,477.04998779296875,483.1000061035156,475.0,482.0,1958254
2025-05-23,468.5796203613281,481.95001220703125,484.45001220703125,477.95001220703125,477.95001220703125,1495455
2025-05-26,466.9753723144531,480.29998779296875,485.54998779296875,479.75,482.0,2584471
2025-05-27,470.6699523925781,484.1000061035156,485.6000061035156,480.3999938964844,481.29998779296875,1713846
2025-05-28,471.2533264160156,484.70001220703125,486.79998779296875,482.54998779296875,484.0,1568432
2025-05-29,468.7254638671875,482.1000061035156,484.8500061035156,479.95001220703125,484.70001220703125,1599536
2025-05-30,469.5518493652344,482.95001220703125,486.1499938964844,478.70001220703125,482.0,6304976
2025-06-02,471.0102233886719,484.45001220703125,490.20001220703125,481.54998779296875,484.45001220703125,1851827
2025-06-03,472.1769714355469,485.6499938964844,486.79998779296875,482.54998779296875,484.45001220703125,1460542
2025-06-04,478.2049865722656,491.8500061035156,493.3999938964844,484.3999938964844,487.0,2318406
2025-06-05,475.1423645019531,488.70001220703125,494.3500061035156,487.0,494.29998779296875,1792668
2025-06-06,467.8990173339844,481.25,487.6499938964844,480.54998779296875,487.3999938964844,3468649
2025-06-09,472.1283264160156,485.6000061035156,486.0,481.3500061035156,483.6499938964844,1389266
2025-06-10,475.96875,489.54998779296875,491.3999938964844,484.5,486.1499938964844,1496169
2025-06-11,473.00335693359375,486.5,493.70001220703125,485.3500061035156,490.0,2168242
2025-06-12,459.82928466796875,472.95001220703125,487.79998779296875,471.45001220703125,487.1000061035156,3727720
2025-06-13,453.5581970214844,466.5,470.04998779296875,464.25,468.0,3850751
2025-06-16,458.61395263671875,471.70001220703125,473.95001220703125,465.29998779296875,467.6000061035156,1942798
2025-06-17,458.9542541503906,472.04998779296875,474.3500061035156,469.1499938964844,471.70001220703125,1521179
2025-06-18,457.15557861328125,470.20001220703125,474.1499938964844,468.04998779296875,472.0,2812394
2025-06-19,452.19708251953125,465.1000061035156,470.70001220703125,464.0,469.0,1349010
2025-06-20,453.9471130371094,466.8999938964844,468.6000061035156,463.8999938964844,465.1000061035156,2804520
2025-06-23,454.5304870605469,467.5,468.3500061035156,463.1000061035156,465.6499938964844,1567027
2025-06-24,461.9196472167969,475.1000061035156,475.5,468.0,468.0,2587207
2025-06-25,466.9267578125,480.25,481.5,475.3500061035156,476.0,2954897
2025-06-26,468.190673828125,481.54998779296875,483.29998779296875,478.79998779296875,482.0,1414934
2025-06-27,472.8575439453125,486.3500061035156,488.29998779296875,481.6000061035156,482.70001220703125,2780971
2025-06-30,471.7880554199219,485.25,487.75,479.3999938964844,487.3999938964844,3254231
2025-07-01,469.01708984375,482.3999938964844,489.20001220703125,480.70001220703125,487.0,1617894
2025-07-02,474.02423095703125,487.54998779296875,488.3999938964844,479.3999938964844,484.79998779296875,2358163
2025-07-03,477.9618835449219,491.6000061035156,492.95001220703125,487.5,489.5,2976302
2025-07-04,481.36480712890625,495.1000061035156,497.3999938964844,491.6000061035156,493.0,2857925
2025-07-07,498.525146484375,512.75,517.7000122070312,496.04998779296875,501.8999938964844,10017201
2025-07-08,498.8653869628906,513.0999755859375,514.4000244140625,510.5,512.5,1995221
2025-07-09,507.6643981933594,522.1500244140625,523.4500122070312,511.0,511.0,3433335
2025-07-10,507.9074401855469,522.4000244140625,524.4000244140625,517.8499755859375,523.7000122070312,2272923
2025-07-11,516.1229248046875,530.8499755859375,535.9000244140625,518.5999755859375,521.5,4512466
2025-07-14,511.6020202636719,526.2000122070312,536.5,524.5499877929688,533.5,1428794
2025-07-15,512.3798217773438,527.0,528.9000244140625,523.1500244140625,526.5,1243559
2025-07-16,513.303466796875,527.9500122070312,530.3499755859375,525.0999755859375,527.0,2301562
2025-07-17,514.0326538085938,528.7000122070312,531.7000122070312,526.5499877929688,530.0,1537940
2025-07-18,513.1979370117188,522.5999755859375,523.4000244140625,518.3499755859375,522.4500122070312,1616139
2025-07-21,505.2927551269531,514.5499877929688,522.1500244140625,513.4000244140625,520.0999755859375,1172175
2025-07-22,505.78375244140625,515.0499877929688,516.5,511.0,515.4500122070312,1471884
2025-07-23,504.6053466796875,513.8499755859375,518.5,510.8500061035156,517.75,1898497
2025-07-24,503.3287353515625,512.5499877929688,516.9000244140625,511.0,516.9000244140625,3715595
2025-07-25,502.1503601074219,511.3500061035156,514.0,508.3500061035156,512.0,2132786
2025-07-28,512.6087036132812,522.0,523.9500122070312,507.0,507.0,2759206
2025-07-29,508.9752502441406,518.2999877929688,525.5999755859375,514.6500244140625,524.6500244140625,2646055
2025-07-30,512.6087036132812,522.0,523.25,517.5999755859375,519.0499877929688,1616247
2025-07-31,519.4827880859375,529.0,531.75,517.1500244140625,518.2999877929688,3024718
2025-08-01,524.736572265625,534.3499755859375,547.7000122070312,531.9000244140625,533.0,8042006
2025-08-04,520.1211547851562,529.6500244140625,538.8499755859375,528.2000122070312,534.3499755859375,2602888
2025-08-05,515.2601928710938,524.7000122070312,529.6500244140625,521.0,529.6500244140625,2027038
2025-08-06,504.7526550292969,514.0,524.1500244140625,512.0,524.1500244140625,931299
2025-08-07,507.8951110839844,517.2000122070312,519.7000122070312,512.0999755859375,513.75,957305
2025-08-08,498.12408447265625,507.25,519.7999877929688,506.0,518.0,510393
2025-08-11,500.87371826171875,510.04998779296875,511.54998779296875,499.29998779296875,507.70001220703125,1123741
2025-08-12,493.85235595703125,502.8999938964844,510.95001220703125,501.25,510.0,839972
2025-08-13,494.44158935546875,503.5,504.95001220703125,498.6499938964844,503.3999938964844,864573
2025-08-14,491.8883361816406,500.8999938964844,505.5,499.3999938964844,504.0,1202134
2025-08-18,509.7608947753906,519.0999755859375,529.7999877929688,512.0,513.9000244140625,4810046
2025-08-19,512.6578369140625,522.0499877929688,522.75,514.0,519.8499755859375,645927
2025-08-20,525.3748779296875,535.0,536.4000244140625,521.0999755859375,522.0,12345218
2025-08-21,506.4220886230469,515.7000122070312,536.4500122070312,514.75,535.9500122070312,6041694
2025-08-22,506.6676025390625,515.9500122070312,519.8499755859375,514.5499877929688,516.0,1596318
2025-08-25,509.2698974609375,518.5999755859375,520.4500122070312,513.4500122070312,515.9000244140625,1204983
2025-08-26,513.0015869140625,522.4000244140625,526.7999877929688,517.0999755859375,518.5999755859375,3045617
2025-08-28,504.6053466796875,513.8499755859375,526.5499877929688,512.25,526.5499877929688,2068611
2025-08-29,511.72491455078125,521.0999755859375,528.5499877929688,509.70001220703125,515.4500122070312,3745766
2025-09-01,514.2290649414062,523.6500244140625,524.5499877929688,520.0499877929688,521.5499877929688,4327053
2025-09-02,534.8021240234375,544.5999755859375,547.75,523.6500244140625,525.0,8973936
2025-09-03,533.721923828125,543.5,549.25,541.25,545.9000244140625,2220814
2025-09-04,542.7564086914062,552.7000122070312,577.0,551.3499755859375,565.0,8712233
2025-09-05,536.8643798828125,546.7000122070312,555.8499755859375,542.3499755859375,553.7999877929688,1489345
2025-09-08,536.3733520507812,546.2000122070312,551.6500244140625,542.7000122070312,547.9500122070312,782235
2025-09-09,534.4584350585938,544.25,547.4000244140625,539.25,546.25,1937685
2025-09-10,537.6499633789062,547.5,548.9500122070312,543.7000122070312,546.9000244140625,874891
2025-09-11,534.3110961914062,544.0999755859375,548.4000244140625,543.0,547.25,891836
2025-09-12,529.155517578125,538.8499755859375,544.0999755859375,533.7000122070312,544.0999755859375,2746427
2025-09-15,531.168701171875,540.9000244140625,542.5999755859375,536.5,536.5,837561
2025-09-16,526.062255859375,535.7000122070312,542.2999877929688,534.5,540.5999755859375,1405923
2025-09-17,525.522216796875,535.1500244140625,539.5,532.2000122070312,537.5499877929688,822210
2025-09-18,526.6514892578125,536.2999877929688,539.0,532.4000244140625,536.0,2012300
2025-09-19,525.8167724609375,535.4500122070312,542.7999877929688,532.7000122070312,536.9500122070312,2411369
2025-09-22,512.6578369140625,522.0499877929688,536.75,518.0,536.0,2892697
2025-09-23,505.7346496582031,515.0,522.0,512.6500244140625,522.0,3466804
2025-09-24,508.48431396484375,517.7999877929688,520.9500122070312,511.3999938964844,515.0,1781081
2025-09-25,497.1911926269531,506.29998779296875,521.8499755859375,505.1499938964844,517.7999877929688,2356326
2025-09-26,490.759033203125,499.75,508.0,493.0,508.0,3168298
2025-09-29,483.9831848144531,492.8500061035156,501.70001220703125,490.54998779296875,497.75,17685374
2025-09-30,482.4610595703125,491.29998779296875,500.1499938964844,489.5,495.0,2645097
2025-10-01,486.1435852050781,495.04998779296875,496.0,483.6499938964844,491.29998779296875,2443402
2025-10-03,487.2237854003906,496.1499938964844,497.79998779296875,490.75,495.04998779296875,3035129
2025-10-06,484.47418212890625,493.3500061035156,497.75,491.79998779296875,495.5,2681852
2025-10-07,483.3939514160156,492.25,502.79998779296875,489.8999938964844,493.3500061035156,4534081
2025-10-08,471.5116271972656,480.1499938964844,493.20001220703125,479.1499938964844,485.0,3627391
2025-10-09,476.6672058105469,485.3999938964844,486.5,479.1499938964844,480.45001220703125,3052079
2025-10-10,480.8898620605469,489.70001220703125,490.8500061035156,485.3999938964844,485.3999938964844,1613675
2025-10-13,478.9749450683594,487.75,489.6000061035156,482.54998779296875,488.6000061035156,1990140
2025-10-14,478.5821228027344,487.3500061035156,489.75,484.54998779296875,487.75,1611549
2025-10-15,484.2777404785156,493.1499938964844,494.3999938964844,486.04998779296875,486.04998779296875,2084672
2025-10-16,491.7410583496094,500.75,502.0,493.8999938964844,493.8999938964844,1236003
2025-10-17,499.2043151855469,508.3500061035156,511.6499938964844,499.6000061035156,500.6000061035156,3436032
2025-10-20,495.47265625,504.54998779296875,511.1000061035156,503.5,511.1000061035156,824259
2025-10-21,497.2893981933594,506.3999938964844,507.8500061035156,503.45001220703125,506.1499938964844,128942
2025-10-23,502.1994323730469,511.3999938964844,515.0,505.29998779296875,507.0,3693389
2025-10-24,499.3025207519531,508.45001220703125,512.4000244140625,498.3999938964844,512.4000244140625,3786598
2025-10-27,497.9277038574219,507.04998779296875,510.20001220703125,504.70001220703125,508.5,3258720
2025-10-28,494.3433532714844,503.3999938964844,508.20001220703125,501.0,508.1000061035156,2826407
2025-10-29,498.9096984863281,508.04998779296875,508.8999938964844,501.79998779296875,503.3999938964844,1880484
2025-10-30,492.5266418457031,501.54998779296875,511.5,499.6000061035156,511.5,1744704
2025-10-31,478.77850341796875,487.54998779296875,502.95001220703125,486.70001220703125,502.8999938964844,4980727
2025-11-03,494.2451477050781,503.29998779296875,504.45001220703125,485.6000061035156,488.1000061035156,4523334
2025-11-04,507.7477722167969,517.0499877929688,519.9500122070312,501.95001220703125,502.29998779296875,5322219
2025-11-06,514.2781982421875,523.7000122070312,524.5,511.04998779296875,517.0499877929688,3911239
2025-11-07,512.0076293945312,518.6500244140625,522.0,512.5,522.0,1754801
2025-11-10,508.8486022949219,515.4500122070312,521.0,512.7999877929688,520.0,1005698
2025-11-11,513.2909545898438,519.9500122070312,521.6500244140625,512.6500244140625,515.7000122070312,1478112
2025-11-12,515.61083984375,522.2999877929688,524.9000244140625,516.0499877929688,519.9500122070312,2517903
2025-11-13,515.5121459960938,522.2000122070312,528.5999755859375,517.0,522.0,1859578
2025-11-14,518.2763061523438,525.0,527.0,517.5499877929688,522.0,1789377
2025-11-17,517.535888671875,524.25,529.9000244140625,523.3499755859375,529.0,1856462
2025-11-18,514.179443359375,520.8499755859375,524.25,512.5,524.2000122070312,1958068
2025-11-19,510.92169189453125,517.5499877929688,523.5499877929688,516.5999755859375,520.8499755859375,2419687
2025-11-20,518.3256225585938,525.0499877929688,527.0,516.7000122070312,519.0499877929688,2956054
2025-11-21,509.0460510253906,515.6500244140625,525.0499877929688,514.2999877929688,525.0499877929688,2659623
2025-11-24,505.8376770019531,512.4000244140625,517.8499755859375,511.3999938964844,516.9500122070312,5926288
2025-11-25,507.81207275390625,514.4000244140625,515.4500122070312,509.0,511.3999938964844,2050235
2025-11-26,510.5762023925781,517.2000122070312,520.0499877929688,513.8499755859375,514.1500244140625,914828
2025-11-27,512.501220703125,519.1500244140625,520.5,514.75,517.25,1262843
2025-11-28,510.7736511230469,517.4000244140625,520.4500122070312,513.4500122070312,520.4500122070312,999605
2025-12-01,508.6511535644531,515.25,519.3499755859375,514.1500244140625,517.4500122070312,1619957
2025-12-02,501.4446716308594,507.95001220703125,517.8499755859375,507.0,513.0999755859375,2434279
2025-12-03,499.5196228027344,506.0,509.04998779296875,500.79998779296875,505.1499938964844,1388012
2025-12-04,501.5927429199219,508.1000061035156,510.25,502.54998779296875,505.1499938964844,1371715
2025-12-05,503.5671081542969,510.1000061035156,510.79998779296875,502.3500061035156,503.25,1205977
2025-12-08,497.9894714355469,504.45001220703125,510.8999938964844,500.75,508.1000061035156,1140189
2025-12-09,497.1503601074219,503.6000061035156,505.95001220703125,498.0,500.3500061035156,1423785
2025-12-10,496.1138000488281,502.54998779296875,505.95001220703125,498.1000061035156,505.0,1311806
2025-12-11,495.3240661621094,501.75,503.3500061035156,496.6499938964844,500.1000061035156,1116224
2025-12-12,488.6604919433594,495.0,503.70001220703125,494.0,502.5,1506050
2025-12-15,490.83233642578125,497.20001220703125,499.8999938964844,493.1000061035156,493.5,993514
2025-12-16,490.83233642578125,497.20001220703125,504.5,494.6000061035156,497.0,1484940
2025-12-17,487.8213806152344,494.1499938964844,498.6000061035156,492.29998779296875,497.0,551891
2025-12-18,486.2418518066406,492.54998779296875,494.04998779296875,489.54998779296875,494.04998779296875,683973
2025-12-19,487.62396240234375,493.95001220703125,495.0,491.3999938964844,493.0,1241449
2025-12-22,487.3771667480469,493.70001220703125,497.5,493.04998779296875,495.3999938964844,998215
2025-12-23,486.8341979980469,493.1499938964844,495.5,491.45001220703125,494.1499938964844,993407
2025-12-24,484.2674865722656,490.54998779296875,495.04998779296875,489.04998779296875,493.1499938964844,850597
2025-12-26,481.9476013183594,488.20001220703125,492.95001220703125,487.79998779296875,490.70001220703125,518698
2025-12-29,483.0334777832031,489.29998779296875,491.25,485.95001220703125,488.3500061035156,982019
2025-12-30,489.3021545410156,495.6499938964844,497.3500061035156,487.0,489.3999938964844,2216264
2025-12-31,497.1503601074219,503.6000061035156,509.8999938964844,494.8999938964844,495.0,2391679
2026-01-01,493.547119140625,499.95001220703125,505.8999938964844,497.8500061035156,505.0,698247
2026-01-02,515.906982421875,522.5999755859375,526.3499755859375,499.0,501.45001220703125,5340608
2026-01-05,514.5249633789062,521.2000122070312,534.0,519.9000244140625,524.0,3290459
2026-01-06,513.685791015625,520.3499755859375,522.6500244140625,501.25,517.4000244140625,2899294
2026-01-07,514.2288208007812,520.9000244140625,527.0,518.75,523.7999877929688,2870097
2026-01-08,512.79736328125,519.4500122070312,526.5999755859375,515.0,520.0,3203359
2026-01-09,515.7095947265625,522.4000244140625,525.5499877929688,516.0999755859375,518.7000122070312,1522552
2026-01-12,517.2891235351562,524.0,525.9500122070312,519.5,522.2999877929688,1894623
2026-01-13,515.3640747070312,522.0499877929688,529.1500244140625,516.75,525.0,1288670
2026-01-14,507.1703796386719,513.75,523.7000122070312,511.1000061035156,518.0999755859375,798936
2026-01-15,507.1703796386719,513.75,513.75,513.75,513.75,0
2026-01-16,507.9601135253906,514.5499877929688,520.2999877929688,512.0,513.75,660633
2026-01-19,506.18316650390625,512.75,517.7999877929688,510.20001220703125,510.79998779296875,581267
2026-01-20,498.63116455078125,505.1000061035156,516.5,503.8500061035156,512.75,807821
2026-01-21,509.5889892578125,516.2000122070312,518.4000244140625,501.1000061035156,501.1000061035156,4341920
2026-01-22,518.6217651367188,525.3499755859375,529.5499877929688,519.1500244140625,521.0,4249013
2026-01-23,512.3531494140625,519.0,533.0,517.9000244140625,525.3499755859375,2352107
2026-01-27,506.8248596191406,513.4000244140625,521.0,512.0999755859375,520.5,1475952
2026-01-28,509.1447448730469,515.75,518.0,502.20001220703125,513.9500122070312,2775407
2026-01-29,503.9126281738281,510.45001220703125,517.2000122070312,499.3500061035156,515.7999877929688,1887628
2026-01-30,500.1119384765625,506.6000061035156,519.9000244140625,501.3500061035156,512.1500244140625,2737132
2026-02-02,492.6092834472656,499.0,503.0,493.8500061035156,501.0,2469560
2026-02-03,494.0900573730469,500.5,510.0,495.6000061035156,509.0,1860653
2026-02-04,494.7810974121094,501.20001220703125,506.20001220703125,496.79998779296875,500.0,1059709
2026-02-05,497.84136962890625,504.29998779296875,507.8999938964844,499.3500061035156,501.54998779296875,1537272
2026-02-06,501.7901611328125,508.29998779296875,509.0,498.54998779296875,502.0,950728
2026-02-09,507.81207275390625,514.4000244140625,516.0,507.54998779296875,510.5,1265939
2026-02-10,513.044189453125,519.7000122070312,520.6500244140625,510.0,516.0,1143420
2026-02-11,515.6602172851562,522.3499755859375,523.0,517.0,519.7000122070312,1282937
2026-02-12,512.8960571289062,519.5499877929688,522.8499755859375,516.0999755859375,520.6500244140625,911264
2026-02-13,505.88702392578125,512.4500122070312,518.9500122070312,510.1000061035156,517.25,1746636
2026-02-16,507.6639709472656,514.25,515.9500122070312,508.04998779296875,512.9000244140625,667469
2026-02-17,510.1813049316406,516.7999877929688,519.0499877929688,511.1000061035156,511.1000061035156,963143
2026-02-18,504.06072998046875,510.6000061035156,525.2999877929688,503.5,525.0,4359136
2026-02-19,495.225341796875,501.6499938964844,514.2999877929688,500.04998779296875,510.6000061035156,923005
2026-02-20,503.1722412109375,509.70001220703125,511.1499938964844,500.3999938964844,501.1499938964844,1277646
2026-02-23,507.7626647949219,514.3499755859375,515.9500122070312,507.29998779296875,509.0,1044529
2026-02-24,511.415283203125,518.0499877929688,519.75,512.75,514.4500122070312,1517098
2026-02-25,512.0076293945312,518.6500244140625,523.75,516.5,521.25,3015805
2026-02-26,517.7333374023438,524.4500122070312,525.0,517.4000244140625,518.6500244140625,714000
2026-02-27,511.8595275878906,518.5,525.5,512.0,523.0499877929688,2414657
2026-03-02,501.0991516113281,507.6000061035156,513.75,500.79998779296875,500.79998779296875,2107282
2026-03-04,481.1578369140625,487.3999938964844,504.95001220703125,486.0,499.0,1732747
2026-03-05,481.65142822265625,487.8999938964844,494.0,482.0,494.0,972511
2026-03-06,472.4705505371094,478.6000061035156,486.1499938964844,477.5,486.0,1190560
2026-03-09,460.72296142578125,466.70001220703125,473.04998779296875,464.20001220703125,472.54998779296875,858312
2026-03-10,474.7410583496094,480.8999938964844,483.45001220703125,471.20001220703125,472.54998779296875,1029742
2026-03-11,465.8069763183594,471.8500061035156,485.0,470.0,485.0,861166
2026-03-12,453.4670715332031,459.3500061035156,471.29998779296875,456.5,471.29998779296875,1756738
2026-03-13,447.6919860839844,453.5,462.45001220703125,452.04998779296875,454.79998779296875,1711951
2026-03-16,452.9734802246094,458.8500061035156,461.45001220703125,449.20001220703125,455.0,2534686
2026-03-17,446.80352783203125,452.6000061035156,460.70001220703125,451.8999938964844,460.29998779296875,1315801
2026-03-18,446.0631408691406,451.8500061035156,455.79998779296875,450.0,452.20001220703125,2602680
2026-03-19,424.6903991699219,430.20001220703125,448.70001220703125,428.79998779296875,448.70001220703125,3248941
2026-03-20,425.18402099609375,430.70001220703125,434.79998779296875,429.0,433.70001220703125,1933160
2026-03-23,412.0049743652344,417.3500061035156,428.95001220703125,416.04998779296875,428.95001220703125,3382496
2026-03-24,416.0030822753906,421.3999938964844,426.20001220703125,417.0,422.1000061035156,2473037
2026-03-25,425.48016357421875,431.0,439.1499938964844,421.1000061035156,425.0,2329148
2026-03-27,414.2261657714844,419.6000061035156,430.0,418.5,430.0,1692776
2026-03-30,405.193359375,410.45001220703125,417.5,408.0,417.5,2504445
2026-04-01,409.6357116699219,414.95001220703125,420.95001220703125,412.20001220703125,420.0,979365
2026-04-02,411.90625,417.25,420.0,403.3500061035156,412.45001220703125,1150474
2026-04-06,408.4017333984375,413.70001220703125,423.8500061035156,408.3500061035156,423.5,2859076
2026-04-07,408.9446716308594,414.25,416.20001220703125,408.5,413.5,2064376
2026-04-08,421.7781677246094,427.25,430.6499938964844,422.8999938964844,425.0,1650777
2026-04-09,423.900634765625,429.3999938964844,433.3999938964844,422.95001220703125,427.1000061035156,1797506
2026-04-10,430.1199645996094,435.70001220703125,437.79998779296875,424.75,425.0,2166631
2026-04-13,419.3102111816406,424.75,432.3999938964844,422.6499938964844,430.04998779296875,1187970
2026-04-15,427.7013244628906,433.25,437.3999938964844,428.25,430.20001220703125,4079260
2026-04-16,422.0743103027344,427.54998779296875,441.3999938964844,426.3999938964844,435.5,3639152
2026-04-17,437.17840576171875,442.8500061035156,444.1000061035156,424.20001220703125,427.0,4983325
2026-04-20,436.0431213378906,441.70001220703125,447.29998779296875,436.54998779296875,443.95001220703125,1662485
2026-04-21,446.2112121582031,452.0,455.45001220703125,439.04998779296875,441.6499938964844,3053842
2026-04-22,454.1087341308594,460.0,465.0,450.75,452.0,2380888
2026-04-23,454.1087341308594,460.0,461.29998779296875,452.70001220703125,458.8999938964844,1370343
2026-04-24,445.3227233886719,451.1000061035156,462.5,448.1000061035156,460.0,1509926
2026-04-27,446.2112121582031,452.0,457.3999938964844,451.0,452.45001220703125,677273
2026-04-28,444.3848876953125,450.1499938964844,453.1000061035156,449.0,452.1499938964844,533943
2026-04-29,450.15997314453125,456.0,458.25,449.04998779296875,449.04998779296875,1078626
2026-04-30,435.8456726074219,441.5,456.0,440.3500061035156,456.0,1448773
2026-05-01,435.8456726074219,441.5,441.5,441.5,441.5,0
2026-05-04,439.9425354003906,445.6499938964844,450.8999938964844,443.0,445.0,1046716
2026-05-05,454.6517028808594,460.54998779296875,462.20001220703125,445.8500061035156,446.79998779296875,2742900
2026-05-06,460.2787170410156,466.25,468.0,458.6000061035156,465.0,2906897
2026-05-07,463.9806823730469,470.0,474.5,461.1000061035156,469.3500061035156,2831472
2026-05-08,481.4540100097656,487.70001220703125,490.5,469.1000061035156,485.0,11860370
2026-05-11,467.3865051269531,473.45001220703125,485.0,471.20001220703125,485.0,2033029
2026-05-12,467.1890563964844,473.25,476.25,469.54998779296875,472.75,2195129
2026-05-13,457.1690368652344,463.1000061035156,480.79998779296875,461.6000061035156,480.79998779296875,2495630
2026-05-14,458.79791259765625,464.75,469.8999938964844,457.8500061035156,467.0,1901251
2026-05-15,461.71014404296875,467.70001220703125,471.5,460.5,465.29998779296875,932763
2026-05-18,450.5054931640625,456.3500061035156,466.79998779296875,453.8999938964844,466.79998779296875,1177536
2026-05-19,447.0009460449219,452.79998779296875,462.25,451.5,456.3500061035156,1222771
2026-05-20,445.1252746582031,450.8999938964844,453.0,445.54998779296875,449.79998779296875,854233
2026-05-21,441.1271667480469,446.8500061035156,454.1000061035156,443.6000061035156,453.0,2589322
2026-05-22,445.2733459472656,451.04998779296875,454.6499938964844,445.70001220703125,448.0,970954
2026-05-25,441.4726867675781,447.20001220703125,455.75,446.25,453.3999938964844,879387
2026-05-26,441.8675537109375,447.6000061035156,449.1000061035156,445.20001220703125,447.20001220703125,1154362
2026-05-27,439.7451171875,445.45001220703125,447.0,440.29998779296875,440.75,1295057
2026-05-28,439.7451171875,445.45001220703125,445.45001220703125,445.45001220703125,445.45001220703125,0
2026-05-29,437.7213439941406,443.3999938964844,455.0,440.1000061035156,445.45001220703125,13072946
2026-06-01,419.162109375,424.6000061035156,442.0,423.5,441.0,3233902
2026-06-02,420.05059814453125,425.5,426.8500061035156,419.70001220703125,421.54998779296875,2753289
2026-06-03,412.4985656738281,417.8500061035156,424.79998779296875,416.0,424.79998779296875,3353591
2026-06-04,419.2114562988281,424.6499938964844,428.95001220703125,414.6000061035156,417.5,2919945
2026-06-05,418.7178649902344,424.1499938964844,426.95001220703125,420.6000061035156,425.20001220703125,1864100
2026-06-08,414.3742370605469,419.75,424.1499938964844,418.1499938964844,421.0,647231
2026-06-09,420.6922607421875,426.1499938964844,427.0,420.3500061035156,422.0,915087
2026-06-10,422.41986083984375,427.8999938964844,438.75,426.70001220703125,427.0,2288936
2026-06-11,416.29925537109375,421.70001220703125,430.3999938964844,420.0,427.75,1689034
2026-06-12,420.9390563964844,426.3999938964844,429.04998779296875,420.54998779296875,421.0,2569834
2026-06-15,423.6538391113281,429.1499938964844,437.5,428.0,432.5,684074
2026-06-16,429.8731689453125,435.45001220703125,437.45001220703125,429.6499938964844,430.0,1685284
2026-06-17,423.5057678222656,429.0,435.8999938964844,427.75,435.0,1137052
2026-06-18,423.2096252441406,428.70001220703125,431.8500061035156,426.70001220703125,429.5,1585207
2026-06-19,418.0762023925781,423.5,427.70001220703125,421.3999938964844,427.70001220703125,1915071
2026-06-22,416.84222412109375,422.25,426.20001220703125,421.5,425.5,1244814
2026-06-23,414.423583984375,419.79998779296875,425.29998779296875,419.25,422.25,1553970
2026-06-24,418.66851806640625,424.1000061035156,425.04998779296875,417.45001220703125,420.70001220703125,2440919
2026-06-25,418.4710693359375,423.8999938964844,431.45001220703125,422.79998779296875,425.5,1810833
2026-06-26,418.4710693359375,423.8999938964844,423.8999938964844,423.8999938964844,423.8999938964844,0
2026-06-29,420.84033203125,426.29998779296875,430.79998779296875,424.25,425.3500061035156,1842565
2026-06-30,416.7928771972656,422.20001220703125,426.8500061035156,421.6000061035156,426.79998779296875,1799370
2026-07-01,439.0540466308594,444.75,447.0,422.6499938964844,422.8999938964844,8597999
2026-07-02,441.2752380371094,447.0,451.0,442.6000061035156,444.75,3035247
2026-07-03,438.6591796875,444.3500061035156,450.1000061035156,442.1499938964844,448.8999938964844,2061060
2026-07-06,443.9900207519531,449.75,450.70001220703125,438.29998779296875,447.79998779296875,3812533
2026-07-07,447.6919860839844,453.5,456.0,446.75,451.8999938964844,1548269
2026-07-08,430.9590759277344,436.54998779296875,452.79998779296875,435.1499938964844,452.0,1952606
2026-07-09,437.47454833984375,443.1499938964844,449.45001220703125,437.0,437.5,1477623
2026-07-10,437.820068359375,443.5,447.0,441.04998779296875,444.54998779296875,1705250
2026-07-13,433.2789611816406,438.8999938964844,442.75,438.3999938964844,442.0,774683
2026-07-14,428.885986328125,434.45001220703125,440.45001220703125,432.1000061035156,437.8999938964844,1427118
2026-07-15,425.77630615234375,431.29998779296875,437.6000061035156,430.04998779296875,434.0,1001738
2026-07-16,423.95001220703125,429.45001220703125,433.79998779296875,428.75,433.6000061035156,1622560
2026-07-17,427.20001220703125,427.20001220703125,428.6499938964844,422.3500061035156,426.5,2117096
2026-07-20,426.5,426.5,430.95001220703125,424.1000061035156,427.20001220703125,1048161
2026-07-21,426.1000061035156,426.1000061035156,427.8999938964844,422.3999938964844,426.5,1008135
2026-07-22,426.5,426.5,427.6000061035156,421.54998779296875,426.8999938964844,897737
2026-07-23,423.1499938964844,423.1499938964844,426.70001220703125,420.5,425.8999938964844,2558937
2026-07-24,423.20001220703125,423.20001220703125,424.79998779296875,419.3999938964844,420.75,641619
2026-07-27,427.3500061035156,427.3500061035156,429.04998779296875,424.5,425.6000061035156,853775
2026-07-28,424.6000061035156,424.6000061035156,438.0,422.5,427.3500061035156,4458851
2026-07-29,433.70001220703125,433.70001220703125,435.29998779296875,427.0,427.3999938964844,2039461
2026-07-30,426.1000061035156,426.1000061035156,433.0,415.54998779296875,433.0,5673826
2026-07-31,421.45001220703125,421.45001220703125,429.75,420.25,429.0,2509913
