Date,Adj Close,Close,High,Low,Open,Volume
2020-01-01,405.0124816894531,434.29998779296875,436.45001220703125,431.25,432.95001220703125,2321850
2020-01-02,405.61871337890625,434.95001220703125,442.6000061035156,432.0,434.0,4555670
2020-01-03,414.6180114746094,444.6000061035156,450.3999938964844,433.04998779296875,434.6499938964844,9457180
2020-01-06,410.28155517578125,439.95001220703125,444.70001220703125,435.1000061035156,440.8999938964844,4794923
2020-01-07,416.2965087890625,446.3999938964844,448.0,437.54998779296875,441.3999938964844,4504083
2020-01-08,410.42144775390625,440.1000061035156,446.5,439.0,442.95001220703125,3881918
2020-01-09,410.18829345703125,439.8500061035156,444.8500061035156,439.0,442.70001220703125,3934566
2020-01-10,413.6854553222656,443.6000061035156,449.0,440.0,440.1000061035156,4334013
2020-01-13,414.6180114746094,444.6000061035156,453.6499938964844,442.54998779296875,447.0,4823348
2020-01-14,415.9235534667969,446.0,449.5,444.3999938964844,447.0,2708589
2020-01-15,418.7678527832031,449.04998779296875,450.70001220703125,443.6499938964844,447.6000061035156,3054107
2020-01-16,418.7678527832031,449.04998779296875,456.3500061035156,447.3999938964844,452.25,4416809
2020-01-17,423.943603515625,454.6000061035156,456.25,446.0,448.20001220703125,3216737
2020-01-20,419.140869140625,449.45001220703125,456.20001220703125,446.1499938964844,454.20001220703125,2824739
2020-01-21,417.2291259765625,447.3999938964844,451.75,446.0,448.0,2573651
2020-01-22,416.2033386230469,446.29998779296875,453.8500061035156,445.3500061035156,448.3999938964844,3412716
2020-01-23,419.513916015625,449.8500061035156,452.20001220703125,445.0,447.20001220703125,1875787
2020-01-24,417.60211181640625,447.79998779296875,452.8500061035156,446.79998779296875,450.0,2153164
2020-01-27,418.1616516113281,448.3999938964844,451.75,442.20001220703125,447.0,3530914
2020-01-28,422.35821533203125,452.8999938964844,462.5,448.04998779296875,448.25,9487290
2020-01-29,419.7471008300781,450.1000061035156,456.75,449.45001220703125,454.8500061035156,3103817
2020-01-30,412.28656005859375,442.1000061035156,453.75,440.29998779296875,451.5,3486193
2020-01-31,405.0124816894531,434.29998779296875,445.3999938964844,432.6499938964844,442.6000061035156,3757229
2020-02-03,389.39208984375,417.54998779296875,428.8999938964844,414.0,423.79998779296875,4032780
2020-02-04,396.9458923339844,425.6499938964844,426.8999938964844,412.8500061035156,416.95001220703125,4848610
2020-02-05,397.5054016113281,426.25,431.3999938964844,421.8999938964844,429.5,3826307
2020-02-06,401.608642578125,430.6499938964844,438.0,424.0,428.20001220703125,7745520
2020-02-07,401.7485656738281,430.79998779296875,441.75,423.20001220703125,432.0,7402556
2020-02-10,391.9566345214844,420.29998779296875,432.75,418.29998779296875,428.54998779296875,3638523
2020-02-11,390.32464599609375,418.54998779296875,424.70001220703125,416.79998779296875,422.0,4683072
2020-02-12,386.6409912109375,414.6000061035156,421.29998779296875,414.0,418.79998779296875,4439987
2020-02-13,390.69775390625,418.95001220703125,420.1000061035156,412.0,414.6000061035156,3924569
2020-02-14,390.32464599609375,418.54998779296875,424.75,416.5,420.0,2862205
2020-02-17,383.608642578125,408.3999938964844,418.5,407.29998779296875,416.20001220703125,2625157
2020-02-18,383.8434753417969,408.6499938964844,410.8500061035156,399.04998779296875,407.0,4187206
2020-02-19,379.0531005859375,403.54998779296875,414.20001220703125,400.6000061035156,410.3999938964844,5910512
2020-02-20,380.3681335449219,404.95001220703125,411.5,403.54998779296875,403.8500061035156,4000525
2020-02-24,373.6990661621094,397.8500061035156,414.6499938964844,395.79998779296875,406.5,12668574
2020-02-25,365.2923278808594,388.8999938964844,402.3999938964844,385.29998779296875,402.3999938964844,10050971
2020-02-26,351.9543762207031,374.70001220703125,386.95001220703125,372.5,385.1000061035156,12146582
2020-02-27,364.9167175292969,388.5,390.70001220703125,369.45001220703125,375.0,15164166
2020-02-28,350.2636413574219,372.8999938964844,385.6000061035156,371.1000061035156,379.6499938964844,8439591
2020-03-02,347.0699768066406,369.5,383.6499938964844,363.3500061035156,378.0,6915567
2020-03-03,369.6601257324219,393.54998779296875,396.3999938964844,373.25,374.0,14474553
2020-03-04,380.8377685546875,405.45001220703125,412.8999938964844,387.3500061035156,398.0,26369149
2020-03-05,380.3210754394531,404.8999938964844,414.79998779296875,401.75,409.95001220703125,9874059
2020-03-06,376.5639343261719,400.8999938964844,403.20001220703125,390.04998779296875,390.04998779296875,6500912
2020-03-09,369.4722900390625,393.3500061035156,403.8999938964844,385.54998779296875,396.04998779296875,13151861
2020-03-11,362.521484375,385.95001220703125,395.25,380.04998779296875,394.3999938964844,9127352
2020-03-12,333.2624206542969,354.79998779296875,372.70001220703125,346.3999938964844,365.5,11662910
2020-03-13,360.877685546875,384.20001220703125,402.95001220703125,325.0,341.0,15802632
2020-03-16,346.1777038574219,368.54998779296875,396.3999938964844,362.79998779296875,376.0,14480298
2020-03-17,347.68060302734375,370.1499938964844,395.6000061035156,364.20001220703125,376.0,12903597
2020-03-18,340.72979736328125,362.75,386.3999938964844,355.1000061035156,383.3999938964844,12342300
2020-03-19,338.5224609375,360.3999938964844,374.45001220703125,347.6499938964844,351.70001220703125,8728092
2020-03-20,343.0780334472656,365.25,379.5,362.20001220703125,365.20001220703125,10630619
2020-03-23,304.8016662597656,324.5,354.70001220703125,315.04998779296875,345.0,8018903
2020-03-24,314.8052673339844,335.1499938964844,348.0,330.0,330.0,6408582
2020-03-25,326.54638671875,347.6499938964844,350.79998779296875,329.54998779296875,332.0,6174391
2020-03-26,317.7639465332031,338.29998779296875,368.0,336.1000061035156,365.0,11670467
2020-03-27,317.717041015625,338.25,352.5,333.0,347.0,7745135
2020-03-30,312.5039367675781,332.70001220703125,344.0,312.0,321.6499938964844,11648241
2020-03-31,330.91412353515625,352.29998779296875,355.0,328.25,340.1000061035156,9954142
2020-04-01,322.6952819824219,343.54998779296875,355.25,338.3999938964844,353.0,6702159
2020-04-03,353.1285095214844,375.95001220703125,389.79998779296875,340.0,343.95001220703125,28550430
2020-04-07,392.01544189453125,417.3500061035156,422.8500061035156,388.29998779296875,398.0,29675052
2020-04-08,410.19073486328125,436.70001220703125,448.75,413.1499938964844,419.0,27810872
2020-04-09,426.8633117675781,454.45001220703125,473.8999938964844,443.3999938964844,454.3999938964844,31862948
2020-04-13,434.2837219238281,462.3500061035156,477.8999938964844,443.1000061035156,462.95001220703125,30510226
2020-04-15,421.9319763183594,449.20001220703125,488.5,444.1000061035156,474.8999938964844,32508955
2020-04-16,435.5517272949219,463.70001220703125,467.6000061035156,449.20001220703125,450.0,16932965
2020-04-17,429.3523864746094,457.1000061035156,476.95001220703125,448.45001220703125,476.95001220703125,19774082
2020-04-20,444.6629333496094,473.3999938964844,475.0,450.54998779296875,457.3500061035156,17893064
2020-04-21,444.4281005859375,473.1499938964844,490.70001220703125,464.25,467.8500061035156,30021752
2020-04-22,445.5553283691406,474.3500061035156,482.3999938964844,469.0,474.95001220703125,13336137
2020-04-23,448.4671325683594,477.45001220703125,487.8500061035156,474.3500061035156,476.95001220703125,13748820
2020-04-24,456.0753479003906,485.54998779296875,497.0,473.54998779296875,476.95001220703125,23394027
2020-04-27,460.1613464355469,489.8999938964844,504.79998779296875,487.0,491.0,19310626
2020-04-28,445.1795654296875,473.95001220703125,495.3999938964844,470.29998779296875,495.0,12847910
2020-04-29,448.65496826171875,477.6499938964844,484.95001220703125,473.1499938964844,476.0,10166496
2020-04-30,436.25628662109375,464.45001220703125,485.0,458.3999938964844,484.0,18471206
2020-05-04,437.195556640625,465.45001220703125,474.5,458.0,464.45001220703125,16097066
2020-05-05,428.6009521484375,456.29998779296875,472.5,454.0,469.79998779296875,7850482
2020-05-06,426.8162841796875,454.3999938964844,463.0,448.0,459.6000061035156,10829910
2020-05-07,424.7498474121094,452.20001220703125,465.70001220703125,450.20001220703125,462.0,11216033
2020-05-08,440.530029296875,469.0,471.3999938964844,454.04998779296875,460.0,13693803
2020-05-11,435.6927185058594,463.8500061035156,475.54998779296875,461.29998779296875,473.70001220703125,10294818
2020-05-12,435.7396240234375,463.8999938964844,468.79998779296875,455.29998779296875,465.0,9507971
2020-05-13,424.8907470703125,452.3500061035156,469.45001220703125,450.20001220703125,469.0,10010310
2020-05-14,428.272216796875,455.95001220703125,462.95001220703125,448.79998779296875,453.0,11764703
2020-05-15,421.3684387207031,448.6000061035156,458.8999938964844,445.54998779296875,455.95001220703125,7863358
2020-05-18,413.947998046875,440.70001220703125,454.6000061035156,434.25,447.0,9067298
2020-05-19,414.8872985839844,441.70001220703125,456.0,438.6000061035156,443.79998779296875,10126393
2020-05-20,428.0843811035156,455.75,458.45001220703125,437.25,439.8999938964844,7967084
2020-05-21,438.1348876953125,466.45001220703125,469.0,453.0,455.5,8987658
2020-05-22,440.9057312011719,469.3999938964844,471.8999938964844,458.04998779296875,467.0,10194204
2020-05-26,431.2779541015625,459.1499938964844,475.5,457.0,471.0,9801056
2020-05-27,423.52874755859375,450.8999938964844,464.8999938964844,443.3999938964844,464.8999938964844,13253937
2020-05-28,431.23101806640625,459.1000061035156,461.6499938964844,444.70001220703125,453.8999938964844,12632972
2020-05-29,445.4613342285156,474.25,481.6000061035156,458.0,460.0,12662824
2020-06-01,437.1485595703125,465.3999938964844,483.70001220703125,458.29998779296875,483.5,18563612
2020-06-02,444.38116455078125,473.1000061035156,481.0,468.1499938964844,470.0,10978049
2020-06-03,447.24603271484375,476.1499938964844,481.6000061035156,473.0,474.95001220703125,7767457
2020-06-04,464.8108825683594,494.8500061035156,498.0,472.1000061035156,473.0,19100026
2020-06-05,464.2472229003906,494.25,511.0,492.20001220703125,501.0,22798341
2020-06-08,459.31597900390625,489.0,498.75,485.04998779296875,498.75,9176155
2020-06-09,470.3527526855469,500.75,512.7000122070312,492.0,492.0,25883378
2020-06-10,468.8498229980469,499.1499938964844,507.0,493.54998779296875,502.5,10636465
2020-06-11,444.89776611328125,473.6499938964844,493.79998779296875,469.1000061035156,490.0,18547382
2020-06-12,450.9562683105469,480.1000061035156,481.8999938964844,455.0,455.0,11498488
2020-06-15,456.3102111816406,485.79998779296875,489.3999938964844,472.70001220703125,481.0,10727187
2020-06-16,454.055908203125,483.3999938964844,493.5,476.5,489.3999938964844,11247556
2020-06-17,456.1693115234375,485.6499938964844,489.75,479.1000061035156,484.1499938964844,8222223
2020-06-18,454.85430908203125,484.25,488.5,483.0,485.6499938964844,4077225
2020-06-19,458.4706115722656,488.1000061035156,491.95001220703125,485.20001220703125,486.79998779296875,8114839
2020-06-22,463.26104736328125,493.20001220703125,501.20001220703125,486.0,492.20001220703125,9203804
2020-06-23,470.0709533691406,500.45001220703125,503.0,489.5,493.20001220703125,10732649
2020-06-24,454.9952392578125,484.3999938964844,503.3999938964844,481.0,502.0,8567595
2020-06-25,458.0479431152344,487.6499938964844,492.5,477.0,480.29998779296875,6954147
2020-06-26,450.8153991699219,479.95001220703125,491.0,472.20001220703125,490.25,7489306
2020-06-29,452.7408752441406,482.0,487.3500061035156,475.0,475.5,5727377
2020-06-30,444.2402648925781,472.95001220703125,483.95001220703125,469.79998779296875,483.3999938964844,8339357
2020-07-01,439.73162841796875,468.1499938964844,475.79998779296875,466.1499938964844,473.5,5983810
2020-07-02,444.2872619628906,473.0,474.95001220703125,467.95001220703125,468.0,3731827
2020-07-03,447.9035339355469,476.8500061035156,479.3500061035156,472.0,477.0,4666364
2020-07-06,451.0501708984375,480.20001220703125,481.25,471.3999938964844,478.0,5995257
2020-07-07,450.1578063964844,479.25,486.0,476.1499938964844,480.0,6793452
2020-07-08,453.2105407714844,482.5,488.0,479.95001220703125,482.54998779296875,6279449
2020-07-09,452.6939697265625,481.95001220703125,487.20001220703125,480.3500061035156,484.54998779296875,3184268
2020-07-10,463.9184875488281,493.8999938964844,498.8999938964844,483.04998779296875,484.6499938964844,14898919
2020-07-13,469.36651611328125,499.70001220703125,501.70001220703125,492.29998779296875,495.0,7504299
2020-07-14,462.22772216796875,492.1000061035156,503.8999938964844,490.1000061035156,500.0,6996801
2020-07-15,465.0456848144531,495.1000061035156,499.3999938964844,492.20001220703125,494.20001220703125,4710170
2020-07-16,469.36651611328125,499.70001220703125,505.95001220703125,490.6000061035156,496.0,11263548
2020-07-17,473.0296936035156,503.6000061035156,509.54998779296875,497.3500061035156,499.6000061035156,9592466
2020-07-20,454.431640625,483.79998779296875,501.8999938964844,481.6000061035156,501.8999938964844,16111398
2020-07-21,448.2792663574219,477.25,488.20001220703125,475.0,488.0,8470749
2020-07-22,445.50830078125,474.29998779296875,488.0,471.6000061035156,479.6499938964844,9848007
2020-07-23,447.10516357421875,476.0,481.8500061035156,474.04998779296875,477.95001220703125,5416291
2020-07-24,456.1223449707031,485.6000061035156,497.79998779296875,481.25,490.0,19812185
2020-07-27,446.6354675292969,475.5,487.6000061035156,469.0,484.8500061035156,6112617
2020-07-28,453.3044738769531,482.6000061035156,483.75,473.25,475.5,5917155
2020-07-29,463.0731506347656,493.0,496.29998779296875,484.1499938964844,485.70001220703125,8531803
2020-07-30,478.99432373046875,509.95001220703125,513.2000122070312,487.29998779296875,493.20001220703125,17534819
2020-07-31,499.4239196777344,531.7000122070312,541.0,507.5,514.25,41253676
2020-08-03,487.87060546875,519.4000244140625,540.2000122070312,516.7999877929688,534.0999755859375,25348229
2020-08-04,496.84088134765625,528.9500122070312,532.4000244140625,517.25,522.0,11950138
2020-08-05,496.7468566894531,528.8499755859375,538.0,527.0499877929688,537.9000244140625,10928555
2020-08-06,499.94049072265625,532.25,541.4500122070312,526.1500244140625,533.9000244140625,10919796
2020-08-07,494.0229797363281,525.9500122070312,535.4500122070312,522.5999755859375,532.2999877929688,7275403
2020-08-10,510.8363952636719,543.8499755859375,550.7999877929688,526.0,526.0,16271180
2020-08-11,508.2062683105469,541.0499877929688,549.5999755859375,535.0999755859375,548.0,7774058
2020-08-12,499.8466796875,532.1500244140625,540.75,529.75,540.75,7405695
2020-08-13,489.1855773925781,520.7999877929688,535.9500122070312,519.0499877929688,532.1500244140625,8729438
2020-08-14,499.0951843261719,531.3499755859375,536.0,522.0,523.5,11787355
2020-08-17,496.27728271484375,528.3499755859375,537.5,527.0,536.0999755859375,6657699
2020-08-18,494.0699157714844,526.0,533.9000244140625,524.1500244140625,531.7000122070312,5555588
2020-08-19,494.44647216796875,525.4000244140625,532.9000244140625,524.3499755859375,530.0,5414452
2020-08-20,491.5290222167969,522.2999877929688,529.9000244140625,521.0499877929688,524.5,4886692
2020-08-21,500.9869079589844,532.3499755859375,538.7000122070312,524.2999877929688,526.5499877929688,9833484
2020-08-24,502.02215576171875,533.4500122070312,538.6500244140625,528.0499877929688,538.6500244140625,5675533
2020-08-25,494.1640319824219,525.0999755859375,535.1500244140625,523.4500122070312,533.5999755859375,4414315
2020-08-26,494.2110900878906,525.1500244140625,530.0,522.25,526.0499877929688,5205745
2020-08-27,500.8927917480469,532.25,537.0,524.4000244140625,528.9500122070312,8564601
2020-08-28,523.0083618164062,555.75,564.75,534.75,538.0999755859375,29017731
2020-08-31,489.5997619628906,520.25,561.0,514.0499877929688,560.6500244140625,20056792
2020-09-01,490.7291259765625,521.4500122070312,527.6500244140625,506.20001220703125,521.2000122070312,13860865
2020-09-02,484.1885681152344,514.5,525.5999755859375,509.20001220703125,523.5,9636136
2020-09-03,492.61126708984375,523.4500122070312,526.8499755859375,512.5499877929688,518.5499877929688,10052098
2020-09-04,482.25933837890625,512.4500122070312,530.4000244140625,508.25,518.0,12380025
2020-09-07,483.01220703125,513.25,518.2000122070312,504.25,516.0,6320017
2020-09-08,472.33087158203125,501.8999938964844,517.6500244140625,498.6499938964844,512.0,8519561
2020-09-09,479.2948913574219,509.29998779296875,512.7999877929688,493.6000061035156,497.0,10532163
2020-09-10,478.0244445800781,507.95001220703125,516.7000122070312,503.6499938964844,512.7000122070312,8572739
2020-09-11,475.76580810546875,505.54998779296875,512.3499755859375,502.6000061035156,507.0,5189670
2020-09-14,466.59027099609375,495.79998779296875,509.0,494.0,505.54998779296875,8041379
2020-09-15,476.5657653808594,506.3999938964844,512.4000244140625,496.0,498.0,11686574
2020-09-16,487.9529113769531,518.5,520.0,503.3999938964844,510.1499938964844,10080107
2020-09-17,481.83587646484375,512.0,521.9000244140625,510.5,516.7999877929688,9959257
2020-09-18,492.51708984375,523.3499755859375,535.0,515.0,517.4500122070312,25685130
2020-09-21,473.97784423828125,503.6499938964844,528.25,499.0,523.7999877929688,9977984
2020-09-22,478.8714294433594,508.8500061035156,515.0,493.6000061035156,509.5,9862141
2020-09-23,473.2720031738281,502.8999938964844,521.0,498.25,520.5,10846053
2020-09-24,457.17938232421875,485.79998779296875,501.25,483.0,497.5,8768744
2020-09-25,460.80255126953125,489.6499938964844,496.0,483.8500061035156,496.0,9665092
2020-09-28,480.0477600097656,510.1000061035156,512.0,488.5,495.0,12221177
2020-09-29,476.3304748535156,506.1499938964844,517.8499755859375,504.5,517.8499755859375,8592449
2020-09-30,470.96630859375,500.45001220703125,516.2000122070312,498.29998779296875,508.0,12981899
2020-10-01,477.0363464355469,506.8999938964844,510.5,501.29998779296875,505.1000061035156,6733075
2020-10-05,492.2818603515625,523.0999755859375,525.0999755859375,503.79998779296875,507.0,8831627
2020-10-06,490.3526306152344,521.0499877929688,527.5999755859375,519.0,526.0,8537178
2020-10-07,481.6005859375,511.75,522.9000244140625,509.20001220703125,516.0999755859375,8346531
2020-10-08,493.222900390625,524.0999755859375,526.0,511.75,514.5999755859375,9392711
2020-10-09,482.682861328125,512.9000244140625,529.2999877929688,511.04998779296875,525.0,11468529
2020-10-12,483.6239318847656,513.9000244140625,517.3499755859375,509.29998779296875,514.9000244140625,7092628
2020-10-13,473.5072021484375,503.1499938964844,519.9500122070312,501.6000061035156,514.0,8851580
2020-10-14,472.6132507324219,502.20001220703125,507.5,493.29998779296875,503.1499938964844,7640368
2020-10-15,461.4142761230469,490.29998779296875,504.70001220703125,489.0,504.70001220703125,6605127
2020-10-16,458.2145690917969,486.8999938964844,494.75,485.25,491.0,9085611
2020-10-19,455.1560363769531,483.6499938964844,490.8999938964844,480.8999938964844,489.95001220703125,5158764
2020-10-20,457.69696044921875,486.3500061035156,488.54998779296875,480.3999938964844,484.95001220703125,5550859
2020-10-21,461.3202209472656,490.20001220703125,492.20001220703125,481.5,489.0,7269981
2020-10-22,456.9440612792969,485.54998779296875,491.3999938964844,481.70001220703125,491.20001220703125,6428694
2020-10-23,455.9560241699219,484.5,494.5,482.8999938964844,488.0,6578265
2020-10-26,446.54510498046875,474.5,487.3999938964844,471.1000061035156,487.3999938964844,6499259
2020-10-27,442.7337341308594,470.45001220703125,476.75,467.25,474.6000061035156,7693069
2020-10-28,436.09906005859375,463.3999938964844,475.75,461.3999938964844,473.0,7723679
2020-10-29,429.4644775390625,456.3500061035156,464.0,452.25,463.0,8297097
2020-10-30,438.3106384277344,465.75,469.0,455.8500061035156,458.6499938964844,8680701
2020-11-02,441.7455749511719,469.3999938964844,471.0,459.04998779296875,467.8999938964844,7737909
2020-11-03,456.99114990234375,485.6000061035156,490.6000061035156,465.75,472.04998779296875,16853462
2020-11-04,474.91888427734375,504.6499938964844,518.25,495.1499938964844,499.8999938964844,48182254
2020-11-05,482.306396484375,512.5,514.0,502.5,508.0,14095319
2020-11-06,479.15374755859375,509.1499938964844,515.75,506.75,515.0,9251548
2020-11-09,480.0948486328125,510.1499938964844,518.0,504.45001220703125,512.5,9718357
2020-11-10,461.9789123535156,490.8999938964844,514.25,489.0,511.0,12767338
2020-11-11,476.2364196777344,506.04998779296875,508.3500061035156,492.0,495.0,11754997
2020-11-12,479.2478942871094,509.25,517.7000122070312,502.20001220703125,503.95001220703125,10911897
2020-11-13,478.4949951171875,508.45001220703125,515.7999877929688,504.54998779296875,511.95001220703125,9501329
2020-11-14,483.718017578125,514.0,515.5,510.20001220703125,511.0,1766237
2020-11-17,487.8587951660156,518.4000244140625,523.4000244140625,514.0499877929688,517.0,12411197
2020-11-18,482.7769470214844,513.0,518.3499755859375,509.0,514.0,6483702
2020-11-19,477.45977783203125,507.3500061035156,516.1500244140625,505.0,512.0,6843207
2020-11-20,473.6013488769531,503.25,512.5,496.0,510.0,7594535
2020-11-23,482.6357727050781,512.8499755859375,516.4000244140625,501.0,504.0,8931512
2020-11-24,489.5057067871094,520.1500244140625,522.75,508.20001220703125,513.5,9096230
2020-11-25,476.3775329589844,506.20001220703125,526.0,504.1499938964844,521.2000122070312,10673809
2020-11-26,481.5535583496094,511.70001220703125,513.0,502.29998779296875,506.0,7494355
2020-11-27,481.5064392089844,511.6499938964844,520.7999877929688,509.20001220703125,514.0,12954065
2020-12-01,507.57452392578125,539.3499755859375,542.75,512.6500244140625,518.0,25388623
2020-12-02,512.562255859375,544.6500244140625,547.0,536.0,540.9000244140625,14234038
2020-12-03,515.9501342773438,548.25,551.4500122070312,541.0,550.0,9345458
2020-12-04,535.5247802734375,569.0499877929688,572.9000244140625,545.2000122070312,550.0,16177536
2020-12-07,547.9942016601562,582.2999877929688,591.5,567.0499877929688,570.3499755859375,21232768
2020-12-08,535.1953125,568.7000122070312,582.0,565.7999877929688,582.0,10673103
2020-12-09,535.9953002929688,569.5499877929688,583.9500122070312,566.7000122070312,571.0,11144200
2020-12-10,531.901611328125,565.2000122070312,574.75,560.0999755859375,570.0,6755693
2020-12-11,534.6307373046875,568.0999755859375,572.9500122070312,562.0,567.9000244140625,6968494
2020-12-14,542.3004760742188,576.25,578.6500244140625,568.3499755859375,568.3499755859375,8582193
2020-12-15,537.9715576171875,571.6500244140625,580.0,569.0,575.0,5896090
2020-12-16,542.6299438476562,576.5999755859375,578.5,571.0,571.0,5135499
2020-12-17,537.6892700195312,571.3499755859375,586.2999877929688,569.7000122070312,579.5,9025916
2020-12-18,541.124267578125,575.0,576.9000244140625,568.0,574.0,4940687
2020-12-21,519.996826171875,552.5499877929688,585.9000244140625,539.7000122070312,573.7999877929688,12715463
2020-12-22,534.8189697265625,568.2999877929688,571.0999755859375,540.4000244140625,553.0,8012096
2020-12-23,540.7477416992188,574.5999755859375,576.5499877929688,566.0999755859375,570.0,4958783
2020-12-24,555.6641235351562,590.4500122070312,595.0,572.1500244140625,574.5999755859375,7486583
2020-12-28,552.3702392578125,586.9500122070312,599.4500122070312,584.5499877929688,599.0,12299793
2020-12-29,555.8050537109375,590.5999755859375,596.0,583.1500244140625,589.7999877929688,7430043
2020-12-30,549.5939331054688,584.0,595.0,581.5,595.0,5589703
2020-12-31,557.4520874023438,592.3499755859375,594.9000244140625,582.0499877929688,584.6500244140625,8835267
2021-01-01,561.122314453125,596.25,599.75,585.8499755859375,592.5,8229768
2021-01-04,568.792236328125,604.4000244140625,609.4500122070312,595.2000122070312,600.0,11329298
2021-01-05,567.898193359375,603.4500122070312,608.7000122070312,600.0,608.4500122070312,7790158
2021-01-06,569.63916015625,605.2999877929688,610.9500122070312,596.1500244140625,604.0999755859375,6422080
2021-01-07,566.4395141601562,601.9000244140625,608.0,598.0,606.0499877929688,4555702
2021-01-08,584.2259521484375,620.7999877929688,622.7999877929688,604.0,607.0,11451416
2021-01-11,584.4142456054688,621.0,628.0,614.0499877929688,623.7000122070312,7516087
2021-01-12,573.7328491210938,609.6500244140625,623.9000244140625,607.0499877929688,621.0,6747035
2021-01-13,566.8159790039062,602.2999877929688,614.5,597.25,611.0,6186661
2021-01-14,571.2860717773438,607.0499877929688,611.6500244140625,596.4000244140625,602.2999877929688,6730284
2021-01-15,568.697998046875,604.2999877929688,616.7999877929688,598.0999755859375,609.0,8389544
2021-01-18,547.1942749023438,581.4500122070312,607.3499755859375,578.4500122070312,604.0999755859375,7414570
2021-01-19,561.4047241210938,596.5499877929688,603.0,583.3499755859375,586.9000244140625,5500391
2021-01-20,559.6636352539062,594.7000122070312,603.5999755859375,592.9500122070312,601.2000122070312,5182972
2021-01-21,548.558837890625,582.9000244140625,598.75,580.6500244140625,598.0,4546393
2021-01-22,541.3124389648438,575.2000122070312,586.9500122070312,570.5999755859375,582.9000244140625,5591688
2021-01-25,551.8526000976562,586.4000244140625,594.0,567.0,577.0999755859375,8149590
2021-01-27,536.2305297851562,569.7999877929688,585.9000244140625,563.75,585.9000244140625,8534047
2021-01-28,531.1015625,564.3499755859375,574.5,550.4000244140625,554.9000244140625,9863454
2021-01-29,551.6644287109375,586.2000122070312,600.0,554.0999755859375,568.0,22539938
2021-02-01,555.3817138671875,590.1500244140625,599.4000244140625,579.5999755859375,596.0,12621971
2021-02-02,573.5446166992188,609.4500122070312,616.9000244140625,591.5,596.9500122070312,15788247
2021-02-03,592.1309814453125,629.2000122070312,648.4000244140625,610.5,612.5,23788455
2021-02-04,594.2955932617188,631.5,641.0,626.25,632.5,7926593
2021-02-05,597.3541870117188,634.75,644.25,623.1500244140625,633.5,10981738
2021-02-08,597.260009765625,634.6500244140625,644.8499755859375,632.5499877929688,640.9000244140625,6479801
2021-02-09,591.9913940429688,623.5999755859375,639.25,621.0,631.9000244140625,5794015
2021-02-10,595.31396484375,627.0999755859375,631.5499877929688,614.0999755859375,623.0499877929688,6902162
2021-02-11,611.0250244140625,643.6500244140625,648.75,622.0,622.0,11433578
2021-02-12,595.3614501953125,627.1500244140625,654.4000244140625,622.3499755859375,654.4000244140625,15471776
2021-02-15,595.6936645507812,627.5,637.2999877929688,623.2999877929688,632.0,7310676
2021-02-16,599.1586303710938,631.1500244140625,634.5,623.0,631.0,6137454
2021-02-17,589.7604370117188,621.25,632.4000244140625,619.7999877929688,628.7000122070312,4700733
2021-02-18,584.8240356445312,616.0499877929688,627.25,614.0999755859375,622.0,5633766
2021-02-19,576.5173950195312,607.2999877929688,622.2999877929688,601.2000122070312,615.9000244140625,7301975
2021-02-22,565.1257934570312,595.2999877929688,610.8499755859375,590.4000244140625,608.0,5330343
2021-02-23,573.4321899414062,604.0499877929688,608.3499755859375,592.0,595.0,7564187
2021-02-24,570.9640502929688,601.4500122070312,609.3499755859375,595.8499755859375,607.0999755859375,3296243
2021-02-25,578.6534423828125,609.5499877929688,618.9000244140625,602.7000122070312,606.4000244140625,6261754
2021-02-26,564.461181640625,594.5999755859375,621.3499755859375,590.0,604.9500122070312,15404415
2021-03-01,573.81201171875,604.4500122070312,610.7999877929688,597.0499877929688,600.0,5274758
2021-03-02,583.0677490234375,614.2000122070312,616.3499755859375,604.5,609.0,4776776
2021-03-03,592.7033081054688,624.3499755859375,625.4000244140625,612.25,616.5,6626297
2021-03-04,587.5770874023438,618.9500122070312,636.75,616.0,622.0,11530735
2021-03-05,580.2197265625,611.2000122070312,619.4500122070312,606.9000244140625,619.4500122070312,6127488
2021-03-08,583.6373291015625,614.7999877929688,621.9000244140625,611.2999877929688,611.5,4554461
2021-03-09,581.5489501953125,612.5999755859375,620.9000244140625,607.5,618.0,4035628
2021-03-10,594.2697143554688,626.0,627.9000244140625,615.3499755859375,618.0,5825924
2021-03-12,582.4981689453125,613.5999755859375,629.1500244140625,611.5,628.0,4264170
2021-03-15,574.8087768554688,605.5,614.0,596.5,614.0,4030762
2021-03-16,571.7710571289062,602.2999877929688,609.9500122070312,599.25,606.0,4189930
2021-03-17,555.1104736328125,584.75,604.0,582.0,604.0,7667561
2021-03-18,545.4276123046875,574.5499877929688,591.5499877929688,572.0,587.4000244140625,5537584
2021-03-19,548.9874877929688,578.2999877929688,582.6500244140625,562.0999755859375,571.0,6186643
2021-03-22,561.0437622070312,591.0,593.5999755859375,578.5999755859375,578.5999755859375,7033955
2021-03-23,558.053466796875,587.8499755859375,594.7000122070312,583.0,591.2000122070312,5341729
2021-03-24,555.632568359375,585.2999877929688,597.0,583.2000122070312,585.0,7299582
2021-03-25,546.5667724609375,575.75,587.9500122070312,571.5,584.4000244140625,4710869
2021-03-26,557.4363403320312,587.2000122070312,590.2999877929688,574.5999755859375,580.8499755859375,5761818
2021-03-30,567.404296875,597.7000122070312,599.0,587.25,594.9500122070312,4637718
2021-03-31,567.4990234375,597.7999877929688,606.0,595.7000122070312,598.2000122070312,5269919
2021-04-01,579.792724609375,610.75,612.7000122070312,597.3499755859375,600.0,6033653
2021-04-05,577.9415893554688,608.7999877929688,611.9500122070312,592.75,611.7000122070312,5353987
2021-04-06,589.0010375976562,620.4500122070312,621.9000244140625,603.5,608.75,7444994
2021-04-07,589.570556640625,621.0499877929688,628.4000244140625,616.1500244140625,621.0,4757224
2021-04-08,583.115234375,614.25,626.0,613.2999877929688,620.5499877929688,3222479
2021-04-09,604.4747314453125,636.75,642.0,609.5,613.0,16755446
2021-04-12,587.9566650390625,619.3499755859375,645.8499755859375,615.2000122070312,639.0,15229597
2021-04-13,595.5512084960938,627.3499755859375,635.5499877929688,616.0999755859375,624.0,7399207
2021-04-15,601.1522827148438,633.25,641.5,626.5,633.5999755859375,8588761
2021-04-16,613.3033447265625,646.0499877929688,650.0,626.3499755859375,633.25,9804095
2021-04-19,608.1771850585938,640.6500244140625,651.4000244140625,635.0,644.0,11340358
2021-04-20,612.4490966796875,645.1500244140625,659.5,639.1500244140625,643.7999877929688,13831258
2021-04-22,607.5126342773438,639.9500122070312,658.0,638.0999755859375,650.7000122070312,11295290
2021-04-23,605.6139526367188,637.9500122070312,645.7999877929688,630.1500244140625,636.5,7668180
2021-04-26,602.5287475585938,634.7000122070312,644.0,631.0,644.0,6527947
2021-04-27,606.847900390625,639.25,642.4500122070312,632.0,632.7000122070312,5112384
2021-04-28,610.7877197265625,643.4000244140625,647.2999877929688,638.2999877929688,640.9500122070312,6069155
2021-04-29,611.8319702148438,644.5,652.0,641.0999755859375,648.9500122070312,5676290
2021-04-30,621.2776489257812,654.4500122070312,666.5999755859375,640.0999755859375,642.0,10874266
2021-05-03,625.786865234375,659.2000122070312,663.9500122070312,650.0999755859375,653.9500122070312,6567597
2021-05-04,612.4490966796875,645.1500244140625,664.9000244140625,642.0,662.0,5604638
2021-05-05,648.76025390625,683.4000244140625,687.9000244140625,642.25,642.25,25296369
2021-05-06,644.9630126953125,679.4000244140625,696.7000122070312,673.3499755859375,689.8499755859375,11153908
2021-05-07,645.0104370117188,679.4500122070312,691.0,677.5999755859375,681.0,6466334
2021-05-10,662.81005859375,698.2000122070312,703.5,683.5999755859375,688.0,10924222
2021-05-11,672.208251953125,708.0999755859375,721.8499755859375,696.2000122070312,698.5,14760511
2021-05-12,667.224365234375,702.8499755859375,714.9500122070312,700.0,714.9500122070312,7250661
2021-05-14,656.4022216796875,691.4500122070312,711.0,687.0,703.0,6851035
2021-05-17,652.3201904296875,687.1500244140625,698.5,680.0499877929688,688.0,6318234
2021-05-18,655.78515625,690.7999877929688,695.8499755859375,684.75,691.0,4080423
2021-05-19,667.7464599609375,703.4000244140625,706.75,690.7999877929688,694.2999877929688,7745431
2021-05-20,652.0353393554688,686.8499755859375,701.6500244140625,685.0,700.0,6226376
2021-05-21,655.4053955078125,690.4000244140625,694.5,688.0,691.75,3434231
2021-05-24,655.9274291992188,690.9500122070312,698.4000244140625,689.5999755859375,691.0,3722957
2021-05-25,660.8164672851562,696.0999755859375,697.4000244140625,691.0,695.0,2800233
2021-05-26,668.126220703125,703.7999877929688,706.1500244140625,696.2000122070312,699.5,6235460
2021-05-27,664.0441284179688,699.5,709.75,694.5,707.25,9875654
2021-05-28,635.8021850585938,669.75,694.5,666.2999877929688,694.0,28316552
2021-05-31,634.4255981445312,668.2999877929688,675.7000122070312,659.0,672.0,13947126
2021-06-01,637.0361328125,671.0499877929688,673.2999877929688,664.2999877929688,670.0999755859375,6443084
2021-06-02,643.1118774414062,677.4500122070312,678.0999755859375,670.1500244140625,671.0,4978457
2021-06-03,641.2606201171875,675.5,680.8499755859375,673.5,678.0,3604574
2021-06-04,639.789306640625,673.9500122070312,679.25,672.7999877929688,678.9000244140625,3747803
2021-06-07,641.1182250976562,675.3499755859375,677.7999877929688,670.9000244140625,673.9500122070312,2793705
2021-06-08,644.3458251953125,678.75,679.9500122070312,665.0999755859375,673.0,5695920
2021-06-09,638.7449951171875,672.8499755859375,684.7000122070312,667.5999755859375,681.0499877929688,4492551
2021-06-10,641.78271484375,676.0499877929688,681.0,673.0,673.0499877929688,3099864
2021-06-11,646.7666625976562,681.2999877929688,686.3499755859375,674.0499877929688,675.2000122070312,3822099
2021-06-14,642.7794189453125,677.0999755859375,683.7000122070312,671.5499877929688,682.0,3640962
2021-06-15,639.0772705078125,673.2000122070312,681.4000244140625,671.75,677.0999755859375,3862284
2021-06-16,634.6629028320312,668.5499877929688,680.5,666.8499755859375,675.0,4842448
2021-06-17,631.34033203125,665.0499877929688,673.5499877929688,661.6500244140625,671.7999877929688,2776147
2021-06-18,634.615478515625,668.5,673.0,652.7000122070312,667.0,4158743
2021-06-21,637.3211059570312,671.3499755859375,674.7999877929688,662.0,662.0,2932177
2021-06-22,633.0016479492188,666.7999877929688,680.25,665.8499755859375,678.0,4577152
2021-06-23,631.5301513671875,665.25,672.3499755859375,664.25,666.7999877929688,2631031
2021-06-24,631.10302734375,664.7999877929688,671.0,661.5,664.2000122070312,3460776
2021-06-25,638.1754150390625,672.25,677.4000244140625,664.7999877929688,664.7999877929688,3010243
2021-06-28,642.0201416015625,676.2999877929688,679.9000244140625,669.5499877929688,675.0,3342385
2021-06-29,643.2542114257812,677.5999755859375,681.5,673.0999755859375,673.25,2937766
2021-06-30,641.213134765625,675.4500122070312,683.4500122070312,674.25,678.0499877929688,3768943
2021-07-01,649.4722290039062,684.1500244140625,685.7999877929688,673.7000122070312,675.0,4102748
2021-07-02,646.71923828125,681.25,689.5,678.2999877929688,685.5,5071894
2021-07-05,645.7223510742188,680.2000122070312,684.9500122070312,678.5999755859375,684.0,1600769
2021-07-06,639.1246948242188,673.25,683.0,672.4000244140625,678.0,2682423
2021-07-07,645.62744140625,680.0999755859375,682.0,666.0999755859375,668.0,2576763
2021-07-08,633.0965576171875,666.9000244140625,680.9000244140625,665.0999755859375,677.0,2548016
2021-07-09,634.0457763671875,667.9000244140625,672.2999877929688,664.2000122070312,666.5,1994075
2021-07-12,634.6629028320312,668.5499877929688,672.8499755859375,666.4000244140625,668.5999755859375,1555035
2021-07-13,648.3804931640625,683.0,689.3499755859375,669.0,670.2999877929688,7744032
2021-07-14,651.180908203125,685.9500122070312,692.4000244140625,681.0,681.9500122070312,2663467
2021-07-15,648.3804931640625,683.0,688.2000122070312,681.2999877929688,686.0,1905193
2021-07-16,653.6966552734375,688.5999755859375,695.6500244140625,682.6500244140625,684.9000244140625,3479357
2021-07-19,654.3136596679688,689.25,691.5,678.0499877929688,678.0499877929688,1940882
2021-07-20,642.1624755859375,676.4500122070312,691.5999755859375,673.9000244140625,689.0,2724983
2021-07-22,652.4625244140625,687.2999877929688,688.2000122070312,675.5499877929688,680.0,2047831
2021-07-23,658.8229370117188,694.0,698.9500122070312,681.5999755859375,686.2000122070312,3956261
2021-07-26,667.7464599609375,703.4000244140625,705.0,695.2000122070312,695.2000122070312,4715053
2021-07-27,653.411865234375,688.2999877929688,705.7000122070312,673.8499755859375,705.0,5327355
2021-07-28,652.9371337890625,687.7999877929688,691.9500122070312,672.5499877929688,688.2999877929688,3332667
2021-07-29,667.3667602539062,703.0,705.9500122070312,680.7000122070312,687.7999877929688,4397443
2021-07-30,734.720458984375,773.9500122070312,783.75,696.1500244140625,702.9500122070312,35893710
2021-08-02,735.71728515625,775.0,801.9000244140625,764.0999755859375,785.0,18661462
2021-08-03,754.5135498046875,794.7999877929688,804.3499755859375,765.25,773.9500122070312,14678219
2021-08-04,745.9224243164062,785.75,797.9000244140625,779.7000122070312,791.0,5796169
2021-08-05,746.3021240234375,786.1500244140625,794.4000244140625,783.2999877929688,785.5,5026619
2021-08-06,745.4002075195312,785.2000122070312,796.4500122070312,781.5499877929688,786.5,4064324
2021-08-09,748.8177490234375,788.7999877929688,793.0,782.0,789.1500244140625,2873586
2021-08-10,753.1371459960938,793.3499755859375,798.7999877929688,782.2000122070312,789.9500122070312,5656020
2021-08-11,740.0365600585938,779.5499877929688,795.0,773.2999877929688,794.0,4275776
2021-08-12,739.1823120117188,778.6500244140625,781.25,773.1500244140625,780.0,2821380
2021-08-13,738.8499145507812,778.2999877929688,788.5,767.6500244140625,769.0,4319920
2021-08-16,741.2232055664062,780.7999877929688,783.0,771.0499877929688,775.2000122070312,2310304
2021-08-17,744.403564453125,784.1500244140625,793.2000122070312,778.2000122070312,783.0,5686055
2021-08-18,743.2168579101562,782.9000244140625,791.4000244140625,779.2999877929688,788.0,4036305
2021-08-20,722.5692749023438,761.1500244140625,784.4500122070312,743.3499755859375,775.0,6238261
2021-08-23,722.7595825195312,759.3499755859375,770.0,750.7999877929688,765.0,2375417
2021-08-24,734.1813354492188,771.3499755859375,777.9500122070312,754.25,759.7999877929688,2732537
2021-08-25,731.9922485351562,769.0499877929688,776.0,759.5999755859375,770.0,2254852
2021-08-26,723.9017333984375,760.5499877929688,771.0999755859375,759.25,765.1500244140625,1735864
2021-08-27,734.6096801757812,771.7999877929688,777.0,758.0999755859375,760.75,2432862
2021-08-30,749.2676391601562,787.2000122070312,794.9500122070312,768.1500244140625,769.0,3617125
2021-08-31,755.7876586914062,794.0499877929688,801.0,783.7000122070312,787.4500122070312,7435465
2021-09-01,750.5050048828125,788.5,803.9000244140625,787.0,795.0499877929688,2811619
2021-09-02,751.8851928710938,789.9500122070312,795.6500244140625,788.2999877929688,790.2999877929688,2679549
2021-09-03,751.3616943359375,789.4000244140625,797.2000122070312,784.0,793.0,2860730
2021-09-06,746.4597778320312,784.25,793.0999755859375,779.75,789.4000244140625,4613445
2021-09-07,732.8013305664062,769.9000244140625,783.0,766.5999755859375,782.0,3851664
2021-09-08,739.9873657226562,777.4500122070312,778.9500122070312,763.5499877929688,767.2999877929688,2548562
2021-09-09,738.8928833007812,776.2999877929688,782.25,771.4500122070312,772.2000122070312,2008287
2021-09-13,742.7001953125,780.2999877929688,783.0,771.6500244140625,776.2999877929688,1935832
2021-09-14,743.7471313476562,781.4000244140625,788.0,777.2999877929688,784.7000122070312,1996844
2021-09-15,743.033447265625,780.6500244140625,785.75,778.7999877929688,784.7000122070312,1393824
2021-09-16,743.4139404296875,781.0499877929688,784.5499877929688,778.2999877929688,780.0,1353677
2021-09-17,732.8013305664062,769.9000244140625,787.9000244140625,766.6500244140625,785.0,4052622
2021-09-20,720.0469970703125,756.5,774.75,751.5999755859375,766.7000122070312,2206369
2021-09-21,727.6615600585938,764.5,766.3499755859375,751.0499877929688,756.5,2123997
2021-09-22,732.9915771484375,770.0999755859375,774.0,764.5,765.0,1817865
2021-09-23,732.753662109375,769.8499755859375,777.2000122070312,766.0999755859375,771.0999755859375,2109768
2021-09-24,733.3247680664062,770.4500122070312,776.6500244140625,762.0,769.0,1777859
2021-09-27,726.2813110351562,763.0499877929688,774.5,760.0999755859375,771.4500122070312,2862731
2021-09-28,737.7505493164062,775.0999755859375,791.0,754.9500122070312,766.7000122070312,4938824
2021-09-29,772.206298828125,811.2999877929688,819.75,771.3499755859375,784.0,18565413
2021-09-30,778.8214721679688,818.25,832.9500122070312,806.5999755859375,814.7999877929688,10478553
2021-10-01,786.7691040039062,826.5999755859375,830.7000122070312,805.2999877929688,812.0,5730355
2021-10-04,791.9089965820312,832.0,838.9000244140625,826.4500122070312,830.0,4007435
2021-10-05,780.9630737304688,820.5,834.4000244140625,814.9500122070312,828.0,2987134
2021-10-06,762.0217895507812,800.5999755859375,824.0,797.2999877929688,820.4500122070312,2910453
2021-10-07,783.5805053710938,823.25,826.3499755859375,804.0999755859375,808.0499877929688,4089061
2021-10-08,781.8197021484375,821.4000244140625,833.7999877929688,818.5999755859375,825.0999755859375,2753935
2021-10-11,792.4323120117188,832.5499877929688,836.2000122070312,817.7999877929688,826.0,2988841
2021-10-12,789.7197875976562,829.7000122070312,842.75,823.7000122070312,833.5,2407031
2021-10-13,801.9505004882812,842.5499877929688,846.7999877929688,827.25,827.9500122070312,4113083
2021-10-14,800.7607421875,841.2999877929688,850.0,838.25,843.9000244140625,2300231
2021-10-18,795.6210327148438,835.9000244140625,851.0,832.1500244140625,850.0,2632795
2021-10-19,787.4829711914062,827.3499755859375,842.2000122070312,825.6500244140625,837.0,2029762
2021-10-20,775.6329956054688,814.9000244140625,834.7999877929688,807.5,825.0499877929688,2089252
2021-10-21,778.9642333984375,818.4000244140625,829.0,810.0499877929688,823.0499877929688,3155655
2021-10-22,773.3961791992188,812.5499877929688,826.8499755859375,800.1500244140625,825.0999755859375,1709523
2021-10-25,774.0148315429688,813.2000122070312,821.25,795.5499877929688,810.0,2129988
2021-10-26,774.30029296875,813.5,823.9000244140625,806.2999877929688,817.0,1628608
2021-10-27,785.3414306640625,825.0999755859375,838.4500122070312,815.7999877929688,815.7999877929688,3569869
2021-10-28,768.6845703125,807.5999755859375,829.1500244140625,803.0499877929688,823.9500122070312,1647229
2021-10-29,756.6918334960938,795.0,816.5499877929688,779.3499755859375,800.0,4321416
2021-11-01,772.6822509765625,811.7999877929688,813.8499755859375,787.0,798.9500122070312,1935341
2021-11-02,776.1087646484375,815.4000244140625,836.0,782.75,814.6500244140625,17608860
2021-11-03,749.9816284179688,787.9500122070312,822.0,781.3499755859375,820.0,9452138
2021-11-04,757.1201782226562,795.4500122070312,797.0,788.5,797.0,485870
2021-11-08,761.4508666992188,800.0,803.0,783.0,798.0,4280584
2021-11-09,762.7357788085938,801.3499755859375,812.0,797.0,800.0,3232291
2021-11-10,772.0159301757812,811.0999755859375,815.0,797.0,799.75,2900645
2021-11-11,756.5490112304688,794.8499755859375,810.4500122070312,792.0999755859375,808.9500122070312,2107377
2021-11-12,767.6376953125,806.5,808.5499877929688,796.0999755859375,803.9500122070312,2076523
2021-11-15,771.63525390625,810.7000122070312,819.6500244140625,806.6500244140625,808.2999877929688,2109222
2021-11-16,759.9755859375,798.4500122070312,817.4500122070312,795.6500244140625,812.2999877929688,1512946
2021-11-17,753.217529296875,791.3499755859375,805.0,787.4000244140625,800.0,1662900
2021-11-18,752.5513305664062,790.6500244140625,794.3499755859375,780.0999755859375,790.0,3177648
2021-11-22,733.6103515625,770.75,794.0,765.0499877929688,791.8499755859375,2894426
2021-11-23,747.3641357421875,785.2000122070312,791.75,761.5499877929688,770.0,2739763
2021-11-24,741.4152221679688,778.9500122070312,796.9500122070312,775.5499877929688,783.5,2404041
2021-11-25,745.1749267578125,782.9000244140625,787.25,774.3499755859375,775.5999755859375,1861259
2021-11-26,730.3265380859375,767.2999877929688,798.9000244140625,762.0,775.0,5432649
2021-11-29,714.8595581054688,751.0499877929688,775.0,749.0499877929688,773.0,4664270
2021-11-30,717.2867431640625,753.5999755859375,761.6500244140625,746.0499877929688,751.0,5505266
2021-12-01,709.4342651367188,745.3499755859375,763.25,740.3499755859375,756.75,3687799
2021-12-02,729.3272094726562,766.25,770.75,746.0999755859375,753.0,4896650
2021-12-03,715.5734252929688,751.7999877929688,771.9000244140625,748.9000244140625,771.9000244140625,3135454
2021-12-06,701.62939453125,737.1500244140625,752.5499877929688,733.7000122070312,751.2000122070312,2577704
2021-12-07,707.86376953125,743.7000122070312,751.0,735.0,741.0999755859375,2583462
2021-12-08,721.0463256835938,757.5499877929688,763.5,747.3499755859375,750.2000122070312,2530785
2021-12-09,723.140380859375,759.75,766.7999877929688,756.1500244140625,758.2000122070312,2604449
2021-12-10,724.6632080078125,761.3499755859375,775.0,754.2000122070312,754.2000122070312,2950388
2021-12-13,725.8529052734375,762.5999755859375,773.3499755859375,759.0,763.8499755859375,2491218
2021-12-14,719.6185302734375,756.0499877929688,768.75,753.5999755859375,757.25,3224172
2021-12-15,737.7505493164062,775.0999755859375,778.8499755859375,745.2999877929688,752.5,6231786
2021-12-16,727.6139526367188,764.4500122070312,786.5,760.0,786.5,6186549
2021-12-17,731.8970336914062,768.9500122070312,772.3499755859375,753.5,762.0,7171030
2021-12-20,727.1380004882812,763.9500122070312,774.7000122070312,753.0499877929688,768.0,7474026
2021-12-21,741.0343627929688,778.5499877929688,783.9500122070312,764.0499877929688,764.0499877929688,5599344
2021-12-22,759.0713500976562,797.5,801.0,777.5,785.0,5871235
2021-12-23,754.2647094726562,792.4500122070312,803.9500122070312,790.0,801.8499755859375,4277384
2021-12-24,747.554443359375,785.4000244140625,794.7999877929688,777.5999755859375,793.4000244140625,3076272
2021-12-27,755.8350830078125,794.0999755859375,796.5999755859375,781.1500244140625,784.0,3598487
2021-12-28,775.8231201171875,815.0999755859375,819.9000244140625,794.2000122070312,796.0,5477769
2021-12-29,798.3812255859375,838.7999877929688,843.6500244140625,816.5,822.5,8748856
2021-12-30,794.2409057617188,834.4500122070312,841.9500122070312,827.3499755859375,836.6500244140625,5179861
2021-12-31,804.9486694335938,845.7000122070312,850.9500122070312,834.0,834.4500122070312,3346523
2022-01-03,808.0421752929688,848.9500122070312,860.0499877929688,840.9000244140625,845.0,3726756
2022-01-04,797.334228515625,837.7000122070312,854.0,832.4000244140625,852.5,3027262
2022-01-05,794.859375,835.0999755859375,844.5499877929688,830.6500244140625,840.0,2436343
2022-01-06,789.6244506835938,829.5999755859375,844.9000244140625,822.0,837.7999877929688,2423850
2022-01-07,789.0059814453125,828.9500122070312,836.0,825.2000122070312,829.5999755859375,1475374
2022-01-10,786.8643798828125,826.7000122070312,835.0,817.5499877929688,832.0999755859375,4837873
2022-01-11,792.2896728515625,832.4000244140625,841.5,828.2999877929688,830.9000244140625,4950526
2022-01-12,795.9065551757812,836.2000122070312,845.0,827.5,845.0,3953446
2022-01-13,823.794677734375,865.5,871.0,834.25,836.2000122070312,7395140
2022-01-14,818.32177734375,859.75,868.9000244140625,856.7999877929688,865.5,2351963
2022-01-17,812.0872802734375,853.2000122070312,863.4000244140625,850.5,859.75,1750754
2022-01-18,805.9005126953125,846.7000122070312,867.2000122070312,845.0,855.0,3354708
2022-01-19,798.095703125,838.5,848.0,834.0,848.0,1677779
2022-01-20,780.487060546875,820.0,842.75,815.6500244140625,839.2999877929688,2886894
2022-01-21,769.7792358398438,808.75,819.7000122070312,801.0999755859375,816.5,3218477
2022-01-24,762.2598876953125,800.8499755859375,825.0,791.5999755859375,804.0,5300160
2022-01-25,769.113037109375,808.0499877929688,811.7000122070312,784.7999877929688,791.0,3779497
2022-01-27,772.9676513671875,812.0999755859375,817.4000244140625,791.2999877929688,802.0,3593525
2022-01-28,787.4829711914062,827.3499755859375,842.9000244140625,812.0999755859375,816.0,5073701
2022-01-31,794.2884521484375,834.5,849.75,820.0499877929688,830.0999755859375,8041517
2022-02-01,848.7797241210938,891.75,895.0,839.8499755859375,847.4000244140625,12337459
2022-02-02,847.7327880859375,890.6500244140625,898.4500122070312,882.0,890.0,4404741
2022-02-03,840.9747924804688,883.5499877929688,891.2000122070312,880.4500122070312,889.3499755859375,2292825
2022-02-04,850.8738403320312,893.9500122070312,902.8499755859375,881.3499755859375,882.9000244140625,4222492
2022-02-07,844.3062744140625,887.0499877929688,901.4500122070312,879.7000122070312,901.4500122070312,3494623
2022-02-08,851.0165405273438,894.0999755859375,895.9500122070312,882.0,886.0,4766558
2022-02-09,850.3930053710938,886.4500122070312,894.5499877929688,885.3499755859375,893.9000244140625,2874380
2022-02-10,857.9236450195312,894.2999877929688,896.25,880.0,891.4000244140625,3159839
2022-02-11,844.3012084960938,880.0999755859375,895.7999877929688,874.6500244140625,894.5999755859375,2682532
2022-02-14,829.6715087890625,864.8499755859375,886.6500244140625,862.2000122070312,870.0,5163415
2022-02-15,841.1355590820312,876.7999877929688,880.0,859.0499877929688,862.5,3219287
2022-02-16,833.5088500976562,868.8499755859375,881.1500244140625,867.0999755859375,876.0,2136415
2022-02-17,827.465087890625,862.5499877929688,872.3499755859375,861.2999877929688,872.3499755859375,2275289
2022-02-18,827.8009643554688,862.9000244140625,867.9000244140625,856.4000244140625,862.5499877929688,1797851
2022-02-21,809.525634765625,843.8499755859375,864.0,839.5,855.5,2305713
2022-02-22,811.396484375,845.7999877929688,849.0,824.5999755859375,836.0,3171552
2022-02-23,806.0722045898438,840.25,853.0,838.0499877929688,849.8499755859375,1979574
2022-02-24,784.9671020507812,818.25,836.9500122070312,815.0,830.5999755859375,3679222
2022-02-25,797.72607421875,831.5499877929688,835.0,817.0499877929688,820.5,2098988
2022-02-28,809.5737915039062,843.9000244140625,847.0,821.0,821.0,4123139
2022-03-02,787.5093383789062,820.9000244140625,844.9500122070312,815.7000122070312,844.3499755859375,3807036
2022-03-03,787.5093383789062,820.9000244140625,832.7999877929688,817.0,832.7999877929688,2657776
2022-03-04,795.9034423828125,829.6500244140625,839.5999755859375,809.3499755859375,816.2999877929688,4082674
2022-03-07,789.1881103515625,822.6500244140625,829.0,809.0999755859375,818.0,3065234
2022-03-08,820.2222290039062,855.0,861.7000122070312,826.2000122070312,826.2000122070312,4864275
2022-03-09,832.9332275390625,868.25,885.7999877929688,860.0,863.4000244140625,7276355
2022-03-10,834.1803588867188,869.5499877929688,881.9000244140625,866.5999755859375,869.9000244140625,2899758
2022-03-11,865.3104858398438,902.0,907.0,869.0499877929688,872.0,7194497
2022-03-14,855.95703125,892.25,911.7999877929688,889.9500122070312,901.9500122070312,3861194
2022-03-15,855.3814697265625,891.6500244140625,908.0,881.3499755859375,893.7000122070312,4039746
2022-03-16,853.0311279296875,889.2000122070312,900.0,880.4500122070312,900.0,3134307
2022-03-17,874.5199584960938,911.5999755859375,915.0,892.2000122070312,892.2000122070312,5484100
2022-03-21,876.6304931640625,913.7999877929688,931.0,911.2999877929688,912.5,3878744
2022-03-22,876.9183349609375,914.0999755859375,922.0,902.5,913.7999877929688,2174495
2022-03-23,864.1593017578125,900.7999877929688,926.0,895.7999877929688,918.0,2578669
2022-03-24,871.8817749023438,908.8499755859375,914.7000122070312,885.5,886.0,3141478
2022-03-25,865.6463012695312,902.3499755859375,914.9500122070312,896.2999877929688,911.8499755859375,1571676
2022-03-28,869.0518188476562,905.9000244140625,910.9000244140625,899.2999877929688,908.9000244140625,1545077
2022-03-29,881.9547119140625,919.3499755859375,922.0,901.0999755859375,908.0499877929688,3177777
2022-03-30,883.1539306640625,920.5999755859375,922.0,908.4000244140625,922.0,2084073
2022-03-31,877.5418090820312,914.75,927.0,910.7999877929688,920.5999755859375,1901705
2022-04-01,871.7379760742188,908.7000122070312,919.0,904.0999755859375,914.0,1184766
2022-04-04,888.3821411132812,926.0499877929688,928.7999877929688,902.5999755859375,908.0,1876408
2022-04-05,891.30810546875,929.0999755859375,940.7000122070312,924.1500244140625,928.0,2911697
2022-04-06,890.3487548828125,928.0999755859375,938.7999877929688,925.0,927.7999877929688,1881754
2022-04-07,893.0829467773438,930.9500122070312,948.0,926.8499755859375,928.0999755859375,2728625
2022-04-08,886.9912109375,924.5999755859375,937.2999877929688,919.2999877929688,937.0,1453271
2022-04-11,887.7586669921875,925.4000244140625,933.5499877929688,918.5999755859375,920.0,1102625
2022-04-12,883.825439453125,921.2999877929688,928.1500244140625,911.4000244140625,920.0,1420380
2022-04-13,898.6470336914062,936.75,943.0,921.2999877929688,921.2999877929688,1825531
2022-04-18,889.7733154296875,927.5,941.0499877929688,919.25,927.5999755859375,1287320
2022-04-19,884.4969482421875,922.0,937.75,915.0499877929688,930.9500122070312,2001066
2022-04-20,885.9358520507812,923.5,931.0,916.0499877929688,918.0,1455897
2022-04-21,905.697998046875,944.0999755859375,946.0,920.5999755859375,931.0,2410164
2022-04-22,887.1830444335938,924.7999877929688,942.25,918.3499755859375,941.0,1745381
2022-04-25,863.391845703125,900.0,922.3499755859375,896.5999755859375,915.5499877929688,1146270
2022-04-26,880.7075805664062,918.0499877929688,924.75,904.0499877929688,905.0,3142879
2022-04-27,869.24365234375,906.0999755859375,921.7000122070312,903.5999755859375,910.0499877929688,1586283
2022-04-28,883.53759765625,921.0,927.3499755859375,909.2999877929688,920.0,3150038
2022-04-29,890.87646484375,928.6500244140625,967.0499877929688,919.5499877929688,924.0,4290688
2022-05-02,885.840087890625,923.4000244140625,925.0,902.5499877929688,922.4500122070312,2119174
2022-05-04,864.2553100585938,900.9000244140625,920.9000244140625,895.0,920.0999755859375,3925917
2022-05-05,842.4306030273438,878.1500244140625,919.2000122070312,872.5999755859375,905.0,4462293
2022-05-06,847.37109375,883.2999877929688,885.7000122070312,861.5,862.0,2350532
2022-05-09,849.3858032226562,885.4000244140625,891.4000244140625,868.0499877929688,868.0499877929688,2522123
2022-05-10,826.7935180664062,861.8499755859375,890.8499755859375,846.5,885.0,6975331
2022-05-11,820.0303344726562,854.7999877929688,867.0,851.0,853.0,2768829
2022-05-12,815.4255981445312,850.0,855.8499755859375,835.2000122070312,852.9000244140625,2700591
2022-05-13,846.6036376953125,882.5,889.0,860.1500244140625,862.9500122070312,4870689
2022-05-16,849.5774536132812,885.5999755859375,894.75,875.0499877929688,881.9500122070312,2739020
2022-05-17,855.4773559570312,891.75,895.5999755859375,878.7000122070312,880.1500244140625,2317400
2022-05-18,862.5763549804688,899.1500244140625,909.0,888.0,891.0,2878378
2022-05-19,848.6182250976562,884.5999755859375,900.0,878.3499755859375,885.0,2715634
2022-05-20,878.4053955078125,915.6500244140625,917.7000122070312,889.0499877929688,893.0,2877917
2022-05-23,884.544921875,922.0499877929688,931.2999877929688,916.5999755859375,920.0,2195036
2022-05-24,872.8892211914062,909.9000244140625,930.8499755859375,907.0,928.0,2911410
2022-05-25,874.1362915039062,911.2000122070312,922.6500244140625,907.25,915.0,2405811
2022-05-26,863.3438720703125,899.9500122070312,922.4500122070312,893.5,918.7999877929688,4113170
2022-05-27,867.13330078125,903.9000244140625,912.7999877929688,896.0,901.9500122070312,2374509
2022-05-30,852.167724609375,888.2999877929688,915.5,886.5,905.0,3541617
2022-05-31,825.5943603515625,860.5999755859375,882.7999877929688,851.2000122070312,867.25,24360628
2022-06-01,805.1128540039062,839.25,875.0,832.5999755859375,875.0,5999099
2022-06-02,824.5870971679688,859.5499877929688,862.9000244140625,832.7999877929688,836.75,3553217
2022-06-03,829.9114379882812,865.0999755859375,875.0,854.8499755859375,862.1500244140625,2618353
2022-06-06,824.8269653320312,859.7999877929688,873.9500122070312,858.0,865.0,2095566
2022-06-07,813.746826171875,848.25,857.4000244140625,838.5999755859375,855.0,3031449
2022-06-08,812.7874755859375,847.25,854.0,837.5999755859375,845.0999755859375,3208941
2022-06-09,823.91552734375,858.8499755859375,862.0999755859375,835.4500122070312,846.0,2297715
2022-06-10,811.3004760742188,845.7000122070312,853.9500122070312,842.0,850.0,2124778
2022-06-13,795.759521484375,829.5,851.0,819.75,840.0,2191412
2022-06-14,791.4904174804688,825.0499877929688,835.6500244140625,821.8499755859375,826.0,2461692
2022-06-15,788.8522338867188,822.2999877929688,830.0499877929688,819.1500244140625,825.25,2008725
2022-06-16,781.4654541015625,814.5999755859375,826.0,806.5499877929688,822.5999755859375,2327414
2022-06-17,761.1279296875,793.4000244140625,810.2999877929688,789.9000244140625,805.2000122070312,5719089
2022-06-20,772.5437622070312,805.2999877929688,813.5,794.5,801.0,2745302
2022-06-21,784.1995849609375,817.4500122070312,820.2999877929688,805.3499755859375,806.5999755859375,1342717
2022-06-22,776.3810424804688,809.2999877929688,821.0,803.25,814.0,2032073
2022-06-23,791.3466186523438,824.9000244140625,826.5,808.5,809.5,1778752
2022-06-24,791.0586547851562,824.5999755859375,833.7999877929688,821.5,827.9000244140625,1404748
2022-06-27,801.6593017578125,835.6500244140625,848.0,828.0,828.0,2980249
2022-06-28,794.89599609375,828.5999755859375,837.5,825.0499877929688,837.0,2823691
2022-06-29,804.585205078125,838.7000122070312,843.7000122070312,823.8499755859375,824.0,2975927
2022-06-30,796.814697265625,830.5999755859375,848.1500244140625,823.6500244140625,836.0,3809670
2022-07-01,795.5197143554688,829.25,836.9500122070312,825.0,829.9000244140625,2316527
2022-07-04,795.66357421875,829.4000244140625,839.6500244140625,821.9000244140625,825.2999877929688,2097164
2022-07-05,801.8031616210938,835.7999877929688,846.7999877929688,826.6500244140625,829.4000244140625,2682730
2022-07-06,803.6259765625,837.7000122070312,842.6500244140625,831.25,840.0,2364840
2022-07-07,814.8980102539062,849.4500122070312,852.9000244140625,842.1500244140625,843.0499877929688,2327906
2022-07-08,822.8124389648438,857.7000122070312,859.5,849.75,853.5,2927832
2022-07-11,822.380615234375,857.25,863.0,851.0999755859375,856.7999877929688,1768048
2022-07-12,816.96044921875,851.5999755859375,860.0,849.0,853.0,1695338
2022-07-13,825.162841796875,860.1500244140625,863.25,849.3499755859375,854.5999755859375,2663538
2022-07-14,844.1094360351562,879.9000244140625,882.9500122070312,864.2000122070312,867.4000244140625,4934156
2022-07-15,842.6705322265625,878.4000244140625,884.9500122070312,872.8499755859375,884.9000244140625,1413559
2022-07-18,846.8914184570312,882.7999877929688,895.5999755859375,878.5499877929688,888.5999755859375,2866600
2022-07-19,839.6965942382812,875.2999877929688,891.2999877929688,873.5,880.0,1604458
2022-07-20,832.2138061523438,867.5,884.7000122070312,862.0499877929688,884.7000122070312,2885666
2022-07-21,834.2764282226562,869.6500244140625,877.9000244140625,863.7000122070312,872.0,2321107
2022-07-22,838.9291381835938,874.5,876.1500244140625,866.5,871.0,1939758
2022-07-25,833.0291137695312,868.3499755859375,878.0,856.4000244140625,870.0,2419358
2022-07-26,832.357666015625,867.6500244140625,877.4000244140625,862.0,869.2000122070312,1560211
2022-07-27,857.6359252929688,894.0,897.0,866.0499877929688,867.5,2797789
2022-07-28,858.4512329101562,894.8499755859375,896.8499755859375,878.75,896.0,3183169
2022-07-29,904.8346557617188,943.2000122070312,951.9500122070312,879.0,897.0,11315800
2022-08-01,881.3311767578125,918.7000122070312,939.9500122070312,910.0,939.9500122070312,4219890
2022-08-02,879.9402465820312,917.25,926.5999755859375,912.0499877929688,918.7000122070312,2043767
2022-08-03,860.513916015625,897.0,917.7999877929688,893.5499877929688,915.0,2863168
2022-08-04,881.1393432617188,918.5,920.0,895.5999755859375,901.0,3151481
2022-08-05,878.6929321289062,915.9500122070312,929.0,911.9000244140625,919.5,3317738
2022-08-08,873.3688354492188,910.4000244140625,919.7999877929688,908.4000244140625,919.7999877929688,2677742
2022-08-10,882.29052734375,919.7000122070312,927.0,913.2000122070312,913.2000122070312,3077870
2022-08-11,883.5855712890625,921.0499877929688,926.9000244140625,917.4500122070312,923.0,1526395
2022-08-12,876.294677734375,913.4500122070312,922.7999877929688,907.1500244140625,921.0499877929688,1384417
2022-08-16,877.3978881835938,914.5999755859375,919.4500122070312,906.2999877929688,907.0,1635836
2022-08-17,883.345703125,920.7999877929688,926.0,915.0,919.0,1828327
2022-08-18,879.4605712890625,916.75,919.0,895.2000122070312,910.0,2989998
2022-08-19,867.5256958007812,901.3499755859375,920.7999877929688,898.0,916.0,1708425
2022-08-22,847.5062866210938,880.5499877929688,903.4500122070312,878.1500244140625,900.5,2860170
2022-08-23,855.061767578125,888.4000244140625,892.0,872.5999755859375,874.1500244140625,2314528
2022-08-24,847.9395141601562,881.0,899.9500122070312,878.0499877929688,892.0,3223687
2022-08-25,844.3782958984375,877.2999877929688,890.6500244140625,875.0,888.0,5016244
2022-08-26,847.1213989257812,880.1500244140625,890.5,878.0999755859375,882.2999877929688,1542618
2022-08-29,846.255126953125,879.25,881.0,865.0,872.0,2068888
2022-08-30,859.5372314453125,893.0499877929688,895.5,882.0,883.0,3672052
2022-09-01,839.1328125,871.8499755859375,901.9000244140625,870.4000244140625,893.0,2939235
2022-09-02,836.9190673828125,869.5499877929688,878.0,866.0,872.9000244140625,1963435
2022-09-05,851.4043579101562,884.5999755859375,886.1500244140625,864.4500122070312,869.0,2808538
2022-09-06,854.4361572265625,887.75,890.7000122070312,882.5499877929688,887.0,2252661
2022-09-07,860.2109985351562,893.75,896.4000244140625,879.5,879.5,1698682
2022-09-08,860.7403564453125,894.2999877929688,900.75,887.0,898.25,1772605
2022-09-09,856.6017456054688,890.0,901.9000244140625,886.7000122070312,894.5,1405210
2022-09-12,854.3880615234375,887.7000122070312,895.1500244140625,885.0999755859375,891.2000122070312,1571387
2022-09-13,856.7461547851562,890.1500244140625,893.2999877929688,883.5,889.8499755859375,2216354
2022-09-14,850.5863037109375,883.75,897.7000122070312,880.0499877929688,884.5999755859375,1889322
2022-09-15,841.4908447265625,874.2999877929688,888.1500244140625,871.0999755859375,883.0,1780723
2022-09-16,835.475341796875,868.0499877929688,890.5,865.7999877929688,878.7000122070312,5625488
2022-09-19,842.0201416015625,874.8499755859375,876.9500122070312,856.7999877929688,872.4000244140625,1920725
2022-09-20,877.72802734375,911.9500122070312,914.75,876.7999877929688,877.5499877929688,4408042
2022-09-21,871.3274536132812,905.2999877929688,922.5,902.6500244140625,918.5499877929688,4153228
2022-09-22,873.9263305664062,908.0,911.25,895.2999877929688,899.9000244140625,2317690
2022-09-23,886.5346069335938,921.0999755859375,926.7000122070312,902.5999755859375,902.5999755859375,4802181
2022-09-26,866.9002075195312,900.7000122070312,926.3499755859375,899.0499877929688,917.9500122070312,3760536
2022-09-27,863.4834594726562,897.1500244140625,909.8499755859375,894.4000244140625,905.25,3096645
2022-09-28,883.4065551757812,917.8499755859375,926.0,892.0499877929688,894.0,5559336
2022-09-29,895.7744140625,930.7000122070312,955.5,925.0999755859375,925.0999755859375,8519098
2022-09-30,913.0508422851562,948.6500244140625,950.9500122070312,930.0,933.9500122070312,4182345
2022-10-03,909.0565795898438,944.5,967.8499755859375,942.75,952.9500122070312,4444578
2022-10-04,909.1046752929688,944.5499877929688,956.2999877929688,943.0499877929688,955.7000122070312,1856830
2022-10-06,918.103759765625,953.9000244140625,962.0,947.5499877929688,954.7000122070312,3449485
2022-10-07,919.3070068359375,955.1500244140625,961.5499877929688,946.2000122070312,953.0,1762328
2022-10-10,910.5484008789062,946.0499877929688,954.25,935.25,945.9500122070312,1683827
2022-10-11,909.2971801757812,944.75,951.9000244140625,940.0,950.7999877929688,2426935
2022-10-12,919.69189453125,955.5499877929688,960.0,941.0499877929688,946.0,2875040
2022-10-13,932.0596923828125,968.4000244140625,973.75,951.5,956.8499755859375,4498223
2022-10-14,939.6632080078125,976.2999877929688,979.9000244140625,964.0,976.0,3307000
2022-10-17,943.2244262695312,980.0,985.0,973.2999877929688,976.2999877929688,2647369
2022-10-18,941.6362915039062,978.3499755859375,985.0,972.75,983.75,2065146
2022-10-19,940.2407836914062,976.9000244140625,980.7000122070312,965.0499877929688,975.5999755859375,2424533
2022-10-20,943.5612182617188,980.3499755859375,982.8499755859375,966.5499877929688,970.0,1669666
2022-10-21,941.0108032226562,977.7000122070312,991.9000244140625,975.75,981.0,1791608
2022-10-24,949.9616088867188,987.0,989.9500122070312,982.0999755859375,986.0,191840
2022-10-25,954.3408813476562,991.5499877929688,997.3499755859375,985.5,991.9500122070312,2119595
2022-10-27,973.6867065429688,1011.6500244140625,1013.4000244140625,992.5,999.0,4379157
2022-10-28,952.84912109375,990.0,1003.5,987.5499877929688,1002.0,3934980
2022-10-31,978.73974609375,1016.9000244140625,1027.300048828125,991.2000122070312,994.9500122070312,3546309
2022-11-01,997.700439453125,1036.5999755859375,1049.0,1019.1500244140625,1021.9500122070312,5264069
2022-11-02,1012.4742431640625,1051.949951171875,1070.949951171875,1032.6500244140625,1038.800048828125,5923662
2022-11-03,1005.01513671875,1044.199951171875,1055.5999755859375,1039.550048828125,1045.0,2386317
2022-11-04,1000.87646484375,1039.9000244140625,1046.4000244140625,1031.449951171875,1045.300048828125,1576349
2022-11-07,989.7599487304688,1028.3499755859375,1049.949951171875,1021.0,1045.0,2853521
2022-11-09,975.5153198242188,1013.5499877929688,1036.6500244140625,1010.0,1020.0499877929688,2268760
2022-11-10,972.7243041992188,1010.6500244140625,1022.2999877929688,1006.75,1010.0,2419991
2022-11-11,975.5153198242188,1013.5499877929688,1031.449951171875,1009.8499755859375,1015.75,2390487
2022-11-14,978.73974609375,1016.9000244140625,1021.4000244140625,1002.0,1018.6500244140625,1764788
2022-11-15,977.921630859375,1016.0499877929688,1022.0,1004.4500122070312,1022.0,1703050
2022-11-16,980.424072265625,1018.6500244140625,1022.7999877929688,1007.0999755859375,1007.0999755859375,1485506
2022-11-17,975.3228149414062,1013.3499755859375,1030.5,1010.4500122070312,1023.2999877929688,1758031
2022-11-18,971.7135620117188,1009.5999755859375,1017.8499755859375,1006.0,1015.25,1130682
2022-11-21,965.5057373046875,1003.1500244140625,1012.7999877929688,993.5,1003.0,1108922
2022-11-22,972.19482421875,1010.0999755859375,1012.4000244140625,996.25,1006.1500244140625,1723123
2022-11-23,979.4615478515625,1017.6500244140625,1019.0999755859375,1009.4500122070312,1015.2000122070312,1311376
2022-11-24,996.2566528320312,1035.0999755859375,1037.4000244140625,1013.7999877929688,1020.6500244140625,1994268
2022-11-25,995.0535888671875,1033.8499755859375,1037.949951171875,1026.949951171875,1037.949951171875,1948596
2022-11-28,995.9198608398438,1034.75,1041.5,1027.949951171875,1033.0,1427648
2022-11-29,1010.4531860351562,1049.8499755859375,1051.199951171875,1034.0,1035.0,1179559
2022-11-30,1006.7958984375,1046.050048828125,1058.300048828125,1039.3499755859375,1053.0,3060171
2022-12-01,1007.1806030273438,1046.449951171875,1057.8499755859375,1039.5999755859375,1055.0,1878374
2022-12-02,1000.9727783203125,1040.0,1049.8499755859375,1034.800048828125,1048.300048828125,2284133
2022-12-05,1000.3954467773438,1039.4000244140625,1045.949951171875,1030.75,1042.1500244140625,2294634
2022-12-06,994.7648315429688,1033.550048828125,1040.0,1023.25,1039.4000244140625,1321211
2022-12-07,979.5577392578125,1017.75,1037.1500244140625,1015.3499755859375,1036.550048828125,2954262
2022-12-08,943.9943237304688,980.7999877929688,1018.0,975.0,1015.0,10021644
2022-12-09,955.592041015625,992.8499755859375,997.0,980.0,980.7999877929688,4231753
2022-12-12,950.3467407226562,987.4000244140625,995.0,980.1500244140625,994.9000244140625,1875104
2022-12-13,957.3246459960938,994.6500244140625,996.3499755859375,979.7999877929688,980.0,1863361
2022-12-14,962.7144775390625,1000.25,1003.0,994.5499877929688,999.0,1570685
2022-12-15,964.5912475585938,1002.2000122070312,1007.0,998.0999755859375,1001.0,1304660
2022-12-16,956.3621215820312,993.6500244140625,1005.0999755859375,987.5999755859375,998.1500244140625,2618988
2022-12-19,950.8760375976562,987.9500122070312,993.1500244140625,973.7000122070312,987.5999755859375,1547342
2022-12-20,951.2610473632812,988.3499755859375,990.6500244140625,979.4000244140625,987.9500122070312,1352408
2022-12-21,967.8637084960938,1005.5999755859375,1009.5,988.4000244140625,992.0,2043630
2022-12-22,972.7243041992188,1010.6500244140625,1034.050048828125,1007.0499877929688,1019.9500122070312,5163443
2022-12-23,963.9657592773438,1001.5499877929688,1027.8499755859375,998.4500122070312,1012.0,3612433
2022-12-26,962.52197265625,1000.0499877929688,1011.7999877929688,988.7000122070312,1010.0,2307374
2022-12-27,962.6182861328125,1000.1500244140625,1015.75,993.0,1000.25,1870105
2022-12-28,957.6614379882812,995.0,1010.5999755859375,993.0,998.9000244140625,1686511
2022-12-29,963.003173828125,1000.5499877929688,1004.7000122070312,989.0999755859375,998.5499877929688,2162872
2022-12-30,963.8213500976562,1001.4000244140625,1006.7999877929688,993.75,1004.0,1629162
2023-01-02,959.5864868164062,997.0,1001.4000244140625,987.2000122070312,1001.4000244140625,1616012
2023-01-03,971.2322998046875,1009.0999755859375,1012.7999877929688,988.0,993.0,1810117
2023-01-04,966.419921875,1004.0999755859375,1025.9000244140625,1000.75,1012.0,2573870
2023-01-05,978.0659790039062,1016.2000122070312,1021.9000244140625,1008.25,1009.0999755859375,2246533
2023-01-06,970.8473510742188,1008.7000122070312,1021.7999877929688,1004.0999755859375,1015.0,1773153
2023-01-09,978.6915283203125,1016.8499755859375,1023.3499755859375,1010.5,1015.0,1567316
2023-01-10,973.879150390625,1011.8499755859375,1024.0,1010.0499877929688,1016.0,1607654
2023-01-11,989.4231567382812,1028.0,1033.050048828125,1008.3499755859375,1012.0,3258157
2023-01-12,994.0910034179688,1032.8499755859375,1035.449951171875,1021.1500244140625,1031.949951171875,1641398
2023-01-13,992.887939453125,1031.5999755859375,1035.0,1020.1500244140625,1031.1500244140625,1491367
2023-01-16,996.5935668945312,1035.449951171875,1039.5,1026.0999755859375,1031.5999755859375,1437532
2023-01-17,993.9467163085938,1032.699951171875,1036.0,1026.800048828125,1035.449951171875,1245848
2023-01-18,1001.0689697265625,1040.0999755859375,1041.5,1030.1500244140625,1032.699951171875,1238451
2023-01-19,1001.5022583007812,1040.550048828125,1044.0,1036.0,1038.0999755859375,824263
2023-01-20,991.6848754882812,1030.3499755859375,1047.5,1016.8499755859375,1044.050048828125,2963571
2023-01-23,1009.9237670898438,1049.300048828125,1054.9000244140625,1022.5,1035.0,2106604
2023-01-24,1001.646484375,1040.699951171875,1050.949951171875,1034.550048828125,1050.0,2088556
2023-01-25,1001.02099609375,1040.050048828125,1045.6500244140625,1030.300048828125,1030.300048828125,1753333
2023-01-27,1004.2453002929688,1043.4000244140625,1051.0,1034.0,1044.949951171875,3448013
2023-01-30,1012.2338256835938,1051.699951171875,1072.1500244140625,1040.199951171875,1041.949951171875,3320916
2023-01-31,995.67919921875,1034.5,1060.300048828125,1026.050048828125,1055.0,5265462
2023-02-01,976.8147583007812,1014.9000244140625,1043.949951171875,1005.0999755859375,1036.449951171875,4717887
2023-02-02,969.7885131835938,1007.5999755859375,1015.7000122070312,993.0,1009.9500122070312,2117181
2023-02-03,989.5675659179688,1028.1500244140625,1032.449951171875,1001.6500244140625,1007.0,2332076
2023-02-06,984.9476318359375,1023.3499755859375,1025.949951171875,1012.75,1020.0,1215157
2023-02-07,968.6336669921875,1006.4000244140625,1028.5,1002.0,1026.25,2360600
2023-02-08,982.3065185546875,1013.0,1016.9000244140625,997.4000244140625,1004.7999877929688,1815142
2023-02-09,976.2943725585938,1006.7999877929688,1021.2000122070312,1001.4000244140625,1003.0,1474402
2023-02-10,976.100341796875,1006.5999755859375,1014.3499755859375,996.7000122070312,1006.7999877929688,1530150
2023-02-13,984.4883422851562,1015.25,1017.3499755859375,1002.0,1008.25,1355766
2023-02-14,976.2457885742188,1006.75,1018.0499877929688,1003.25,1018.0,1832842
2023-02-15,965.23974609375,995.4000244140625,1006.4000244140625,990.5499877929688,1002.0,2251350
2023-02-16,964.9973754882812,995.1500244140625,1010.0,991.2000122070312,998.9000244140625,1678410
2023-02-17,954.6700439453125,984.5,996.5,982.0,992.2000122070312,1847026
2023-02-20,954.572998046875,984.4000244140625,991.6500244140625,974.9500122070312,990.1500244140625,2157871
2023-02-21,942.1608276367188,971.5999755859375,990.7999877929688,969.1500244140625,990.0,1771813
2023-02-22,939.2031860351562,968.5499877929688,978.0,966.0,971.5499877929688,2605147
2023-02-23,943.0336303710938,972.5,977.25,964.0499877929688,973.0,2835983
2023-02-24,941.0941772460938,970.5,983.3499755859375,963.7000122070312,970.5999755859375,1823835
2023-02-27,935.809326171875,965.0499877929688,972.5499877929688,960.0499877929688,970.5,1548675
2023-02-28,927.6153564453125,956.5999755859375,976.0,954.0,969.0,3819644
2023-03-01,930.2334594726562,959.2999877929688,966.0499877929688,951.0,951.0,1862513
2023-03-02,936.0517578125,965.2999877929688,967.0,951.0999755859375,960.0,1510195
2023-03-03,937.6033325195312,966.9000244140625,969.75,958.1500244140625,967.0499877929688,2215832
2023-03-06,936.0032348632812,965.25,979.5,963.7999877929688,970.0,1989152
2023-03-08,928.4880981445312,957.5,965.0,947.0,960.0,4734482
2023-03-09,923.83349609375,952.7000122070312,959.4000244140625,947.1500244140625,957.5,2994556
2023-03-10,926.59716796875,955.5499877929688,957.5,946.0999755859375,946.5,2001392
2023-03-13,925.1911010742188,954.0999755859375,959.9000244140625,947.5499877929688,955.0999755859375,1412106
2023-03-14,928.1972045898438,957.2000122070312,963.75,950.2999877929688,953.5,1879695
2023-03-15,922.572998046875,951.4000244140625,964.9000244140625,949.3499755859375,952.0,2189113
2023-03-16,938.0881958007812,967.4000244140625,970.0,951.7000122070312,955.25,2228093
2023-03-17,928.68212890625,957.7000122070312,968.7000122070312,952.75,968.5499877929688,2218687
2023-03-20,932.075927734375,961.2000122070312,962.6500244140625,947.3499755859375,950.0,1955757
2023-03-21,927.2274169921875,956.2000122070312,965.0,953.25,965.0,1687239
2023-03-22,942.5972290039062,972.0499877929688,974.4000244140625,956.5999755859375,957.0,1626129
2023-03-23,948.027587890625,977.6500244140625,982.9500122070312,972.0,975.0,1857923
2023-03-24,943.3729858398438,972.8499755859375,979.0,968.0,977.5999755859375,1534322
2023-03-27,953.65185546875,983.4500122070312,990.9500122070312,963.0,980.0,2473222
2023-03-28,954.379150390625,984.2000122070312,987.7999877929688,976.2999877929688,987.0,1394675
2023-03-29,961.8458251953125,991.9000244140625,996.5,979.0,985.6500244140625,3045795
2023-03-31,953.3123779296875,983.0999755859375,995.2000122070312,981.4000244140625,995.2000122070312,1822710
2023-04-03,949.3850708007812,979.0499877929688,988.0,976.2000122070312,981.0,1671570
2023-04-05,966.936767578125,997.1500244140625,999.0,975.2999877929688,985.0,1544121
2023-04-06,981.4336547851562,1012.0999755859375,1014.0,993.4000244140625,997.1500244140625,1423990
2023-04-10,978.039794921875,1008.5999755859375,1016.9500122070312,1006.6500244140625,1015.0,1110974
2023-04-11,978.6701049804688,1009.25,1022.25,1007.5499877929688,1008.5999755859375,1786844
2023-04-12,985.894287109375,1016.7000122070312,1020.2000122070312,1005.25,1015.5,3246327
2023-04-13,973.0943603515625,1003.5,1023.8499755859375,1002.0,1022.2999877929688,1445693
2023-04-17,968.4397583007812,998.7000122070312,1009.9000244140625,995.0499877929688,999.4500122070312,1768817
2023-04-18,974.3548583984375,1004.7999877929688,1006.25,988.2999877929688,999.0,1217390
2023-04-19,965.3367309570312,995.5,1009.4000244140625,993.0,1003.5,2174563
2023-04-20,957.8215942382812,987.75,1002.0999755859375,983.75,999.0999755859375,1638094
2023-04-21,959.4700927734375,989.4500122070312,994.2999877929688,984.9500122070312,994.2999877929688,1216575
2023-04-24,949.482177734375,979.1500244140625,982.5,959.25,975.0,3485350
2023-04-25,943.0336303710938,972.5,982.9000244140625,967.0,980.0,2377746
2023-04-26,941.821533203125,971.25,976.7999877929688,963.2000122070312,975.7999877929688,2911028
2023-04-27,949.0457763671875,978.7000122070312,981.5999755859375,963.5499877929688,968.0,2777173
2023-04-28,957.7246704101562,987.6500244140625,992.5,979.1500244140625,984.9500122070312,2009995
2023-05-02,943.56689453125,973.0499877929688,988.9000244140625,970.2999877929688,987.6500244140625,3152556
2023-05-03,934.4031982421875,963.5999755859375,972.4000244140625,959.5,970.5,3087472
2023-05-04,944.4881591796875,974.0,975.9000244140625,965.1500244140625,967.6500244140625,1197830
2023-05-05,941.0457153320312,970.4500122070312,977.25,967.8499755859375,974.0,1062645
2023-05-08,932.706298828125,961.8499755859375,969.0,961.0,962.0,2676958
2023-05-09,928.4396362304688,957.4500122070312,966.8499755859375,949.5,961.9000244140625,6902170
2023-05-10,924.900146484375,953.7999877929688,959.9500122070312,951.5999755859375,957.0,2180917
2023-05-11,931.9304809570312,961.0499877929688,963.9000244140625,952.0,953.7999877929688,1296607
2023-05-12,927.0335693359375,956.0,963.0999755859375,952.0,961.0,2014927
2023-05-15,924.1245727539062,953.0,955.75,948.0499877929688,953.0,1814239
2023-05-16,912.4395141601562,940.9500122070312,962.5499877929688,938.0,953.0,2625163
2023-05-17,907.591064453125,935.9500122070312,945.2999877929688,928.8499755859375,941.25,2956985
2023-05-18,901.4820556640625,929.6500244140625,943.0,922.4500122070312,943.0,3014019
2023-05-19,897.7970581054688,925.8499755859375,934.4000244140625,924.2999877929688,932.0,1309343
2023-05-22,909.045654296875,937.4500122070312,942.75,922.8499755859375,925.8499755859375,1382485
2023-05-23,903.3728637695312,931.5999755859375,956.2000122070312,929.0999755859375,937.5,3057684
2023-05-24,923.30029296875,952.1500244140625,954.7999877929688,932.5999755859375,935.5,2953574
2023-05-25,916.3668823242188,945.0,951.7000122070312,942.7000122070312,949.7000122070312,2331464
2023-05-26,940.512451171875,969.9000244140625,976.7000122070312,937.0,943.9500122070312,4137189
2023-05-29,939.1063842773438,968.4500122070312,973.25,946.4000244140625,969.9500122070312,5344765
2023-05-30,930.5244750976562,959.5999755859375,967.4500122070312,956.2999877929688,965.0,2624815
2023-05-31,945.7972412109375,975.3499755859375,979.2999877929688,960.75,965.0,5595631
2023-06-01,957.7730102539062,987.7000122070312,990.4500122070312,975.0,979.7999877929688,3261906
2023-06-02,969.3123779296875,999.5999755859375,1003.7000122070312,981.0,986.5499877929688,3734815
2023-06-05,978.185302734375,1008.75,1017.7000122070312,998.5,1005.3499755859375,3629780
2023-06-06,983.0822143554688,1013.7999877929688,1015.9500122070312,1004.0,1008.9000244140625,1632644
2023-06-07,983.8579711914062,1014.5999755859375,1017.5,1010.0,1015.0,1608613
2023-06-08,957.0941772460938,987.0,1016.0,983.25,1015.0,3395935
2023-06-09,954.13671875,983.9500122070312,990.7000122070312,981.0,984.0,2306206
2023-06-12,955.5912475585938,985.4500122070312,989.9000244140625,981.0499877929688,987.9000244140625,593319
2023-06-13,958.160888671875,988.0999755859375,996.0,985.5499877929688,990.0,2413311
2023-06-14,956.8034057617188,986.7000122070312,995.0,984.25,991.5999755859375,2139387
2023-06-15,958.4518432617188,988.4000244140625,994.7999877929688,985.7000122070312,988.5,2731724
2023-06-16,961.9427490234375,992.0,994.6500244140625,987.2000122070312,990.0,3611214
2023-06-19,971.4457397460938,1001.7999877929688,1006.7000122070312,993.75,995.1500244140625,1327862
2023-06-20,961.894287109375,991.9500122070312,1007.75,989.5999755859375,1007.6500244140625,1445688
2023-06-21,961.8458251953125,991.9000244140625,993.8499755859375,983.5999755859375,991.9500122070312,1396686
2023-06-22,960.2942504882812,990.2999877929688,996.2000122070312,987.0999755859375,987.0999755859375,5384143
2023-06-23,961.4094848632812,991.4500122070312,995.9500122070312,977.2999877929688,994.0,1218237
2023-06-26,964.803466796875,994.9500122070312,1003.7999877929688,991.4500122070312,994.0,2066932
2023-06-27,971.4457397460938,1001.7999877929688,1003.3499755859375,986.0,999.9500122070312,4647465
2023-06-28,990.83984375,1021.7999877929688,1025.550048828125,995.0,995.0,5296330
2023-06-30,1019.7368774414062,1051.5999755859375,1055.0,1020.0499877929688,1021.75,4765060
2023-07-03,1001.4094848632812,1032.699951171875,1053.6500244140625,1030.0,1053.0,2338356
2023-07-04,1017.0217895507812,1048.800048828125,1053.9000244140625,1029.9000244140625,1040.0,1549174
2023-07-05,1013.0460205078125,1044.699951171875,1057.699951171875,1042.6500244140625,1055.0,1840716
2023-07-06,1010.9127197265625,1042.5,1056.5999755859375,1040.0,1040.0,2551103
2023-07-07,1004.318603515625,1035.699951171875,1051.199951171875,1028.75,1033.5,1721224
2023-07-10,1013.3369750976562,1045.0,1051.0,1031.0999755859375,1036.0,1221769
2023-07-11,1039.76123046875,1072.25,1074.75,1049.050048828125,1052.0,4369937
2023-07-12,1046.064208984375,1078.75,1083.75,1070.0,1075.0,5088473
2023-07-13,1043.0582275390625,1075.6500244140625,1081.9000244140625,1071.699951171875,1081.9000244140625,1541690
2023-07-14,1040.4398193359375,1072.949951171875,1080.0,1065.0,1079.949951171875,2641580
2023-07-17,1044.9490966796875,1077.5999755859375,1081.050048828125,1070.5,1073.699951171875,1254025
2023-07-18,1034.81591796875,1067.1500244140625,1078.9000244140625,1064.3499755859375,1078.449951171875,2238739
2023-07-19,1049.0703125,1081.8499755859375,1086.0,1063.8499755859375,1067.1500244140625,2311282
2023-07-20,1064.3917236328125,1097.6500244140625,1104.5,1082.300048828125,1086.050048828125,5218991
2023-07-21,1063.9068603515625,1097.1500244140625,1104.199951171875,1090.3499755859375,1103.4000244140625,1879610
2023-07-24,1067.058349609375,1100.4000244140625,1107.3499755859375,1092.5,1094.0,2130036
2023-07-25,1061.8704833984375,1095.050048828125,1110.0,1090.800048828125,1110.0,1702900
2023-07-26,1078.306640625,1112.0,1114.4000244140625,1094.0999755859375,1097.050048828125,1321572
2023-07-27,1100.561279296875,1134.949951171875,1155.3499755859375,1116.300048828125,1128.0,6366612
2023-07-28,1107.9571533203125,1138.550048828125,1143.9000244140625,1121.6500244140625,1129.949951171875,2677679
2023-07-31,1112.6768798828125,1143.4000244140625,1145.0,1127.0,1140.0,1718336
2023-08-01,1112.7254638671875,1143.449951171875,1152.6500244140625,1136.0,1143.4000244140625,1448567
2023-08-02,1104.7457275390625,1135.25,1144.300048828125,1126.449951171875,1143.949951171875,1731918
2023-08-03,1110.34130859375,1141.0,1169.699951171875,1122.3499755859375,1130.25,8460399
2023-08-04,1108.346435546875,1138.949951171875,1145.0,1121.050048828125,1129.0,3527805
2023-08-07,1129.609375,1160.800048828125,1166.75,1133.5,1138.949951171875,3353219
2023-08-08,1117.785888671875,1148.6500244140625,1164.5999755859375,1139.949951171875,1162.199951171875,3073468
2023-08-09,1121.8243408203125,1152.800048828125,1159.300048828125,1140.300048828125,1151.1500244140625,1306791
2023-08-10,1119.3916015625,1150.300048828125,1157.9000244140625,1143.5999755859375,1150.5999755859375,1443067
2023-08-11,1101.9237060546875,1132.3499755859375,1151.0,1130.5,1150.050048828125,1756630
2023-08-14,1103.772705078125,1134.25,1142.0,1120.5,1131.0,1824622
2023-08-16,1112.9202880859375,1143.6500244140625,1145.5,1121.8499755859375,1134.949951171875,1224080
2023-08-17,1114.039306640625,1144.800048828125,1148.949951171875,1137.5,1143.6500244140625,1964341
2023-08-18,1104.4053955078125,1134.9000244140625,1149.300048828125,1129.0,1141.0,1473774
2023-08-21,1106.8382568359375,1137.4000244140625,1143.9000244140625,1127.1500244140625,1129.949951171875,941384
2023-08-22,1106.9840087890625,1137.550048828125,1147.0,1130.0,1135.0,1438879
2023-08-23,1093.5062255859375,1123.699951171875,1130.449951171875,1110.5999755859375,1128.0,3050418
2023-08-24,1088.25146484375,1118.300048828125,1133.0999755859375,1113.199951171875,1123.5999755859375,1575291
2023-08-25,1076.5738525390625,1106.300048828125,1123.300048828125,1100.25,1118.0,1515282
2023-08-28,1086.986083984375,1117.0,1124.1500244140625,1105.1500244140625,1110.050048828125,1959645
2023-08-29,1081.7313232421875,1111.5999755859375,1125.050048828125,1106.449951171875,1125.050048828125,1749707
2023-08-30,1084.942626953125,1114.9000244140625,1119.1500244140625,1110.5,1117.5,1543173
2023-08-31,1081.7313232421875,1111.5999755859375,1118.8499755859375,1101.699951171875,1118.8499755859375,4782404
2023-09-01,1079.201171875,1109.0,1117.5,1105.75,1112.0,2715249
2023-09-04,1079.10400390625,1108.9000244140625,1114.0,1102.0,1114.0,1205294
2023-09-05,1101.48583984375,1131.9000244140625,1136.0,1107.199951171875,1110.0,1698118
2023-09-06,1111.655029296875,1142.3499755859375,1149.0,1129.050048828125,1137.0,2960249
2023-09-07,1102.60498046875,1133.050048828125,1141.449951171875,1128.5999755859375,1140.0,1863837
2023-09-08,1100.07470703125,1130.449951171875,1138.050048828125,1128.5,1133.0,1789037
2023-09-11,1106.3515625,1136.9000244140625,1140.0,1125.699951171875,1130.449951171875,2032253
2023-09-12,1114.477294921875,1145.25,1153.800048828125,1137.0999755859375,1142.050048828125,3989578
2023-09-13,1117.883056640625,1148.75,1156.699951171875,1142.300048828125,1149.0,2115524
2023-09-14,1113.066162109375,1143.800048828125,1150.9000244140625,1138.75,1148.75,2065163
2023-09-15,1118.9049072265625,1149.800048828125,1153.800048828125,1144.0,1144.0,2404169
2023-09-18,1116.812744140625,1147.6500244140625,1157.0,1142.550048828125,1149.0,962842
2023-09-20,1122.1649169921875,1153.1500244140625,1156.0,1139.0,1148.0,2303191
2023-09-21,1115.35302734375,1146.1500244140625,1156.949951171875,1141.1500244140625,1149.0,2088934
2023-09-22,1101.9237060546875,1132.3499755859375,1148.0,1128.300048828125,1142.5,1585418
2023-09-25,1093.8468017578125,1124.050048828125,1136.800048828125,1121.6500244140625,1126.199951171875,1009279
2023-09-26,1095.598388671875,1125.8499755859375,1130.0,1118.5,1125.0,1966198
2023-09-27,1109.319580078125,1139.949951171875,1145.9000244140625,1123.199951171875,1126.1500244140625,2332018
2023-09-28,1101.8751220703125,1132.300048828125,1152.0,1128.8499755859375,1142.949951171875,2685663
2023-09-29,1127.5172119140625,1158.6500244140625,1167.4000244140625,1134.300048828125,1134.300048828125,2288577
2023-10-03,1110.7791748046875,1141.449951171875,1161.949951171875,1139.25,1159.550048828125,1946966
2023-10-04,1093.6036376953125,1123.800048828125,1139.0,1113.0,1138.0999755859375,1803871
2023-10-05,1089.02978515625,1119.0999755859375,1128.6500244140625,1111.800048828125,1124.6500244140625,2348562
2023-10-06,1097.0096435546875,1127.300048828125,1132.1500244140625,1123.0999755859375,1128.0,1056281
2023-10-09,1092.8736572265625,1123.050048828125,1133.800048828125,1109.0,1111.0,1080276
2023-10-10,1096.23095703125,1126.5,1130.4000244140625,1119.800048828125,1122.0,1092093
2023-10-11,1098.42041015625,1128.75,1134.449951171875,1122.3499755859375,1128.0,1456045
2023-10-12,1100.0263671875,1130.4000244140625,1132.550048828125,1121.199951171875,1129.0,1221965
2023-10-13,1114.5257568359375,1145.300048828125,1147.199951171875,1122.0,1126.0999755859375,1934884
2023-10-16,1104.794677734375,1135.300048828125,1147.25,1133.050048828125,1141.5,1144308
2023-10-17,1106.2542724609375,1136.800048828125,1144.0,1134.0,1138.6500244140625,798807
2023-10-18,1122.408203125,1153.4000244140625,1161.800048828125,1134.050048828125,1137.0,2178517
2023-10-19,1110.8280029296875,1141.5,1150.0,1135.0,1147.4000244140625,1765065
2023-10-20,1111.5089111328125,1142.199951171875,1145.0,1133.0999755859375,1138.0,957910
2023-10-23,1092.289794921875,1122.449951171875,1149.199951171875,1118.0,1135.0,702730
2023-10-25,1090.1976318359375,1120.300048828125,1129.699951171875,1112.800048828125,1125.0,1800673
2023-10-26,1074.0435791015625,1103.699951171875,1117.949951171875,1097.5,1115.949951171875,2223975
2023-10-27,1081.4393310546875,1111.300048828125,1119.800048828125,1107.6500244140625,1112.0,1250965
2023-10-30,1085.2344970703125,1115.199951171875,1119.949951171875,1103.8499755859375,1115.699951171875,1078813
2023-10-31,1059.3492431640625,1088.5999755859375,1119.5999755859375,1068.3499755859375,1119.449951171875,6475786
2023-11-01,1086.2076416015625,1116.199951171875,1132.550048828125,1082.5999755859375,1092.0,3973264
2023-11-02,1102.410400390625,1132.8499755859375,1137.550048828125,1110.5999755859375,1127.8499755859375,3454692
2023-11-03,1110.4384765625,1141.0999755859375,1145.699951171875,1131.5,1138.5,1741756
2023-11-06,1119.0994873046875,1150.0,1151.0,1140.0,1140.0999755859375,1428537
2023-11-07,1139.486572265625,1170.949951171875,1173.550048828125,1146.550048828125,1149.0,1811831
2023-11-08,1145.08203125,1176.699951171875,1182.9000244140625,1171.0,1175.0,1702301
2023-11-09,1144.595458984375,1176.199951171875,1183.25,1166.8499755859375,1181.0,1849169
2023-11-10,1147.660888671875,1179.3499755859375,1181.5,1170.0999755859375,1174.050048828125,957539
2023-11-13,1146.152587890625,1177.800048828125,1187.550048828125,1173.75,1180.0999755859375,816825
2023-11-15,1149.1693115234375,1180.9000244140625,1184.4000244140625,1171.0,1179.5,2246320
2023-11-16,1157.5869140625,1189.550048828125,1194.9000244140625,1179.5999755859375,1182.0,2205723
2023-11-17,1162.5009765625,1194.5999755859375,1198.4000244140625,1187.949951171875,1189.800048828125,891965
2023-11-20,1156.078369140625,1188.0,1198.25,1185.25,1196.0,1054810
2023-11-21,1169.118408203125,1201.4000244140625,1205.0,1186.25,1189.0,999135
2023-11-22,1171.745849609375,1204.0999755859375,1214.800048828125,1199.0,1205.0,1401782
2023-11-23,1166.5882568359375,1198.800048828125,1209.9000244140625,1194.75,1203.550048828125,1177434
2023-11-24,1163.3282470703125,1195.449951171875,1209.5999755859375,1192.800048828125,1200.0,1376695
2023-11-28,1159.3382568359375,1191.3499755859375,1200.3499755859375,1189.75,1197.1500244140625,886708
2023-11-29,1169.8968505859375,1202.199951171875,1209.5,1184.5,1191.949951171875,1813462
2023-11-30,1192.9114990234375,1225.8499755859375,1231.1500244140625,1192.3499755859375,1192.3499755859375,4672807
2023-12-01,1198.1663818359375,1231.25,1241.8499755859375,1225.0,1233.050048828125,1749751
2023-12-04,1198.0692138671875,1231.1500244140625,1240.0,1220.5,1237.25,1615837
2023-12-05,1206.2432861328125,1239.550048828125,1243.5999755859375,1220.550048828125,1225.9000244140625,930042
2023-12-06,1207.02197265625,1240.3499755859375,1258.0,1233.300048828125,1248.550048828125,1704590
2023-12-07,1206.0001220703125,1239.300048828125,1241.9000244140625,1228.9000244140625,1231.0,1478355
2023-12-08,1202.59423828125,1235.800048828125,1247.5999755859375,1230.6500244140625,1236.050048828125,1612113
2023-12-11,1208.043701171875,1241.4000244140625,1246.3499755859375,1215.0999755859375,1236.0,1172972
2023-12-12,1185.2724609375,1218.0,1250.0,1212.6500244140625,1249.0,2832873
2023-12-13,1199.966552734375,1233.0999755859375,1239.5999755859375,1212.6500244140625,1218.300048828125,2448178
2023-12-14,1198.2152099609375,1231.300048828125,1239.9000244140625,1224.25,1239.0,2341190
2023-12-15,1202.54541015625,1235.75,1246.5,1233.0,1241.0,3474624
2023-12-18,1219.088623046875,1252.75,1267.9000244140625,1234.0,1235.75,2135393
2023-12-19,1211.4981689453125,1244.949951171875,1267.949951171875,1236.5,1264.800048828125,2187458
2023-12-20,1199.042236328125,1232.1500244140625,1255.0,1228.449951171875,1255.0,1837031
2023-12-21,1200.3560791015625,1233.5,1237.949951171875,1208.550048828125,1224.0999755859375,1916222
2023-12-22,1210.2332763671875,1243.6500244140625,1251.0,1236.050048828125,1240.0,2058127
2023-12-26,1213.979736328125,1247.5,1250.0,1239.300048828125,1243.6500244140625,1796483
2023-12-27,1218.796630859375,1252.449951171875,1255.4000244140625,1241.25,1250.0,2005268
2023-12-28,1228.2359619140625,1262.1500244140625,1264.6500244140625,1249.550048828125,1254.949951171875,2043365
2023-12-29,1225.608642578125,1259.449951171875,1271.949951171875,1252.550048828125,1262.0999755859375,1840160
2024-01-01,1226.38720703125,1260.25,1263.949951171875,1252.5,1261.0,733452
2024-01-02,1261.37109375,1296.199951171875,1299.0,1257.1500244140625,1261.0,3174447
2024-01-03,1263.706787109375,1298.5999755859375,1304.6500244140625,1291.1500244140625,1296.199951171875,1699057
2024-01-04,1277.6710205078125,1312.949951171875,1328.5,1297.050048828125,1304.0,2851729
2024-01-05,1265.2635498046875,1300.199951171875,1318.0,1287.0,1318.0,2960339
2024-01-08,1270.226806640625,1305.300048828125,1309.949951171875,1299.300048828125,1305.4000244140625,1678133
2024-01-09,1288.4241943359375,1324.0,1333.449951171875,1306.8499755859375,1314.949951171875,1712486
2024-01-10,1289.2513427734375,1324.8499755859375,1333.5,1313.1500244140625,1330.050048828125,1278475
2024-01-11,1280.8824462890625,1316.25,1331.9000244140625,1310.199951171875,1328.0,1320281
2024-01-12,1290.3216552734375,1325.949951171875,1330.0,1305.550048828125,1319.0,1538242
2024-01-15,1293.63037109375,1329.3499755859375,1340.0,1321.5999755859375,1329.199951171875,1475983
2024-01-16,1278.157470703125,1313.449951171875,1331.550048828125,1307.550048828125,1330.050048828125,824502
2024-01-17,1264.0958251953125,1299.0,1320.449951171875,1294.3499755859375,1312.0,2544642
2024-01-18,1299.8582763671875,1335.75,1343.4000244140625,1290.0,1298.949951171875,2842572
2024-01-19,1299.71240234375,1335.5999755859375,1344.4000244140625,1329.1500244140625,1340.0,1605745
2024-01-23,1341.2652587890625,1378.300048828125,1394.5999755859375,1316.0,1316.0,4129729
2024-01-24,1344.9630126953125,1382.0999755859375,1390.0,1360.3499755859375,1380.0,1719845
2024-01-25,1331.5338134765625,1368.300048828125,1390.0999755859375,1348.5,1383.550048828125,1870910
2024-01-29,1363.2091064453125,1400.8499755859375,1420.8499755859375,1355.199951171875,1365.0,3413149
2024-01-30,1334.8909912109375,1371.75,1409.199951171875,1369.1500244140625,1401.9000244140625,1935332
2024-01-31,1380.3363037109375,1418.449951171875,1438.9000244140625,1366.9000244140625,1371.699951171875,5796356
2024-02-01,1370.118408203125,1407.949951171875,1430.449951171875,1398.9000244140625,1427.0,2442481
2024-02-02,1378.584716796875,1416.6500244140625,1433.8499755859375,1405.1500244140625,1409.0,1775449
2024-02-05,1424.4678955078125,1463.800048828125,1466.0,1423.5999755859375,1426.800048828125,3481964
2024-02-06,1435.464111328125,1475.0999755859375,1478.0,1446.550048828125,1450.0,1893995
2024-02-07,1455.9970703125,1496.199951171875,1500.449951171875,1480.4000244140625,1483.0,2259235
2024-02-08,1459.3057861328125,1499.5999755859375,1507.5,1485.3499755859375,1501.050048828125,2213750
2024-02-09,1502.0740966796875,1534.800048828125,1539.0,1492.25,1500.9000244140625,6343881
2024-02-12,1501.7313232421875,1534.449951171875,1555.0999755859375,1521.0999755859375,1539.8499755859375,4059288
2024-02-13,1509.316162109375,1542.199951171875,1551.0,1525.449951171875,1537.5,4687838
2024-02-14,1487.9810791015625,1520.4000244140625,1545.800048828125,1508.050048828125,1545.800048828125,2105672
2024-02-15,1477.7049560546875,1509.9000244140625,1529.050048828125,1505.550048828125,1529.050048828125,2161691
2024-02-16,1477.753662109375,1509.949951171875,1522.0,1504.8499755859375,1515.0,3480879
2024-02-19,1497.47412109375,1530.0999755859375,1532.75,1507.4000244140625,1514.8499755859375,777823
2024-02-20,1505.890869140625,1538.699951171875,1542.0,1512.25,1532.0,2230669
2024-02-21,1510.4906005859375,1543.4000244140625,1549.5,1533.0,1540.050048828125,1993748
2024-02-22,1524.8282470703125,1558.050048828125,1561.0,1535.0,1549.5999755859375,1981678
2024-02-23,1527.9600830078125,1561.25,1568.449951171875,1550.4000244140625,1558.0,1340283
2024-02-26,1523.751708984375,1556.949951171875,1566.9000244140625,1548.699951171875,1562.0,974892
2024-02-27,1549.00146484375,1582.75,1585.449951171875,1549.050048828125,1556.75,2140963
2024-02-28,1540.2911376953125,1573.8499755859375,1587.449951171875,1562.6500244140625,1586.5,578316
2024-02-29,1544.3038330078125,1577.949951171875,1587.800048828125,1556.5,1575.0,2350244
2024-03-01,1526.0025634765625,1559.25,1581.9000244140625,1548.050048828125,1580.0,4069161
2024-03-04,1519.0048828125,1552.0999755859375,1569.0999755859375,1548.9000244140625,1550.550048828125,2298105
2024-03-05,1540.6337890625,1574.199951171875,1576.4000244140625,1535.4000244140625,1553.800048828125,1408172
2024-03-06,1569.7984619140625,1604.0,1606.75,1566.4000244140625,1575.0,1761032
2024-03-07,1571.4620361328125,1605.699951171875,1619.949951171875,1600.4000244140625,1610.75,2440999
2024-03-11,1559.6201171875,1593.5999755859375,1627.0,1586.4000244140625,1615.1500244140625,2994345
2024-03-12,1550.5186767578125,1584.300048828125,1603.800048828125,1580.1500244140625,1592.199951171875,1294598
2024-03-13,1525.3665771484375,1558.5999755859375,1592.199951171875,1544.0,1581.199951171875,2881503
2024-03-14,1536.718994140625,1570.199951171875,1574.300048828125,1546.25,1567.25,3062556
2024-03-15,1515.18798828125,1548.199951171875,1573.5,1541.199951171875,1568.75,3421374
2024-03-18,1537.7467041015625,1571.25,1576.25,1543.449951171875,1548.25,2281873
2024-03-19,1515.4327392578125,1548.449951171875,1579.75,1540.4000244140625,1574.0,3692624
2024-03-20,1516.313720703125,1549.3499755859375,1559.949951171875,1520.5,1559.949951171875,3412218
2024-03-21,1531.8258056640625,1565.199951171875,1570.8499755859375,1542.550048828125,1564.800048828125,2567975
2024-03-22,1574.593994140625,1608.9000244140625,1621.0,1566.0999755859375,1568.9000244140625,4941447
2024-03-26,1564.024169921875,1598.0999755859375,1614.699951171875,1593.0999755859375,1595.050048828125,3649049
2024-03-27,1569.9453125,1604.1500244140625,1626.1500244140625,1592.0999755859375,1602.0,2530169
2024-03-28,1585.9954833984375,1620.550048828125,1634.0,1607.949951171875,1609.949951171875,4427587
2024-04-01,1594.5098876953125,1629.25,1633.75,1618.5,1631.5999755859375,1148498
2024-04-02,1587.6591796875,1622.25,1633.0,1609.9000244140625,1629.25,1921533
2024-04-03,1585.3104248046875,1619.8499755859375,1628.949951171875,1594.199951171875,1609.0,2098379
2024-04-04,1584.8211669921875,1619.3499755859375,1628.0,1587.1500244140625,1620.9000244140625,2439461
2024-04-05,1574.69189453125,1609.0,1638.8499755859375,1606.0999755859375,1611.0,1548980
2024-04-08,1565.590087890625,1599.699951171875,1618.9000244140625,1597.0,1611.0,1170390
2024-04-09,1568.3792724609375,1602.550048828125,1608.8499755859375,1591.949951171875,1601.0,1389391
2024-04-10,1569.847412109375,1604.050048828125,1608.5,1583.75,1603.050048828125,1928878
2024-04-12,1507.1630859375,1540.0,1595.0,1534.0,1595.0,8258068
2024-04-15,1507.2120361328125,1540.050048828125,1544.0999755859375,1503.800048828125,1517.5999755859375,2474028
2024-04-16,1504.765380859375,1537.550048828125,1543.300048828125,1525.1500244140625,1535.0,2058697
2024-04-18,1484.06640625,1516.4000244140625,1545.550048828125,1506.449951171875,1545.550048828125,3266796
2024-04-19,1490.329833984375,1522.800048828125,1528.300048828125,1503.699951171875,1505.0,2536516
2024-04-22,1507.2611083984375,1540.0999755859375,1548.0,1521.949951171875,1528.449951171875,1680307
2024-04-23,1452.9932861328125,1484.6500244140625,1562.449951171875,1477.699951171875,1562.0,9160422
2024-04-24,1454.0699462890625,1485.75,1503.0,1479.3499755859375,1484.6500244140625,4652803
2024-04-25,1487.736328125,1520.1500244140625,1527.300048828125,1488.6500244140625,1490.0,3846327
2024-04-26,1474.426513671875,1506.550048828125,1532.0,1500.050048828125,1531.0,1794350
2024-04-29,1489.1553955078125,1521.5999755859375,1527.800048828125,1510.050048828125,1516.0,1091667
2024-04-30,1470.0711669921875,1502.0999755859375,1529.1500244140625,1497.0,1527.0,1991646
2024-05-02,1486.61083984375,1519.0,1530.0,1502.0,1503.0,2494925
2024-05-03,1478.92822265625,1511.1500244140625,1537.0,1501.5,1527.0,3183226
2024-05-06,1496.54443359375,1529.1500244140625,1534.0,1508.75,1518.0,1240626
2024-05-07,1483.0386962890625,1515.3499755859375,1543.1500244140625,1510.0999755859375,1535.949951171875,1532550
2024-05-08,1489.30224609375,1521.75,1525.800048828125,1502.25,1510.0,1026357
2024-05-09,1462.7802734375,1494.6500244140625,1529.949951171875,1489.800048828125,1521.199951171875,1477007
2024-05-10,1474.426513671875,1506.550048828125,1526.449951171875,1491.0,1494.6500244140625,1528487
2024-05-13,1492.5318603515625,1525.050048828125,1530.0,1502.0,1513.0,1628326
2024-05-14,1512.301025390625,1545.25,1547.949951171875,1516.050048828125,1525.0,2206236
2024-05-15,1494.8316650390625,1527.4000244140625,1550.25,1520.3499755859375,1545.25,1207536
2024-05-16,1503.5419921875,1536.300048828125,1541.1500244140625,1508.300048828125,1529.0,2684392
2024-05-17,1498.7464599609375,1531.4000244140625,1537.300048828125,1520.1500244140625,1536.0,1341676
2024-05-21,1508.0928955078125,1540.949951171875,1558.300048828125,1524.0,1530.0,1791791
2024-05-22,1506.47802734375,1539.300048828125,1564.0,1505.4000244140625,1547.0,3948239
2024-05-23,1463.220458984375,1495.0999755859375,1510.0,1467.0,1510.0,11618479
2024-05-24,1454.9996337890625,1486.699951171875,1505.699951171875,1477.0999755859375,1504.0,5307322
2024-05-27,1434.7899169921875,1466.050048828125,1501.0,1460.550048828125,1486.699951171875,3474806
2024-05-28,1433.66455078125,1464.9000244140625,1479.0999755859375,1455.949951171875,1468.949951171875,2616438
2024-05-29,1447.414794921875,1478.949951171875,1495.0,1465.6500244140625,1468.0999755859375,2843365
2024-05-30,1427.9881591796875,1459.0999755859375,1477.4000244140625,1449.5,1476.0,3133423
2024-05-31,1428.6732177734375,1459.800048828125,1479.4000244140625,1440.0,1465.0,5503924
2024-06-03,1422.067138671875,1453.050048828125,1498.0,1451.0,1496.5,1855318
2024-06-04,1399.36181640625,1429.8499755859375,1476.300048828125,1377.199951171875,1461.5999755859375,5055952
2024-06-05,1455.5867919921875,1487.300048828125,1490.0,1432.0,1449.699951171875,2487724
2024-06-06,1441.298095703125,1472.699951171875,1494.0,1455.050048828125,1494.0,3004955
2024-06-07,1474.719970703125,1506.8499755859375,1510.0999755859375,1472.1500244140625,1479.9000244140625,3404664
2024-06-10,1480.8365478515625,1513.0999755859375,1521.699951171875,1505.0999755859375,1519.0,1433942
2024-06-11,1467.7713623046875,1499.75,1525.0,1497.3499755859375,1524.0,1441589
2024-06-12,1474.719970703125,1506.8499755859375,1514.550048828125,1495.8499755859375,1500.0,994784
2024-06-13,1478.5858154296875,1510.800048828125,1514.5999755859375,1498.0,1514.5999755859375,1412477
2024-06-14,1483.6748046875,1516.0,1518.0,1505.550048828125,1513.8499755859375,937490
2024-06-18,1488.519287109375,1520.949951171875,1522.8499755859375,1510.199951171875,1522.5999755859375,1478241
2024-06-19,1471.9307861328125,1504.0,1529.8499755859375,1500.0,1524.949951171875,1537367
2024-06-20,1439.63427734375,1471.0,1487.949951171875,1467.0,1487.949951171875,4168375
2024-06-21,1435.9642333984375,1467.25,1488.0,1460.9000244140625,1480.0999755859375,4426556
2024-06-24,1462.6334228515625,1494.5,1502.9000244140625,1475.050048828125,1475.050048828125,3726155
2024-06-25,1473.105224609375,1505.199951171875,1508.0,1492.300048828125,1498.050048828125,1833311
2024-06-26,1488.715087890625,1521.1500244140625,1528.9000244140625,1495.25,1502.0,2563493
2024-06-27,1483.9195556640625,1516.25,1528.050048828125,1505.0,1525.0,3881458
2024-06-28,1488.4212646484375,1520.8499755859375,1538.949951171875,1515.5999755859375,1520.0,2634599
2024-07-01,1487.6873779296875,1520.0999755859375,1530.0,1503.8499755859375,1520.8499755859375,1451094
2024-07-02,1491.55322265625,1524.050048828125,1534.9000244140625,1508.25,1514.0,1336816
2024-07-03,1501.2420654296875,1533.949951171875,1536.25,1498.300048828125,1519.3499755859375,1061099
2024-07-04,1524.6815185546875,1557.9000244140625,1571.0,1526.0,1535.0,2630823
2024-07-05,1534.9576416015625,1568.4000244140625,1574.75,1557.0,1562.0,2481046
2024-07-08,1523.21337890625,1556.4000244140625,1574.800048828125,1550.949951171875,1570.5999755859375,1120204
2024-07-09,1551.5950927734375,1585.4000244140625,1589.9000244140625,1549.800048828125,1564.800048828125,1492840
2024-07-10,1564.464599609375,1598.550048828125,1601.1500244140625,1567.5999755859375,1592.800048828125,1899956
2024-07-11,1548.0228271484375,1581.75,1602.5,1572.300048828125,1601.0,1707500
2024-07-12,1548.5628662109375,1577.300048828125,1587.3499755859375,1550.0,1582.0,1426598
2024-07-15,1557.3006591796875,1586.199951171875,1594.699951171875,1577.300048828125,1579.949951171875,832804
2024-07-16,1550.5264892578125,1579.300048828125,1595.0,1574.949951171875,1589.0,688481
2024-07-18,1565.2042236328125,1594.25,1596.5999755859375,1570.25,1575.0,1665636
2024-07-19,1540.0704345703125,1568.6500244140625,1589.75,1565.1500244140625,1584.699951171875,1649335
2024-07-22,1558.4298095703125,1587.3499755859375,1589.5,1555.050048828125,1555.050048828125,826636
2024-07-23,1572.4200439453125,1601.5999755859375,1605.6500244140625,1574.300048828125,1587.0,1502677
2024-07-24,1589.94482421875,1619.449951171875,1624.949951171875,1592.0,1602.0,2923358
2024-07-25,1635.450439453125,1665.800048828125,1681.300048828125,1602.199951171875,1614.8499755859375,5329712
2024-07-26,1683.0177001953125,1714.25,1723.800048828125,1665.0,1670.449951171875,4591049
2024-07-29,1691.853759765625,1723.25,1728.75,1692.75,1715.25,3187339
2024-07-30,1670.5982666015625,1701.5999755859375,1725.449951171875,1697.0,1716.0999755859375,1525840
2024-07-31,1688.02490234375,1719.3499755859375,1730.949951171875,1695.199951171875,1702.0999755859375,1594881
2024-08-01,1683.950439453125,1715.199951171875,1746.449951171875,1681.300048828125,1725.5,5258291
2024-08-02,1700.1005859375,1731.6500244140625,1741.800048828125,1683.8499755859375,1700.0,2992406
2024-08-05,1689.006591796875,1720.3499755859375,1758.0,1715.0,1725.0,5165558
2024-08-06,1676.4398193359375,1707.550048828125,1734.0,1703.949951171875,1725.0,1710278
2024-08-07,1702.849609375,1734.449951171875,1736.8499755859375,1709.4000244140625,1720.0,1922313
2024-08-08,1705.4024658203125,1737.050048828125,1748.6500244140625,1728.3499755859375,1735.0,2480113
2024-08-09,1703.6842041015625,1735.300048828125,1749.800048828125,1730.050048828125,1749.800048828125,751683
2024-08-12,1702.2606201171875,1733.8499755859375,1748.5,1730.050048828125,1735.0,1526788
2024-08-13,1708.3968505859375,1740.0999755859375,1751.8499755859375,1725.5999755859375,1740.0,2076963
2024-08-14,1709.9185791015625,1741.6500244140625,1753.0,1732.5999755859375,1747.5,2207250
2024-08-16,1710.99853515625,1742.75,1751.1500244140625,1728.6500244140625,1749.5999755859375,2180718
2024-08-19,1715.95654296875,1747.800048828125,1752.8499755859375,1740.6500244140625,1752.8499755859375,1363446
2024-08-20,1734.1685791015625,1766.3499755859375,1770.800048828125,1745.1500244140625,1751.800048828125,1766597
2024-08-21,1732.4996337890625,1764.6500244140625,1771.949951171875,1757.300048828125,1770.0,1184193
2024-08-22,1718.754638671875,1750.6500244140625,1769.5,1748.4000244140625,1769.5,1369554
2024-08-23,1743.3973388671875,1775.75,1781.449951171875,1751.9000244140625,1753.75,3515492
2024-08-26,1740.1572265625,1772.449951171875,1780.0,1764.5,1780.0,933372
2024-08-27,1756.798583984375,1789.4000244140625,1792.5999755859375,1767.1500244140625,1778.0,1231023
2024-08-28,1778.839599609375,1811.8499755859375,1823.0,1786.3499755859375,1796.9000244140625,1768949
2024-08-29,1766.419921875,1799.199951171875,1826.8499755859375,1790.25,1809.9000244140625,3205924
2024-08-30,1788.4609375,1821.6500244140625,1828.1500244140625,1791.300048828125,1798.1500244140625,3036374
2024-09-02,1782.86474609375,1815.949951171875,1837.0,1805.199951171875,1829.949951171875,1617946
2024-09-03,1778.4959716796875,1811.5,1839.550048828125,1805.0999755859375,1820.0,2148689
2024-09-04,1799.4569091796875,1832.8499755859375,1835.0,1801.300048828125,1811.5,2473477
2024-09-05,1793.22265625,1826.5,1843.9000244140625,1820.0,1833.199951171875,1902919
2024-09-06,1791.3082275390625,1824.550048828125,1850.0,1805.0,1819.550048828125,1701134
2024-09-09,1788.657470703125,1821.8499755859375,1835.4000244140625,1812.8499755859375,1824.550048828125,1544883
2024-09-10,1802.89306640625,1836.3499755859375,1842.25,1825.699951171875,1830.0,1460472
2024-09-11,1812.0728759765625,1845.699951171875,1857.5,1831.0999755859375,1836.4000244140625,1701900
2024-09-12,1831.4139404296875,1865.4000244140625,1871.5,1840.4000244140625,1855.1500244140625,2744070
2024-09-13,1819.9761962890625,1853.75,1865.0,1851.4000244140625,1865.0,1322430
2024-09-16,1829.008544921875,1862.949951171875,1873.3499755859375,1850.9000244140625,1862.0,1284085
2024-09-17,1832.10107421875,1866.0999755859375,1869.6500244140625,1859.25,1863.0,738265
2024-09-18,1802.549560546875,1836.0,1868.0,1829.5999755859375,1868.0,1202676
2024-09-19,1812.41650390625,1846.050048828125,1856.0,1835.0,1845.199951171875,1675819
2024-09-20,1831.757568359375,1865.75,1871.0,1841.9000244140625,1851.0999755859375,4229991
2024-09-23,1828.7630615234375,1862.699951171875,1875.0,1857.5,1867.0,812520
2024-09-24,1834.0645751953125,1868.0999755859375,1880.6500244140625,1856.0,1856.0,2528953
2024-09-25,1836.47021484375,1870.550048828125,1876.0,1858.550048828125,1874.0,956893
2024-09-26,1863.812744140625,1898.4000244140625,1905.0,1867.050048828125,1870.550048828125,2452807
2024-09-27,1913.1961669921875,1948.699951171875,1959.300048828125,1915.25,1917.949951171875,3809008
2024-09-30,1891.5970458984375,1926.699951171875,1960.3499755859375,1921.050048828125,1949.0,2608461
2024-10-01,1884.969970703125,1919.949951171875,1934.75,1902.3499755859375,1924.8499755859375,1275678
2024-10-03,1876.0357666015625,1910.8499755859375,1936.300048828125,1896.050048828125,1900.800048828125,2492195
2024-10-04,1875.2503662109375,1910.050048828125,1952.25,1903.6500244140625,1910.8499755859375,2798189
2024-10-07,1870.537841796875,1905.25,1917.949951171875,1888.050048828125,1910.050048828125,1691999
2024-10-08,1882.2210693359375,1917.1500244140625,1921.449951171875,1901.550048828125,1904.0,2309881
2024-10-09,1895.671630859375,1930.8499755859375,1947.0,1894.5,1894.550048828125,1597182
2024-10-10,1853.356689453125,1887.75,1937.949951171875,1883.9000244140625,1929.5999755859375,2383012
2024-10-11,1867.298095703125,1901.949951171875,1909.3499755859375,1890.5,1899.0,1019117
2024-10-14,1874.955810546875,1909.75,1915.75,1895.0999755859375,1903.0,676879
2024-10-15,1863.8616943359375,1898.449951171875,1920.4000244140625,1894.6500244140625,1918.0,1383203
2024-10-16,1863.910888671875,1898.5,1914.699951171875,1887.0,1908.949951171875,1401914
2024-10-17,1855.1240234375,1889.550048828125,1923.6500244140625,1879.6500244140625,1923.550048828125,1447059
2024-10-18,1875.5450439453125,1910.3499755859375,1917.9000244140625,1872.699951171875,1900.0,1203693
2024-10-21,1862.438232421875,1897.0,1920.550048828125,1890.550048828125,1918.800048828125,660583
2024-10-22,1853.160400390625,1887.550048828125,1906.0,1881.0,1892.0,1192915
2024-10-23,1805.83837890625,1839.3499755859375,1889.550048828125,1832.0,1880.050048828125,1673366
2024-10-24,1815.2144775390625,1848.9000244140625,1859.550048828125,1829.449951171875,1830.0,1739776
2024-10-25,1826.5048828125,1860.4000244140625,1875.5999755859375,1850.0999755859375,1856.800048828125,2148004
2024-10-28,1868.230712890625,1902.9000244140625,1916.0,1835.0,1863.199951171875,2445724
2024-10-29,1837.5008544921875,1871.5999755859375,1922.699951171875,1862.0,1922.0,2295542
2024-10-30,1818.356201171875,1852.0999755859375,1880.9000244140625,1820.0,1868.5,1900203
2024-10-31,1815.2144775390625,1848.9000244140625,1872.5,1842.0999755859375,1860.0,2572932
2024-11-01,1824.54150390625,1858.4000244140625,1864.949951171875,1831.550048828125,1860.0,107596
2024-11-04,1775.9432373046875,1808.9000244140625,1845.0,1760.0999755859375,1845.0,5031861
2024-11-05,1770.7398681640625,1803.5999755859375,1833.0,1799.449951171875,1805.0,1658010
2024-11-06,1794.1553955078125,1827.449951171875,1840.0,1802.199951171875,1815.550048828125,2060619
2024-11-07,1758.3201904296875,1790.949951171875,1845.0,1778.800048828125,1845.0,1909269
2024-11-08,1776.6304931640625,1809.5999755859375,1815.050048828125,1790.949951171875,1799.800048828125,1644075
2024-11-11,1761.9036865234375,1794.5999755859375,1817.6500244140625,1791.949951171875,1817.4000244140625,1069649
2024-11-12,1768.0399169921875,1800.8499755859375,1825.0,1795.0999755859375,1801.9000244140625,2471888
2024-11-13,1746.5880126953125,1779.0,1797.300048828125,1770.449951171875,1791.0,1810332
2024-11-14,1735.9847412109375,1768.199951171875,1796.0,1763.1500244140625,1779.699951171875,1473358
2024-11-18,1715.9073486328125,1747.75,1799.0,1743.199951171875,1799.0,1533025
2024-11-19,1744.8699951171875,1777.25,1806.75,1730.0,1730.050048828125,1933316
2024-11-21,1747.56982421875,1780.0,1791.449951171875,1758.050048828125,1772.0,2014349
2024-11-22,1762.5911865234375,1795.300048828125,1814.949951171875,1768.050048828125,1785.0,1420813
2024-11-25,1766.12548828125,1798.9000244140625,1830.0,1784.1500244140625,1806.0,3137448
2024-11-26,1729.505126953125,1761.5999755859375,1806.75,1753.199951171875,1806.75,1589883
2024-11-27,1717.5762939453125,1749.449951171875,1778.5999755859375,1740.25,1760.0999755859375,1982546
2024-11-28,1702.6534423828125,1734.25,1760.699951171875,1723.4000244140625,1749.449951171875,3071758
2024-11-29,1748.4534912109375,1780.9000244140625,1795.800048828125,1739.199951171875,1742.9000244140625,2427677
2024-12-02,1775.5997314453125,1808.550048828125,1814.0,1792.1500244140625,1800.0,1948045
2024-12-03,1767.254638671875,1800.050048828125,1832.0,1788.3499755859375,1831.25,1543970
2024-12-04,1767.4017333984375,1800.199951171875,1814.8499755859375,1785.0,1810.5,2320116
2024-12-05,1780.410400390625,1813.449951171875,1825.949951171875,1775.4000244140625,1808.699951171875,2742263
2024-12-06,1771.967041015625,1804.8499755859375,1823.949951171875,1801.0,1815.8499755859375,1590478
2024-12-09,1773.7342529296875,1806.6500244140625,1819.949951171875,1796.699951171875,1814.800048828125,1528215
2024-12-10,1776.97412109375,1809.949951171875,1823.0,1796.0,1821.0,2043634
2024-12-11,1780.950439453125,1814.0,1826.3499755859375,1805.050048828125,1824.300048828125,1745911
2024-12-12,1772.5562744140625,1805.449951171875,1820.0,1798.050048828125,1819.0,1082394
2024-12-13,1780.410400390625,1813.449951171875,1816.800048828125,1774.050048828125,1804.75,1391111
2024-12-16,1776.826904296875,1809.800048828125,1822.5,1792.3499755859375,1818.699951171875,1483330
2024-12-17,1756.455078125,1789.050048828125,1815.75,1783.0999755859375,1810.0,1608164
2024-12-18,1768.2364501953125,1801.050048828125,1822.449951171875,1792.800048828125,1798.0,1732860
2024-12-19,1790.0810546875,1823.300048828125,1829.4000244140625,1790.800048828125,1801.0,1924091
2024-12-20,1775.8941650390625,1808.8499755859375,1825.949951171875,1794.0999755859375,1823.300048828125,2513418
2024-12-23,1781.5394287109375,1814.5999755859375,1828.0,1796.6500244140625,1811.0,1299181
2024-12-24,1785.8592529296875,1819.0,1831.75,1803.1500244140625,1814.9000244140625,1121058
2024-12-26,1807.8021240234375,1841.3499755859375,1845.050048828125,1814.4000244140625,1820.0,1402706
2024-12-27,1827.3394775390625,1861.25,1866.0,1836.75,1845.5,1668898
2024-12-30,1849.576904296875,1883.9000244140625,1895.75,1855.0,1862.050048828125,6021550
2024-12-31,1851.982177734375,1886.3499755859375,1910.0,1868.800048828125,1876.800048828125,1844944
2025-01-01,1855.5166015625,1889.949951171875,1902.949951171875,1878.6500244140625,1889.9000244140625,1338092
2025-01-02,1843.784423828125,1878.0,1896.0,1864.949951171875,1892.0,2507223
2025-01-03,1815.950927734375,1849.6500244140625,1884.0,1844.0,1878.0,1515825
2025-01-06,1813.741943359375,1847.4000244140625,1856.5,1825.6500244140625,1850.5,1397724
2025-01-07,1819.632568359375,1853.4000244140625,1865.0,1845.6500244140625,1848.550048828125,1615649
2025-01-08,1804.2677001953125,1837.75,1862.5999755859375,1829.199951171875,1862.5999755859375,1298188
2025-01-09,1793.0753173828125,1826.3499755859375,1841.0,1814.0,1841.0,1199181
2025-01-10,1752.2823486328125,1784.800048828125,1834.5999755859375,1772.75,1825.449951171875,857827
2025-01-13,1715.0728759765625,1746.9000244140625,1785.550048828125,1742.449951171875,1784.5999755859375,1645287
2025-01-14,1738.5865478515625,1770.8499755859375,1784.050048828125,1742.0999755859375,1755.0,1962645
2025-01-15,1724.841552734375,1756.8499755859375,1775.0,1747.699951171875,1772.800048828125,857867
2025-01-16,1731.174072265625,1763.300048828125,1775.5999755859375,1740.800048828125,1775.050048828125,2180496
2025-01-17,1754.00048828125,1786.550048828125,1791.949951171875,1767.5999755859375,1779.0,1163986
2025-01-20,1745.851806640625,1778.25,1800.449951171875,1768.300048828125,1789.3499755859375,1341246
2025-01-21,1730.5849609375,1762.699951171875,1805.75,1759.5,1772.0999755859375,2489267
2025-01-22,1766.174560546875,1798.949951171875,1803.5999755859375,1773.8499755859375,1777.0,2262270
2025-01-23,1800.1932373046875,1833.5999755859375,1839.75,1786.050048828125,1788.0999755859375,1974760
2025-01-24,1789.0009765625,1822.199951171875,1843.0999755859375,1808.199951171875,1829.0,1277935
2025-01-27,1754.2950439453125,1786.8499755859375,1824.25,1774.300048828125,1818.0999755859375,1452975
2025-01-28,1674.42724609375,1705.5,1780.0,1693.0999755859375,1779.800048828125,5972497
2025-01-29,1703.7332763671875,1735.3499755859375,1744.0,1696.0,1705.5,1433336
2025-01-30,1707.4149169921875,1739.0999755859375,1760.300048828125,1725.300048828125,1740.449951171875,2017991
2025-01-31,1712.1766357421875,1743.949951171875,1769.8499755859375,1706.050048828125,1742.0,4275269
2025-02-01,1710.4586181640625,1742.199951171875,1789.0,1733.300048828125,1740.0,1477972
2025-02-03,1708.8875732421875,1740.5999755859375,1785.9000244140625,1710.550048828125,1781.449951171875,2210231
2025-02-04,1733.0885009765625,1765.25,1776.25,1740.6500244140625,1749.300048828125,2796294
2025-02-05,1720.81640625,1752.75,1773.800048828125,1735.199951171875,1773.800048828125,1787905
2025-02-06,1720.5693359375,1742.0,1768.3499755859375,1736.300048828125,1753.0,3421791
2025-02-07,1728.2734375,1749.800048828125,1753.0,1727.300048828125,1751.4000244140625,1371545
2025-02-10,1710.7911376953125,1732.0999755859375,1750.0,1723.699951171875,1741.25,1237839
2025-02-11,1678.839111328125,1699.75,1734.199951171875,1695.050048828125,1725.199951171875,2779274
2025-02-12,1673.01171875,1693.8499755859375,1714.949951171875,1688.050048828125,1706.449951171875,1757284
2025-02-13,1724.8658447265625,1746.3499755859375,1752.75,1699.949951171875,1700.0,2750390
2025-02-14,1679.579833984375,1700.5,1748.949951171875,1685.0,1747.3499755859375,2123774
2025-02-17,1693.1112060546875,1714.199951171875,1735.3499755859375,1696.050048828125,1700.5,2277889
2025-02-18,1680.6663818359375,1701.5999755859375,1729.75,1698.4000244140625,1714.199951171875,2163972
2025-02-19,1655.973876953125,1676.5999755859375,1699.0,1647.0999755859375,1665.0999755859375,2576319
2025-02-20,1648.7637939453125,1669.300048828125,1677.949951171875,1663.0,1667.1500244140625,1670915
2025-02-21,1623.528076171875,1643.75,1684.4000244140625,1632.0,1678.050048828125,2244190
2025-02-24,1619.3302001953125,1639.5,1669.9000244140625,1627.050048828125,1629.75,2357441
2025-02-25,1593.7490234375,1613.5999755859375,1647.800048828125,1606.25,1639.5,2836717
2025-02-27,1627.23193359375,1647.5,1653.0999755859375,1605.050048828125,1628.949951171875,2744489
2025-02-28,1573.6492919921875,1593.25,1671.0,1586.4000244140625,1671.0,3549979
2025-03-03,1565.599609375,1585.0999755859375,1607.4000244140625,1582.199951171875,1585.300048828125,1425492
2025-03-04,1547.2283935546875,1566.5,1590.0,1556.0,1585.0,1717135
2025-03-05,1562.982177734375,1582.449951171875,1586.300048828125,1553.050048828125,1564.5999755859375,2428171
2025-03-06,1594.14404296875,1614.0,1617.9000244140625,1572.550048828125,1598.25,2458676
2025-03-07,1589.501953125,1609.300048828125,1628.75,1605.6500244140625,1624.0,980890
2025-03-10,1591.6748046875,1611.5,1641.449951171875,1602.75,1621.949951171875,1600589
2025-03-11,1634.9359130859375,1655.300048828125,1663.5999755859375,1605.3499755859375,1616.0999755859375,3325416
2025-03-12,1656.2208251953125,1676.8499755859375,1680.25,1658.050048828125,1662.0,2389362
2025-03-13,1662.7396240234375,1683.449951171875,1687.1500244140625,1663.449951171875,1672.0,1666929
2025-03-17,1683.3331298828125,1704.300048828125,1720.1500244140625,1688.3499755859375,1694.050048828125,2588408
2025-03-18,1683.3331298828125,1704.300048828125,1704.300048828125,1704.300048828125,1704.300048828125,0
2025-03-19,1711.0380859375,1732.3499755859375,1748.0,1726.300048828125,1747.800048828125,2167448
2025-03-20,1728.7178955078125,1750.25,1757.1500244140625,1722.9000244140625,1735.6500244140625,1602232
2025-03-21,1762.5465087890625,1784.5,1792.800048828125,1750.25,1759.0,2483162
2025-03-24,1762.8427734375,1784.800048828125,1820.0,1777.5999755859375,1794.5,1182084
2025-03-25,1743.039306640625,1764.75,1795.949951171875,1758.5,1784.800048828125,1471028
2025-03-26,1737.3106689453125,1758.949951171875,1770.800048828125,1746.0999755859375,1767.949951171875,1762361
2025-03-27,1710.149169921875,1731.449951171875,1752.300048828125,1720.0,1751.0,3279881
2025-03-28,1713.359130859375,1734.699951171875,1741.3499755859375,1705.199951171875,1731.449951171875,1956781
2025-04-01,1677.4564208984375,1698.3499755859375,1733.949951171875,1681.5999755859375,1731.0,4142445
2025-04-02,1692.568115234375,1713.6500244140625,1718.449951171875,1685.9000244140625,1695.0,3369489
2025-04-03,1748.224853515625,1770.0,1812.699951171875,1750.0,1755.0,5715573
2025-04-04,1688.3209228515625,1709.3499755859375,1778.8499755859375,1658.050048828125,1778.8499755859375,5345276
2025-04-07,1645.8499755859375,1666.3499755859375,1692.0,1620.0999755859375,1620.0999755859375,5715334
2025-04-08,1667.5794677734375,1688.3499755859375,1709.8499755859375,1645.0,1645.0,2807382
2025-04-09,1631.8740234375,1652.199951171875,1679.75,1640.0,1650.0,3481864
2025-04-11,1666.789306640625,1687.550048828125,1737.0,1682.0999755859375,1710.0,3801939
2025-04-15,1684.0245361328125,1705.0,1724.5,1696.800048828125,1720.0,1993085
2025-04-16,1672.27099609375,1693.0999755859375,1702.699951171875,1682.0999755859375,1691.0999755859375,2205374
2025-04-17,1729.952392578125,1751.5,1758.0,1687.4000244140625,1695.0,2683908
2025-04-21,1723.4337158203125,1744.9000244140625,1761.0,1731.300048828125,1761.0,1539511
2025-04-22,1725.9029541015625,1747.4000244140625,1755.0,1734.5,1751.0,961907
2025-04-23,1766.7935791015625,1788.800048828125,1791.300048828125,1742.0999755859375,1754.199951171875,1471029
2025-04-24,1781.7078857421875,1803.9000244140625,1807.9000244140625,1773.9000244140625,1790.0,2101177
2025-04-25,1765.410888671875,1787.4000244140625,1815.5,1764.199951171875,1806.0,2036801
2025-04-28,1818.9439697265625,1841.5999755859375,1846.0,1781.199951171875,1787.4000244140625,3216482
2025-04-29,1783.2880859375,1805.5,1846.0,1797.0,1845.0,2886160
2025-04-30,1809.758544921875,1832.300048828125,1838.9000244140625,1803.300048828125,1810.0,2667314
2025-05-02,1802.153076171875,1824.5999755859375,1851.199951171875,1813.800048828125,1832.300048828125,1885257
2025-05-05,1814.005615234375,1836.5999755859375,1843.300048828125,1821.4000244140625,1827.800048828125,1219830
2025-05-06,1796.7208251953125,1819.0999755859375,1827.9000244140625,1799.0,1820.0,1414772
2025-05-07,1759.3858642578125,1781.300048828125,1826.4000244140625,1778.699951171875,1817.9000244140625,2015237
2025-05-08,1745.4593505859375,1767.199951171875,1788.9000244140625,1755.0,1781.300048828125,2647871
2025-05-09,1723.3349609375,1744.800048828125,1766.300048828125,1731.699951171875,1751.9000244140625,1148956
2025-05-12,1665.4556884765625,1686.199951171875,1712.4000244140625,1623.5999755859375,1695.699951171875,9221075
2025-05-13,1679.086181640625,1700.0,1748.5,1691.300048828125,1711.0,6988329
2025-05-14,1687.1851806640625,1708.199951171875,1711.4000244140625,1692.0999755859375,1702.0,1639324
2025-05-15,1718.6927490234375,1740.0999755859375,1744.4000244140625,1684.0999755859375,1701.0999755859375,3880385
2025-05-16,1713.5567626953125,1734.9000244140625,1741.5999755859375,1719.0,1740.0,1448249
2025-05-19,1708.9144287109375,1730.199951171875,1765.0,1726.5999755859375,1745.0,2074023
2025-05-20,1686.7900390625,1707.800048828125,1748.0,1703.300048828125,1743.800048828125,2706777
2025-05-21,1710.494873046875,1731.800048828125,1758.699951171875,1707.800048828125,1716.4000244140625,2754306
2025-05-22,1697.555908203125,1718.699951171875,1740.0,1707.199951171875,1734.199951171875,2670554
2025-05-23,1662.8878173828125,1683.5999755859375,1689.5,1636.5999755859375,1658.0,8339783
2025-05-26,1655.47998046875,1676.0999755859375,1702.4000244140625,1667.0,1693.0999755859375,2282131
2025-05-27,1662.6903076171875,1683.4000244140625,1692.0,1661.0999755859375,1676.0999755859375,2800622
2025-05-28,1645.8994140625,1666.4000244140625,1686.9000244140625,1663.0,1683.4000244140625,2657712
2025-05-29,1678.8885498046875,1699.800048828125,1703.300048828125,1670.4000244140625,1675.0,2377583
2025-05-30,1656.961669921875,1677.5999755859375,1713.5999755859375,1669.0999755859375,1702.0,3640641
2025-06-02,1653.99853515625,1674.5999755859375,1683.5,1660.5,1679.0,1819538
2025-06-03,1646.98583984375,1667.5,1695.0,1657.5999755859375,1695.0,2556920
2025-06-04,1644.41796875,1664.9000244140625,1669.0,1649.0,1656.0,1700482
2025-06-05,1662.3939208984375,1683.0999755859375,1694.300048828125,1662.0,1662.0,2037073
2025-06-06,1658.5419921875,1679.199951171875,1689.0,1669.0,1685.0,2500047
2025-06-09,1673.554931640625,1694.4000244140625,1698.800048828125,1673.300048828125,1679.9000244140625,2589656
2025-06-10,1668.02392578125,1688.800048828125,1706.9000244140625,1677.699951171875,1701.800048828125,2369135
2025-06-11,1669.8017578125,1690.5999755859375,1695.0,1679.300048828125,1694.800048828125,1999978
2025-06-12,1666.64111328125,1687.4000244140625,1727.5,1681.0999755859375,1694.9000244140625,3588365
2025-06-13,1667.0361328125,1687.800048828125,1700.0,1661.0999755859375,1666.800048828125,2404272
2025-06-16,1664.56689453125,1685.300048828125,1689.800048828125,1655.699951171875,1665.0,2249326
2025-06-17,1629.898681640625,1650.199951171875,1681.699951171875,1641.0999755859375,1680.0,5408285
2025-06-18,1627.7257080078125,1648.0,1661.300048828125,1638.5,1645.0,1455885
2025-06-19,1627.3306884765625,1647.5999755859375,1655.300048828125,1636.0,1648.0999755859375,1696525
2025-06-20,1644.615478515625,1665.0999755859375,1670.0,1645.5999755859375,1647.5999755859375,2567882
2025-06-23,1642.04736328125,1662.5,1667.0,1647.199951171875,1663.199951171875,840643
2025-06-24,1641.2572021484375,1661.699951171875,1686.4000244140625,1658.800048828125,1670.5,2066326
2025-06-25,1649.0599365234375,1669.5999755859375,1678.800048828125,1658.0999755859375,1661.699951171875,1372945
2025-06-26,1649.257568359375,1669.800048828125,1678.9000244140625,1650.4000244140625,1674.800048828125,2102627
2025-06-27,1666.8385009765625,1687.5999755859375,1695.699951171875,1668.199951171875,1670.199951171875,5313904
2025-06-30,1655.0850830078125,1675.699951171875,1704.5,1671.5999755859375,1696.0,2160184
2025-07-01,1646.6895751953125,1667.199951171875,1684.300048828125,1657.5,1675.699951171875,3298070
2025-07-02,1656.86279296875,1677.5,1682.0,1656.0,1656.0,1611046
2025-07-03,1659.0357666015625,1679.699951171875,1692.800048828125,1674.5,1677.5,1553777
2025-07-04,1655.6776123046875,1676.300048828125,1686.699951171875,1671.5999755859375,1686.699951171875,1264399
2025-07-07,1664.6953125,1679.9000244140625,1682.4000244140625,1663.0,1674.699951171875,1550620
2025-07-08,1657.3623046875,1672.5,1682.0,1649.0999755859375,1680.0,1860328
2025-07-09,1654.2904052734375,1669.4000244140625,1680.800048828125,1647.0,1660.0,2178705
2025-07-10,1647.4527587890625,1662.5,1670.5999755859375,1647.199951171875,1662.0,1741718
2025-07-11,1656.8668212890625,1672.0,1679.9000244140625,1662.199951171875,1665.800048828125,1298302
2025-07-14,1667.370849609375,1682.5999755859375,1696.9000244140625,1675.5,1680.4000244140625,1309704
2025-07-15,1711.864501953125,1727.5,1730.9000244140625,1687.9000244140625,1705.0,3332578
2025-07-16,1685.6043701171875,1701.0,1731.300048828125,1698.0,1730.0,2285143
2025-07-17,1687.982666015625,1703.4000244140625,1717.0,1696.0,1704.0,1461039
2025-07-18,1678.271240234375,1693.5999755859375,1709.4000244140625,1686.699951171875,1709.0,1253929
2025-07-21,1676.983154296875,1692.300048828125,1701.4000244140625,1677.5,1681.0999755859375,2390289
2025-07-22,1662.8125,1678.0,1693.0999755859375,1672.800048828125,1686.0999755859375,1244491
2025-07-23,1667.271728515625,1682.5,1689.5999755859375,1671.4000244140625,1678.5,1229173
2025-07-24,1676.685791015625,1692.0,1696.0,1680.0999755859375,1682.5,1079045
2025-07-25,1683.6224365234375,1699.0,1702.0,1682.199951171875,1690.0,1088592
2025-07-28,1686.7933349609375,1702.199951171875,1710.0999755859375,1693.9000244140625,1702.0999755859375,2168507
2025-07-29,1695.018310546875,1710.5,1718.0,1697.0999755859375,1698.0,1325544
2025-07-30,1718.1075439453125,1733.800048828125,1740.5,1712.0999755859375,1720.0,2318723
2025-07-31,1691.252685546875,1706.699951171875,1748.0,1694.0,1715.5,3233087
2025-08-01,1614.94970703125,1629.699951171875,1695.0,1608.0,1690.0,8774548
2025-08-04,1626.7418212890625,1641.5999755859375,1647.4000244140625,1613.5999755859375,1629.800048828125,1898762
2025-08-05,1617.327880859375,1632.0999755859375,1644.5999755859375,1620.0999755859375,1640.9000244140625,1622897
2025-08-06,1580.761962890625,1595.199951171875,1629.699951171875,1591.0,1629.699951171875,2376257
2025-08-07,1583.932861328125,1598.4000244140625,1605.4000244140625,1571.0,1581.0,3435674
2025-08-08,1572.5369873046875,1586.9000244140625,1602.0,1580.9000244140625,1590.0,1654424
2025-08-11,1593.842529296875,1608.4000244140625,1660.0,1584.199951171875,1586.9000244140625,1140902
2025-08-12,1607.5174560546875,1622.199951171875,1636.699951171875,1610.0999755859375,1611.699951171875,1679088
2025-08-13,1624.9583740234375,1639.800048828125,1643.5,1617.300048828125,1624.199951171875,1313668
2025-08-14,1626.5438232421875,1641.4000244140625,1651.0999755859375,1632.199951171875,1639.800048828125,1738094
2025-08-18,1617.9224853515625,1632.699951171875,1649.5999755859375,1625.4000244140625,1649.5999755859375,3080173
2025-08-19,1611.8775634765625,1626.5999755859375,1638.0,1619.0999755859375,1632.800048828125,2656391
2025-08-20,1618.31884765625,1633.0999755859375,1636.5,1616.0,1634.0,1831706
2025-08-21,1625.3544921875,1640.199951171875,1652.5,1623.9000244140625,1630.800048828125,1727099
2025-08-22,1626.940185546875,1641.800048828125,1651.4000244140625,1635.0999755859375,1642.0,2098310
2025-08-25,1641.7052001953125,1656.699951171875,1660.5,1634.0,1649.199951171875,1904984
2025-08-26,1585.8157958984375,1600.300048828125,1647.4000244140625,1596.199951171875,1645.0,4502371
2025-08-28,1571.347900390625,1585.699951171875,1600.0,1567.5999755859375,1593.0999755859375,4993739
2025-08-29,1580.0682373046875,1594.5,1601.699951171875,1575.800048828125,1581.0,3176534
2025-09-01,1549.150634765625,1563.300048828125,1600.199951171875,1556.199951171875,1599.0,9366820
2025-09-02,1551.033447265625,1565.199951171875,1570.300048828125,1558.0,1566.0,2855840
2025-09-03,1564.4112548828125,1578.699951171875,1581.0999755859375,1558.300048828125,1562.0999755859375,2091370
2025-09-04,1567.978759765625,1582.300048828125,1597.0,1561.0,1597.0,2298657
2025-09-05,1579.1763916015625,1593.5999755859375,1599.300048828125,1575.5,1582.4000244140625,1814479
2025-09-08,1566.6904296875,1581.0,1604.5,1578.199951171875,1597.5999755859375,1369139
2025-09-09,1577.2935791015625,1591.699951171875,1597.0,1577.5,1580.0,1709406
2025-09-10,1578.978271484375,1593.4000244140625,1601.5999755859375,1582.4000244140625,1592.0999755859375,2408379
2025-09-11,1595.130615234375,1609.699951171875,1617.0,1591.0,1592.5,1762484
2025-09-12,1601.9681396484375,1616.5999755859375,1622.5,1603.0999755859375,1610.0,1878894
2025-09-15,1587.5003662109375,1602.0,1617.0999755859375,1595.4000244140625,1616.5999755859375,2005917
2025-09-16,1595.9234619140625,1610.5,1615.0,1600.0,1602.5,1480567
2025-09-17,1605.53564453125,1620.199951171875,1622.0999755859375,1607.4000244140625,1612.5999755859375,2128406
2025-09-18,1633.678466796875,1648.5999755859375,1651.300048828125,1627.699951171875,1635.0999755859375,1832386
2025-09-19,1641.0115966796875,1656.0,1668.0999755859375,1643.0999755859375,1648.5999755859375,3191406
2025-09-22,1629.1202392578125,1644.0,1657.9000244140625,1635.300048828125,1650.0,1785320
2025-09-23,1616.43603515625,1631.199951171875,1644.0,1625.0999755859375,1643.199951171875,1967731
2025-09-24,1612.3731689453125,1627.0999755859375,1635.9000244140625,1625.0,1630.0,1131058
2025-09-25,1612.67041015625,1627.4000244140625,1642.800048828125,1622.699951171875,1627.9000244140625,2762750
2025-09-26,1572.3387451171875,1586.699951171875,1602.9000244140625,1548.0,1585.0,7256759
2025-09-29,1574.9154052734375,1589.300048828125,1618.9000244140625,1580.0,1581.0,4180922
2025-09-30,1579.8701171875,1594.300048828125,1604.300048828125,1586.0,1589.0999755859375,2257443
2025-10-01,1621.3907470703125,1636.199951171875,1651.5,1611.9000244140625,1611.9000244140625,3109095
2025-10-03,1616.43603515625,1631.199951171875,1645.5,1600.0,1600.0,4041865
2025-10-06,1639.723388671875,1654.699951171875,1659.699951171875,1620.0,1630.0,1756916
2025-10-07,1638.1378173828125,1653.0999755859375,1663.0,1647.0,1649.4000244140625,2174852
2025-10-08,1616.8323974609375,1631.5999755859375,1655.0,1629.0,1645.0,1846507
2025-10-09,1643.489013671875,1658.5,1662.300048828125,1632.4000244140625,1645.0,2197566
2025-10-10,1655.7767333984375,1670.9000244140625,1676.5999755859375,1649.0,1655.0,1454056
2025-10-13,1653.29931640625,1668.4000244140625,1675.0,1655.800048828125,1662.5,1375179
2025-10-14,1639.4261474609375,1654.4000244140625,1669.9000244140625,1646.199951171875,1667.5999755859375,2108287
2025-10-15,1640.1197509765625,1655.0999755859375,1668.699951171875,1650.0999755859375,1652.5,2088737
2025-10-16,1643.984375,1659.0,1662.9000244140625,1643.199951171875,1654.0,2895957
2025-10-17,1663.902587890625,1679.0999755859375,1692.0,1656.699951171875,1658.199951171875,1594147
2025-10-20,1673.3165283203125,1688.5999755859375,1696.9000244140625,1682.800048828125,1684.9000244140625,1647622
2025-10-21,1675.1993408203125,1690.5,1696.0,1684.0,1690.0,74296
2025-10-23,1674.6048583984375,1689.9000244140625,1712.0,1682.199951171875,1705.0,2687094
2025-10-24,1683.6224365234375,1699.0,1701.9000244140625,1686.0,1690.0,994307
2025-10-27,1678.271240234375,1693.5999755859375,1708.5,1690.0,1701.0,2067904
2025-10-28,1671.73095703125,1687.0,1702.699951171875,1679.199951171875,1692.0,2440939
2025-10-29,1700.3695068359375,1715.9000244140625,1722.0,1687.300048828125,1690.0,1016738
2025-10-30,1687.982666015625,1703.4000244140625,1716.9000244140625,1680.0999755859375,1715.800048828125,1986233
2025-10-31,1675.3974609375,1690.699951171875,1705.0,1686.800048828125,1700.0,1560918
2025-11-03,1690.9554443359375,1706.4000244140625,1712.800048828125,1681.199951171875,1688.199951171875,1099955
2025-11-04,1674.7039794921875,1690.0,1711.199951171875,1682.199951171875,1707.0,1597993
2025-11-06,1670.6409912109375,1685.9000244140625,1723.9000244140625,1667.0,1699.0,3389867
2025-11-07,1676.0911865234375,1691.4000244140625,1710.0,1683.0999755859375,1694.0,1512908
2025-11-10,1682.433349609375,1697.800048828125,1703.0999755859375,1685.800048828125,1697.5,1235665
2025-11-11,1700.567626953125,1716.0999755859375,1719.0,1695.0,1701.5999755859375,1315353
2025-11-12,1716.4228515625,1732.0999755859375,1744.0999755859375,1710.199951171875,1721.4000244140625,1833097
2025-11-13,1721.6748046875,1737.4000244140625,1747.800048828125,1725.4000244140625,1734.5,1727602
2025-11-14,1741.196533203125,1757.0999755859375,1760.0999755859375,1734.699951171875,1737.4000244140625,1667322
2025-11-17,1747.9349365234375,1763.9000244140625,1768.0,1747.699951171875,1765.800048828125,1430618
2025-11-18,1742.8812255859375,1758.800048828125,1764.5,1750.0,1764.0,1429522
2025-11-19,1767.9521484375,1784.0999755859375,1790.300048828125,1751.0999755859375,1762.0,2131124
2025-11-20,1761.3128662109375,1777.4000244140625,1792.0,1773.0999755859375,1790.0,1513894
2025-11-21,1763.5919189453125,1779.699951171875,1787.4000244140625,1773.699951171875,1778.0,2199311
2025-11-24,1764.68212890625,1780.800048828125,1785.9000244140625,1771.800048828125,1785.9000244140625,3434492
2025-11-25,1760.71826171875,1776.800048828125,1792.0999755859375,1766.0999755859375,1785.0,1848114
2025-11-26,1788.56396484375,1804.9000244140625,1806.9000244140625,1773.5999755859375,1775.5,1158948
2025-11-27,1793.9150390625,1810.300048828125,1814.9000244140625,1802.0999755859375,1802.0999755859375,2902053
2025-11-28,1815.022216796875,1831.5999755859375,1833.0,1807.5,1810.300048828125,1623103
2025-12-01,1791.0413818359375,1807.4000244140625,1849.0,1801.0,1841.0,1869293
2025-12-02,1783.2127685546875,1799.5,1814.9000244140625,1788.5999755859375,1804.0,2948688
2025-12-03,1790.34765625,1806.699951171875,1816.0,1782.5,1805.0,2114510
2025-12-04,1801.8426513671875,1818.300048828125,1823.199951171875,1798.300048828125,1808.4000244140625,1713961
2025-12-05,1788.96044921875,1805.300048828125,1820.199951171875,1800.199951171875,1819.0,1777401
2025-12-08,1779.942626953125,1796.199951171875,1806.0,1785.699951171875,1805.300048828125,2410074
2025-12-09,1759.925537109375,1776.0,1801.199951171875,1772.0,1796.0,2401728
2025-12-10,1769.3394775390625,1785.5,1791.699951171875,1767.9000244140625,1787.9000244140625,2321746
2025-12-11,1790.843017578125,1807.199951171875,1810.5,1775.0999755859375,1778.0,1280916
2025-12-12,1777.26708984375,1793.5,1811.800048828125,1791.0,1808.0,1442309
2025-12-15,1780.83447265625,1797.0999755859375,1804.5999755859375,1777.5999755859375,1779.0,1396948
2025-12-16,1765.177490234375,1781.300048828125,1791.9000244140625,1778.300048828125,1790.0,1533979
2025-12-17,1776.6724853515625,1792.9000244140625,1797.5999755859375,1771.5,1781.0,1910628
2025-12-18,1730.097900390625,1745.9000244140625,1785.0,1736.0,1785.0,3461351
2025-12-19,1729.1070556640625,1744.9000244140625,1760.0,1741.199951171875,1747.0,2768986
2025-12-22,1753.7816162109375,1769.800048828125,1773.199951171875,1743.0999755859375,1744.9000244140625,1467257
2025-12-23,1740.0074462890625,1755.9000244140625,1774.5999755859375,1751.699951171875,1772.0,1124853
2025-12-24,1721.278564453125,1737.0,1759.0,1719.0,1755.9000244140625,2224786
2025-12-26,1703.9368896484375,1719.5,1737.0,1708.0,1737.0,2507337
2025-12-29,1701.6575927734375,1717.199951171875,1727.5,1710.300048828125,1719.5,1800816
2025-12-30,1704.6304931640625,1720.199951171875,1723.0999755859375,1707.0,1723.0999755859375,2639497
2025-12-31,1704.135009765625,1719.699951171875,1725.5999755859375,1715.5,1720.199951171875,1428439
2026-01-01,1705.5223388671875,1721.0999755859375,1726.0,1708.9000244140625,1720.0,877515
2026-01-02,1712.35986328125,1728.0,1732.0,1719.4000244140625,1721.0999755859375,974123
2026-01-05,1713.2518310546875,1728.9000244140625,1746.0,1723.4000244140625,1728.0,1416698
2026-01-06,1744.2684326171875,1760.199951171875,1762.5999755859375,1725.699951171875,1725.699951171875,1658801
2026-01-07,1766.4658203125,1782.5999755859375,1806.5999755859375,1748.5,1755.0,3059500
2026-01-08,1744.763916015625,1760.699951171875,1778.5999755859375,1757.699951171875,1766.0,1910656
2026-01-09,1714.2427978515625,1729.9000244140625,1765.199951171875,1727.0,1765.199951171875,1585689
2026-01-12,1720.2874755859375,1736.0,1744.300048828125,1714.0999755859375,1732.0999755859375,2327272
2026-01-13,1713.053466796875,1728.699951171875,1743.800048828125,1712.0999755859375,1743.0,1770082
2026-01-14,1685.3070068359375,1700.699951171875,1737.0999755859375,1689.199951171875,1737.0999755859375,2479677
2026-01-15,1685.3070068359375,1700.699951171875,1700.699951171875,1700.699951171875,1700.699951171875,0
2026-01-16,1653.794921875,1668.9000244140625,1708.0,1659.300048828125,1708.0,3697596
2026-01-19,1660.2359619140625,1675.4000244140625,1687.300048828125,1600.0,1650.0,2975272
2026-01-20,1599.193603515625,1613.800048828125,1674.0999755859375,1602.800048828125,1674.0999755859375,5019166
2026-01-21,1598.3017578125,1612.9000244140625,1645.0,1607.699951171875,1637.0,3947877
2026-01-22,1619.408935546875,1634.199951171875,1646.5,1613.199951171875,1614.0999755859375,2279862
2026-01-23,1617.1297607421875,1631.9000244140625,1648.9000244140625,1625.4000244140625,1640.0,1678658
2026-01-27,1624.06640625,1638.9000244140625,1658.199951171875,1622.300048828125,1658.199951171875,2666522
2026-01-28,1596.0224609375,1610.5999755859375,1649.300048828125,1600.0,1639.9000244140625,4124391
2026-01-29,1574.9154052734375,1589.300048828125,1625.0,1583.699951171875,1625.0,5796513
2026-01-30,1580.8609619140625,1595.300048828125,1606.5,1585.0999755859375,1589.300048828125,3962196
2026-02-02,1613.166015625,1627.9000244140625,1634.0,1598.199951171875,1634.0,2721280
2026-02-03,1686.6943359375,1702.0999755859375,1725.0,1671.0,1709.9000244140625,8520586
2026-02-04,1688.9735107421875,1704.4000244140625,1729.0,1695.300048828125,1714.9000244140625,3952775
2026-02-05,1698.1494140625,1702.5999755859375,1710.0,1684.300048828125,1699.0,3074842
2026-02-06,1690.6690673828125,1695.0999755859375,1709.0,1689.5999755859375,1709.0,1277116
2026-02-09,1700.1441650390625,1704.5999755859375,1713.4000244140625,1696.0,1706.699951171875,2647031
2026-02-10,1703.3359375,1707.800048828125,1719.800048828125,1702.0999755859375,1709.5999755859375,1869988
2026-02-11,1706.627197265625,1711.0999755859375,1716.699951171875,1702.5,1715.0,1175501
2026-02-12,1710.4173583984375,1714.9000244140625,1719.0,1701.199951171875,1714.800048828125,1359444
2026-02-13,1693.062744140625,1697.5,1719.0,1694.5999755859375,1714.9000244140625,1148165
2026-02-16,1696.054931640625,1700.5,1715.0,1693.4000244140625,1697.5,1247403
2026-02-17,1712.611572265625,1717.0999755859375,1719.0,1693.9000244140625,1696.0,1053855
2026-02-18,1719.8924560546875,1724.4000244140625,1730.5999755859375,1717.0999755859375,1720.4000244140625,1262429
2026-02-19,1708.9212646484375,1713.4000244140625,1727.0,1710.0,1722.199951171875,1143429
2026-02-20,1719.8924560546875,1724.4000244140625,1727.0,1708.0999755859375,1710.0999755859375,1203988
2026-02-23,1727.7718505859375,1732.300048828125,1735.800048828125,1720.199951171875,1732.9000244140625,1550400
2026-02-24,1727.273193359375,1731.800048828125,1745.9000244140625,1723.699951171875,1732.0,2769363
2026-02-25,1759.58837890625,1764.199951171875,1770.4000244140625,1733.4000244140625,1742.0,1200997
2026-02-26,1781.0322265625,1785.699951171875,1792.199951171875,1760.300048828125,1764.199951171875,2076586
2026-02-27,1732.4595947265625,1737.0,1788.0999755859375,1730.9000244140625,1779.0,3041489
2026-03-02,1747.9190673828125,1752.5,1759.9000244140625,1712.0,1712.0,3919270
2026-03-04,1745.92431640625,1750.5,1757.199951171875,1721.0,1721.199951171875,4914857
2026-03-05,1779.8353271484375,1784.5,1794.9000244140625,1748.0,1750.0,3600895
2026-03-06,1794.6964111328125,1799.4000244140625,1805.5999755859375,1771.800048828125,1784.5,3669921
2026-03-09,1802.675537109375,1807.4000244140625,1815.0,1770.0,1772.9000244140625,4112775
2026-03-10,1808.0614013671875,1812.800048828125,1825.0999755859375,1803.300048828125,1810.0,3298680
2026-03-11,1821.127197265625,1825.9000244140625,1843.0,1818.0999755859375,1823.0,2510495
2026-03-12,1820.52880859375,1825.300048828125,1833.5999755859375,1808.4000244140625,1828.0,2606057
2026-03-13,1796.890625,1801.5999755859375,1833.300048828125,1797.0,1822.0,2554627
2026-03-16,1778.5386962890625,1783.199951171875,1818.0,1768.800048828125,1801.5999755859375,2452391
2026-03-17,1789.70947265625,1794.4000244140625,1806.0999755859375,1781.0999755859375,1794.0999755859375,1979497
2026-03-18,1773.651611328125,1778.300048828125,1805.0,1773.199951171875,1799.5999755859375,2436459
2026-03-19,1739.8402099609375,1744.4000244140625,1784.0,1737.9000244140625,1760.5,2301164
2026-03-20,1772.4547119140625,1777.0999755859375,1781.300048828125,1754.300048828125,1755.0999755859375,3591446
2026-03-23,1753.8035888671875,1758.4000244140625,1775.0,1741.0999755859375,1774.800048828125,2783613
2026-03-24,1748.717041015625,1753.300048828125,1779.9000244140625,1745.0999755859375,1775.0,2040152
2026-03-25,1790.7069091796875,1795.4000244140625,1809.5,1755.5,1766.699951171875,1900794
2026-03-27,1788.91162109375,1793.5999755859375,1819.0,1785.0,1785.0,2975423
2026-03-30,1752.606689453125,1757.199951171875,1790.0,1750.0999755859375,1786.800048828125,4182503
2026-04-01,1723.9818115234375,1728.5,1788.0,1713.199951171875,1762.0999755859375,3245628
2026-04-02,1689.1729736328125,1693.5999755859375,1700.0,1620.0,1665.0,3937824
2026-04-06,1690.17041015625,1694.5999755859375,1699.0,1654.9000244140625,1684.300048828125,3533715
2026-04-07,1713.5091552734375,1718.0,1723.9000244140625,1681.300048828125,1689.800048828125,2471378
2026-04-08,1710.1180419921875,1714.5999755859375,1749.199951171875,1685.5,1730.0,4859877
2026-04-09,1712.611572265625,1717.0999755859375,1730.9000244140625,1702.699951171875,1702.699951171875,3276165
2026-04-10,1650.57421875,1654.9000244140625,1700.0,1630.4000244140625,1699.199951171875,8089531
2026-04-13,1647.881103515625,1652.199951171875,1668.699951171875,1640.0999755859375,1654.9000244140625,3751005
2026-04-15,1692.1651611328125,1696.5999755859375,1699.199951171875,1657.699951171875,1675.0,3760449
2026-04-16,1688.67431640625,1693.0999755859375,1713.9000244140625,1666.5999755859375,1713.9000244140625,4512633
2026-04-17,1671.120361328125,1675.5,1696.9000244140625,1670.5,1696.9000244140625,3146482
2026-04-20,1664.23828125,1668.5999755859375,1680.0,1665.0,1680.0,1834532
2026-04-21,1660.84716796875,1665.199951171875,1682.9000244140625,1659.9000244140625,1667.199951171875,3631490
2026-04-22,1665.435302734375,1669.800048828125,1673.9000244140625,1652.4000244140625,1665.199951171875,2169514
2026-04-23,1675.708251953125,1680.0999755859375,1713.0,1661.199951171875,1669.0,3245164
2026-04-24,1616.164306640625,1620.4000244140625,1673.300048828125,1613.5999755859375,1670.4000244140625,9606128
2026-04-27,1728.96875,1733.5,1766.9000244140625,1621.9000244140625,1625.0,26995361
2026-04-28,1742.732666015625,1747.300048828125,1763.9000244140625,1714.300048828125,1724.0,16599167
2026-04-29,1774.050537109375,1778.699951171875,1789.800048828125,1750.0,1756.0,9809449
2026-04-30,1803.5732421875,1808.300048828125,1815.0,1761.4000244140625,1771.0,4749798
2026-05-01,1803.5732421875,1808.300048828125,1808.300048828125,1808.300048828125,1808.300048828125,0
2026-05-04,1818.7333984375,1823.5,1841.0,1810.0,1820.0,4206373
2026-05-05,1816.04052734375,1820.800048828125,1831.699951171875,1798.5999755859375,1828.5,3011421
2026-05-06,1845.3636474609375,1850.199951171875,1857.800048828125,1818.4000244140625,1837.0,3247156
2026-05-07,1829.60498046875,1834.4000244140625,1857.0999755859375,1826.300048828125,1850.199951171875,2201070
2026-05-08,1843.0697021484375,1847.9000244140625,1857.5,1819.199951171875,1822.0,2837885
2026-05-11,1867.8048095703125,1872.699951171875,1885.800048828125,1825.0,1827.199951171875,2564978
2026-05-12,1840.8753662109375,1845.699951171875,1879.4000244140625,1840.0,1875.0,3263351
2026-05-13,1820.0301513671875,1824.800048828125,1860.0,1820.0,1845.699951171875,1972365
2026-05-14,1858.32958984375,1863.199951171875,1867.5,1829.699951171875,1852.0,2429220
2026-05-15,1873.2904052734375,1878.199951171875,1887.9000244140625,1863.199951171875,1874.0,2756465
2026-05-18,1900.818359375,1905.800048828125,1911.0,1865.0,1878.199951171875,3456331
2026-05-19,1877.3797607421875,1882.300048828125,1916.5999755859375,1880.0,1900.5,2200951
2026-05-20,1875.385009765625,1880.300048828125,1892.9000244140625,1872.0,1880.0,1376695
2026-05-21,1886.3563232421875,1891.300048828125,1899.5999755859375,1868.0999755859375,1892.0,1605806
2026-05-22,1839.7783203125,1844.5999755859375,1903.0,1833.0999755859375,1903.0,3610732
2026-05-25,1835.7886962890625,1840.5999755859375,1849.0,1825.0,1840.0,3049028
2026-05-26,1835.98828125,1840.800048828125,1844.9000244140625,1815.9000244140625,1830.0,2337759
2026-05-27,1839.4791259765625,1844.300048828125,1882.0,1830.0,1865.0,1385752
2026-05-28,1839.4791259765625,1844.300048828125,1844.300048828125,1844.300048828125,1844.300048828125,0
2026-05-29,1794.4969482421875,1799.199951171875,1852.800048828125,1785.300048828125,1844.300048828125,10058572
2026-06-01,1791.8040771484375,1796.5,1812.0999755859375,1777.0999755859375,1812.0,2051152
2026-06-02,1785.2213134765625,1789.9000244140625,1800.0,1766.5,1794.199951171875,2885899
2026-06-03,1783.824951171875,1788.5,1796.300048828125,1756.800048828125,1781.0,4209769
2026-06-04,1775.4468994140625,1780.0999755859375,1793.4000244140625,1768.5999755859375,1787.0,2343536
2026-06-05,1777.5413818359375,1782.199951171875,1802.9000244140625,1779.0,1789.0,2495159
2026-06-08,1784.1241455078125,1788.800048828125,1803.5,1773.5,1780.699951171875,3098542
2026-06-09,1774.3497314453125,1779.0,1796.5999755859375,1766.0999755859375,1787.699951171875,3756570
2026-06-10,1781.73046875,1786.4000244140625,1797.5999755859375,1771.0,1779.5999755859375,1882009
2026-06-11,1789.510009765625,1794.199951171875,1805.0,1778.699951171875,1780.0,1858093
2026-06-12,1802.9747314453125,1807.699951171875,1814.5,1792.5,1807.0,1243362
2026-06-15,1801.2791748046875,1806.0,1818.0,1797.800048828125,1818.0,2188933
2026-06-16,1795.9930419921875,1800.699951171875,1809.9000244140625,1792.5999755859375,1808.0,1373638
2026-06-17,1815.6416015625,1820.4000244140625,1823.4000244140625,1802.5999755859375,1814.0,1771990
2026-06-18,1820.0301513671875,1824.800048828125,1830.0,1812.5,1817.5,2054738
2026-06-19,1833.4947509765625,1838.300048828125,1842.699951171875,1820.9000244140625,1824.0,2126703
2026-06-22,1858.030517578125,1862.9000244140625,1865.199951171875,1834.0,1845.0,1588758
2026-06-23,1863.1170654296875,1868.0,1902.4000244140625,1861.199951171875,1870.0,2812236
2026-06-24,1869.5003662109375,1874.4000244140625,1882.0999755859375,1864.9000244140625,1868.0,1406231
2026-06-25,1857.9307861328125,1862.800048828125,1887.0,1858.0,1870.0,1816438
2026-06-26,1857.9307861328125,1862.800048828125,1862.800048828125,1862.800048828125,1862.800048828125,0
2026-06-29,1869.8994140625,1874.800048828125,1897.0999755859375,1855.9000244140625,1876.800048828125,1655869
2026-06-30,1857.6314697265625,1862.5,1892.9000244140625,1859.4000244140625,1885.0,2352774
2026-07-01,1861.32177734375,1866.199951171875,1887.4000244140625,1860.199951171875,1877.9000244140625,1230360
2026-07-02,1866.1092529296875,1871.0,1882.0,1868.300048828125,1876.0,1485296
2026-07-03,1899.8209228515625,1904.800048828125,1925.0999755859375,1871.5999755859375,1880.0,2168491
2026-07-06,1907.800048828125,1912.800048828125,1917.0,1900.0,1904.0,1213635
2026-07-07,1903.4000244140625,1903.4000244140625,1924.9000244140625,1898.5999755859375,1900.5999755859375,2060613
2026-07-08,1888.199951171875,1888.199951171875,1929.5,1875.0999755859375,1904.0,2785926
2026-07-09,1938.699951171875,1938.699951171875,1952.0,1888.199951171875,1889.9000244140625,4446201
2026-07-10,1935.5,1935.5,1953.9000244140625,1926.5999755859375,1942.800048828125,1478172
2026-07-13,1921.4000244140625,1921.4000244140625,1933.0999755859375,1911.0,1925.9000244140625,1573176
2026-07-14,1942.5999755859375,1942.5999755859375,1950.800048828125,1910.0,1910.0,2822124
2026-07-15,1951.5,1951.5,1962.699951171875,1943.300048828125,1955.0,2283494
2026-07-16,1950.0999755859375,1950.0999755859375,1957.699951171875,1943.0,1950.0,1396189
2026-07-17,1932.5999755859375,1932.5999755859375,1952.5999755859375,1922.5,1948.699951171875,2475664
2026-07-20,1956.4000244140625,1956.4000244140625,1958.800048828125,1935.0,1942.0,1676034
2026-07-21,1961.9000244140625,1961.9000244140625,1966.5,1938.199951171875,1952.0999755859375,1412579
2026-07-22,1943.0,1943.0,1951.800048828125,1925.199951171875,1938.0,1718430
2026-07-23,1954.0,1954.0,1958.5,1926.800048828125,1929.0999755859375,2057288
2026-07-24,1941.0999755859375,1941.0999755859375,1959.800048828125,1934.800048828125,1945.0,1578929
2026-07-27,1973.699951171875,1973.699951171875,1977.0,1933.0,1948.5,5414380
2026-07-28,1976.699951171875,1976.699951171875,1993.0,1970.9000244140625,1978.800048828125,4579529
2026-07-29,1989.9000244140625,1989.9000244140625,1992.699951171875,1960.4000244140625,1977.0,2682295
2026-07-30,2001.0999755859375,2001.0999755859375,2017.300048828125,1988.0,1993.0999755859375,2224264
2026-07-31,1990.5,1990.5,2046.9000244140625,1965.300048828125,2016.4000244140625,4954449
