Price,Close,High,Low,Open,Volume
Ticker,SBIN.NS,SBIN.NS,SBIN.NS,SBIN.NS,SBIN.NS
Date,,,,,
2020-01-01,303.13848876953125,304.49805736441243,301.0538003277505,303.3650835353448,17379320
2020-01-02,307.534423828125,308.0329489395735,302.1414846696056,303.18381512373156,20324236
2020-01-03,302.45867919921875,306.3107898961737,300.9178238562402,306.3107898961737,21853208
2020-01-06,289.1349182128906,300.6459432623662,287.9566365069415,300.6459432623662,35645325
2020-01-07,288.5910949707031,296.38596062944805,285.87195771722196,294.0747050281869,50966826
2020-01-08,289.86004638671875,291.40090203399,281.8839207856015,282.8809434008654,44527485
2020-01-09,299.2863464355469,300.3739846013529,294.5731647355812,296.29527924347565,40348407
2020-01-10,301.1444396972656,306.31081135220614,297.3829721676829,300.01146588350616,42377838
2020-01-13,299.78485107421875,304.0448433932872,298.2439957263451,302.73058279301307,23615129
2020-01-14,297.29229736328125,300.64591056236816,295.9327289302175,298.92376841876154,26296117
2020-01-15,293.8934326171875,298.38002037053025,292.1713178039585,298.1987334805079,32625740
2020-01-16,293.0323486328125,296.29531888779803,292.17130509390313,293.6668250597939,26653623
2020-01-17,288.2285461425781,293.2136310601384,281.0681569749085,283.6966507629778,58396326
2020-01-20,284.60302734375,291.35556246435186,284.059194370867,290.9476808195661,30682902
2020-01-21,284.3311462402344,287.2768784344394,282.79029064368257,284.42176202550536,30591772
2020-01-22,286.55169677734375,287.3221244095937,284.3310849673176,287.3221244095937,24994911
2020-01-23,292.9417419433594,294.39192640347363,284.73899433079845,286.415801230863,33293610
2020-01-24,293.7121276855469,296.65785967424205,291.08363390465615,293.21363025935,22706879
2020-01-27,286.5970764160156,291.8540640205103,286.23450265529647,290.8570414995215,23309355
2020-01-28,285.6000671386719,290.04131930848393,281.9292150948765,288.1832531708622,26488426
2020-01-29,286.8236389160156,289.76937059722405,286.00787570667256,288.09256395428406,23914114
2020-01-30,281.6119689941406,287.09555093115443,277.03473840509923,287.09555093115443,35802330
2020-01-31,288.6364440917969,291.58217625489846,279.7086041576822,284.33114323803306,92656638
2020-02-03,270.191650390625,278.12246854732444,267.69910754137663,274.63290302627695,56060158
2020-02-04,277.5785827636719,278.75686445896116,269.2852200270764,274.5422074282808,51141567
2020-02-05,281.8838806152344,284.285779532108,276.0830603083057,278.16772103000886,35014841
2020-02-06,291.8087158203125,293.2135921372996,281.0681196643288,282.06514204758923,57757656
2020-02-07,290.539794921875,294.573192779515,288.5910854863554,291.4008660880433,37126803
2020-02-10,288.68170166015625,292.5791201631142,286.8689437219449,289.8599832557972,24816396
2020-02-11,293.9840393066406,295.29827228325433,290.9929719582071,290.9929719582071,30188757
2020-02-12,290.2225341796875,299.0143928932639,289.3614631624635,299.0143928932639,38930849
2020-02-13,296.7938232421875,299.96614983440907,291.85404648438816,291.85404648438816,62516057
2020-02-14,289.49749755859375,300.82723703459146,288.72706974212656,297.38300729808685,48205947
2020-02-17,284.7842712402344,291.0835882156256,282.4729883694373,290.90232902568397,36950692
2020-02-18,287.8206481933594,289.31619571232187,280.433664675075,285.8719388225962,38588583
2020-02-19,290.35858154296875,293.66686008278947,287.54880049773135,292.1260043823534,39846727
2020-02-20,296.97509765625,298.38000181531754,288.9083294408246,289.45216241657675,40150409
2020-02-24,292.7151184082031,300.28336117010906,291.71809594444824,295.2529686245857,45273936
2020-02-25,296.2046813964844,297.42829872424414,292.03535962855517,295.38894573147627,39050709
2020-02-26,297.4736022949219,299.8301655937063,293.8480862531093,294.43722707780535,43915281
2020-02-27,291.8087158203125,299.1050553487137,288.2285078814877,297.2922974375093,47010040
2020-02-28,274.63287353515625,285.19218475779167,272.910758738157,282.79028562035893,59705346
2020-03-02,260.49334716796875,282.79027850529275,257.456971658329,281.8838994075194,66711413
2020-03-03,262.7139892578125,266.8380031235851,258.5899477315448,265.56907790800085,61949382
2020-03-04,258.5899353027344,265.56906514374714,249.34488546740536,264.48139920524073,73675736
2020-03-05,261.4903869628906,270.4635350908697,244.7223725475926,263.66569140899213,149245973
2020-03-06,245.17552185058594,248.71039445237764,230.17494649072083,242.90957432886148,106043172
2020-03-09,229.7217559814453,238.15108349143495,227.6370815045291,235.70384911448122,101286241
2020-03-11,222.15350341796875,234.29897675845555,220.34074537728438,229.31389214657352,90845604
2020-03-12,192.69619750976562,210.1893026505019,189.0706811978622,210.1893026505019,99767083
2020-03-13,219.34375,225.50713086522316,167.36290123442973,181.275826446281,155701316
2020-03-16,202.43978881835938,209.73612991648176,199.94724615421245,206.56380288938567,75583409
2020-03-17,195.0074462890625,208.3765372226536,192.19767954354052,205.929316563571,65403057
2020-03-18,195.0527801513672,202.25849125238767,181.3664639975966,200.30978171351808,101356399
2020-03-19,184.58407592773438,199.17678321040137,179.59899147878235,183.94961340028055,93533467
2020-03-20,190.2036590576172,195.50596847747818,181.27581941912624,186.3062261740565,77391650
2020-03-23,164.5984344482422,180.82261326415568,163.3748172474389,172.21201263252922,61750037
2020-03-24,166.0486602783203,173.97947797285218,157.3021068673074,173.07309880776282,67491360
2020-03-25,172.1213836669922,176.97051733081906,159.9305876719686,161.3354780275841,71567553
2020-03-26,174.70455932617188,182.18218637904306,167.77076522742632,173.6169072481672,107260359
2020-03-27,177.60496520996094,192.06170773208402,176.74390791182438,183.0885610163514,114740377
2020-03-30,169.40223693847656,176.74391269000623,168.81309609494184,172.2120174928266,60081554
2020-03-31,178.42071533203125,179.91623518052654,170.44457720281508,174.02477156000552,59543412
2020-04-01,169.08502197265625,176.290732970705,167.906726389836,175.83754342579317,52954239
2020-04-03,159.0695343017578,170.58054626865598,158.61634474534256,169.99140537741522,64448494
2020-04-07,168.9490509033203,169.76480035378538,160.97292625597441,167.13629278706046,72130500
2020-04-08,165.86737060546875,176.2000865209237,163.55610119983493,165.77672716593523,80435759
2020-04-09,170.17266845703125,172.21202134133654,166.41120089141134,170.39926322195407,62416005
2020-04-13,166.32057189941406,171.03374065312985,165.9580257761467,169.3116258222379,51847146
2020-04-15,165.27822875976562,173.9794595237814,163.2841837438221,169.4928858984025,72190004
2020-04-16,170.8524627685547,172.12138799441834,163.37483508770282,164.96099853515625,61165773
2020-04-17,175.1577606201172,179.46306133393637,168.858428657526,177.6503031386441,89851063
2020-04-20,174.47796630859375,178.87391021262323,172.25734041253372,175.83753487723214,81958510
2020-04-21,167.45352172851562,170.58052654007602,165.86735846451074,170.3992535045247,53042420
2020-04-22,171.0337371826172,171.75884324468655,164.3718589485841,168.13332676458762,61503413
2020-04-23,169.22096252441406,172.12137266104008,167.8160722586314,170.1726632741537,50955312
2020-04-24,162.92166137695312,166.773772981137,162.2418769762148,166.773772981137,65137305
2020-04-27,163.96397399902344,166.32056519602526,163.60142789036817,166.32056519602526,42996571
2020-04-28,167.045654296875,167.99735502335488,164.23587383398134,164.9609798079777,49590230
2020-04-29,172.3026885986328,173.8435304470655,166.3205804456016,167.68014922308606,57470466
2020-04-30,172.6652069091797,177.55964818710507,171.9401009120157,175.3843440258597,63063889
2020-05-04,162.10589599609375,166.3205529781555,161.33546828398735,165.36885222503773,58118177
2020-05-05,154.44699096679688,164.28120959756376,152.99679272504952,164.05461482570504,91050439
2020-05-06,155.0814666748047,157.07549789188764,150.95743908000415,155.126774564769,73156432
2020-05-07,154.76422119140625,156.39570623063,152.99678482818328,154.85486462757015,42942399
2020-05-08,151.048095703125,157.52871560542638,150.54959818239004,156.30509809212305,55932236
2020-05-11,149.96041870117188,153.0874238170318,149.55255087392882,152.22636644168594,54591827
2020-05-12,151.274658203125,152.72487021800595,145.79107600430203,148.8274375294793,70752542
2020-05-13,157.8006134033203,161.83399779997566,154.53764297554966,161.83399779997566,81720683
2020-05-14,152.2263641357422,155.67060741519924,151.81849631467756,154.94550138316924,48136531
2020-05-15,150.82147216796875,152.49827898459358,149.2806305103997,152.22636249672914,35495540
2020-05-18,140.7606658935547,150.82146481186086,140.4887494189526,150.82146481186086,77349435
2020-05-19,138.49473571777344,143.07195315271184,138.13217576268286,142.75471492078862,71522334
2020-05-20,139.0385284423828,140.71533506869739,136.99917576022779,138.67598238654233,66168767
2020-05-21,137.72430419921875,141.53109372835922,137.31643636221222,139.26514593360326,61147471
2020-05-22,136.72727966308594,141.03257997546373,135.4583407465532,137.76960999608946,87064198
2020-05-26,137.22576904296875,138.85725393738718,136.1381170567716,138.13214800317394,48275988
2020-05-27,143.75172424316406,145.74575540627197,136.68196481919344,137.72429520460872,88195120
2020-05-28,143.38916015625,147.19594932619094,142.02959160768205,144.52213394672327,76968678
2020-05-29,146.19894409179688,146.74276322573465,140.67002633349196,141.4857757797688,58363280
2020-06-01,154.12974548339844,155.35334878577115,148.05700919501504,148.64614998909317,92740893
2020-06-02,154.31103515625,155.2627359364789,151.5465762537744,153.99379695275806,70419104
2020-06-03,158.52569580078125,163.05759120766746,155.8972019968861,156.35039153757475,113168889
2020-06-04,157.75527954101562,161.0182358874516,155.44401015171908,158.52569345061647,83494674
2020-06-05,170.21800231933594,172.03076056803974,159.52272588593397,160.0212371703771,201321234
2020-06-08,169.3115997314453,179.00985225195788,168.40522073270122,178.55666275258585,151741826
2020-06-09,167.18161010742188,173.11839554802384,166.18460146785864,170.12734196884114,96654191
2020-06-10,170.12733459472656,171.30563005427072,166.59246204633996,167.27224629258708,67333317
2020-06-11,160.5650634765625,172.57458740749544,159.8399712090823,170.39928294455794,91726802
2020-06-12,162.37779235839844,163.14822004068895,153.90315700443244,154.08443003842845,92758901
2020-06-15,157.43804931640625,161.1995309371927,155.8972075888451,161.1995309371927,63613412
2020-06-16,156.7129364013672,162.19653256647658,153.54060964158043,161.33547521201245,63925976
2020-06-17,156.7582550048828,159.70398693755428,153.40465526296774,154.9908186113293,73866905
2020-06-18,162.83099365234375,163.73737271821875,155.08146370331013,156.25974542475007,58261857
2020-06-19,167.22694396972656,167.63481179872517,162.69504846919196,163.420154515327,76895151
2020-06-22,170.12733459472656,173.7981722905101,167.00032982803904,167.68011407428617,80023958
2020-06-23,174.43263244628906,175.02178708316353,170.26329742421433,171.84946064386406,65487085
2020-06-24,167.3175811767578,176.6532744957671,166.68310476612868,176.5626448872822,74668987
2020-06-25,167.90673828125,169.31162873602267,163.51079385217867,165.14227909545505,73620385
2020-06-26,167.3175811767578,170.94309744208087,166.5924751576438,170.39926447018362,49176958
2020-06-29,162.4684600830078,165.95802528774067,161.78867573119607,165.86738184206655,50966428
2020-06-30,161.7433319091797,165.7767157461272,160.65567986093765,164.14524458888724,43613239
2020-07-01,167.4988555908203,168.04267473690834,161.87930809976163,162.64972201428142,54012853
2020-07-02,168.08798217773438,170.39925138544788,166.77373539852346,168.2692552110314,52127276
2020-07-03,167.408203125,169.35692632658993,166.2299076266369,169.17563945742148,38048810
2020-07-06,170.444580078125,172.0760651050716,168.72245161569663,169.13033324511815,43773740
2020-07-07,170.94309997558594,171.48691912529603,166.81907239661038,169.4928879158647,55124494
2020-07-08,173.93414306640625,178.9645498174568,170.7618162290182,171.2150057772165,143063102
2020-07-09,180.4600830078125,182.18219775298053,174.52329718065843,174.74989195398305,89539723
2020-07-10,177.2877655029297,183.54177604342107,176.56265942411594,179.46306990912282,111406477
2020-07-13,174.65924072265625,181.09453753015615,173.66223206264357,180.18815847728274,61949761
2020-07-14,168.63182067871094,174.29668959542224,167.3175738560832,174.29668959542224,62239932
2020-07-15,166.59246826171875,172.1666937568148,165.86736227261977,170.35393569919052,58527305
2020-07-16,168.81309509277344,169.44755765056274,164.6437460040211,167.6801213002045,46546803
2020-07-17,170.58050537109375,171.75880070132055,167.68009567147388,169.31158044946142,47035238
2020-07-20,172.89181518554688,175.1577629599315,171.0790569660392,172.21203085323148,45672856
2020-07-21,176.20008850097656,177.83157361918413,173.57159468793185,174.43265205218808,59281860
2020-07-22,174.0247802734375,178.33008082707724,172.3026655840804,177.3783800439075,62276152
2020-07-23,179.6896514892578,180.46007923455144,173.2543545292965,174.38732837223006,70801412
2020-07-24,173.9794464111328,177.9222005961134,172.80115094422226,177.37836766361747,65265493
2020-07-27,169.6288299560547,175.1124258543686,169.03968911857112,174.93115281439262,50697767
2020-07-28,171.71348571777344,172.66518636140498,168.35988643900774,170.39923903382748,51488617
2020-07-29,173.29966735839844,176.9705051872302,169.49287820748808,170.03671115629515,73763368
2020-07-30,169.08502197265625,175.38435388088132,168.6318324277444,174.47797479105765,48472816
2020-07-31,173.52626037597656,176.60795733791585,169.22096003685604,170.3992555272962,145892485
2020-08-03,174.2513885498047,176.38138504727212,172.25735722061594,174.02479376625487,72454278
2020-08-04,173.6622314453125,175.65626258849628,172.66520895859722,175.2483947822025,43866676
2020-08-05,173.52626037597656,178.42071537544027,173.11839258358282,174.70455586641668,68888892
2020-08-06,173.0730743408203,176.29072268806567,172.438611781,174.2966915728104,59740172
2020-08-07,172.80117797851562,174.11543879928584,171.80416921995496,173.52628405853585,44822338
2020-08-10,175.65626525878906,177.19710690057073,173.75286369348723,173.8888288511499,48784530
2020-08-11,176.7892303466797,178.37539362925392,175.61093485643244,176.74390862969975,43890305
2020-08-12,184.26686096191406,185.12791828089215,176.38136610718607,177.6502912267068,157818228
2020-08-13,182.9979248046875,187.89237997662775,181.9555944284786,186.26089491931432,70443118
2020-08-14,178.10350036621094,184.90134389163885,176.3813855385351,183.99496475491512,56169088
2020-08-17,175.02182006835938,180.0522133059538,173.5716078906981,179.87094024130823,54787889
2020-08-18,176.83456420898438,177.42370507944815,173.7528670358929,175.6562686378096,46294169
2020-08-19,178.6020050048828,181.54773708951214,177.55966073832698,178.01285028980843,59296062
2020-08-20,176.51734924316406,177.9675614956183,175.1577804428316,175.83756484299784,37504602
2020-08-21,179.82559204101562,182.63537253519405,179.14580777599627,180.3694249851296,68041871
2020-08-24,182.59005737304688,183.8136746261075,180.00688537138643,181.27581051287785,53850253
2020-08-25,188.48153686523438,188.93472642914705,183.72304644415124,184.9013420763738,105394375
2020-08-26,190.2036590576172,190.65684860616503,186.8500453341654,188.98004174443912,66749637
2020-08-27,195.46063232421875,196.23106003196244,190.79278585093806,190.79278585093806,80997993
2020-08-28,203.79931640625,204.75100325807702,196.50296295068824,196.68423597816744,95974037
2020-08-31,192.15237426757812,209.87208890594445,190.65685424523622,209.87208890594445,119986476
2020-09-01,197.6812744140625,198.40636658281144,191.42725073175336,193.14937920814862,75048313
2020-09-02,196.0044708251953,198.4970132287527,192.4242763206804,197.81722893687342,47608088
2020-09-03,193.19468688964844,197.81722552684164,192.42427300361393,197.13744124668068,38594129
2020-09-04,187.25791931152344,192.42427718701674,186.6234429053821,190.3396025831519,54435758
2020-09-07,188.4362030029297,190.02236637443667,186.1702553293483,188.07365690725547,35687359
2020-09-08,184.94664001464844,188.98002384872794,183.90429585354613,188.43619090987056,34146789
2020-09-09,176.60797119140625,182.5447431657943,174.47797479813528,182.27284050303402,72715826
2020-09-10,179.59898376464844,182.59003707159712,176.92516862292356,179.191116002393,67789617
2020-09-11,183.72305297851562,184.76539731073598,178.55669453221196,179.96158499635774,48487971
2020-09-14,179.91622924804688,186.89534469464235,178.87389894319176,186.62342823199666,63605531
2020-09-15,181.41175842285156,182.18218613512357,178.64731342877948,181.18516366397702,51761038
2020-09-16,179.6443328857422,181.32113973446985,177.87689642615595,181.1398666825054,52404964
2020-09-17,177.1517791748047,179.46304847423428,176.7439113761398,178.55666944153612,41223296
2020-09-18,174.56863403320312,178.7379699256307,171.9401261366469,177.650317685443,55286316
2020-09-21,168.40524291992188,175.38435936369373,167.00035252072647,174.9764915265719,57611375
2020-09-22,168.76779174804688,170.6711934588765,164.190574361717,168.72247002536085,51210889
2020-09-23,166.59246826171875,171.26031472800264,164.0546042149955,170.53520873890366,44320497
2020-09-24,159.83995056152344,164.7797136044356,159.06952283903627,164.14525103722386,46114798
2020-09-25,165.14227294921875,165.64078423142308,159.65867650546681,162.24186253036788,46550127
2020-09-28,169.719482421875,170.53521806029516,166.18460954839142,166.77375041722297,41921548
2020-09-29,167.72544860839844,171.2603214269355,166.093963526671,170.85245361406538,35688726
2020-09-30,168.04266357421875,169.31160249129226,165.32352653366345,167.725439217635,37641083
2020-10-01,172.4839324951172,173.29966809153234,169.4022354892508,169.49287892451758,43588724
2020-10-05,171.07904052734375,175.65625735783323,169.5381989548686,174.02477235099337,41694686
2020-10-06,173.6622314453125,174.11542097013822,170.67117781541342,173.20904192048678,31098726
2020-10-07,172.84646606445312,175.06709176528778,171.39626801688038,174.52327268379005,34578053
2020-10-08,173.57159423828125,177.4690270577229,172.71053687625567,173.4356429080525,43351606
2020-10-09,179.7349853515625,180.1881749193525,172.71054705081755,174.0247940313589,64907230
2020-10-12,180.09750366210938,186.66875138029835,178.78325688452077,181.00388265772165,69122798
2020-10-13,177.3783721923828,181.27580476078904,176.83455307624826,180.0521875465552,34948525
2020-10-14,181.32113647460938,182.09155038916933,174.97648295818888,175.88286203196324,40548275
2020-10-15,174.79519653320312,183.54174839369304,174.0247688473534,182.1821798870731,49184123
2020-10-16,177.60496520996094,178.33007118795612,173.66222479315257,175.83752889689194,36893126
2020-10-19,184.90133666992188,185.44516966281478,177.69562558045237,177.83157691355183,60220779
2020-10-20,184.04026794433594,185.21856346946814,181.91027165543366,182.1821881351175,39316753
2020-10-21,184.6747283935547,187.89237673406836,180.23347665385737,185.53578571081275,54515523
2020-10-22,184.26686096191406,185.4451564758956,182.27282984684726,182.9979220121468,33721637
2020-10-23,183.81365966796875,186.35152357467555,182.68068594446086,184.9013116764872,32707020
2020-10-26,178.28475952148438,184.90132946953173,177.28775084700274,183.72303391764706,45470123
2020-10-27,176.4266815185547,179.05518913572118,174.2513772693971,178.7832726470147,37794381
2020-10-28,172.61990356445312,176.74393139641919,171.35097830703958,176.74393139641919,46458319
2020-10-29,171.0337371826172,172.84649542266666,168.49587288049838,171.62289190878195,44822673
2020-10-30,171.53224182128906,174.02478430482168,168.72246112593524,171.62288526188007,41519686
2020-11-02,177.69561767578125,178.78326978293606,172.2573433097604,174.2060527588191,52600119
2020-11-03,185.5811004638672,186.53280118101316,179.10049613849722,179.46304220681662,69890201
2020-11-04,187.62046813964844,189.43322628592523,179.5083782011092,184.44814138366405,117577856
2020-11-05,198.1797637939453,200.309759986534,194.6448912086343,195.77786496421425,138023646
2020-11-06,198.67828369140625,201.08019645630722,196.72957427878077,198.49701064864402,73147085
2020-11-09,198.95021057128906,201.8052991772291,196.7295845633082,201.66934784561192,60359458
2020-11-10,210.00802612304688,212.99907979688226,202.12253104129678,202.2131744796921,135294550
2020-11-11,212.2739715576172,216.94183198115758,206.4278294287577,210.9597246961289,107094861
2020-11-12,205.56678771972656,211.50357373730427,204.52444343085153,211.36760857079997,58859905
2020-11-13,207.9686737060547,209.05632581804636,199.49403774613282,203.93528963270177,70676525
2020-11-14,208.1499481201172,211.09568010082566,206.42783341734028,210.27994446903597,7753219
2020-11-17,217.71224975585938,218.98118875147085,209.373565081436,210.14399282270892,80501583
2020-11-18,228.4075469970703,229.31392615182057,215.62759538299204,216.98716411511745,104514060
2020-11-19,217.30438232421875,228.22625289843015,216.62459802080616,224.78200966175703,82284278
2020-11-20,220.02352905273438,222.42542816322953,212.04739011505123,218.89055516471825,84411129
2020-11-23,216.3526611328125,223.10518181061136,215.80884203950913,220.70328303046844,57538324
2020-11-24,221.0205078125,222.0628380508448,217.07775393133602,217.9841328621558,47636611
2020-11-25,220.25010681152344,226.5041166580236,218.98118168709476,222.47073269439687,74767232
2020-11-26,222.47073364257812,223.1958396440192,217.66692194205854,221.15648679447995,64248318
2020-11-27,221.38308715820312,223.19584529255894,219.38905597646112,222.47073927276722,54355703
2020-12-01,224.8273468017578,225.64308248970352,221.38310332885197,222.06288767888938,37003272
2020-12-02,223.83030700683594,227.36519365329045,221.24713497352946,225.0992459941197,56723083
2020-12-03,232.304931640625,234.75216605754545,224.78199684274622,225.96029233418085,79266442
2020-12-04,238.83090209960938,239.60132989654605,229.8124324713853,232.93943772144067,79252024
2020-12-07,244.35980224609375,246.03660905386351,238.37769486565531,239.1027870558019,76053084
2020-12-08,246.44447326660156,248.07597225288637,240.41705774680153,245.58342971262738,65617502
2020-12-09,245.03956604003906,249.16357938979144,243.99723573124916,246.6257292761733,48495641
2020-12-10,244.31446838378906,245.62872910556263,240.68895208702799,243.8159709571821,38676657
2020-12-11,246.94297790527344,250.3872071567162,244.76764610384342,244.76764610384342,50255223
2020-12-14,248.52914428710938,250.29656682204862,246.8523375279415,248.3478574145803,31946501
2020-12-15,245.3115234375,248.39320716642624,243.0455754514516,248.39320716642624,34890948
2020-12-16,244.1785430908203,248.0306545668686,243.36280736916834,247.2602267395595,24844177
2020-12-17,242.63766479492188,246.67103467267157,241.73128581199052,244.72232539146745,25904699
2020-12-18,246.03662109375,246.4898106498921,240.1904647553186,242.63769942268416,29816205
2020-12-21,230.85472106933594,243.8159431162881,227.54644335840646,243.31744574660362,55160758
2020-12-22,233.34730529785156,234.48027914827713,225.0086066945215,230.945392436801,51189571
2020-12-23,238.37771606445312,239.19345176603449,231.67051589740052,232.89413328002078,29056404
2020-12-24,241.86724853515625,243.68000658651886,239.87320361446027,240.19044180554727,28585509
2020-12-28,249.43553161621094,250.16062380943194,242.9095912352455,243.5893755390755,36870242
2020-12-29,251.8827362060547,253.69549433299352,248.98233979924885,250.4325241724048,45032526
2020-12-30,250.97634887695312,252.60784773376278,246.9882866611289,251.97337134603242,30971894
2020-12-31,249.2089385986328,251.29359941415575,247.0789422329063,249.25424648834206,29467966
2021-01-01,253.2423095703125,253.78614255073438,248.7104141676208,249.16360370788996,24531791
2021-01-04,254.73785400390625,257.3210401638089,251.74681381485922,255.4629739343247,31450608
2021-01-05,255.3722686767578,256.00674500474713,251.06696867244688,252.01865550394052,27393072
2021-01-06,258.3633117675781,262.07947103975795,255.0550340920426,256.5052459617336,40765708
2021-01-07,260.7652893066406,264.4814216474617,260.13081284525856,261.9435711229259,30546600
2021-01-08,259.22442626953125,264.11886794671705,258.499334043465,262.9405861642355,32543357
2021-01-11,256.05206298828125,261.21843426144494,253.42356946669452,261.03714740044245,29703173
2021-01-12,265.1158447265625,266.3394618497063,251.8827064320445,253.7861077724359,44307145
2021-01-13,278.0770568847656,279.16472271277803,266.92860661984787,268.28817507461787,78042133
2021-01-14,278.48492431640625,280.2976821638686,275.3579059653378,277.98642697254996,40123498
2021-01-15,275.4032897949219,281.7932512633978,273.0920065378709,278.077091492439,35307601
2021-01-18,266.8833312988281,279.75389764473476,264.8439783678452,275.08605091258386,54969750
2021-01-19,270.644775390625,274.17964796451537,268.6507305230499,269.7837042749694,35803901
2021-01-20,274.2249755859375,276.17371270788016,269.0586315016661,270.826054085564,33759304
2021-01-21,267.24591064453125,276.5816052702017,264.2095348152411,275.53927473013135,29995203
2021-01-22,257.13970947265625,270.1009169041989,255.96140028584094,267.8349696147341,44440810
2021-01-25,254.64723205566406,261.0371939688274,251.1123312589391,257.8648669587896,34034630
2021-01-27,249.8433837890625,258.1820822530594,247.1695821430319,253.96742513199874,39211107
2021-01-28,255.91612243652344,256.82250145867476,244.26914646978045,246.4444505908451,48717297
2021-01-29,255.6895294189453,263.43905904681674,252.97039233400898,258.8618560180377,42300984
2021-02-01,281.6119689941406,284.51236522493195,256.27866464335887,258.40866084534906,103414068
2021-02-02,301.91485595703125,305.81227466415584,285.50939022471874,285.50939022471874,121434166
2021-02-03,304.498046875,308.07822745522657,295.2982775714913,302.5040019403347,66420168
2021-02-04,321.855224609375,324.4837184727254,300.10212616427606,303.09316613627914,145203439
2021-02-05,356.297607421875,370.1198878309798,349.0918829640788,350.7686897261344,214955688
2021-02-08,359.8778076171875,369.62138286167783,357.7931467686107,360.7388788192706,79389205
2021-02-09,357.83843994140625,365.7239487861223,352.58145248525796,359.6058901633061,63869990
2021-02-10,355.5271911621094,360.6482273892608,351.6750801042662,357.1586624282923,54163507
2021-02-11,353.623779296875,359.78717340653003,351.9016646414175,355.11929919081194,36392708
2021-02-12,356.3428955078125,361.9624563276939,349.4544096300361,354.39418620527823,53589755
2021-02-15,368.8509521484375,371.11689969165064,358.6541882039782,360.28565937089473,56608937
2021-02-16,364.68157958984375,376.8270521051516,362.823486128088,373.42813100979544,80365431
2021-02-17,373.20159912109375,376.01137989854897,362.6875958966943,365.2707818962982,74161370
2021-02-18,376.3285827636719,387.65832059181116,374.96901422429517,385.25639404385146,67154539
2021-02-19,362.14373779296875,376.14730515761215,358.019724186161,376.14730515761215,66155518
2021-02-22,353.0346984863281,363.45805928887694,349.5451330333752,363.09551314088793,52535049
2021-02-23,358.5635681152344,362.27972786015135,352.5814606795746,355.30059790846593,45462768
2021-02-24,368.21649169921875,372.0686026893029,358.20101418919745,359.8324854266827,39632090
2021-02-25,369.1228942871094,376.05668897918804,368.4884178429211,372.52181596562787,46988836
2021-02-26,353.623779296875,363.45799747896564,350.76869083381473,362.0984289098423,64450414
2021-03-01,357.9744567871094,360.4669994526063,354.39424807610607,358.1104081276735,29677890
2021-03-02,357.2946472167969,362.14375320462744,353.98634142032154,358.0197394223151,30534337
2021-03-03,367.1288146972656,370.61837949163214,358.9260955475602,359.3792850621404,46268223
2021-03-04,358.6088562011719,365.72393708928246,357.5212179659752,361.3733288275104,43603653
2021-03-05,347.7323303222656,358.019738465982,342.7019374662452,358.019738465982,72179228
2021-03-08,353.1252746582031,356.5695038986241,349.9076125141722,352.08294430864095,39147858
2021-03-09,351.3125305175781,357.9290866164198,346.46339699612867,356.6148535707426,28054083
2021-03-10,351.4031982421875,356.2069965461691,349.59043999004416,354.48488173873204,22677399
2021-03-12,345.4210510253906,356.3882427303278,342.1580810121169,355.0286741965049,35336355
2021-03-15,347.9588928222656,349.86229425575544,334.7710894268219,346.6899677534364,42722585
2021-03-16,343.1097717285156,351.5391133280401,340.88915969492854,349.4997605046783,38196452
2021-03-17,333.6834411621094,344.1068002195137,331.7800396282238,342.7925671955283,33143064
2021-03-18,332.73175048828125,339.89213935867195,327.2934762585425,336.7198127246577,39405038
2021-03-19,336.402587890625,337.98875127063246,323.8039242900932,329.8766751520337,60309145
2021-03-22,332.6411437988281,337.8981317374449,329.4688168143706,337.17303949091024,28461974
2021-03-23,337.8075256347656,342.56601624784713,332.68646122752796,334.1820089771797,41032380
2021-03-24,326.1604919433594,334.4991622304421,325.0728260682871,334.00066483965446,42318999
2021-03-25,321.9458312988281,327.0668671077367,312.88204131474504,326.29643942699124,57495003
2021-03-26,323.7585754394531,328.1091833814193,321.356649068075,326.29642546218497,40718848
2021-03-30,327.0215759277344,330.19390285254525,322.942869881549,326.3871271390696,39405124
2021-03-31,330.19384765625,333.411509595552,324.438363326024,326.5683317768051,38651025
2021-04-01,335.9493713378906,337.08234508964426,329.10622094149545,333.2755698800472,31883453
2021-04-05,320.4503173828125,334.6351723218312,316.3716114628251,333.09431679897136,51743981
2021-04-06,317.7311706542969,323.5773266966268,316.5981968213255,322.39904497453415,44147709
2021-04-07,324.982177734375,329.1968621913512,315.05734433110416,318.36562213219446,48023602
2021-04-08,322.30841064453125,329.2875130565745,321.1301012286445,327.20285220919027,33370259
2021-04-09,319.9518127441406,330.3751720828308,318.3203414770651,321.2207379141432,46473100
2021-04-12,298.062744140625,311.79438066392925,292.3525397589146,311.79438066392925,75501713
2021-04-13,309.07525634765625,310.2082301612474,299.5582763134909,300.9178448898002,49773360
2021-04-15,310.6160888671875,315.0120048109989,304.6339820409552,310.0722559447134,52992349
2021-04-16,308.0782165527344,313.1539444845829,306.9452428027902,310.88799698469444,37766793
2021-04-19,300.1474304199219,300.96316606963427,291.2195908424435,296.521914056316,53304377
2021-04-20,298.65185546875,308.07819074659136,296.1140055456545,303.7275829754306,41296147
2021-04-22,305.13250732421875,306.03888639107254,293.0323412496223,295.47957579432506,49105833
2021-04-23,304.95123291015625,308.07822393867434,300.6005970097721,300.6005970097721,44223940
2021-04-26,312.0663146972656,314.921431005588,307.4891112825343,307.4891112825343,49234985
2021-04-27,319.9971008300781,321.71924309046227,310.34416983286343,311.794381791901,46003023
2021-04-28,329.3781433105469,330.1938789285813,322.7162517190275,323.5773228861433,56696255
2021-04-29,325.7525939941406,335.31490865666166,322.21772156810766,330.82832172252967,63692926
2021-04-30,320.4049987792969,328.56241034652083,317.6405537012685,320.35969089034313,53832840
2021-05-03,317.7765197753906,319.49863454295576,309.4378209443977,316.87014067030424,43691860
2021-05-04,318.59228515625,328.9250023859748,317.4140032739253,321.764612319968,57749307
2021-05-05,322.1271057128906,323.985199343661,315.419906340057,323.12412819031704,40872501
2021-05-06,322.2630920410156,325.70734936801176,317.73119634272825,324.48373199737495,36294427
2021-05-07,324.7102966308594,328.1092180889633,319.9518065895139,324.0305123392386,38357618
2021-05-10,327.8372802734375,332.6410776881159,325.208759166038,326.74961445930734,41739324
2021-05-11,330.5111389160156,332.09730236804967,321.5379912051795,323.4413928797194,41892770
2021-05-12,333.2756042480469,338.5325919340973,328.01858890150163,328.834324554786,53436590
2021-05-14,326.7043151855469,337.6261708564378,325.8885519732053,335.36022340102545,51722170
2021-05-17,347.23382568359375,349.13722725411105,329.6047417873769,330.2845260868121,106555796
2021-05-18,346.46337890625,355.79907170793757,344.46933400662135,353.48781628106605,70917710
2021-05-19,348.4120788574219,353.0346172469254,345.511682680443,346.23677480956485,48189573
2021-05-20,348.5480651855469,351.4937972043004,346.2368095888765,350.76870500234344,42898608
2021-05-21,363.6393127441406,366.5397093217611,342.61130616903847,353.48785557123017,192810772
2021-05-24,373.4734802246094,379.95411262533776,367.355421575903,377.9600676311915,142964052
2021-05-25,373.74542236328125,376.60051095757547,370.25585734336846,376.2379648545769,56048127
2021-05-26,374.8330383300781,379.5462203696114,372.3404959873523,375.0596330885077,52357719
2021-05-27,385.39239501953125,388.92726789153824,373.4281801260522,374.9690356228089,73392997
2021-05-28,382.53729248046875,393.05129569321736,380.7245342596671,390.19620702755384,65137568
2021-05-31,384.6219482421875,386.11746811475876,378.8664358496929,381.5855729490926,38291043
2021-06-01,392.05426025390625,394.5921382759125,385.7549422399594,386.1627962299375,59299647
2021-06-02,396.3142395019531,396.9487159009735,388.9725636669023,390.46808356688643,38657806
2021-06-03,402.1686096191406,404.2725449742927,396.54291980030337,399.74453506974066,38909199
2021-06-04,396.6344299316406,404.2268212608921,394.94214186450716,400.20193877410975,36898769
2021-06-07,395.39947509765625,400.1104175694343,394.07308049836104,398.00651018696846,20201197
2021-06-08,390.7800598144531,395.62820936401,387.852857272463,395.399522537788,31113823
2021-06-09,385.52020263671875,395.44518701289496,382.5472743598681,391.0544118011243,27784834
2021-06-10,395.39947509765625,396.35994848620174,386.38920964239014,388.6760776302308,27397712
2021-06-11,392.97540283203125,398.3724057306271,388.99624692755265,397.77782563360597,26831924
2021-06-14,393.6614990234375,395.5824739018937,381.1752041872797,390.5970900406469,30106015
2021-06-15,392.8839416503906,395.90259639194994,391.5118207831599,392.60952864329266,16413658
2021-06-16,389.6365966796875,395.85686672355354,388.767575638383,391.5118173487716,19701175
2021-06-17,384.42254638671875,389.6366170757428,381.08372438081153,385.1086068502287,23048331
2021-06-18,377.6991271972656,387.76134676758494,368.3229680521954,387.76134676758494,45748727
2021-06-21,383.96514892578125,385.1085829607002,366.35626478802953,371.70754165462415,33128978
2021-06-22,382.9589538574219,389.17925228423195,381.7240394118449,386.93811021944884,28442965
2021-06-23,383.1418762207031,388.53887920088465,379.6200938631363,385.2000574524912,27564829
2021-06-24,381.6325378417969,386.70937356674546,380.809243040243,384.513985899629,19214547
2021-06-25,392.2436218261719,394.25607700507544,383.3248358614399,385.1086042207349,29886797
2021-06-28,390.36834716796875,396.2227233583746,388.35589226695373,393.98160958519685,29370660
2021-06-29,385.56597900390625,392.3808574148079,384.6969579204669,391.0544626907946,22275961
2021-06-30,383.4620666503906,388.6761093385087,382.6387717749082,386.938095109136,18337773
2021-07-01,384.5597229003906,387.5784054538985,381.58679445707094,384.4682425958838,16161469
2021-07-02,388.2187194824219,389.1334667139619,383.2790900152796,384.46825024993365,16423811
2021-07-05,395.765380859375,397.457668806859,388.08150976135767,390.1396910152482,16483761
2021-07-06,393.1126403808594,399.28718447061107,391.69479327474636,394.8964087286917,20195278
2021-07-07,395.9483337402344,397.00028744406666,391.1001567984235,392.7467185189113,14473774
2021-07-08,388.2644958496094,398.2809618596144,386.1148341490934,395.9026133381047,21433043
2021-07-09,387.6241149902344,391.0544168928028,385.1542864540378,388.7675489577572,16844494
2021-07-12,391.0086975097656,393.56997847527344,388.4016624352391,390.1396765129672,12886781
2021-07-13,392.5180358886719,394.98783662184604,391.78622136649943,393.34130279972993,12831125
2021-07-14,394.3017883300781,395.4452223849918,390.04821922897344,392.4265676463679,12767351
2021-07-15,394.8963623046875,396.0397962609602,393.0211138668794,395.8111094697056,11030732
2021-07-16,393.34130859375,395.62817666696947,391.0087143254142,395.1708030523256,8713863
2021-07-19,391.4203186035156,392.8381935032809,383.1418676668262,387.3039562318398,14426686
2021-07-20,385.0171203613281,390.59708429152414,383.187625821321,390.59708429152414,14623321
2021-07-22,386.0690612792969,390.3226582758298,385.0171075370059,389.2706766176685,11799761
2021-07-23,392.3350524902344,393.295553760569,383.7364347442169,386.84656951415496,17704661
2021-07-26,387.2124938964844,391.3288564591651,386.29774666033313,391.3288564591651,14037519
2021-07-27,393.2955627441406,396.31421728358856,387.85280583552577,387.9900123298882,24119619
2021-07-28,389.2249450683594,393.7986812031227,385.15430874207203,393.34130758964636,17636515
2021-07-29,403.9066467285156,405.781895385375,389.22496418132647,389.6823378172622,35263606
2021-07-30,394.98785400390625,406.5136750135399,393.9816543549279,403.8609135541163,35196813
2021-08-02,397.82354736328125,399.4701090548665,394.9878254909973,397.6863408679497,16926025
2021-08-03,408.4346008300781,409.715241251747,396.6343682257757,397.86928245647573,40922962
2021-08-04,417.9937744140625,427.5986207081888,403.8609179863568,410.4013553558495,129761158
2021-08-05,404.18109130859375,423.07061706010296,401.0252020257968,421.698496139908,58595639
2021-08-06,398.5096130371094,408.8919993647804,397.00028573672193,405.8733447640056,38236066
2021-08-09,396.4514465332031,404.1353177330876,394.256058749789,400.5678090955559,22196404
2021-08-10,390.0939636230469,399.19568172390404,385.74891432261467,397.3661872816168,27794251
2021-08-11,391.5575256347656,395.9940551134782,387.0752699626527,393.15833322593943,23827946
2021-08-12,390.73431396484375,393.75299688435103,388.76761280090784,393.341349422095,16847144
2021-08-13,394.43902587890625,395.3994993263061,388.7675817551882,391.14593019145286,20908992
2021-08-16,388.63037109375,397.00030276942437,387.8528303553823,393.34131380380757,17608693
2021-08-17,385.56597900390625,389.5451352600746,379.84880849673084,388.63038797892654,22957877
2021-08-18,383.91943359375,388.1730027408294,382.36435209591116,386.1605476160816,17668574
2021-08-20,372.0277099609375,381.7697623865227,370.60983500356787,379.6201008108056,25541790
2021-08-23,374.5889892578125,377.7906045506143,367.0423246390654,376.0525904034102,26559937
2021-08-24,381.99847412109375,383.05042792206353,373.39985517300266,374.5890154843821,19012313
2021-08-25,380.7635498046875,385.3830123356692,378.9797814680828,383.27910478838214,16410980
2021-08-26,375.7323913574219,380.3518532923651,375.0463309958441,379.16269316531066,15897679
2021-08-27,377.2875061035156,379.02552025699,372.7594961495837,375.36653133773024,15090541
2021-08-30,386.6636657714844,387.2124917774755,378.2479800785992,379.07124700345594,20308691
2021-08-31,389.7280578613281,390.5970789222341,383.00468785192083,387.7156306445066,26262421
2021-09-01,393.24981689453125,395.67389139874035,388.9047676812977,391.0544291910187,18776721
2021-09-02,393.1126403808594,396.5429426529436,391.28314583574775,394.6219677974022,14372717
2021-09-03,394.6219787597656,397.27474034069536,391.6948041557947,394.484772248245,14233624
2021-09-06,394.3017883300781,396.863097362607,393.3870410861472,395.1708093781607,10694099
2021-09-07,392.5180358886719,394.89638423296043,388.85904702541853,394.3017762099861,14928735
2021-09-08,394.57623291015625,398.28094811606775,390.9172439005169,392.426571283819,22817464
2021-09-09,395.4452209472656,396.8173418081734,393.3413134602219,393.5700002703732,9662128
2021-09-13,395.9483337402344,396.81732683650046,392.24359080603887,393.4327789234805,9567921
2021-09-14,396.0855712890625,399.5158735808269,395.39951083070963,397.91506584467015,9981562
2021-09-15,406.01055908203125,407.062512801603,394.66769913994705,396.0855461642564,22181568
2021-09-16,424.16827392578125,426.36366155076513,405.00430954655894,406.92528418687044,42637448
2021-09-17,415.38671875,431.66920812179234,411.9564166703356,428.10169954211534,41529478
2021-09-20,400.15618896484375,414.83787091465945,398.50962719294813,411.08740166941243,18376916
2021-09-21,401.3910827636719,403.7237050043555,395.76539275051596,402.6259971362843,17279588
2021-09-22,401.43682861328125,405.05006343256156,398.9212737236087,401.4825548085636,14321143
2021-09-23,411.4532775878906,412.6881918856447,404.3639868190037,404.68415392077236,20516770
2021-09-24,403.17486572265625,413.37429236366256,402.4888052591464,412.64250570226733,10731274
2021-09-27,408.5260925292969,412.13932710856494,404.546936748596,406.9710111708125,11746892
2021-09-28,406.97100830078125,416.94174682040625,402.1228594905383,410.90443786149785,19241170
2021-09-29,420.7837219238281,422.88762936709935,401.6655105761151,404.18106543544235,38635938
2021-09-30,414.3804931640625,425.26597956466856,412.91689202004414,420.73799754782823,26530369
2021-10-01,413.14556884765625,416.71307735787383,405.96479771752786,410.26412074001394,14777309
2021-10-04,423.6651611328125,424.8085951356085,413.0998421133248,415.11226920872434,16246765
2021-10-05,425.0830383300781,429.0164401544858,419.5945550871636,422.61320970441886,16487568
2021-10-06,418.2224426269531,430.84594317135833,414.9750732272012,425.35745981885697,19056690
2021-10-07,418.86273193359375,424.4426953653202,418.1309453493114,422.70468129074806,9984651
2021-10-08,418.9542236328125,424.442706911845,415.52392158341723,422.5217321810097,16521128
2021-10-11,429.2451477050781,434.45921820423183,419.5488212573886,420.7837356299114,20686981
2021-10-12,441.8229064941406,443.1035470167468,428.19317852294046,429.93119265475383,33763609
2021-10-13,440.63372802734375,444.70433623117833,437.2491522930377,444.70433623117833,17638983
2021-10-14,448.7750244140625,451.79367929366146,440.90819216569116,440.90819216569116,23431826
2021-10-18,455.4983825683594,458.28835038137936,449.7812125286715,451.88511993692896,20084248
2021-10-19,446.5796203613281,461.2155764185171,442.05161028978694,457.6937939090819,20645100
2021-10-20,457.2821350097656,464.2342195457429,441.91439270149596,447.12843516657637,34080545
2021-10-21,460.0721130371094,463.31945441403883,449.82693328352144,461.8558533184021,20808243
2021-10-22,460.0721130371094,465.33190941002294,457.3735976446583,461.5814403261629,24080485
2021-10-25,463.3194580078125,471.5064566355026,455.4069002903594,463.3194580078125,35619415
2021-10-26,468.85369873046875,474.0220431018292,464.325716525764,464.325716525764,21107457
2021-10-27,474.8910217285156,481.93453036245717,469.03661743274023,469.9056384217324,29463032
2021-10-28,458.6085510253906,476.1716819222038,455.1782487507156,475.3026608462709,28140401
2021-10-29,459.3403015136719,468.94517504243936,446.7625274967812,458.7457214160472,31355893
2021-11-01,471.73516845703125,472.87860252065997,458.2883727024087,465.14897708418124,20679604
2021-11-02,477.2236022949219,480.2422567423841,468.3962699097248,470.9118245878992,26797820
2021-11-03,482.6664123535156,496.06742616576594,471.27779784070805,479.32756253370434,80775924
2021-11-04,485.2276611328125,490.21304451580113,483.0322455304038,486.18813452196457,9796046
2021-11-08,478.6415100097656,488.8866906211392,472.4212397273489,488.8866906211392,36802110
2021-11-09,484.03851318359375,486.64552042460116,477.68100884628535,481.3857239162526,25451967
2021-11-10,479.6934509277344,483.4438920909196,477.04066173209947,480.7453767019264,15805538
2021-11-11,466.1551513671875,478.27552314056294,463.86828350129264,478.27552314056294,23086898
2021-11-12,467.7559814453125,469.2653087264636,459.8434238306619,468.35056153596366,19836221
2021-11-15,463.3652038574219,471.91812406157396,462.40473042052264,468.71650871741605,13328183
2021-11-16,452.8913269042969,464.1427058657012,451.4277258573507,464.1427058657012,19553216
2021-11-17,455.68133544921875,462.3132529890859,449.1408982172135,451.7479334539905,20488483
2021-11-18,460.8496398925781,463.04505556100526,450.33004682553235,456.5503446929596,22471070
2021-11-22,444.93304443359375,462.86209561777235,436.79179971835237,462.86209561777235,28800269
2021-11-23,451.01611328125,453.16577486777436,439.078673024738,443.8810960109461,20000371
2021-11-24,451.10760498046875,457.3736292848453,447.3571356371588,453.5316796325042,13963769
2021-11-25,448.7292175292969,453.2115010394632,444.84154201822463,448.22611774715256,12894211
2021-11-26,430.3885498046875,446.30514521322806,427.27841496419296,444.7958179437392,26305817
2021-11-29,425.448974609375,437.02052236565754,415.5696870245841,429.9312307940535,22407465
2021-11-30,421.2868347167969,436.5631249543611,418.95424039622293,428.10171289395703,23026652
2021-12-01,434.7793273925781,436.56309557594625,424.44269533208814,424.85434273313274,17156956
2021-12-02,436.33441162109375,437.3863653112203,430.8002022626874,434.04754363565826,12962679
2021-12-03,432.8126220703125,440.4507665965415,429.9769002328308,435.19097031838965,16653993
2021-12-06,425.6318664550781,436.33441999875384,424.259745637472,432.81263765039085,14353300
2021-12-07,436.05999755859375,438.8042391343788,429.19939361913106,429.19939361913106,13644942
2021-12-08,449.64398193359375,450.4215226487684,439.30734958040273,439.9019296864058,20397660
2021-12-09,446.9912109375,451.42774041328664,444.65861675824704,450.3300326137153,12560970
2021-12-10,452.52545166015625,453.66888566180825,443.10353873702195,446.8540078456145,13261408
2021-12-13,446.21368408203125,457.78525878227936,444.8873173585926,455.31543011455665,14047645
2021-12-14,446.8997802734375,448.5463421556833,440.72523602572784,444.567185835096,11642447
2021-12-15,443.4694519042969,449.14089597295117,442.2802916556454,448.22614873064373,8639835
2021-12-16,440.130615234375,448.7292334393856,437.47785390417283,446.71680632358755,11107781
2021-12-17,427.9187316894531,440.359299271,426.7295714883093,439.1243849600465,12648603
2021-12-20,410.90447998046875,424.4427282496702,405.23303580733597,419.86899195387633,22336114
2021-12-21,407.9772644042969,419.18291796697093,406.60514355988784,418.08521012509567,16617447
2021-12-22,416.987548828125,418.31391562078755,410.7215244422132,411.6362717126858,13102553
2021-12-23,422.4302673339844,425.3574696895943,418.72555215142324,421.69848070301714,14471377
2021-12-24,417.9937744140625,424.07683815050154,413.64872490005297,423.1620908843943,13221159
2021-12-27,418.9999694824219,421.2411114261733,412.13936506180016,415.02084125115795,8856482
2021-12-28,421.8814392089844,423.4364927709809,419.91471030583773,421.8814392089844,8832210
2021-12-29,415.6611328125,422.7504237952607,412.9168911417539,421.69847007131534,11757303
2021-12-30,413.19134521484375,416.11851967398894,410.2641428398278,414.1518186638395,28879190
2021-12-31,421.1954040527344,422.0643972353255,414.47200583688556,415.523959645218,10005842
2022-01-03,430.66302490234375,431.7607328471177,420.8752453775789,422.6132596935771,13124509
2022-01-04,442.2803039550781,443.37801184272155,430.89168930529485,432.2180840098747,23296671
2022-01-05,450.4215087890625,452.79985705576144,438.30110857494367,440.8166633363645,24694169
2022-01-06,449.78125,452.2510509133829,444.0183253703631,446.1222608697689,18190843
2022-01-07,449.36956787109375,459.1573742053209,447.72303405592913,451.3820229037345,22746330
2022-01-10,460.7124328613281,461.90162099966733,450.513006917338,451.2905476393541,15832274
2022-01-11,462.8163757324219,464.50863578819735,456.6875580780953,460.11786021688926,16107950
2022-01-12,466.749755859375,469.72268424064487,465.14894826946045,466.4295887582183,14489616
2022-01-13,467.7559814453125,469.12807431519354,463.776825583464,466.5210671549638,10450974
2022-01-14,465.0117492675781,466.84124368553586,462.084547032498,465.60632937024053,8724574
2022-01-17,470.1800842285156,474.6623680645578,464.2799533281715,464.691600755031,17422211
2022-01-18,463.5938720703125,473.3359521308501,461.9473382685742,470.1800631090042,12592506
2022-01-19,471.8266296386719,473.51894558341195,457.64804698555474,461.9473703112355,16079457
2022-01-20,467.8017272949219,474.8910462350493,464.691592299712,472.0095701312035,17724642
2022-01-21,459.84344482421875,464.23422037272604,455.5441216662415,462.2217652954026,16947941
2022-01-24,452.0223388671875,463.5938857626072,446.39664897657883,459.56900352713996,20233933
2022-01-25,470.7746887207031,473.38169601825234,447.31139971579785,448.2261469544805,21791739
2022-01-27,483.8555908203125,485.5935771744518,460.3008480731917,460.62098729239676,35409230
2022-01-28,478.824462890625,490.6704510363016,476.94924217993685,488.47503528658655,24715250
2022-01-31,492.4084167480469,494.78679301613647,482.1175105358289,483.9012787789612,28674232
2022-02-01,486.91998291015625,497.5768114254417,475.6686021412413,497.5768114254417,32245356
2022-02-02,493.780517578125,497.8511537035552,486.05089272542926,490.8990974544457,21661864
2022-02-03,494.0549011230469,498.2627714076758,491.35644176289344,491.35644176289344,22717677
2022-02-04,485.0904235839844,499.81788683878847,482.3461820145878,495.9302112821434,25332894
2022-02-07,487.7889709472656,502.19624013136206,480.4709929489944,486.5540844927539,52289545
2022-02-08,486.0509033203125,491.8138553567655,474.75379771132225,489.8471265402949,26567546
2022-02-09,489.6184387207031,490.76187272051794,482.7578347218143,489.34402572709524,14856155
2022-02-10,494.4666442871094,497.57680745514483,488.8409818634131,491.3107549201972,18659370
2022-02-11,484.45013427734375,491.8596207003723,482.1632660909293,490.53322598590336,14607095
2022-02-14,458.6542663574219,471.6436605802897,457.0992127792638,471.0948345620402,26153332
2022-02-15,480.0593566894531,481.93457742879133,454.72087403042843,459.203130075481,23842951
2022-02-16,472.64990234375,482.9865348203373,470.18007366979805,481.6144139827795,19773807
2022-02-17,469.2196350097656,475.66859225767956,467.5730731331966,475.66859225767956,16408356
2022-02-18,471.36920166015625,476.49181926909193,466.6125331647754,466.6125331647754,15111223
2022-02-21,468.2134094238281,473.38172606728205,461.62721772089105,467.9389684852804,16866932
2022-02-22,455.9100341796875,462.2217847649798,453.2572726775642,458.19690235666815,27108772
2022-02-23,456.1844787597656,462.2675425760223,454.8580840401576,460.11788088928967,13899433
2022-02-24,432.3552551269531,446.3509039273894,428.1016862632802,439.0786525777233,32356037
2022-02-25,441.7771911621094,449.9641622186997,438.4383414001046,439.0786756350873,21792287
2022-02-28,442.005859375,443.92680616738363,432.7669070473986,436.2429352502415,18069367
2022-03-02,433.81884765625,438.8956833101287,427.1869306388376,437.2491495618081,22003848
2022-03-03,427.5528259277344,442.18878079331955,424.99154499260436,439.07864596755644,20358590
2022-03-04,422.5674743652344,430.7544449425451,418.6340447100843,421.05811917340276,20684268
2022-03-07,402.7632141113281,415.2495367507259,396.49721760879453,409.34940565923307,33720472
2022-03-08,402.7632141113281,404.4097759562401,388.7675919668694,400.6593065446795,42510207
2022-03-09,413.19134521484375,415.56966573918965,401.16239650902844,404.3182856972216,32331325
2022-03-10,428.7420349121094,436.0142585909613,422.293050235539,429.83971483102124,34553299
2022-03-11,430.2513732910156,434.32198179141335,422.6132281939466,426.63811049833384,22091309
2022-03-14,443.78961181640625,444.56715254291663,430.4342967123957,430.8459441310982,27750689
2022-03-15,444.429931640625,448.6835005272817,439.67323504564973,447.3113797305622,27204899
2022-03-16,450.74169921875,452.15954626404897,447.6772904039518,450.97038602708017,16211288
2022-03-17,459.1116638183594,460.57526508004037,455.8185679585451,456.4589022342406,22947673
2022-03-21,448.7750244140625,459.2031378987074,447.3114231722468,459.2031378987074,19064060
2022-03-22,451.6107177734375,453.53166462015184,436.56311470170846,448.7749957825625,26157969
2022-03-23,448.82073974609375,459.5690201040249,447.4943729620845,456.0015113556305,15800195
2022-03-24,445.5733642578125,452.6169009096352,442.28026877271157,443.65238956518124,18174877
2022-03-25,448.86651611328125,451.244836786212,445.11604655969217,449.82698962228227,11541196
2022-03-28,455.0867614746094,456.09298904295355,440.86245275969105,449.0951780929001,16738684
2022-03-29,452.7998962402344,458.6542731539036,449.7812414316479,457.37363256589333,14301429
2022-03-30,452.1595458984375,457.7395096003556,450.3300514332755,456.7332820613425,16461225
2022-03-31,451.4734802246094,455.1324691123894,450.2385938076794,452.15954064106813,10240982
2022-04-01,464.8745422363281,466.2923892422718,449.14087909358597,449.14087909358597,18527226
2022-04-04,468.71649169921875,471.0033597191569,462.86208723548157,465.8807418554522,16257176
2022-04-05,465.9722595214844,472.37551840659944,464.41720589276247,470.54602384395844,13602384
2022-04-06,470.1343688964844,471.2778029798829,462.8621169597213,463.7768642264401,13738275
2022-04-07,471.049072265625,475.5770819802615,466.56678874371477,466.56678874371477,19620958
2022-04-08,472.1010437011719,475.21120675178236,468.67074143876727,475.21120675178236,13572638
2022-04-11,471.00335693359375,477.49803973911236,469.44827552288496,469.7226885173069,12370288
2022-04-12,469.1280822753906,472.6498925176163,461.3527589400779,469.03662988748397,14460680
2022-04-13,473.56463623046875,476.491838434493,469.951373626989,470.45447342024204,15440525
2022-04-18,466.063720703125,471.09483054388494,461.03261086236506,468.35058881256134,14492183
2022-04-19,468.1676025390625,476.5375616935719,462.03881309118987,469.4939971361894,20362934
2022-04-20,465.8807678222656,469.9056780943888,463.7768602930047,468.3505965878075,11881305
2022-04-21,472.2839660644531,473.83904746379,468.53352489405654,469.6312326954554,10035638
2022-04-22,457.9224853515625,469.72271945878424,456.4588841478741,469.1738934337883,16760456
2022-04-25,452.5711975097656,456.6418338987888,448.2718743104798,452.79988432002824,14057444
2022-04-26,462.4047546386719,464.600142549331,455.9557974168849,456.4588972595396,12137213
2022-04-27,454.8580322265625,459.9348678754136,449.9184030706242,457.373586954814,12367342
2022-04-28,464.2342224121094,466.52109050280944,454.1720028130292,456.5960774059972,12154792
2022-04-29,453.9890441894531,468.80796064849517,451.88513670313483,464.78307837439434,12894773
2022-05-02,449.1408996582031,452.7998886574553,440.2678401686684,450.65022703722053,18590895
2022-05-04,438.7585144042969,454.12628500723224,436.79181339313544,450.05564856423587,14645323
2022-05-05,439.0787048339844,451.8851670583089,437.84379039346436,443.6524413426717,14130385
2022-05-06,442.69195556640625,444.65865662743096,430.84596717104483,430.84596717104483,16710020
2022-05-09,435.32818603515625,442.4632309305549,433.4072113357847,436.42589383933114,13544947
2022-05-10,434.6878662109375,441.41123557558666,433.13278485608896,436.33439995006216,10884328
2022-05-11,435.9227600097656,438.1639017802081,424.1225269019901,434.7335998351647,14771351
2022-05-12,423.2077941894531,432.6754334647198,417.4448978910489,432.6754334647198,18947096
2022-05-13,406.74237060546875,436.3344505610766,402.26011453717706,429.42811979506433,61403008
2022-05-16,416.2099914550781,422.15584847586496,401.43682920968183,407.0625191154061,27940958
2022-05-17,427.46136474609375,429.6110262963001,417.261938826114,419.2286397659697,16880698
2022-05-18,418.9542236328125,428.6505496756105,418.1309567241316,428.0102154600422,15644497
2022-05-19,409.349365234375,411.6362331965782,406.55939748683454,410.76721220459353,14201420
2022-05-20,422.9791259765625,424.44272717067,415.43246110768746,416.0727953538191,13596860
2022-05-23,421.6069641113281,431.2118093744921,420.3263236594132,423.6194190471002,13499415
2022-05-24,422.6589050292969,427.0039539459278,420.9666451523555,422.9790721115905,17175179
2022-05-25,421.8692932128906,431.48468563956214,419.9647793082008,428.27954538016223,12728644
2022-05-26,435.6188049316406,436.7336436826211,420.3828359935606,424.4240910264561,17055257
2022-05-27,435.665283203125,441.28586018700094,434.3181887103641,437.9413722079097,10977001
2022-05-30,440.9142761230469,443.05101746267394,437.66269595746616,439.42783380561843,9365470
2022-05-31,434.8756103515625,442.58648881837377,431.99563378932805,440.3568396046054,15441579
2022-06-01,435.0614013671875,438.4987973480269,431.7169416957556,434.78270584507754,9424008
2022-06-02,436.50140380859375,438.82396099779396,433.0640078279661,433.7607749847262,9370989
2022-06-03,431.5311584472656,441.7504108539824,430.60213550120045,439.66010922533576,11306291
2022-06-06,430.78790283203125,432.55304056011636,424.09892703436145,431.25241425266034,10661432
2022-06-07,430.5091857910156,432.8782110846822,427.8150251789779,429.069211704857,7672515
2022-06-08,437.84844970703125,441.79679674597133,430.3233874434492,433.4820594042959,17168871
2022-06-09,433.8072509765625,437.47687439087713,429.6266479604756,435.66529676149,12635601
2022-06-10,429.0692138671875,431.20595510609974,426.0498895700351,429.2085616259813,8621104
2022-06-13,414.2048645019531,421.82283525019136,410.72102863648564,421.77639544593,13426836
2022-06-14,416.295166015625,417.3635366773815,411.88230725275895,413.41518936323826,11351101
2022-06-15,419.3144836425781,423.1234831307332,416.7596707159718,417.0848343951183,9920926
2022-06-16,410.25653076171875,425.26024538178035,408.9094361752225,422.84478009816445,10780703
2022-06-17,409.6990966796875,415.78418530109855,406.2152608235677,408.77007378472223,14326050
2022-06-20,403.84625244140625,411.97520254407925,400.1301609658986,410.16359660915805,12368534
2022-06-21,418.757080078125,422.65898767237655,406.54043438286834,408.30557225587563,13801891
2022-06-22,415.8770751953125,419.1751233400902,413.0900066314862,416.8990060056877,11066447
2022-06-23,419.36090087890625,424.0524831934855,414.3441832542056,417.1312517514312,12229833
2022-06-24,422.0086364746094,427.67568162206436,421.0331738068587,423.44861057491323,10833364
2022-06-27,428.4653625488281,431.85629038223016,425.5389178027619,427.30408395166796,9509175
2022-06-28,431.2988586425781,432.69239291929085,425.49246582294194,426.32858071866406,13261290
2022-06-29,426.514404296875,429.85889229141424,425.4924734719425,427.3505192076278,11800876
2022-06-30,432.8317565917969,435.9904287315172,426.0499008697052,426.4215043535202,16926328
2022-07-01,433.71435546875,435.52593315014667,427.86149406727816,430.4627752517755,9405495
2022-07-04,439.84588623046875,440.49618522424714,433.71432965875215,433.71432965875215,9186358
2022-07-05,438.63812255859375,445.93095742851125,437.56975197672665,441.425191042522,12003244
2022-07-06,445.8845520019531,446.8600147059179,440.26394644847693,441.4252250729725,12059857
2022-07-07,452.201904296875,453.59543867067123,447.4174419504805,449.6470912782486,11497832
2022-07-08,453.8741455078125,455.12833214576847,450.7154731855187,454.29221717097454,9057231
2022-07-11,453.54901123046875,456.4289596669393,450.5761264780428,450.5761264780428,7704792
2022-07-12,450.5296325683594,456.4753730076686,448.8109346632436,450.57607236923,7364457
2022-07-13,451.9696350097656,457.4973325339497,450.15802903756315,453.1309136197599,8208853
2022-07-14,445.3271179199219,454.1992749781504,442.95809259308453,452.0625337200882,9385630
2022-07-15,445.0948791503906,450.01868920290036,441.0071840415013,448.2999911595239,6945602
2022-07-18,455.4999084472656,456.6147472480962,447.8819378133518,450.1580268670489,9934786
2022-07-19,462.6069641113281,463.1643551697625,453.3631749213971,453.3631749213971,11724183
2022-07-20,472.5010681152344,474.3591139762054,464.88306874464126,465.4404881732386,19280117
2022-07-21,475.7061767578125,476.9603917266901,470.7823666026297,473.6158751794091,13814893
2022-07-22,477.2390441894531,483.27769264870454,474.916487089741,477.0067884794819,14699129
2022-07-25,481.04803466796875,482.16287346167064,473.0119924472466,476.9603680284706,10229778
2022-07-26,477.7035827636719,483.8351111742268,476.6816235598744,480.95516288809955,8862656
2022-07-27,490.70989990234375,492.3356899534286,475.8919735247016,478.7254819874095,15101546
2022-07-28,494.65826416015625,499.34981855668167,491.9640750160222,495.35503134884004,12160734
2022-07-29,490.84918212890625,498.88525216814304,489.36276830459843,497.07364633641913,11921058
2022-08-01,495.865966796875,497.0272454076405,489.03767124679666,491.49954787978527,8295631
2022-08-02,503.623291015625,506.2246004960406,493.4040391236026,494.14730280546866,16845027
2022-08-03,502.46197509765625,507.61809716837826,496.70207891211163,503.4374944319357,24262125
2022-08-04,495.4014587402344,505.38845486111114,486.9938128814101,505.0633195290963,18072293
2022-08-05,493.35760498046875,504.3665604850358,491.45311935571334,497.5382080751771,21110734
2022-08-08,483.4635314941406,486.8079911951748,477.37838624175544,486.8079911951748,32566317
2022-08-10,478.1680908203125,486.34348087745,476.9603724089837,484.53187490892833,16904151
2022-08-11,487.5047912597656,488.66606994309046,480.4906793530958,483.0919322631313,13862195
2022-08-12,493.0324401855469,494.05434264419563,487.8763746840825,488.3873259134069,12154012
2022-08-16,488.6195983886719,495.9588451685862,487.73701530607804,495.44789392173413,10721167
2022-08-17,490.6634826660156,492.8931036739318,487.1331501731273,491.31375335391226,12054183
2022-08-18,494.5652770996094,496.8413943563711,488.85182076049057,489.4556515735559,9013662
2022-08-19,483.4169921875,495.773040812657,481.6983226855611,494.24013050861817,11087222
2022-08-22,475.0093688964844,482.9989993783973,473.8016505396413,482.1628561373997,9676954
2022-08-23,484.8570556640625,486.8079809982914,472.1758708824076,472.1758708824076,8597965
2022-08-24,482.4415588378906,485.8789547532378,475.93839883163315,482.16286332109064,11930650
2022-08-25,483.4635314941406,490.8027782555925,481.6983653333934,484.9035056236676,15473450
2022-08-26,486.6221923828125,491.9176343481351,485.13577839745057,486.6221923828125,12855886
2022-08-29,478.3074035644531,480.3048254229665,472.64038671940847,475.0093837053515,9421339
2022-08-30,493.54339599609375,494.7046745749081,481.18740325812036,481.4196589738832,14835308
2022-09-01,495.4479064941406,502.50851463100315,485.18221468066645,485.18221468066645,16670228
2022-09-02,498.6065979003906,499.67494020526334,493.5434117940799,498.88529342761575,10017930
2022-09-05,500.650390625,502.41549985626574,498.2348974147237,498.8852246906846,7819994
2022-09-06,499.6285400390625,504.1807752561006,496.1911437224278,499.8143559729734,8657868
2022-09-07,495.02984619140625,499.30338569661285,493.8221277215004,496.4698770971638,8445359
2022-09-08,505.9923095703125,507.5251632256435,497.4917279520944,497.95623936941655,12240707
2022-09-09,514.0748291015625,517.4657855661197,509.1045789770801,510.6374895329618,18587927
2022-09-12,515.5147705078125,518.9521094794106,512.1238146322019,515.5147705078125,9677415
2022-09-13,518.394775390625,520.2528211805555,514.4464280870226,520.2528211805555,16707275
2022-09-14,531.1688842773438,534.0488328095158,510.2658674059135,510.96263463496115,21632641
2022-09-15,531.54052734375,537.4398006593908,527.5921796293119,531.9121025185649,12749947
2022-09-16,521.9249877929688,533.2590770784519,520.5314536194188,528.7068427636351,14739280
2022-09-19,531.6333618164062,533.6307837600242,519.8347594839756,520.903158514852,11194003
2022-09-20,533.3055419921875,536.9287536952673,532.1907032602358,536.9287536952673,8484017
2022-09-21,529.2643432617188,536.3248944309445,525.2695562395763,534.1881531589202,9392526
2022-09-22,527.03466796875,533.2591325992832,522.1108580501693,526.5237167258603,11869435
2022-09-23,511.5199890136719,527.6850102482754,510.4980864989918,524.7121256104904,12563239
2022-09-26,504.7380676269531,510.0335088407735,495.16914428439395,507.06062458888744,16158750
2022-09-27,498.4207458496094,511.79869721719484,495.35498186626154,505.8993682538064,11066799
2022-09-28,487.5976257324219,501.486528839793,483.4170228594841,495.07630512312164,12233485
2022-09-29,484.71771240234375,497.67759358102506,482.6738506213195,491.45312862643,17310168
2022-09-30,492.93951416015625,498.7924036275781,479.5151789961069,486.8079858742602,17466950
2022-10-03,482.8596496582031,493.91504478951293,481.6983710394965,490.1524567024575,9351162
2022-10-04,494.8905334472656,497.7704818914978,490.3382983419329,495.1692289897622,8745887
2022-10-06,499.1639709472656,503.34457381399824,496.65559788661494,496.65559788661494,9507322
2022-10-07,492.5679016113281,497.58459072692034,489.1769456983304,497.49171112781846,11065307
2022-10-10,493.0788879394531,496.0053326593176,485.1357537466073,488.38733378954294,9649292
2022-10-11,489.9667053222656,495.81953831354355,488.20153911237713,493.0789093889518,10825440
2022-10-12,495.91241455078125,497.02725337559986,488.66604724404766,492.38213885807085,8522604
2022-10-13,484.43896484375,495.9123740845993,483.2776863091275,495.1691671630516,12972765
2022-10-14,489.7808532714844,496.8878439855607,488.66601452131914,492.5679217953702,8545479
2022-10-17,505.0633239746094,506.0387866822973,486.99381716787735,489.03767889540234,13485349
2022-10-18,522.5289306640625,523.5043933483238,507.94326009440294,508.26839542147115,20440781
2022-10-19,514.121337890625,523.4580074640971,512.4026113622147,523.039935784048,9540583
2022-10-20,515.9793090820312,517.2799070388827,506.596144356835,512.8206087382911,11225588
2022-10-21,521.04248046875,525.6411552498403,517.6980206478074,517.6980206478074,11767639
2022-10-24,530.0075073242188,531.865552923953,525.7340251260505,526.7559275246837,3692065
2022-10-25,537.4862060546875,544.5932541668578,527.6850254611185,531.8656286557928,19899324
2022-10-27,538.5081787109375,543.4784288404763,536.6036362901586,542.5029660780416,13613533
2022-10-28,530.2398071289062,541.2952020481209,526.7559713396231,538.7868289392258,10043644
2022-10-31,533.0733642578125,536.4643207503551,528.056674284823,534.1417633453428,9894639
2022-11-01,535.9533081054688,544.1751376967455,533.8165101750305,535.4423001724173,12069579
2022-11-02,533.1197509765625,537.8578016328036,529.4501560045153,535.0242932214652,10241440
2022-11-03,543.3855590820312,546.2190678064255,527.6850481717524,528.6140711438858,17557998
2022-11-04,551.7930908203125,554.5801591567704,539.2048435079216,544.4073483880893,25759031
2022-11-07,570.5594482421875,578.5025828570365,564.5672390755263,569.4910492043815,44265903
2022-11-09,571.8599853515625,576.9231710597669,567.2148712528526,576.9231710597669,18939854
2022-11-10,562.755615234375,571.4419565687384,559.4575953177317,569.5839107900034,11618405
2022-11-11,558.6215209960938,575.57619082005,556.0202679253599,573.4394492513424,15525267
2022-11-14,550.4925537109375,561.0834383305436,549.6564670534292,561.0834383305436,12957268
2022-11-15,558.203369140625,559.3646477289204,550.5854269638519,552.1182806785682,10286417
2022-11-16,557.1814575195312,560.6652932272399,553.6976218118226,557.36727343122,11555749
2022-11-17,556.5311279296875,559.9685238213378,553.8369956817869,556.5775677316582,8167131
2022-11-18,559.922119140625,562.7556276752249,554.7660533312614,558.342768853174,12933675
2022-11-21,555.6485595703125,559.3646510750879,553.0937466607794,559.3646510750879,7412419
2022-11-22,556.5775756835938,558.0640462892758,553.8370035945674,555.6950493243781,8048595
2022-11-23,564.5208129882812,566.3323623614517,558.3427877471263,558.8537390242528,12435924
2022-11-24,566.1000366210938,567.911642473298,562.8020169277778,566.4716684328985,8960032
2022-11-25,564.2885131835938,570.1413459163525,563.2201142032641,567.2149011984452,9994513
2022-11-28,565.4033203125,567.5401183678248,559.5969271253315,562.6162515826591,7934274
2022-11-29,565.35693359375,568.3762583345875,564.0098389072251,564.0098389072251,6942919
2022-11-30,559.6898193359375,568.0045850653908,555.9272881877424,565.3103961576169,15606230
2022-12-01,564.9387817382812,566.518131949988,558.8536933108481,564.7065260219437,14209313
2022-12-02,564.4277954101562,566.3322808251035,561.3620314857226,564.3813556103872,7533838
2022-12-05,573.48583984375,574.1361672313877,564.4278663316044,565.3104494503227,11585602
2022-12-06,565.7285766601562,575.8084536976544,564.6601775110471,571.1168988097368,12996244
2022-12-07,563.9632568359375,569.3980740203284,561.5942601313284,567.4935319940853,7613892
2022-12-08,568.23681640625,570.2341813977581,564.0562138201916,566.4716504109158,10020015
2022-12-09,572.7426147460938,574.1361490885416,565.8678226421276,570.7916893478897,11202267
2022-12-12,569.5374755859375,574.7864776344798,567.6329899879643,571.1632656554611,9285187
2022-12-13,572.9749145507812,573.5788021601909,569.0265669434187,569.9555899098569,7455415
2022-12-14,581.103759765625,582.2650382623589,573.6715773865283,574.6006001839154,14010673
2022-12-15,572.231689453125,584.8663787165883,570.6987789256705,581.1502869681508,10622271
2022-12-16,560.5259399414062,571.9064703833176,559.3646613248847,568.5620106489584,9435071
2022-12-19,561.5478515625,566.2394054350925,560.2007571408708,561.1297799553664,8322012
2022-12-20,561.5478515625,563.4523369916055,556.9956170902503,560.2007571408708,6753785
2022-12-21,551.2822265625,565.9143376361941,547.7518940838596,562.8950131289239,9217253
2022-12-22,551.2822265625,556.4847322630342,545.847408427578,554.6266864124063,8740149
2022-12-23,533.2590942382812,548.7737865436641,530.9365372076268,548.1234592344703,13047046
2022-12-26,554.7195434570312,558.993082761458,530.1933732483348,533.2591374365397,13201587
2022-12-27,559.1788940429688,560.2936761363036,551.1892632547101,557.7853597232435,9638618
2022-12-28,558.3892211914062,563.9169189700275,556.0666638645115,558.2499017736284,7988631
2022-12-29,568.3762817382812,574.1362358985891,554.766128291004,557.4138212607661,20130392
2022-12-30,570.141357421875,576.5051415202785,567.9581196143295,571.5813315569454,13052895
2023-01-02,568.747802734375,575.2509627143755,567.8187798800892,571.3026155836609,6726084
2023-01-03,568.93359375,572.835444204816,566.70391631606,570.884518977408,6818062
2023-01-04,562.2446899414062,571.3026635308936,561.1298510820882,568.4226584190668,7011191
2023-01-05,562.1516723632812,568.1903205500095,559.225284571544,563.9168383606225,8241475
2023-01-06,558.0176391601562,564.3349836708002,554.6266828234792,564.2885438654469,7972036
2023-01-09,564.5671997070312,565.7749180766002,557.5065919949155,562.0588266606619,8878905
2023-01-10,552.9080200195312,565.7749649315789,548.6809203213877,565.2640136601837,10622660
2023-01-11,554.3480224609375,556.9492754594182,550.2138588671233,554.1157667163757,7419630
2023-01-12,552.67578125,555.4628501283095,548.2164256822556,555.4628501283095,8183715
2023-01-13,557.506591796875,560.1079011495518,551.5144397532472,555.462786881279,7877610
2023-01-16,560.2008056640625,563.0807539572319,557.9711280349228,560.2008056640625,5483191
2023-01-17,550.8641967773438,562.9879355336183,544.4539154242008,560.2008665458281,13461999
2023-01-18,549.4705810546875,554.7660226892714,545.8938090272761,553.6047441160317,11538075
2023-01-19,547.984130859375,549.7492970376347,545.8473895456789,549.0525298677518,7475688
2023-01-20,550.1673583984375,554.2550250301911,548.8667036910736,551.6537723185195,6750607
2023-01-23,557.831787109375,559.0395054856419,550.8641156658481,556.0201811934469,6604469
2023-01-24,552.1646728515625,561.687156454172,550.9569545645247,560.6652540658442,7609623
2023-01-25,528.3352661132812,553.5582005582665,527.127547840379,553.5582005582665,25686294
2023-01-27,501.62591552734375,528.1959472210457,494.4724280088681,527.684995977524,40163464
2023-01-30,500.0001525878906,515.0038388951956,487.9228544901303,497.9562907999654,40797825
2023-01-31,514.2141723632812,517.4657524956598,499.67494137585163,506.3174777560764,21911943
2023-02-01,489.920166015625,524.8978981961093,463.9075551645127,521.5534386941342,38218810
2023-02-02,490.616943359375,494.8440426803204,466.833981131225,483.27769688183133,39287056
2023-02-03,505.5742492675781,507.2000392645869,482.30223807957736,497.95625051241154,32317232
2023-02-06,506.6891174316406,519.1379903948726,498.4672306622053,519.1379903948726,25338586
2023-02-07,508.26837158203125,512.2632151446792,502.64779475723776,509.1045148167841,16195947
2023-02-08,510.7303466796875,515.1432055186662,506.7819992974434,510.9626024080548,15502847
2023-02-09,511.705810546875,512.8206493861524,504.27362722243805,512.8206493861524,15061047
2023-02-10,513.7960815429688,517.6979888967993,507.710993148678,507.710993148678,13824475
2023-02-13,499.3498229980469,517.3728904535258,495.4479153661014,514.6787012854288,18488732
2023-02-14,502.46197509765625,505.9458107113584,493.07886719263996,501.6258885721999,18559909
2023-02-15,503.7626647949219,505.9923424240616,498.6994786767496,501.67236328125,12796579
2023-02-16,501.76519775390625,508.0361017308311,500.27878393689315,508.0361017308311,12767016
2023-02-17,493.3111572265625,501.34722794923516,490.29183281792535,500.27882893880206,14192008
2023-02-20,487.87640380859375,496.0517940749912,485.0893350789315,494.2401880600991,12570032
2023-02-21,486.29705810546875,491.4066841580176,485.321595381503,489.6879577366885,10223218
2023-02-22,479.700927734375,484.8570499338609,476.12421242954093,483.7886509710897,14763050
2023-02-23,484.0209045410156,486.80797308923644,475.05583971454416,480.2583733415285,15535085
2023-02-24,484.0673828125,490.05959200799634,480.86224238671736,486.9938277019231,12253035
2023-02-27,490.2453918457031,492.1963172392588,482.1628813381515,484.1138067317072,11048799
2023-02-28,485.69317626953125,490.94217850316005,484.06738614268016,489.8273396469931,15768010
2023-03-01,498.6065979003906,499.2569252659543,485.9718525366277,486.111228651769,13510198
2023-03-02,495.865966796875,501.5794802430642,494.70468818610954,497.90982849243375,10376913
2023-03-03,521.3677368164062,524.2476855339236,503.298227506256,503.53048326421924,27656538
2023-03-06,521.8322143554688,527.5921681185347,519.323840992175,524.8050992044442,16162268
2023-03-08,524.7120361328125,525.3623633962824,516.9547188770576,520.2527382880957,12637578
2023-03-09,519.23095703125,525.5947416506116,518.394813682795,524.6657186870224,8993423
2023-03-10,508.5006408691406,515.5612486426553,506.31745982451406,513.8425223260048,11522371
2023-03-13,492.38214111328125,513.8890441091696,490.9421669468635,508.1755305452167,14373729
2023-03-14,488.1086120605469,494.9833469032127,483.09186615388154,490.19891340448197,14750800
2023-03-15,480.8157653808594,494.24015692362525,478.957719678139,492.1962953100218,11282329
2023-03-16,487.27252197265625,491.77826045743336,477.79647683963054,481.60550483684807,20040008
2023-03-17,492.1962890625,493.8685188331115,483.18475617807985,491.12794681882934,18787379
2023-03-20,482.34869384765625,489.2234291835881,478.4467863850695,489.2234291835881,14275315
2023-03-21,484.8105773925781,486.29704805352003,479.7938877574261,484.94995350871756,29485180
2023-03-22,484.5318603515625,489.5950462693423,483.1847658665671,485.1357478906121,11619538
2023-03-23,476.35650634765625,484.02094550390814,475.19522768761806,482.53453150028315,22097792
2023-03-24,469.4817199707031,478.4003453249582,467.7165821618938,477.9822736866617,14416984
2023-03-27,473.9410095214844,477.65712933781117,465.9514072018612,471.0145931632608,15674218
2023-03-28,472.0365295410156,475.42745737224135,468.08818231320515,475.1487618497131,15833599
2023-03-29,479.8403015136719,481.2338357871869,470.36425711315877,472.87263014609675,24203789
2023-03-31,486.57574462890625,487.64414364678476,482.4880211813495,483.69579631566717,17356345
2023-04-03,489.36279296875,490.98858297861295,485.04281397560624,487.50474724319236,14210949
2023-04-05,485.87896728515625,490.1524498611261,482.20931556065125,489.59505881314976,13574801
2023-04-06,490.198974609375,495.81955202867067,484.62483699624335,486.80801821349587,25125879
2023-04-10,488.9447021484375,492.75372975815685,487.1795928002729,491.6853308266744,17335453
2023-04-11,494.33306884765625,497.6775853530546,489.73445079520377,493.17179020753014,26414406
2023-04-12,490.70989990234375,496.0982213024708,488.66603821179706,495.3550143340148,21292441
2023-04-13,495.122802734375,496.33052125362167,489.73448085407773,491.7318462158536,28597560
2023-04-17,505.3883972167969,506.31742000579834,490.52403259277344,490.52403259277344,32476990
2023-04-18,507.10711669921875,509.56905001405534,502.1368669691831,506.6426052589142,22283456
2023-04-19,501.9510803222656,508.6400567933102,500.0465946465739,505.3884765215721,21156372
2023-04-20,506.1317138671875,506.73560149221805,498.5602105166989,502.78725378272253,25588577
2023-04-21,504.59881591796875,507.61814037349563,501.39367553995163,506.31748561912224,22599418
2023-04-24,515.236083984375,516.1186670908221,504.9239523489952,505.2026478818052,23335611
2023-04-25,521.9249877929688,527.5920607872357,515.6076442134857,515.6076442134857,38142390
2023-04-26,526.152099609375,526.7559871788986,516.9548068709435,522.1108726535115,23143882
2023-04-27,524.6657104492188,527.1276439453,521.2747540041349,524.8979661864694,17845169
2023-04-28,537.25390625,539.251328071495,525.3624250345678,527.4991662626207,16183423
2023-05-02,534.466796875,539.6228619911891,532.4694319090614,538.833215305152,13667511
2023-05-03,530.0075073242188,534.188109923621,528.613973124418,530.1468834254196,9699527
2023-05-04,538.8333129882812,539.5765200104115,528.1495490238584,529.7288993852984,12533761
2023-05-05,535.5816650390625,546.4976833637962,534.2345705860378,539.0190608734192,18163461
2023-05-08,542.1776733398438,545.8937644708997,536.3712809475688,536.6500331448386,12990869
2023-05-09,532.7946166992188,544.8254742233607,531.4939619981551,543.4783797193426,18959065
2023-05-10,531.5869750976562,534.188228172492,523.2722078576629,534.188228172492,18561315
2023-05-11,532.7482299804688,538.8333190533032,531.4011353422231,531.5869512756125,16016715
2023-05-12,537.1145629882812,539.5299996252273,530.9829783895638,533.9094229370257,11319335
2023-05-15,540.5984497070312,542.5493751212783,533.8630336631455,537.6720048826024,11410243
2023-05-16,544.6860961914062,548.495123972205,540.6913091994442,542.5493549355248,22178229
2023-05-17,544.6860961914062,548.5880035777866,538.3687520293435,544.4074006716053,23739774
2023-05-18,533.4449462890625,551.7467082714093,530.8436935790718,548.4021918988014,45656620
2023-05-19,534.3275146484375,544.6396455981572,529.450144687857,537.9042299383079,42293962
2023-05-22,536.1856079101562,539.1119961242575,532.7482117209831,536.5107432551475,21484049
2023-05-23,540.3197021484375,542.2706842826218,535.8604035179653,537.8113856521496,16120548
2023-05-24,541.3416748046875,543.7106719449978,537.2075114091327,538.647485615748,17616658
2023-05-25,539.9945678710938,541.5274783578868,536.0462204931116,540.6913350554436,16479436
2023-05-26,544.4074096679688,546.0331997139054,539.3442236128685,539.9945509718547,9788076
2023-05-29,552.7685546875,554.0692092621026,546.3118350190275,548.1234407825631,18432231
2023-05-30,550.7247924804688,553.2331657818045,549.5170739881399,552.7686543075964,15031640
2023-05-31,549.162109375,553.8501481082919,546.936503435379,552.9030719118671,28797643
2023-06-01,551.9086303710938,555.3654814653645,550.251247096706,551.0088964611522,17820226
2023-06-02,556.1231689453125,557.7332100831975,552.1454372531686,553.7554783910537,11323908
2023-06-05,556.1231689453125,558.5855439997637,554.9866659182792,557.354356472538,12920507
2023-06-06,554.3710327148438,557.7331994819402,552.1454267581223,556.8808077766311,11199940
2023-06-07,558.0172729492188,559.3431448615423,554.9866177418588,556.8807700208413,11113781
2023-06-08,557.3543701171875,562.515947212822,555.3181330686974,558.7276422332659,15971917
2023-06-09,548.072998046875,557.9225556560352,546.2261879311128,556.8807949778836,18870272
2023-06-12,548.025634765625,550.7247786585704,547.1259008663296,549.3041644401906,8786066
2023-06-13,545.8947143554688,550.6300950913596,543.8584775170594,548.783285043374,12612098
2023-06-14,546.0367431640625,547.9308954655977,544.8055557290528,546.462938992896,8948696
2023-06-15,536.5186157226562,546.1788035949786,535.3347705864633,545.5158387577229,17934877
2023-06-16,541.0172119140625,544.284635958382,537.039480808149,538.6495217087493,12660226
2023-06-19,538.7442626953125,542.4378829249408,535.950434203992,541.0172686527673,17903691
2023-06-20,537.3710327148438,539.3125272688809,532.7776786865753,538.7442468937137,14549152
2023-06-21,536.3765258789062,539.3598387145792,535.7136188531458,537.3710020274224,14946871
2023-06-22,533.1565551757812,538.8863545906687,531.3570872845204,536.3765795536382,14979063
2023-06-23,525.2484130859375,532.3514842571589,524.4907637219954,532.256799763519,12215712
2023-06-26,527.5687866210938,528.9420586746129,525.1537538676326,526.5743681702502,8360264
2023-06-27,536.1397705078125,537.8918960196315,526.2428712590395,528.7052460586985,10694768
2023-06-28,539.6439819335938,543.6217133483505,538.4601367390198,541.9643300759469,18028934
2023-06-30,542.5325927734375,543.621753554977,540.0228754582851,543.621753554977,8718232
2023-07-03,554.4657592773438,555.3180931535118,543.5270409961187,544.0952635802307,15421985
2023-07-04,558.0646362304688,564.4100581652275,551.4351030041416,557.0702178075081,24799250
2023-07-05,559.3431396484375,562.279110336461,557.0701916178066,558.5854903048938,13598114
2023-07-06,561.142578125,562.0896542062237,557.922496326865,559.153741476405,11323509
2023-07-07,562.1843872070312,563.9838550386189,554.5130934090871,558.7749361423764,11707209
2023-07-10,561.2372436523438,568.0562027677943,559.0116380586246,563.1787957972151,11417363
2023-07-11,557.401611328125,564.4099973918707,556.2651084792831,563.5102635613317,13221177
2023-07-12,558.0646362304688,563.0367861502142,557.0702178075081,557.8278671866714,16029716
2023-07-13,554.6552124023438,566.3515806192413,552.4768908483136,563.4156674537284,20024503
2023-07-14,553.4713134765625,560.0061040903931,549.9671202346848,555.6969192600167,12190152
2023-07-17,569.2874755859375,570.9448589210546,553.2819226326304,555.933724407829,19378986
2023-07-18,561.0005493164062,572.0813521283934,557.5910982073067,571.1342759530944,25757209
2023-07-19,569.6189575195312,570.5186914159763,560.6690764111024,563.1788513109324,17556585
2023-07-20,577.7637329101562,578.4740399478636,567.0617851030194,569.5715597582258,34038351
2023-07-21,582.5465087890625,586.7136669141413,576.7693674749186,577.7164436119874,21040281
2023-07-24,584.9616088867188,588.9866825360349,581.7888690919402,582.4991762065254,11756364
2023-07-25,577.3375854492188,588.8919257906668,572.2234090326344,588.8919257906668,18503305
2023-07-26,582.5939331054688,583.7303782733334,576.9114760463759,579.610620027468,9999125
2023-07-27,583.9197998046875,588.3710693551636,580.6523754641814,583.7777730624562,17444742
2023-07-28,583.4462890625,587.0925671630472,581.1259407812325,583.7778004197922,11930586
2023-07-31,587.3766479492188,588.1342973187537,581.9783022582515,584.0145391310097,8605483
2023-08-01,579.468505859375,587.9921910123245,578.2846606992431,587.3766262120196,13493453
2023-08-02,566.7777099609375,578.189965532909,562.6578941967817,577.5743429390312,14977497
2023-08-03,559.2484741210938,569.0506892838814,554.0395552258084,567.0145102168711,27774877
2023-08-04,542.9586791992188,567.0144336055272,541.159269416028,563.32081394777,52725616
2023-08-07,537.8446044921875,546.46297490863,536.660759225921,546.46297490863,32736325
2023-08-08,542.769287109375,543.858447740975,538.3654179490715,540.7804504311654,25038671
2023-08-09,543.3849487304688,544.5687939346745,538.270714326323,544.5687939346745,15769111
2023-08-10,543.2902221679688,547.0311264796395,539.9280558044107,543.3849066549969,27325801
2023-08-11,543.7638549804688,548.3571516956642,541.7276179100518,544.9950425510931,18221179
2023-08-14,531.1202392578125,542.6745786718476,529.0366603790627,542.6272364301581,28084093
2023-08-16,535.4295043945312,536.4239806444865,524.6802126897423,529.2261668704698,15725767
2023-08-17,541.8696899414062,542.8167661745958,534.1509955189327,535.8083789270145,27910162
2023-08-18,542.6273193359375,544.805583030874,537.3710579967587,539.8334329901751,18253227
2023-08-21,541.4434204101562,545.0896402898765,540.543686550049,542.6272655405768,9380810
2023-08-22,538.4127807617188,544.0478953051733,537.4657046302118,542.2010852877467,14073413
2023-08-23,546.3682861328125,547.362704587704,536.0451323697911,540.7805133977928,18579297
2023-08-24,546.41552734375,551.1982497366639,545.089597779111,547.5520301413071,24131644
2023-08-25,539.7860717773438,544.8529061378787,537.1816123237163,543.4322918904455,12271885
2023-08-28,542.5325927734375,544.3794029745524,539.0757992325795,542.4852505231413,9711932
2023-08-29,544.4267578125,545.8000299325134,541.5855290696916,543.290312559334,13144855
2023-08-30,537.3710327148438,547.1259055366658,536.1397874711188,546.1788293829949,15281416
2023-08-31,531.6411743164062,540.1175174300328,529.7944220656501,539.1704412789,27898476
2023-09-01,539.4072265625,540.9699253809107,532.3514974630689,532.9197778538285,18121168
2023-09-04,545.0896606445312,545.8473099953048,538.3654431746227,541.727551909577,12108655
2023-09-05,542.6746215820312,547.6467712562122,541.11192284817,545.1369963939355,14444729
2023-09-06,540.3070068359375,543.8585428142632,537.9393161837204,543.8585428142632,20609936
2023-09-07,548.4044189453125,550.251228951145,537.9392393188474,537.9392393188474,12390597
2023-09-08,552.5715942382812,557.3543172604112,549.0200586567578,550.2512460973644,14032068
2023-09-11,560.385009765625,560.9532323744613,554.3710410982075,555.9337399799246,10946134
2023-09-12,557.212158203125,562.7999298928183,553.7080231418913,562.2317073977355,16093060
2023-09-13,564.8836059570312,566.3515624928049,552.5716154680572,557.2596541767706,19377172
2023-09-14,565.6885986328125,571.749909391221,563.6997617490858,566.7777593769611,13178911
2023-09-15,567.1091918945312,568.9086597168509,563.6997408474365,567.6300722204844,11756389
2023-09-18,571.9866943359375,576.2011950737599,565.451845299319,567.109228683467,19305055
2023-09-20,569.2874755859375,574.6858214384503,567.6774923043499,569.0507065380637,21314600
2023-09-21,557.0228881835938,574.4963977678915,553.7081214953073,568.2457179919575,23453425
2023-09-22,566.4935913085938,570.1398111649995,560.1008276451988,562.0896643296132,18784139
2023-09-25,562.6105346679688,569.6662630363052,559.2010838964593,569.6662630363052,9712784
2023-09-26,562.9420776367188,563.5103001956123,559.9587646901778,562.5632240608297,8327427
2023-09-27,558.5381469726562,562.8473317978076,557.0701905339704,562.0423402102848,9865347
2023-09-28,558.7276000976562,563.6997500083563,557.6857816238776,559.9587875621745,21960816
2023-09-29,566.8723754882812,568.2456473637309,560.0060739159695,561.4740302773386,12189735
2023-10-03,571.03955078125,572.8863607525196,558.3960500586644,565.0255828135226,15322196
2023-10-04,555.2234497070312,568.6719439730779,553.5187240237176,568.2457481010129,24914612
2023-10-05,560.8111572265625,562.8946784824502,556.0283764943421,558.7749204115613,13248028
2023-10-06,562.7999877929688,567.2512571455039,560.8584932959413,561.9949962079626,8216780
2023-10-09,554.1342163085938,557.8278363093581,550.7721076337612,556.8807601865917,9189597
2023-10-10,560.337646484375,563.5103285736951,554.7498738857847,555.9337191138808,10373508
2023-10-11,557.212158203125,565.404388970993,556.5018511818047,565.3097044901236,14220119
2023-10-12,555.0339965820312,561.6161877464566,554.0395781309901,559.5326085412145,11983797
2023-10-13,545.6578979492188,550.5353050008061,544.3793105785601,547.173196531182,19064577
2023-10-16,545.1844482421875,548.1203613972401,541.2540588138621,545.5159017966484,11290293
2023-10-17,545.9420166015625,549.2567828738186,544.8528559901324,547.1258616987968,10765224
2023-10-18,542.3432006835938,548.593880385168,539.2178030278637,547.173266107088,11777454
2023-10-19,540.9699096679688,543.6217113329951,536.9921782679586,539.6439799329851,11441499
2023-10-20,533.298583984375,539.8334328727063,532.3515077863527,539.7387483748817,11110988
2023-10-23,523.685791015625,536.0451237387181,521.8389808834517,533.2985796647226,11875035
2023-10-25,526.7637329101562,531.1202598029354,524.3013003927678,529.0366808435873,12134624
2023-10-26,518.0506591796875,523.6384316419934,514.4517813350399,522.2651596499072,19424825
2023-10-27,531.4517822265625,532.7303118530344,520.8918604785226,520.8918604785226,10415296
2023-10-30,535.2874145507812,536.7080286776119,527.047841054176,533.2038356037756,8593704
2023-10-31,535.6188354492188,539.3597973164387,533.3458876676318,536.9921072492025,13039696
2023-11-01,536.4239501953125,539.5019476582157,534.0088597881594,536.2818656519717,13575575
2023-11-02,541.8222045898438,544.9949441545303,537.5603622114079,540.8751285057469,11148516
2023-11-03,547.5520629882812,548.830592584147,543.1007938170342,545.5158262786344,11371371
2023-11-06,543.9531860351562,551.6718800975543,542.911425349224,551.1983420030499,16499138
2023-11-07,549.0673828125,550.4406547530965,542.2957654048678,544.3793444383654,17923281
2023-11-08,549.5882568359375,551.766520334941,548.3570694499737,551.1036132997641,15434808
2023-11-09,547.741455078125,551.0562215235307,545.9893873646721,550.2512299373365,12434363
2023-11-10,548.8306884765625,550.251302855708,544.9476989622101,547.2206472858747,6773038
2023-11-13,550.5827026367188,551.6718633429775,544.758218934174,550.2512491026093,11282362
2023-11-15,553.7554321289062,556.8807718384401,551.7665375465191,556.1704647315032,11397676
2023-11-16,553.7081298828125,556.8808120676829,552.0507465135635,553.7554721323736,8622660
2023-11-17,533.251220703125,544.0952543037619,532.3514867895021,544.0952543037619,37173221
2023-11-20,533.9141845703125,536.8027552939175,530.9308715478544,534.1509536100332,12714585
2023-11-21,531.7832641601562,536.6607295090693,531.3097260798711,536.045106882722,14280013
2023-11-22,529.3682250976562,534.6244861641455,525.7693472920832,533.1565296940364,14909071
2023-11-23,530.3153076171875,533.6774164258742,528.7526088304325,532.0200331450485,6376210
2023-11-24,530.694091796875,532.6829863733514,529.6523311651066,532.2094483034675,6529851
2023-11-28,534.5771484375,535.2874555553268,531.4044086282419,533.7720990209981,8153314
2023-11-29,538.5075073242188,538.8863609283957,535.1927406049756,537.9392847228976,10299034
2023-11-30,534.8612670898438,540.0228437781268,533.8195064246602,539.5966479405728,19758998
2023-12-01,541.4907836914062,543.8111317981642,536.5659761965393,536.992172021036,10614230
2023-12-04,563.2261962890625,564.4573837194087,553.6133502732071,556.880774541967,26077882
2023-12-05,576.0590209960938,578.9475914557199,563.5576052803208,563.5576052803208,36430152
2023-12-06,576.2484741210938,581.5047350018984,572.554854148129,581.5047350018984,21439069
2023-12-07,579.3264770507812,580.1314686348155,572.981055454185,577.7164360777733,10725706
2023-12-08,581.6468505859375,584.1565677433689,573.3125340795355,577.7164613742833,17722136
2023-12-11,581.7415771484375,587.0925809963234,580.6524163565841,582.4518843244429,11706255
2023-12-12,579.989501953125,585.2457634285711,578.474145313708,584.34602945594,14494836
2023-12-13,587.0451049804688,587.6607275753272,579.2791271049712,581.9309286579414,13977914
2023-12-14,590.6441040039062,594.5270933594653,589.4602587363645,592.8697099849069,15813797
2023-12-15,613.942138671875,615.5995220003375,587.0451518194214,594.7638458710953,29813572
2023-12-18,614.1788330078125,620.9504500480689,608.4016920876163,612.426765395686,16221796
2023-12-19,620.7137451171875,624.6914187883696,606.3655180156144,614.178896420345,19964008
2023-12-20,602.7666625976562,625.4491492821084,600.3989720837247,623.8391081716461,22542056
2023-12-21,609.6802368164062,614.6050440767264,594.2902502559922,598.6941772244857,19915516
2023-12-22,603.0507202148438,615.0312562708087,601.5354215427969,610.6273291849556,14998068
2023-12-26,604.2819213867188,607.3599188509928,602.0089733268344,605.0395707400135,10153089
2023-12-27,614.2262573242188,615.0786490253292,605.1816911844077,606.8390745327218,14417646
2023-12-28,616.9254760742188,618.7248862187143,612.2847794498366,615.8363152935132,16982092
2023-12-29,608.0701904296875,615.220603329458,605.7025002108935,611.3376144926107,13221898
2024-01-01,607.4072265625,612.6635451004371,604.2345447863022,608.212275921118,8295548
2024-01-02,605.60791015625,613.7054004061756,600.3042485561921,607.4073203201524,15164482
2024-01-03,609.3961791992188,613.7053642545236,602.1510233047925,605.5131321806922,14571772
2024-01-04,608.7332153320312,612.1900665146259,604.8502261119448,608.4964462867835,13883388
2024-01-05,607.9755249023438,617.2568592884629,603.9977936497388,610.8640954983638,15984585
2024-01-08,593.8167114257812,610.8640811317845,591.9699014799768,606.1287006578947,14739531
2024-01-09,592.3014526367188,600.777738011181,591.4490609721083,598.5521321607245,13400235
2024-01-10,588.8446044921875,592.2067133106882,585.4824956736869,591.73317522907,12742464
2024-01-11,587.3766479492188,593.9588388441286,585.7666069108683,592.8696781345247,15533860
2024-01-12,600.0674438476562,602.8139878885283,588.2289916110394,590.7861088551372,16620797
2024-01-15,606.223388671875,611.337622735401,602.4350842707261,605.0869435954805,16844018
2024-01-16,603.1927490234375,610.769357293514,599.9253251459803,606.1286616061186,15025543
2024-01-17,592.8696899414062,603.0981011461799,590.0284613953612,590.9755375773763,30016308
2024-01-18,595.0479125976562,599.9253777209321,586.2874585176507,592.6802223057629,14695436
2024-01-19,594.5270385742188,601.8668785566165,591.6384679485856,599.499188239714,11675202
2024-01-23,573.07568359375,601.2985955791091,568.8612414971168,593.8166718075666,30954343
2024-01-24,585.5772094726562,589.4128565647261,571.1816395100639,577.6691462358584,19221835
2024-01-25,580.3209228515625,590.7861029633766,574.1649277499139,585.7666108260978,22684904
2024-01-29,589.9810791015625,596.1844161117133,583.0200349532757,586.240116875537,19572140
2024-01-30,593.5800170898438,599.9727815339705,591.1649843052737,592.3488295727046,16966577
2024-01-31,606.602294921875,609.1594121757427,589.0813855447404,593.248543869928,23270745
2024-02-01,613.3739013671875,618.3933934805597,599.7359814695897,608.7332050368398,26587707
2024-02-02,615.26806640625,625.5911621347344,612.4741801008781,617.493672317934,27471811
2024-02-05,608.922607421875,620.1454364049642,604.9448761274464,612.8529386660016,28339525
2024-02-06,615.8363037109375,620.334915694985,603.950508871969,610.3432732703525,14079390
2024-02-07,639.51318359375,642.0703008129436,620.3348911572103,620.3822334047071,41696232
2024-02-08,662.527099609375,680.8530575303441,642.591158500595,644.3906262816,74222434
2024-02-09,686.8670043945312,689.8029174512828,657.4603003588977,666.4101818840758,43235061
2024-02-12,670.4352416992188,687.5772971988666,667.215159609644,687.5772971988666,22873137
2024-02-13,675.6915283203125,680.0007134812453,664.9895787916939,671.0508318054963,23351472
2024-02-14,704.056396484375,708.8864614766698,668.209531384723,668.209531384723,36782182
2024-02-15,721.387939453125,723.5662031109259,702.3990735633622,708.1288729039719,33941282
2024-02-16,714.7583618164062,733.6051419871368,713.4797743669861,723.0452778952919,27365121
2024-02-19,719.0675659179688,724.5132537731262,710.3071115422806,718.5466855971592,13979584
2024-02-20,719.87255859375,723.092640626177,714.095417199918,718.878140197099,12528399
2024-02-21,730.6692504882812,736.3517073942173,719.3990211695317,720.3934973720231,21465311
2024-02-22,725.3656616210938,732.0898793051539,716.9366605873241,732.0898793051539,18799244
2024-02-23,718.8781127929688,729.7221458595922,715.0424660921377,725.3656188570327,14143636
2024-02-26,718.7361450195312,725.7918164039028,712.8642610698683,715.0425247498395,11355186
2024-02-27,710.1649780273438,722.003429070041,702.9198806721752,718.7360628262059,13969393
2024-02-28,703.2039794921875,716.6998134420376,701.7833653922032,710.1649654601358,11263318
2024-02-29,708.5076904296875,714.0007786982383,698.1372521616919,704.5300165868673,19217113
2024-03-01,728.443603515625,731.1427472715305,712.1538830776034,712.2012253214909,17348526
2024-03-04,731.1901245117188,735.8781629797205,728.3015538370722,733.415788130336,9789141
2024-03-05,742.4603881835938,745.3016167439201,728.3962721270127,728.7751257237001,18088847
2024-03-06,742.4130249023438,748.4742776430227,731.9951871429561,742.1762558623576,26710525
2024-03-07,746.3433227539062,751.4102146649448,741.5605999220379,748.1901327438186,15497868
2024-03-11,732.7528076171875,750.8419384368862,729.7694947090195,748.1901368545919,16778340
2024-03-12,719.4937744140625,736.5884876385131,717.2681107424115,729.2486473566764,21529705
2024-03-13,707.7025756835938,723.281988208107,703.67750248633,718.4992657346983,27950252
2024-03-14,701.8307495117188,711.0647417125944,695.2012166495516,710.2124078847078,19730882
2024-03-15,693.1650390625,707.0396696118478,684.7360384273795,700.1260254598068,29792241
2024-03-18,692.2653198242188,698.8475105936745,683.8836612570906,688.6190419826069,18145126
2024-03-19,685.4937133789062,695.4853553107556,682.983996236656,691.3655971347375,15205043
2024-03-20,697.2847900390625,699.8419071119082,681.7053763780509,686.7722682789549,25405455
2024-03-21,704.9087524414062,710.8753205031713,701.3572169516723,702.730488902024,15161161
2024-03-22,707.1817626953125,709.170599460014,702.1622707327812,704.4825610232863,15535921
2024-03-26,700.8837280273438,708.270910802939,699.4157714829856,703.7249566183376,14678342
2024-03-27,694.4909057617188,706.3766994815164,691.5549929179226,703.6775556672179,30088789
2024-03-28,712.53271484375,719.3516746513696,697.9004346418056,698.7054262433901,21705116
2024-04-01,718.1678466796875,721.1985019784711,712.2959628767208,718.8781538057333,9949971
2024-04-02,725.8391723632812,728.064778156646,713.4797825681824,718.0731365019557,15713063
2024-04-03,730.2430419921875,731.7109984397689,719.9199468084377,724.4185584476019,19136981
2024-04-04,719.1149291992188,734.2681480220336,717.9784262265191,733.9840367300943,15889530
2024-04-05,724.2764892578125,727.0703754749767,712.7694908570097,717.8363829672766,9939620
2024-04-08,727.6386108398438,729.2486518920224,721.4826157264696,725.507689454445,9797174
2024-04-09,723.7555541992188,731.5689318840728,720.8195836589176,727.7806275520223,7465892
2024-04-10,737.819580078125,739.3822786717687,723.2346436921654,725.9337872939853,14530669
2024-04-12,725.7444458007812,738.2458626040706,724.3238315687016,736.1149412559511,14408722
2024-04-15,717.4102172851562,722.9032476518954,709.1233005838425,719.58848097137,11356572
2024-04-16,711.9171752929688,714.9478306266623,705.003530747474,711.4909794514435,13338991
2024-04-18,705.38232421875,719.7305514049899,702.7305224873335,712.2486264937273,14589648
2024-04-19,710.7332763671875,712.2012327726861,693.3070528688593,695.6274008930026,10886554
2024-04-22,725.5549926757812,728.3015365467629,710.7332860753157,714.2374792815871,17452186
2024-04-23,732.08984375,736.5411130931677,725.0341150661952,729.580068899774,12292429
2024-04-24,732.1845703125,737.2988047972324,729.4380840784303,737.2988047972324,7842615
2024-04-25,769.6887817382812,771.2988227188599,728.9171659384565,729.8642420676275,36732974
2024-04-26,758.89208984375,773.6665121242601,756.6191418193988,772.7194359962122,14964358
2024-04-29,782.7584228515625,787.2570344771462,756.4297179512396,764.2904382833768,27302732
2024-04-30,782.5216674804688,790.666499233327,776.5077570611428,782.7584365175279,27449073
2024-05-02,786.1205444335938,789.7668222833302,781.3378214511536,783.1372892528356,19943724
2024-05-03,787.4464721679688,791.9450838558431,776.6024387488413,790.619154131125,22667634
2024-05-06,765.048095703125,791.755654460013,760.5021417839598,790.8085783183144,35283557
2024-05-07,759.4603881835938,771.5356091020818,751.2208141135195,769.0258341813609,16725013
2024-05-08,767.8893432617188,778.4966078740321,757.1873941548523,760.1233071452959,27908322
2024-05-09,776.4130249023438,795.2125213733023,761.0230372925254,768.9311579165353,49290254
2024-05-10,774.0926513671875,788.0146820325868,772.4352681404719,783.2319591393382,20543142
2024-05-13,765.9951782226562,776.4603581145727,756.33498993591,776.4603581145727,15398505
2024-05-14,774.897705078125,778.875436405395,765.1428324503737,769.9728976160259,10912462
2024-05-15,776.8865356445312,781.6219162809175,774.7556143581575,777.5495004946132,9755062
2024-05-16,768.978515625,782.4270089369695,755.1511687191949,781.6219595013043,20536990
2024-05-17,774.566162109375,778.9227468345998,768.26814075298,771.3934803092677,12492509
2024-05-21,786.6888427734375,792.0397884444491,776.2236048637419,777.5495346221023,14037801
2024-05-22,788.422119140625,796.0295133266376,783.414724155801,795.9331822307055,19239277
2024-05-23,801.277587890625,804.5516696610887,791.5517324493296,794.1517316465437,17497488
2024-05-24,797.9072265625,810.0886726083256,796.3665167870256,799.2553916967729,12252075
2024-05-27,802.818359375,808.3072335281287,792.5146936444445,801.7590699633794,12295193
2024-05-28,800.3628540039062,809.5590944673188,792.8035957117308,804.7443027300019,13818893
2024-05-29,792.1776733398438,803.5405695871641,788.9517277526038,797.7146835951445,14518232
2024-05-30,795.2590942382812,805.0331445629747,788.9517290829909,790.9739767920537,17818705
2024-05-31,799.5924072265625,804.0701868667423,786.8332096505334,799.9294778988177,22267336
2024-06-03,872.1032104492188,878.2179721623354,825.0145259321062,831.5626306363492,64269020
2024-06-04,746.4852905273438,863.7736004371982,704.8373437950039,863.7736004371982,122381193
2024-06-05,760.4962768554688,765.5518076607758,716.4890731382206,761.4592351040986,74256082
2024-06-06,786.6887817382812,802.4812623286783,766.5147939369629,770.3666270723245,40555649
2024-06-07,799.207275390625,800.699849042878,780.4777241722821,789.5295559574165,25061284
2024-06-10,800.9887084960938,814.1331129043821,798.4850404060916,803.2516957835098,16725508
2024-06-11,804.5997924804688,808.4997618244676,798.3405635563713,805.0331354685376,14754408
2024-06-12,808.0182495117188,814.2293420209461,802.1442276568479,805.9960606828112,15071442
2024-06-13,812.6405639648438,814.5664806385139,805.1294419180801,813.6997946256373,12523972
2024-06-14,808.1146240234375,818.4182896763856,804.1664596950984,813.6997704563229,12903496
2024-06-18,813.603515625,819.9590170862313,809.1257358857379,810.377569958488,14929083
2024-06-19,821.0181884765625,828.7218545519676,809.8478961769484,815.4330423267555,32925140
2024-06-20,812.4960327148438,821.4996689454273,811.1478676397271,821.4033966290509,13985352
2024-06-21,805.322021484375,816.6367816070117,797.9072307555297,813.6034982004232,18990090
2024-06-24,801.8554077148438,805.0331584274583,790.6369197366024,800.699845971808,12715254
2024-06-25,811.0516357421875,814.5182621448073,803.3961054308986,805.996104620019,20917530
2024-06-26,814.0367431640625,817.3589609223837,805.0331069252793,808.7404727237647,16281760
2024-06-27,812.73681640625,816.0108981811181,807.1998061049042,812.6405440846468,20378887
2024-06-28,817.5034790039062,831.9959899913704,812.736823556385,815.5294261991826,23636388
2024-07-01,810.7627563476562,818.9960380974777,808.8368397383734,817.888612537416,10967797
2024-07-02,795.5480346679688,814.9516094316318,792.6591597257975,812.7368170641629,21142840
2024-07-03,808.8368530273438,812.5923552125606,794.440614381567,798.292447663417,23598009
2024-07-04,808.2108764648438,813.6034781228886,803.3960850421123,811.7738338725269,13372587
2024-07-05,827.9033813476562,829.3478187678616,805.996080474543,806.9590387546798,24873722
2024-07-08,824.5330200195312,832.9589048956433,821.8848847727533,827.9033739699761,10359800
2024-07-09,829.3959350585938,837.7255474919629,824.2922680509901,828.0478287632818,13585081
2024-07-10,817.5515747070312,828.3848552906051,812.2553041995063,828.2403880397673,17343236
2024-07-11,824.9664306640625,826.5071405152041,818.273858372934,822.7516382126789,8501366
2024-07-12,827.855224609375,831.032975099971,823.6181847723751,824.9663498407772,11446064
2024-07-15,848.7033081054688,854.4810581363205,827.8552953420664,827.8552953420664,25392820
2024-07-16,848.0773315429688,855.2031872360685,841.9143753130872,849.6180412132858,11893692
2024-07-18,860.451416015625,861.7514450438412,844.9959463584611,848.0292886499858,19435183
2024-07-19,856.4069213867188,865.6994922830175,850.581035557251,861.8476591694113,14562742
2024-07-22,844.3218383789062,861.8476914572568,835.8478169663675,848.7996180509505,14614111
2024-07-23,831.8997192382812,851.7366371940136,817.647889030057,850.2921997086647,18279212
2024-07-24,820.4404907226562,835.8478238817672,815.8183025297853,832.1885940113407,19624845
2024-07-25,817.070068359375,819.2367244039343,810.0404849474438,816.1071101173486,9522375
2024-07-26,830.50341796875,832.23673119642,812.7368251429314,813.362771563015,12081506
2024-07-29,839.3143920898438,856.1661615632173,831.2255780072089,833.9699855260068,26582781
2024-07-30,840.469970703125,847.9328973347123,836.8107410128214,842.2996149354311,13528447
2024-07-31,840.0848388671875,842.5403707610664,835.8477988655185,841.4810813734941,11636874
2024-08-01,830.696044921875,848.7515140014297,827.6145664441017,845.2848286735671,11787203
2024-08-02,816.4441528320312,826.5070785961769,814.8071707781978,824.9663688604599,12609331
2024-08-05,781.5850830078125,800.5553134135039,770.3665959446458,799.25534329257,27676951
2024-08-06,768.15185546875,795.9331791962649,766.1778026885571,792.1776770526977,17900930
2024-08-07,778.6962890625,780.6703419145541,770.8962912047291,779.0333009734679,17692355
2024-08-08,778.1184692382812,787.507312985182,773.06293798995,781.9221664085547,14769069
2024-08-09,793.7665405273438,799.2072786074854,779.5629051443975,785.7739981345145,15320885
2024-08-12,782.4998779296875,792.5146675912324,781.1517715969126,790.2035442003192,16120449
2024-08-13,768.0073852539062,789.6258109801142,765.5999894887229,783.3665819906377,17585172
2024-08-14,773.2555541992188,779.1777715549281,770.7518860016988,771.2815013387534,11788665
2024-08-16,782.0184326171875,784.7147629479969,773.2555353649926,773.2555353649926,11427335
2024-08-19,783.5592041015625,794.8258283062914,782.4999146750221,784.8110381744631,10151482
2024-08-20,789.9146728515625,792.5146719871843,783.2221009869668,787.6517443817361,10347493
2024-08-21,785.3406372070312,790.588771746324,781.1517920723019,789.9146891751129,14607257
2024-08-22,789.9146728515625,793.3813579571615,786.8331945713555,788.662838830503,7832917
2024-08-23,785.1480102539062,791.5517063269808,784.3295192254573,791.0702271868793,5537747
2024-08-26,784.859130859375,792.9480038850295,783.6554330147424,787.6998695275697,8523795
2024-08-27,785.677734375,789.0962247326166,781.0073511539267,787.5073199593448,12833290
2024-08-28,779.41845703125,786.9295198766698,776.625854503473,784.5702603306938,10371300
2024-08-29,784.3295288085938,785.7739662465469,777.0592054590912,779.5628735084862,18247268
2024-08-30,785.3887939453125,790.2999167148297,784.1850960274376,786.8814263829273,8911426
2024-09-02,791.6961669921875,794.8257813768107,782.9332114506573,787.0257841074723,11813750
2024-09-03,794.2479858398438,795.3554113830713,786.159171468402,791.6961816359209,10548350
2024-09-04,786.2554321289062,788.325815931437,783.5110245528155,785.2443376942574,10789570
2024-09-05,788.422119140625,791.6962009160937,784.2332739868236,788.0369123055189,8395074
2024-09-06,753.514892578125,782.7888492947188,748.2186217676717,781.4406841241514,40220096
2024-09-09,755.2000732421875,759.0037704153561,742.4408753200211,755.9222919924988,21322103
2024-09-10,753.6593017578125,759.5814597612606,748.7000432350214,758.8111049121503,12824701
2024-09-11,740.1296997070312,758.811113576376,737.0482802754062,751.1555836071334,20060665
2024-09-12,758.5704345703125,760.6408185171384,744.1260594277486,746.2927156991332,17578964
2024-09-13,761.5555419921875,765.5518424151477,756.0185318111974,761.7000092457633,12950936
2024-09-16,756.451904296875,765.5518722692779,755.344537482079,761.5555716904744,9553736
2024-09-17,753.9000854492188,758.3296701716079,751.637098153009,756.5000258703583,10665630
2024-09-18,763.3851928710938,765.3111094724715,753.0333911386886,754.7667043250664,18324412
2024-09-19,760.6889038085938,771.6665929182252,755.0074264560737,765.5999675189145,10645478
2024-09-20,752.7445068359375,765.4073730812867,750.625986843672,765.4073730812867,21372244
2024-09-23,772.1480712890625,775.1814133728537,755.4407686844768,756.8852061006995,17309545
2024-09-24,768.6814575195312,774.4592072785255,766.9962805064912,769.6444158126969,15180653
2024-09-25,763.7222290039062,768.4407483367515,759.4852476109977,768.3444760133515,18465571
2024-09-26,772.1480712890625,773.2554968178902,762.277748944874,766.5147888755175,23198842
2024-09-27,772.91845703125,778.0702601200948,768.8740206569526,772.1480434176262,15193681
2024-09-30,758.71484375,772.8702832866289,757.3185425049131,772.1962595176911,15484573
2024-10-01,767.4296264648438,770.7036494096986,758.811137952777,758.811137952777,13280535
2024-10-03,764.6851806640625,774.2184915699847,755.2482008550121,760.6408027275493,15944135
2024-10-04,767.1407470703125,779.8517495092212,756.1629990283715,762.6629675013947,20097454
2024-10-07,742.1038208007812,774.2184558775194,737.0482898388944,770.3666227637009,24267990
2024-10-08,752.5037841796875,755.3445229531092,743.6445559601656,743.6445559601656,8560960
2024-10-09,767.8629760742188,774.5554892758929,753.0815308248506,757.5593104537433,18758697
2024-10-10,767.5740356445312,774.6518143977434,765.5518467289336,769.4036799200226,10241015
2024-10-11,770.1259155273438,772.9666543229133,763.6259468748779,767.6703835690523,14322720
2024-10-14,775.3258666992188,779.273972056262,771.136963002821,772.2925246699068,8967564
2024-10-15,774.8444213867188,777.5888290383062,771.9073515455158,775.6629124338771,6252104
2024-10-16,775.61474609375,779.0332361787332,772.3406644838936,773.0628831824524,6494240
2024-10-17,781.0072631835938,789.1442720079697,776.1443358614076,779.514689677183,18580553
2024-10-18,790.010986328125,792.1294474976112,773.1592166434322,781.0554274190987,11704698
2024-10-21,783.7999267578125,795.8369056109815,779.0332713770955,794.1517285715379,10359618
2024-10-22,761.1222534179688,786.5924530851014,758.329650876446,783.8480454773676,16645356
2024-10-23,756.8851928710938,763.2406938816622,750.9148399002006,760.7370259136948,13866198
2024-10-24,765.1185302734375,767.4777899396578,755.585278059477,756.9333844585227,5607500
2024-10-25,752.0222778320312,771.0888399529977,743.4037895019845,768.4407046924659,9717125
2024-10-28,762.7111206054688,774.1703480481368,754.5259749390806,754.7667145175037,13757251
2024-10-29,801.8554077148438,803.925732845734,761.2185547092174,766.5148254883454,28274791
2024-10-30,791.9850463867188,802.1442444505282,790.6368812896834,797.3294530672716,15977682
2024-10-31,789.8184204101562,797.3294834998579,783.4147241162844,789.625816992613,13402324
2024-11-01,790.7813720703125,795.0183533490626,788.566579722976,791.9369337915391,1637141
2024-11-04,799.1109619140625,806.4776167890851,777.2036594878515,792.2258449875555,14498161
2024-11-05,817.7442016601562,819.8627216790217,795.6442968785319,799.1109232553587,26254561
2024-11-06,823.13671875,829.492278606691,814.8553011245552,817.7441759391488,15002433
2024-11-07,827.7589111328125,830.4552413269911,815.3367846280997,829.1070762299017,15283847
2024-11-08,811.9182739257812,831.5144508501054,803.2997858129482,827.7588901564618,26139105
2024-11-11,816.2516479492188,822.3664098051412,810.810909901556,814.662743202751,12621337
2024-11-12,796.0775756835938,821.7885720240326,793.766452435842,820.9218861125494,11350729
2024-11-13,778.6962890625,800.940603318519,774.8444556831504,792.8517297121596,13756706
2024-11-14,774.459228515625,787.6999054097373,771.3777501381329,778.6962686314655,9461484
2024-11-18,784.136962890625,786.4480864115857,769.6444516583641,780.9592121300385,9322451
2024-11-19,773.2555541992188,789.9147218810267,770.462951477566,788.6628877822667,13677029
2024-11-21,751.8296508789062,768.9221597525542,733.3408407931131,768.9221597525542,29486577
2024-11-22,785.8220825195312,789.5776432728918,755.0074179563543,756.8851983330345,20665405
2024-11-25,813.1701049804688,818.1293046973657,795.0665016573014,796.3664717835007,23434605
2024-11-26,808.3071899414062,815.3367735105277,804.5997653621181,812.7367744440559,8893744
2024-11-27,803.2034912109375,811.292364407334,801.2775746188726,807.4405312232043,8375108
2024-11-28,807.7775268554688,814.4700986330259,799.7368487551913,803.2034750413964,13505677
2024-11-29,807.8739013671875,812.7849653323096,800.7479862272926,809.9442265086632,10822949
2024-12-02,805.4183959960938,810.8109393035892,801.8554383084241,807.873928059787,6651119
2024-12-03,822.3182373046875,824.8700414893754,805.8998103387524,806.9590409400479,12186182
2024-12-04,827.855224609375,831.9959333561703,818.8033934913788,822.3182146362292,10749716
2024-12-05,833.3922729492188,839.1700227524034,823.9070984244045,828.1441384564639,14716036
2024-12-06,831.6589965820312,843.0218932764863,825.2553000902753,833.199706421366,14520568
2024-12-09,826.266357421875,834.7403787055949,825.2071268017763,827.1811795615839,9630346
2024-12-10,835.3663330078125,836.7626343106416,826.2663652334417,829.8774588919769,7379849
2024-12-11,829.684814453125,837.6292201091063,829.0589268478445,835.3662917047014,7006973
2024-12-12,822.0775146484375,832.2848491458258,819.6219827317773,829.588577653526,8845103
2024-12-13,829.63671875,830.9367477307743,804.0701874198363,821.0182301359672,9379370
2024-12-16,829.0589599609375,834.3070944496669,826.025617806868,827.9515344064523,6432713
2024-12-17,819.044189453125,830.6478254844673,815.6738353243519,826.7478560331779,8791216
2024-12-18,807.103515625,820.4404644541135,805.9960900799213,819.4775061625006,8295338
2024-12-19,801.95166015625,806.9590550690585,789.8184090909501,794.0553903446263,9453398
2024-12-20,781.922119140625,805.0331177359144,779.9962025910175,803.9738871433539,10244198
2024-12-23,790.7332763671875,793.4776841679945,782.114787338898,787.025851437494,4933200
2024-12-24,781.9702758789062,795.5961593356999,779.2258682332135,793.7183788955526,10602771
2024-12-26,782.35546875,792.3701996282533,778.0702926359427,782.8850840507691,8318714
2024-12-27,770.0296630859375,787.9888009322062,767.6704033888981,786.0628842447148,10649800
2024-12-30,759.1000366210938,778.0221912364731,755.9222859001974,772.292577441985,21515438
2024-12-31,765.5037231445312,769.5962959772957,756.8852344830239,757.8000566357981,9086044
2025-01-01,763.8185424804688,769.0666770195652,760.2555849821816,766.0814709969738,7273098
2025-01-02,771.522216796875,772.6777785343264,757.848196914708,765.5518634653022,11398319
2025-01-03,764.0111694335938,779.5147751769242,762.8074715102198,771.5222327205842,13336514
2025-01-06,747.6408081054688,768.055475966793,744.5111937959167,767.8629313364202,11419367
2025-01-07,749.9037475585938,754.8148111917903,746.1481868219319,750.9629781385199,9669152
2025-01-08,742.5853271484375,754.911181809416,731.9445907621887,751.9741707073787,15641490
2025-01-09,732.2816162109375,742.7778259178452,699.3484321602015,742.5852812864381,15351029
2025-01-10,715.71875,735.1223830791824,714.5631882955921,732.1853132713054,11779296
2025-01-13,702.4780883789062,716.3928477377098,695.7373801970662,714.0335881192036,10414733
2025-01-14,720.437255859375,728.9594130704888,705.800278346691,705.800278346691,11960975
2025-01-15,725.7816772460938,730.7890721249498,722.2187198068513,725.252061939764,7792299
2025-01-16,737.9149169921875,747.929706597395,732.2334984141427,732.2334984141427,11816079
2025-01-17,735.79638671875,739.5038113032925,731.2705298930534,737.9149066564445,5766573
2025-01-20,750.38525390625,755.9222641211501,739.4075057965499,740.5149313492541,9198929
2025-01-21,730.9334716796875,755.8259785163474,728.044596835733,755.7296474236301,13751780
2025-01-22,725.5409545898438,734.7371947482791,710.6632368600655,733.7742364327505,9908339
2025-01-23,718.2706298828125,727.6594734437961,715.5742995843119,722.2187354602709,10986405
2025-01-24,716.58544921875,725.7816893156935,711.6261904172143,722.1224594960153,10579213
2025-01-27,721.4483642578125,727.3705224901476,708.6410307266503,712.5891362148737,11433353
2025-01-28,724.5298461914062,731.6075661648166,717.7891381122306,728.9594308479976,14140860
2025-01-29,730.355712890625,732.6186413192878,722.0261003310969,725.1075785552505,9251973
2025-01-30,734.3519897460938,736.6631132188579,726.7927904600431,730.4520203133268,11085824
2025-01-31,744.2705078125,748.7482287285419,731.3668428360176,736.5668412651819,10083763
2025-02-01,737.6260375976562,749.9037555863902,724.2890890176571,746.1000586507049,9363077
2025-02-03,732.7631225585938,734.5445718854385,725.2520596511663,734.5445718854385,7862190
2025-02-04,750.3370971679688,752.3111498703669,737.2890243394788,738.5889944967314,12020807
2025-02-05,737.6741943359375,753.0333909836241,736.6630998752845,751.107474382643,13419162
2025-02-06,724.3853759765625,742.2963767183029,722.2668559769037,740.5149273858113,32745391
2025-02-07,709.8928833007812,731.75204885935,704.6447487163948,731.6557177630287,37240692
2025-02-10,709.5076904296875,716.3447298819926,706.233667350861,712.5891688607044,12667049
2025-02-11,704.0187377929688,712.7335567858637,699.6372896053772,710.1335578124041,13017060
2025-02-12,705.992919921875,711.3373268740813,690.5855867123075,705.992919921875,12697743
2025-02-13,700.6965942382812,710.1817094926294,699.2521568630419,707.1965624268578,12370571
2025-02-14,695.400390625,705.7521928080495,689.6707767316124,703.8744122850989,10417539
2025-02-17,700.7447509765625,701.7558454140641,685.1929512700127,692.4151383583221,9093600
2025-02-18,698.9151000976562,701.2743596122846,690.7780909672726,700.7447443190354,8562003
2025-02-19,700.3595581054688,707.6298814976512,695.3040270429543,695.3040270429543,6766606
2025-02-20,702.6707153320312,704.4040285962709,696.5558945833883,698.0485270359545,7423268
2025-02-21,695.255859375,704.5965661934869,693.3299428670359,700.359526366243,6571602
2025-02-24,689.8633422851562,693.089229046088,684.1818648659195,684.1818648659195,6912148
2025-02-25,684.5670776367188,692.318880181649,683.7003916586949,692.318880181649,8599635
2025-02-27,677.8263549804688,691.1151674539011,675.1300247842662,689.4781266274379,12033139
2025-02-28,663.28564453125,675.3707590632506,657.3152915031974,674.9374748612561,15780609
2025-03-03,669.544921875,671.5671696530677,654.8116710316503,664.5857216898627,10598479
2025-03-04,689.5262451171875,691.8373684334783,666.4633832092842,667.3300691464701,14386214
2025-03-05,703.2965698242188,704.2113919626877,690.4411000485206,690.970715357852,10409805
2025-03-06,704.93359375,709.4595093992308,700.0706662141035,708.7372906926826,10928847
2025-03-07,705.6077270507812,707.6299160648454,701.0336749136387,704.9336444546556,7246729
2025-03-10,701.9003295898438,711.1447057760574,699.6854784765769,705.6076955415114,7400109
2025-03-11,702.8150634765625,706.8594999287487,695.9299471730827,698.0484671027334,5538789
2025-03-12,696.2670288085938,709.7003096539208,692.4151953776362,703.5373526546633,5547762
2025-03-13,700.88916015625,704.3558452266985,697.663273429962,699.0114385308547,5908337
2025-03-17,696.3633422851562,704.1632812757161,695.5447924372056,701.9003527020252,5149563
2025-03-18,696.3633422851562,696.3633422851562,696.3633422851562,696.3633422851562,0
2025-03-19,717.5001831054688,721.5446195922909,711.7224334883822,712.2039126231394,7604850
2025-03-20,721.7853393554688,724.8186813309343,716.6335362646441,720.292765833536,6963197
2025-03-21,725.3001708984375,727.611235450561,719.3298179504133,722.1705565633118,9577327
2025-03-24,751.8778076171875,753.9481914133478,727.1297682523594,729.9223707530908,12095064
2025-03-25,744.2222900390625,756.8852150473521,740.7075275492936,754.8630261504609,15190143
2025-03-26,735.7001342773438,747.3037699282959,733.2446023903115,743.4038006048552,7711852
2025-03-27,743.6926879882812,747.063042059369,732.3297917320479,735.5075423870684,15648616
2025-03-28,742.92236328125,749.7593440220716,738.5890507280865,743.5001147786132,7628185
2025-04-01,743.1149291992188,753.7556066211873,734.92978367858,738.3964100364205,7011125
2025-04-02,747.20751953125,748.2186140115384,735.9890316029483,743.6926981564776,5458436
2025-04-03,750.3370971679688,755.6333676630561,741.4297331535035,741.4778693122336,7956680
2025-04-04,739.0223999023438,753.9001182138272,736.6631401821917,750.2408294522949,8231194
2025-04-07,719.2335815429688,725.7816862623683,702.9595626780941,702.9595626780941,14923235
2025-04-08,740.1296997070312,745.3296978529378,730.0668328471972,731.8482821294997,12911288
2025-04-09,714.7076416015625,739.5038171183404,713.5520799197053,738.5889950046072,11319387
2025-04-11,725.9260864257812,731.5594277102952,718.3668873275676,730.8853451496299,9360327
2025-04-15,735.2186279296875,742.1519391227857,729.0556715859763,741.4778565892068,7859090
2025-04-16,743.1630859375,746.0519609071307,732.3298048013849,735.2186797710156,12536694
2025-04-17,767.9111328125,771.329623132695,738.7335071379982,743.4038315336337,27034818
2025-04-21,786.447998046875,793.8145932403959,771.7147488855273,773.255458543513,16398507
2025-04-22,791.9369506835938,804.5516812424216,783.8480772367818,790.7332527762891,25117557
2025-04-23,783.3184204101562,800.2183263784495,780.0924749249118,795.4035350043313,12104382
2025-04-24,783.2703247070312,788.6628678148439,781.1036684767707,782.6443782863423,12713521
2025-04-25,769.0667114257812,788.6628903815811,757.8482231139246,784.811056973124,13131038
2025-04-28,787.073974609375,792.3221093100369,767.8630027721836,769.066700695532,11317611
2025-04-29,782.4517211914062,798.2923962986351,779.0332311285836,789.6257719721119,11283059
2025-04-30,759.4371337890625,781.4407087956405,755.440833087098,781.4407087956405,25635764
2025-05-02,767.1888427734375,773.6406747464794,759.7740525588761,761.0740226752047,14720184
2025-05-05,760.737060546875,769.4036852872824,753.0333941109573,753.0333941109573,23986447
2025-05-06,745.4259643554688,769.5481157490566,742.5370895801225,764.5407210502615,18869468
2025-05-07,747.3518676757812,753.4185516163304,736.2297117419523,736.9519304230361,15586266
2025-05-08,740.5149536132812,757.3667243392013,735.7001619773041,750.1445368852355,14491673
2025-05-09,750.38525390625,752.7445134918086,727.5149943229668,728.4779526212103,13578216
2025-05-12,771.9555053710938,774.1221614356956,763.6258929907904,769.4036424963954,15096824
2025-05-13,772.0518188476562,777.7332963407931,767.6703703271746,769.018476685771,13909596
2025-05-14,771.0407104492188,777.5888150314639,766.8036704860727,775.9036380329437,9281719
2025-05-15,777.82958984375,779.4666307570579,765.0703919911599,774.6518391145711,17058854
2025-05-16,778.0751342773438,789.7644580739088,776.9946347468432,789.7644580739088,14733924
2025-05-19,780.9237670898438,787.2104729702169,778.0750903727592,778.0750903727592,10666184
2025-05-20,771.7393798828125,785.2459236919375,769.9220998339915,784.0180560729261,11324667
2025-05-21,773.1636352539062,776.9946060925355,765.3052827270537,773.0654298291093,8206040
2025-05-22,771.346435546875,774.2442151084329,766.4840678018166,774.0477442991881,7355826
2025-05-23,776.5034790039062,780.874699700136,772.2796264031289,773.9495383488706,5534158
2025-05-26,780.33447265625,783.4286631605596,775.2265312430146,777.9769427872259,4965466
2025-05-27,779.6468505859375,787.1613645883718,776.0614530866071,780.3344684569088,11995043
2025-05-28,782.4463500976562,784.7547771957036,778.6154390963333,780.4326591919574,6873519
2025-05-29,783.232177734375,786.2282227070898,777.3384131262393,784.8529869834019,14034127
2025-05-30,797.91748046875,800.0785394661832,778.5662748283969,783.8706869171444,22037314
2025-06-02,799.2435913085938,807.9859725290632,794.8723707211232,798.4577080916993,26891575
2025-06-03,795.4617309570312,803.9094959854718,790.8940994751483,801.7484370268255,14247597
2025-06-04,792.2201538085938,802.5342413659282,790.9922862422444,802.5342413659282,9607927
2025-06-05,791.72900390625,797.3280919793597,788.6347536685006,794.3812098308251,13595507
2025-06-06,798.6541748046875,801.9939985959651,788.88033690073,792.3675287830383,17163935
2025-06-09,805.5302734375,809.9014942207324,801.2573180380161,802.9272300169949,12793040
2025-06-10,802.5833740234375,807.4948444720902,800.1767415127031,806.4634476687678,6560513
2025-06-11,800.6187744140625,806.0704945433416,798.6541862626485,802.5342598525855,7197825
2025-06-12,791.679931640625,802.0431222706184,787.0140347260071,801.5519752269744,13448521
2025-06-13,778.3206787109375,782.2007522600275,772.3287088939938,772.3287088939938,11377117
2025-06-16,778.4680786132812,781.3167555010375,772.2305350251097,778.4680786132812,8085001
2025-06-17,778.2716064453125,784.7056208342702,776.5525917636725,779.9415184126576,7753156
2025-06-18,777.8787231445312,781.4149579289822,774.3915311197982,778.4680756237817,5710169
2025-06-19,771.1990356445312,779.2047561439027,767.8592718430074,778.320667516001,11824333
2025-06-20,782.053466796875,785.2950253156704,772.181363190149,773.5565989033221,11367669
2025-06-23,776.2088012695312,780.874698193188,774.5388893270122,776.0123304607985,5549253
2025-06-24,781.3167114257812,792.3675194893278,779.5976968381185,784.8529460243278,11402190
2025-06-25,785.8843383789062,789.567941046098,782.0042649119035,785.3440886452789,6528324
2025-06-26,782.9375,789.1259408358321,777.3875743106198,787.7998677833231,24704402
2025-06-27,791.1396484375,795.1179273319369,788.4383398116579,790.7467068374075,19375990
2025-06-30,805.824951171875,806.4634663267615,792.7604514670988,794.6759369772839,19652607
2025-07-01,805.7758178710938,810.2944065895595,798.8506566320394,805.4811416394373,11456405
2025-07-02,798.5068969726562,809.4594402026391,794.6759260051804,806.4634551919074,6661200
2025-07-03,792.8095092773438,800.0785092795976,791.5325389943724,799.0962152227779,7020403
2025-07-04,797.4754028320312,799.4399909377498,789.8626239223718,794.4303152499558,4319538
2025-07-07,792.56396484375,798.2613185459272,790.8941128494637,796.8369801203829,4461783
2025-07-08,798.2612915039062,799.1453201848503,791.0904969053553,793.5953947208753,5935770
2025-07-09,796.5913696289062,798.0648106998194,794.675884245825,795.6581782931005,4099112
2025-07-10,793.693603515625,801.0608089938022,792.613104027281,796.9351619351286,12178137
2025-07-11,794.3321533203125,798.1630643635436,790.3047115103832,793.2515938303184,6202372
2025-07-14,794.528564453125,801.0608442463658,793.6936384439774,795.4617558456557,6938635
2025-07-15,801.9940185546875,806.4634446553665,796.1493567517351,796.6405037947652,9297645
2025-07-16,816.9739990234375,819.4297342255312,800.8643521159136,801.5519699633943,16458920
2025-07-17,814.32177734375,827.5827471798666,811.7186740978348,823.5553655077234,23073718
2025-07-18,808.7717895507812,817.9071722636787,805.7267019494631,817.2686571434967,15387801
2025-07-21,809.6068115234375,812.7010019745913,803.4674733809013,808.4280466091758,8852594
2025-07-22,800.5697021484375,813.3886283330482,799.5874080353719,812.848378561757,7851163
2025-07-23,806.1196899414062,810.5891161764496,797.1316748019602,798.113968917551,15470390
2025-07-24,801.25732421875,807.3966624575928,796.29675091266,805.4811769361788,10118309
2025-07-25,792.269287109375,804.6953313423805,791.2378903047143,800.569684169264,6734439
2025-07-28,783.0357666015625,794.6268250025805,781.906104403612,792.269295178368,7734158
2025-07-29,785.0494384765625,785.8352617474154,779.057408633055,782.1025562450097,7833759
2025-07-30,787.4560546875,789.1750692870572,782.1025400865564,784.8038487430033,8743723
2025-07-31,782.4463500976562,789.5679822929258,778.5171737140591,781.0220116677076,11359112
2025-08-01,779.9415283203125,786.8175871342196,777.9769400877676,781.6114403088707,15468391
2025-08-04,781.6113891601562,783.0848302381428,772.62337460265,780.4326243068729,8820724
2025-08-05,786.4246215820312,789.8135481709712,782.2007690014489,783.8706809392065,7381537
2025-08-06,790.8941040039062,795.8546771264834,784.8529714185823,786.7684568691343,7409396
2025-08-07,790.8941040039062,792.3675451267196,779.3521485418682,786.915765008732,7091392
2025-08-08,790.0591430664062,793.4971724617818,776.0123492419096,790.7467609363763,15708181
2025-08-11,808.8700561523438,810.392599955305,793.6936009259229,793.6936009259229,15236297
2025-08-12,806.0704956054688,810.8837605645641,805.481143141057,810.3435108131079,7986728
2025-08-13,807.29833984375,810.3434873670307,806.1196349490305,808.0842230461906,4447508
2025-08-14,811.9151611328125,813.3394995419872,804.5970582342032,807.4457350525524,7087573
2025-08-18,812.9957275390625,823.1624473883827,810.5399923141568,821.1978592084581,6138124
2025-08-19,815.697021484375,816.2863739458684,811.1784327798614,812.8483446933888,5076681
2025-08-20,814.272705078125,817.1704846600775,812.7501612160911,814.0271315534591,4493888
2025-08-21,811.0802612304688,818.4965697939625,809.4594519619582,814.272717098252,4402511
2025-08-22,801.7975463867188,811.3749137095616,801.2572966311966,809.4103255407733,5097647
2025-08-25,801.9940185546875,805.9722976123364,799.7838568610522,802.9763126407477,5672898
2025-08-26,793.5462646484375,801.404617447895,792.4657651203016,800.4223233479629,6997817
2025-08-28,787.750732421875,796.6404816628535,786.4737621363677,792.9568789424643,7898436
2025-08-29,788.291015625,792.4166628378574,784.3618392231308,786.5228982350536,6861440
2025-09-01,791.7781372070312,793.9882989038185,788.4383732823478,788.8803576581267,5619805
2025-09-02,789.666259765625,796.1493769160325,788.4383921269514,792.0237296591938,5075460
2025-09-03,797.7701416015625,798.8997437933355,788.7821270069304,790.0590972888992,4261589
2025-09-04,795.06884765625,802.2886851199853,793.6936119705517,800.2258915459101,4471950
2025-09-05,792.318359375,798.1139182710025,789.4206398814698,797.1316242177459,5194842
2025-09-08,794.4794311523438,799.4400042107487,792.5148430140074,793.6936078879036,4614227
2025-09-09,794.528564453125,797.966593827573,791.3361086054234,797.6228148719179,4567272
2025-09-10,803.7130126953125,809.9996587129843,796.0511310104619,797.622777526262,7285853
2025-09-11,809.0665283203125,811.0802191569468,804.4988369492515,804.5970423736838,7425055
2025-09-12,808.96826171875,811.1784233553801,805.2846589910332,809.5085114612542,5078018
2025-09-15,810.1470336914062,813.1430186120108,806.561636356512,808.9682688172991,3852494
2025-09-16,816.82666015625,818.2509986153229,807.1019843806856,810.4908511172532,9467531
2025-09-17,841.973388671875,842.9556827448961,816.2863746805828,819.5279331306582,17243938
2025-09-18,839.222900390625,845.5587090248177,836.0304447176452,843.4468127830675,10400847
2025-09-19,847.081298828125,849.1441524246292,834.262372728141,836.9145788068039,15206426
2025-09-22,840.1069946289062,852.8277146939828,838.8791270541783,846.7374795324375,6594034
2025-09-23,855.1851806640625,858.7705779481222,836.1287119616596,839.4684757773939,14357863
2025-09-24,850.8631591796875,864.9099527819579,849.1441445091953,860.4896293435494,12840160
2025-09-25,845.902587890625,854.7432347874252,844.7238229801568,851.2069400560208,8678821
2025-09-26,841.7769165039062,849.0458566598143,837.8968429308584,846.7374895737396,6959545
2025-09-29,855.3325805664062,858.0338893192718,840.8437427101278,842.8574336077328,22641712
2025-09-30,857.0025024414062,862.0612811008727,852.2383400675699,854.5467671830805,12831593
2025-10-01,848.80029296875,860.9316608640574,847.5233226519999,856.8551164386336,10832384
2025-10-03,851.9436645507812,857.5427529354124,848.5056351862063,849.8317681995126,8019442
2025-10-06,858.5741577148438,859.8020253564342,847.5233489405293,852.6312903204407,7820352
2025-10-07,849.3897094726562,861.4719147583033,847.7197975329713,858.67240059065,9242580
2025-10-08,843.0538940429688,852.434790514772,842.0715999631051,851.4524964349083,7156112
2025-10-09,846.835693359375,850.4701934075276,842.906517081258,846.3445463246103,7020501
2025-10-10,865.0573120117188,868.1023997007326,846.0498854486992,846.8357087276893,13713015
2025-10-13,867.3165893554688,872.3753680081057,860.4896333556451,863.4365156616575,11923143
2025-10-14,861.4227905273438,868.4953197717444,856.6586283491738,867.3656576175208,7681973
2025-10-15,870.4107666015625,871.7860023052981,861.5210171041608,862.552413904726,8269225
2025-10-16,871.2457275390625,876.0589324550273,866.8254042739779,872.5718005367993,8493686
2025-10-17,873.4067993164062,878.9076221454748,867.3656667834078,871.7859901135612,8511854
2025-10-20,891.431884765625,897.4730173879747,875.273135028841,878.7602670499772,13546463
2025-10-21,891.775634765625,893.8875909678319,890.3513563479894,891.9230028558147,1783576
2025-10-23,895.41015625,901.7459650541837,888.7796712128369,895.8522005767054,13382769
2025-10-24,888.4849853515625,897.9149844315482,884.9978533977383,894.8207940870866,5313227
2025-10-27,906.411865234375,911.5689091709564,889.9584393414725,890.8916307113675,9150761
2025-10-28,913.779052734375,919.2798755091706,901.4512742261386,910.6848024520077,22066289
2025-10-29,923.11083984375,925.3701041834124,913.7790463044942,917.3644435934705,12314222
2025-10-30,917.8064575195312,928.1697081157838,916.5294871954993,922.8161933430813,13044473
2025-10-31,920.4095458984375,929.9378103922294,913.7790609093079,918.3467523280527,12078252
2025-11-03,932.8847045898438,936.5192046955284,920.9007047609928,922.1285723673408,11744735
2025-11-04,940.644775390625,942.314687296863,924.8298648800413,934.1616585246089,19154518
2025-11-06,943.739013671875,954.2004693430785,938.3854990793552,952.4814547462262,23088096
2025-11-07,938.92578125,947.7664280534589,927.2856202739019,941.7744580906816,13371323
2025-11-10,934.3090209960938,946.1456524515773,932.2952702055394,939.0731232147145,7343249
2025-11-11,936.4209594726562,938.041768729716,928.3170330963064,936.7156357136287,8648917
2025-11-12,940.2028198242188,944.5248778824666,934.5546287610688,940.7430695871906,7043323
2025-11-13,937.1085815429688,946.8824199346525,935.586037662384,937.3541550706268,8894441
2025-11-14,950.7133178710938,951.8920827784771,935.1439804142634,936.0771717973782,11032927
2025-11-17,956.1159057617188,958.7190090200476,951.3518035204058,953.8075386869531,7415026
2025-11-18,955.2318725585938,959.4066223219879,951.6955779628004,958.3260628811324,6594686
2025-11-19,965.3494873046875,967.0193991973044,951.6464731790688,955.2318704792619,8291226
2025-11-20,964.1707153320312,969.131288306733,962.0096564254319,968.5419358569656,6440857
2025-11-21,955.3792114257812,963.2375641743527,953.8566675716402,962.3535354628224,5377241
2025-11-24,953.4146118164062,960.3889357698928,950.9097738987026,958.2769795122267,9901946
2025-11-25,966.1844482421875,971.4397576251993,954.1513455736803,958.276992765206,9140201
2025-11-26,966.4791870117188,981.3118039098479,964.760172340205,969.1313331127609,13943490
2025-11-27,955.624755859375,971.0467846498851,951.7447422714566,969.2295646138847,11909168
2025-11-28,961.6658935546875,965.5950698307025,955.8212318532206,959.5048346119848,8117842
2025-12-01,955.870361328125,973.6499204475664,952.6779055144807,968.0017293926574,8808306
2025-12-02,950.1730346679688,963.0902255716678,947.8155648906452,958.7190050026365,13444314
2025-12-03,934.2107543945312,955.3300766986022,930.7727251822406,953.2672831530164,14051968
2025-12-04,931.31298828125,935.6842089047472,927.7276508811245,934.2107677926339,13622724
2025-12-05,954.2987060546875,956.0668234213827,929.9378246743456,932.049720989894,17347847
2025-12-08,939.466064453125,955.2809748623741,934.8492703729215,953.6601656790195,15386438
2025-12-09,942.3638305664062,946.9315221602762,933.6214489589805,937.8944043562335,9580294
2025-12-10,942.7567749023438,946.8824221676225,938.3364513940754,943.1005538600858,6989178
2025-12-11,946.1947631835938,949.3872189119578,941.479763637212,945.0651010209991,5979035
2025-12-12,946.0965576171875,949.8783658053579,941.0377191742843,948.8960717352387,5681930
2025-12-15,950.1239624023438,951.6956089709226,940.3010214625418,940.3010214625418,4416952
2025-12-16,944.1319580078125,951.8429423827886,941.0868104547513,948.9451629202439,4764786
2025-12-17,958.5716552734375,961.1747585707222,947.2261706250966,948.4540382267455,8013382
2025-12-18,960.2415771484375,964.072548087051,956.2632980687841,960.5854160531443,4926879
2025-12-19,962.94287109375,964.6127830145067,959.7504153454842,962.5990921488027,5376584
2025-12-22,957.0491333007812,965.595103994373,955.3301186192043,963.7287212154426,5959037
2025-12-23,954.691650390625,960.2415760284049,953.5128854913131,959.0137084154704,5123287
2025-12-24,951.7938842773438,959.9960160658125,950.3695458353262,955.9686342202896,4105643
2025-12-26,949.1907348632812,953.8075289200087,947.6681910665071,951.7938380949545,3286321
2025-12-29,947.962890625,951.7447588085237,944.4266559161334,949.7801706470483,5267233
2025-12-30,956.2141723632812,958.915481049936,942.5111581255383,945.9491873630989,15030644
2025-12-31,964.8092651367188,968.1981917309051,956.2632945810017,957.9823092348453,5807630
2026-01-01,967.3140869140625,970.1627637032144,962.9919690176538,965.7915430941249,4328348
2026-01-02,981.2626953125,991.6258859934536,966.528283930725,967.0685336904954,7357435
2026-01-05,987.7457885742188,997.5196265465391,982.2940684850213,982.2940684850213,11259060
2026-01-06,1000.8594360351562,1005.869111730934,987.1564219850369,990.1033041483112,9575742
2026-01-07,989.3175048828125,1004.5921658085748,986.2232545545625,1004.5921658085748,7896720
2026-01-08,980.3294677734375,993.6886429516878,978.2175115714958,988.7771726722618,6854268
2026-01-09,982.7852172851562,990.1524228120314,976.400305828531,978.3648939690311,7809460
2026-01-12,997.1758422851562,999.2386358361825,978.364886992222,990.1524157511643,7617922
2026-01-13,1010.2402954101562,1011.2717521544648,998.0107821164995,1004.6903698484319,11016895
2026-01-14,1010.14208984375,1012.1558406646648,1002.4311053230539,1011.762899052176,7370514
2026-01-15,1010.14208984375,1010.14208984375,1010.14208984375,1010.14208984375,0
2026-01-16,1023.8451538085938,1028.9038723255544,1010.1912422980266,1013.7274769567848,11051580
2026-01-19,1020.0142211914062,1025.1221025667041,1015.6921031536436,1016.6743972572739,5460164
2026-01-20,1018.0496215820312,1033.3733854452475,1014.758960353515,1021.3402828105476,8905718
2026-01-21,1010.4368286132812,1022.1751948968682,1003.9045490044088,1013.7274897970154,7408949
2026-01-22,1029.7879638671875,1036.8113904465058,1015.7412306174947,1016.6743620200224,12001641
2026-01-23,1011.271728515625,1034.3556387828587,1007.4407577235297,1033.27513930533,10917698
2026-01-27,1034.5030517578125,1036.3202718546306,1012.0084929651499,1015.7903012550574,14420630
2026-01-28,1044.6697998046875,1046.7325934811859,1025.6624325065334,1040.6424178822,12171257
2026-01-29,1047.3218994140625,1055.9661352757114,1041.5264602731938,1044.1786063237967,14800724
2026-01-30,1058.078125,1063.3333745088544,1041.6246986507867,1045.1609334664397,9480769
2026-02-02,1010.4859008789062,1013.0399614867208,972.4711668650343,1001.841784674364,14434549
2026-02-03,1045.3572998046875,1070.5041238871402,1021.8805674931078,1067.7536525315768,16129381
2026-02-04,1049.2864990234375,1054.8856472820669,1037.5972952790487,1045.3573226632539,7312276
2026-02-05,1054.49267578125,1061.8598812478167,1048.5989114079966,1049.2864692879657,9551567
2026-02-06,1047.5184326171875,1054.590902041245,1032.3910797785106,1051.0546673292163,7041557
2026-02-09,1125.708984375,1129.638160585733,1081.0146049779123,1100.1693390052355,40852966
2026-02-10,1123.8426513671875,1133.5673869003754,1117.9488867905825,1130.6205046120729,17280036
2026-02-11,1161.9556884765625,1166.474217252129,1122.5657199431428,1124.43198276359,29491859
2026-02-12,1171.2874755859375,1182.3873266556052,1153.9991238982925,1162.0538873261555,33214985
2026-02-13,1177.377685546875,1179.735215371205,1163.5273627037404,1167.9476861585035,18141390
2026-02-16,1186.70947265625,1190.8351798022472,1164.3132392267757,1172.859149893071,14972739
2026-02-17,1191.9156494140625,1203.8013836881914,1182.7802665926308,1184.7448547341048,20107196
2026-02-18,1197.3182373046875,1202.4261183830988,1192.5049724948722,1197.220031881822,10417264
2026-02-19,1184.3519287109375,1203.212047062667,1177.9670171671169,1201.2474588953376,9630899
2026-02-20,1194.5677490234375,1196.4341316671034,1180.5210163030872,1184.8430141192323,9958162
2026-02-23,1206.0606689453125,1209.302167328373,1195.5500507835413,1200.3633155560203,9733835
2026-02-24,1201.640380859375,1212.8384373028666,1198.1040262888578,1210.1862912839226,15788449
2026-02-25,1178.85107421875,1206.3553078239622,1176.2971336514831,1206.3553078239622,19581100
2026-02-26,1188.084716796875,1193.880275982552,1167.849482270177,1179.7352169268681,16196052
2026-02-27,1180.4227294921875,1190.3439954720204,1177.3776418736493,1185.6289359982593,10700355
2026-03-02,1168.831787109375,1176.1007875153553,1158.5176989399156,1164.0185219818375,16270835
2026-03-04,1153.704345703125,1161.7591088376892,1137.1035525068773,1151.3468160340765,13855065
2026-03-05,1148.79296875,1162.250350176651,1130.227585974388,1160.0893510848653,22100665
2026-03-06,1122.7620849609375,1148.5964661130286,1117.8506147730068,1147.8105829193835,20333328
2026-03-09,1079.050048828125,1095.2579011773867,1045.4556391950514,1095.2579011773867,24631198
2026-03-10,1092.5074462890625,1100.0711827783487,1084.9438297087236,1091.426946764578,17491459
2026-03-11,1071.781005859375,1096.1419460785291,1068.735918309216,1093.68621097212,8364878
2026-03-12,1065.9854736328125,1078.5588856550278,1051.545798810298,1056.0643275370824,14614140
2026-03-13,1028.4619140625,1062.1546493731119,1023.8451797948526,1058.4218838608822,15978675
2026-03-16,1047.8131103515625,1054.0016113922836,1017.754933672958,1030.1318158454478,15322269
2026-03-17,1045.8485107421875,1054.8856886705516,1028.4619526297915,1054.8856886705516,16427877
2026-03-18,1050.8582763671875,1056.3590993465684,1042.5087765154108,1048.5989519731277,10749915
2026-03-19,1030.3282470703125,1040.936950803617,1022.5681001383867,1030.917599515117,13431191
2026-03-20,1039.26708984375,1065.7890288095168,1035.3379137006734,1039.6600314398456,17748625
2026-03-23,1013.6292724609375,1027.086653225109,996.2426554714183,1020.6035363599531,16039603
2026-03-24,1012.5487670898438,1040.2494116751225,1001.9399432564919,1036.5166462758839,30416734
2026-03-25,1041.821044921875,1046.6343097462316,1024.5326936323975,1024.5326936323975,16205333
2026-03-27,1001.4487915039062,1036.6149667218629,995.0638801309044,1032.6857904923231,20445349
2026-03-30,962.058837890625,991.5276600442548,958.522543259506,987.2055421466002,21438137
2026-04-01,999.7789306640625,1012.745224874495,980.7715636649391,990.1524604010582,17424479
2026-04-02,1000.3683471679688,1007.833758433837,960.5854356508436,982.2941115339542,20777629
2026-04-06,1014.4642333984375,1017.3619530344956,987.2546747939996,1001.939983603395,23576634
2026-04-07,1012.1558227539062,1015.3973212044529,994.0815880797585,1006.8514108515341,15021291
2026-04-08,1042.656005859375,1058.7166100346876,1040.6914176944629,1054.9838445577764,28533742
2026-04-09,1022.5189819335938,1045.504687551959,1019.9159985301128,1041.329937682068,24772948
2026-04-10,1047.8131103515625,1050.5144192344412,1027.6270377357864,1030.4265520507975,17861336
2026-04-13,1044.7188720703125,1048.353312047308,1011.7628591320939,1023.5503875880017,17763348
2026-04-15,1052.528076171875,1068.7359280214653,1049.2864578383803,1056.9483994035816,16195810
2026-04-16,1048.255126953125,1064.9541259228224,1043.1962885775752,1058.9129934902317,20313165
2026-04-17,1061.1231689453125,1062.9895516597985,1041.2317140310404,1048.1077725199245,16823879
2026-04-20,1088.2344970703125,1101.102525826513,1056.8010858019393,1061.1723665018162,31179584
2026-04-21,1092.1636962890625,1095.012373226544,1086.3681369836245,1093.6863001427537,16963734
2026-04-22,1083.76513671875,1098.057444036852,1080.6217236295247,1090.3464592751195,12412659
2026-04-23,1074.875244140625,1082.3898174645885,1063.038553095583,1075.6119646643676,13669001
2026-04-24,1081.60400390625,1086.4172689530212,1070.749726103037,1072.0266364810311,13774745
2026-04-27,1092.1636962890625,1095.0615358962568,1083.8633589162316,1091.2796075968854,11624385
2026-04-28,1071.9775390625,1090.8375367592364,1069.8655828843748,1082.7827735553876,10727835
2026-04-29,1067.655517578125,1085.4350174109393,1065.0524141428152,1074.6297819435,10611104
2026-04-30,1049.5321044921875,1058.6183251016832,1044.1786495020647,1055.9661789414106,14269539
2026-05-01,1049.5321044921875,1049.5321044921875,1049.5321044921875,1049.5321044921875,0
2026-05-04,1049.4830322265625,1069.816471974203,1044.7679726198023,1044.7679726198023,11693211
2026-05-05,1041.133544921875,1049.581250235382,1030.8194568287804,1041.8211028311687,12194631
2026-05-06,1076.5943603515625,1081.6040364042549,1042.4104768585712,1053.019301365762,14384779
2026-05-07,1072.6651611328125,1088.381866790436,1066.8696019397742,1086.4172785832332,16105163
2026-05-08,1001.2523193359375,1075.6119913694504,993.0010852378409,1070.7005210892246,48065909
2026-05-11,956.3615112304688,989.1701581334676,953.9057759818752,989.1701581334676,46927396
2026-05-12,957.3438110351562,964.0234589147167,945.3598709141811,959.6031354409057,25787092
2026-05-13,952.9234619140625,963.8269621620207,944.1810805849492,960.6836091187947,17584580
2026-05-14,962.5499877929688,969.5242517416415,946.5385464115705,956.2632817330172,16487142
2026-05-15,963.2000122070312,972.5,957.0,971.2000122070312,26972493
2026-05-18,939.4000244140625,954.9000244140625,933.9000244140625,952.0,16554877
2026-05-19,948.7999877929688,956.5999755859375,939.5,942.0,17280869
2026-05-20,950.9000244140625,955.0,935.0,941.0999755859375,11928460
2026-05-21,950.9000244140625,960.9000244140625,946.5,957.0,11756520
2026-05-22,949.2000122070312,958.5999755859375,947.7000122070312,950.9000244140625,7807192
2026-05-25,969.5999755859375,972.5,957.5,959.9000244140625,10934747
2026-05-26,968.5,978.7999877929688,962.0999755859375,969.9000244140625,16269800
2026-05-27,967.7999877929688,975.9000244140625,966.5999755859375,969.7999877929688,8111259
2026-05-28,967.7999877929688,967.7999877929688,967.7999877929688,967.7999877929688,0
2026-05-29,964.4000244140625,973.7000122070312,960.2999877929688,967.7999877929688,22292535
2026-06-01,954.0999755859375,970.25,950.0999755859375,966.25,11118975
2026-06-02,956.6500244140625,961.2999877929688,939.9000244140625,950.9500122070312,15911760
2026-06-03,970.4500122070312,974.0,937.2000122070312,953.75,27947005
2026-06-04,979.25,985.7999877929688,961.0999755859375,969.9000244140625,18875883
2026-06-05,977.7000122070312,992.5999755859375,970.5999755859375,980.0,20955539
2026-06-08,981.9500122070312,988.6500244140625,965.1500244140625,966.0,12895416
2026-06-09,1002.7000122070312,1009.0,983.0,985.0,22142480
2026-06-10,1003.25,1012.4000244140625,999.5,1002.7000122070312,19122317
2026-06-11,1000.7000122070312,1009.4000244140625,993.0,998.0999755859375,13773978
2026-06-12,1017.1500244140625,1018.7000122070312,1004.3499755859375,1018.0,11081119
2026-06-15,1020.8499755859375,1034.0,1018.5,1034.0,12463437
2026-06-16,1015.2999877929688,1026.550048828125,1007.4000244140625,1023.7999877929688,9693677
2026-06-17,1026.5,1028.0999755859375,1013.4500122070312,1017.0,8190062
2026-06-18,1042.699951171875,1045.699951171875,1024.449951171875,1027.9000244140625,11048009
2026-06-19,1035.0999755859375,1042.0,1029.300048828125,1042.0,9099878
2026-06-22,1040.75,1043.0,1033.5999755859375,1038.0,6209440
2026-06-23,1024.199951171875,1045.5,1022.3499755859375,1041.0,10411004
2026-06-24,1034.5999755859375,1044.5,1020.5,1024.0,11724076
2026-06-25,1045.4000244140625,1055.4000244140625,1038.550048828125,1040.0,16002360
2026-06-26,1045.4000244140625,1045.4000244140625,1045.4000244140625,1045.4000244140625,0
2026-06-29,1036.0999755859375,1046.4000244140625,1030.8499755859375,1044.449951171875,16818246
2026-06-30,1026.9000244140625,1044.0,1025.050048828125,1040.0,11161643
2026-07-01,1047.4000244140625,1049.9000244140625,1025.5,1031.0,6295315
2026-07-02,1051.5999755859375,1059.800048828125,1045.0,1050.9000244140625,14682790
2026-07-03,1040.0,1057.0,1034.5,1055.0,10441493
2026-07-06,1037.699951171875,1048.4000244140625,1036.5,1041.9000244140625,8761017
2026-07-07,1038.0999755859375,1049.5999755859375,1035.5,1039.300048828125,11053574
2026-07-08,1016.9000244140625,1038.300048828125,1011.7000122070312,1029.5999755859375,14141694
2026-07-09,1022.0999755859375,1031.699951171875,1019.2999877929688,1019.7999877929688,7661699
2026-07-10,1036.0,1047.800048828125,1023.5,1029.5,8792150
2026-07-13,1037.0,1042.9000244140625,1022.0999755859375,1023.5,8381510
2026-07-14,1015.4000244140625,1033.699951171875,1011.4000244140625,1033.300048828125,11562326
2026-07-15,1030.0999755859375,1036.0,1013.7000122070312,1015.5,14275394
2026-07-16,1031.199951171875,1036.0,1027.300048828125,1030.0999755859375,7708316
2026-07-17,1044.300048828125,1048.0,1028.300048828125,1030.5999755859375,8452780
2026-07-20,1060.0,1065.0,1038.300048828125,1041.5999755859375,16540411
2026-07-21,1044.4000244140625,1067.0,1042.800048828125,1056.199951171875,10514887
2026-07-22,1025.0,1044.4000244140625,1019.2000122070312,1044.4000244140625,11227214
2026-07-23,1012.5999755859375,1023.0999755859375,1006.5,1022.0,8910230
2026-07-24,1015.0,1017.7999877929688,1000.7999877929688,1006.0,13797053
2026-07-27,1020.5999755859375,1023.7000122070312,1015.9000244140625,1020.2999877929688,6093002
2026-07-28,1013.2000122070312,1022.0,1008.2999877929688,1018.0,9873370
2026-07-29,1013.7000122070312,1020.2000122070312,1012.0,1020.0,4792964
2026-07-30,1025.300048828125,1028.300048828125,1007.5999755859375,1013.5,6847458
2026-07-31,1027.4000244140625,1034.300048828125,1023.5,1028.0999755859375,10921417
