Price,Close,High,Low,Open,Volume
Ticker,TCS.NS,TCS.NS,TCS.NS,TCS.NS,TCS.NS
Date,,,,,
2020-01-01,1831.10986328125,1844.879346483023,1819.6209945610121,1831.4476862619658,1354908
2020-01-02,1822.7042236328125,1841.5424944487077,1815.5660119731094,1841.5424944487077,2380752
2020-01-03,1859.0289306640625,1877.9094795882165,1828.0684272734595,1828.0684272734595,4655761
2020-01-06,1858.8597412109375,1880.4012097526943,1848.2579183862879,1862.7034562577812,3023209
2020-01-07,1863.422119140625,1870.8558748234013,1844.7950380175168,1858.902550778835,2429317
2020-01-08,1905.1536865234375,1909.1663148400262,1860.212290625881,1862.7043027532113,5197454
2020-01-09,1870.602783203125,1902.3657780018257,1866.9279782156032,1899.6625751187048,3734173
2020-01-10,1869.9266357421875,1887.2020112938542,1865.2381561937466,1882.1334293476755,1915807
2020-01-13,1850.32861328125,1874.4887360635569,1845.5555737016612,1873.5596195572248,2843893
2020-01-14,1864.30908203125,1883.6542961142839,1854.2564756619365,1854.2564756619365,2948452
2020-01-15,1881.2041015625,1884.6677150458122,1853.5803712813672,1869.4619692498352,2620681
2020-01-16,1891.257080078125,1899.8736288763785,1871.1516620547702,1881.2465473806064,3117214
2020-01-17,1874.615234375,1903.7173029831172,1869.462093239249,1892.9042862294834,3281059
2020-01-20,1833.432861328125,1894.1290055397965,1821.4793319942742,1854.1716438415342,5817599
2020-01-21,1834.0242919921875,1847.1181294839687,1823.0423637732745,1833.0949694156698,1902980
2020-01-22,1864.30908203125,1866.9279322154348,1836.2629661077378,1842.4297828786712,1773686
2020-01-23,1855.0380859375,1877.729207318235,1848.8996407777402,1870.9981260366733,2069866
2020-01-24,1848.6451416015625,1855.0376311633627,1837.2996870473519,1855.0376311633627,1319430
2020-01-27,1836.6649169921875,1857.1545799219127,1833.0665185147336,1853.9795224418065,1549101
2020-01-28,1848.9422607421875,1852.3713650061322,1822.0601007977962,1840.6871092632011,1743024
2020-01-29,1824.2611083984375,1851.6511469003092,1820.3662885391698,1850.0001583525982,2306761
2020-01-30,1810.079345703125,1833.066681215636,1799.1993984218136,1828.8332708664082,2098567
2020-01-31,1760.2943115234375,1815.5826892895918,1753.9865717572059,1811.391447883722,3287223
2020-02-03,1780.148681640625,1858.212710903856,1772.2744986867224,1822.0594353819856,4728073
2020-02-04,1784.5938720703125,1809.105273070461,1766.6866315922948,1802.5858634267324,3509339
2020-02-05,1817.445068359375,1826.038806934932,1781.6727581912035,1790.7322131522592,2439322
2020-02-06,1802.03564453125,1840.8558886361448,1791.1556985873144,1816.1328165775417,2640065
2020-02-07,1808.978515625,1821.213029502215,1794.119204795534,1811.0528452372096,2083442
2020-02-10,1830.4837646484375,1834.7595492870014,1794.1188209225454,1812.661070555055,2383032
2020-02-11,1823.2452392578125,1841.3643610960692,1818.3346482089319,1831.3734704930407,1335820
2020-02-12,1837.9344482421875,1849.9996634385259,1820.3658015527828,1821.2972341815298,1620407
2020-02-13,1855.884033203125,1860.1598174116114,1838.1460917617699,1839.7970798436254,1645948
2020-02-14,1849.322509765625,1872.860307229109,1838.1463503591299,1852.539942232048,1500115
2020-02-17,1865.4517822265625,1877.0936576404354,1854.4025427645997,1860.1176452405011,1774724
2020-02-18,1876.0350341796875,1880.4801132407022,1850.888628262114,1862.6574215684668,2486223
2020-02-19,1859.609619140625,1888.1003784910379,1854.6564480200082,1876.035163067945,1760463
2020-02-20,1826.12353515625,1874.8922878199871,1821.424409341684,1866.510219822774,2317278
2020-02-24,1791.0284423828125,1844.8772812601562,1783.7045207296267,1825.4459751394027,3092877
2020-02-25,1825.5732421875,1842.9302225273934,1787.3456340251303,1791.1557028802288,2674567
2020-02-26,1798.0140380859375,1832.1351584608226,1788.996750458332,1823.7530890639582,2686842
2020-02-27,1782.6890869140625,1794.9236014049402,1766.3480817263128,1794.9236014049402,2349001
2020-02-28,1693.4908447265625,1752.208214575457,1684.8970026601398,1750.9381917091303,4298076
2020-03-02,1694.46435546875,1739.0420702859933,1681.2560364883825,1722.997491254769,2667076
2020-03-03,1724.0140380859375,1744.1651132606537,1703.524372757493,1710.2978295080197,2757585
2020-03-04,1763.8079833984375,1773.3331563431036,1714.5311300399271,1740.7782732652297,3237002
2020-03-05,1799.2413330078125,1818.4609699421144,1764.5273766499372,1765.9243190391005,3937056
2020-03-06,1791.9599609375,1798.0560295988737,1753.9863997344999,1776.3387203960235,2595027
2020-03-09,1669.952880859375,1761.0134493429514,1638.3293352909805,1756.8647910743073,4940975
2020-03-11,1654.162353515625,1682.6109474688976,1625.6292153997167,1636.6360798789856,6796449
2020-03-12,1498.4996337890625,1615.8074284012398,1488.7627939290235,1612.0820081316756,8728786
2020-03-13,1529.3616943359375,1540.961196063312,1275.1454310842842,1429.1145277232897,8029720
2020-03-16,1436.3111572265625,1559.7996883515607,1418.911803307323,1485.9266945620784,7844271
2020-03-17,1403.798828125,1465.606617300588,1374.2919795799312,1464.7599352570867,5713248
2020-03-18,1400.750732421875,1450.8319937843526,1378.1866362745238,1419.716430041094,7258778
2020-03-19,1395.5908203125,1437.4666269722372,1319.173852491675,1330.218453737501,5135111
2020-03-20,1532.9881591796875,1594.010930673677,1387.616791977567,1390.1753970027253,8547498
2020-03-23,1424.033935546875,1492.5192909408574,1379.7274759540412,1381.646429328108,7003490
2020-03-24,1452.562255859375,1509.5764647953495,1392.605589653216,1409.8335869151078,6350865
2020-03-25,1492.77490234375,1543.6910803100307,1432.8182402877633,1449.875600291189,2765520
2020-03-26,1527.4442138671875,1562.4971790901059,1469.10811408077,1562.1133259460546,4556067
2020-03-27,1556.057861328125,1577.8059980581152,1492.8603554170697,1552.219954846362,4331250
2020-03-30,1516.825927734375,1624.7137432296793,1504.075591183426,1506.165076400847,8513547
2020-03-31,1557.4224853515625,1582.0703953517955,1518.105285027599,1567.0599369510269,3927593
2020-04-01,1457.3387451171875,1564.8001536817906,1451.5818839440838,1557.2522898545908,4941878
2020-04-03,1410.8143310546875,1483.9904536909853,1407.2323267759343,1483.9904536909853,5735369
2020-04-07,1514.01171875,1523.0947866924141,1454.1404075437695,1458.4047489148656,5427577
2020-04-08,1454.523681640625,1540.2796002532666,1450.7284607036581,1501.047672450581,6285615
2020-04-09,1506.29296875,1517.0817707011477,1476.4851671169138,1492.9028775308734,5307397
2020-04-13,1500.408203125,1524.0752928716072,1489.107700813557,1501.9007222982093,2990438
2020-04-15,1479.854248046875,1545.3971470659685,1473.585687725952,1522.3697061328662,4761399
2020-04-16,1463.5645751953125,1505.2271676211903,1428.596977587081,1458.3619956778816,6245533
2020-04-17,1540.450439453125,1579.4691580392125,1495.0778946756607,1535.1626984690183,9895823
2020-04-20,1551.0687255859375,1560.7487585396025,1537.2948837528052,1560.7487585396025,3244282
2020-04-21,1481.9864501953125,1530.5572525952164,1473.50034912997,1505.3123746692006,5122541
2020-04-22,1509.150146484375,1526.633943038729,1466.2082572326076,1481.9863175377566,3829836
2020-04-23,1601.899658203125,1620.449541107913,1501.7729131042697,1518.1053595642554,5934366
2020-04-24,1550.9833984375,1579.4691110402252,1541.8150659277915,1569.8743444602976,2987102
2020-04-27,1566.3775634765625,1599.1277200042246,1556.4843141374452,1562.710293037946,3374741
2020-04-28,1585.524658203125,1593.157786897894,1562.9662319987297,1590.5991823150816,2678505
2020-04-29,1625.268310546875,1631.1531219647657,1577.8488593206253,1598.2750111219048,4241510
2020-04-30,1718.0604248046875,1733.028304412444,1656.4406930164007,1688.6791548900783,5915544
2020-05-04,1646.41943359375,1676.7389408258857,1632.0913097901657,1676.7389408258857,3729348
2020-05-05,1648.380859375,1686.1202736951882,1643.4768676836761,1667.4424410401703,2905528
2020-05-06,1623.5196533203125,1666.248323228811,1614.9909725357868,1654.3935402262186,3517431
2020-05-07,1613.327880859375,1649.830571233355,1606.2490343422683,1628.9779888834805,3166754
2020-05-08,1614.820556640625,1654.1377570615136,1608.7225286193761,1653.7965889836341,2686530
2020-05-11,1650.5557861328125,1664.286942640589,1628.1253119564062,1628.1253119564062,2449841
2020-05-12,1662.6663818359375,1668.6364586109319,1629.1913084904334,1648.9352260754258,3256595
2020-05-13,1662.794189453125,1700.6188660787916,1642.3253565615048,1700.6188660787916,2656665
2020-05-14,1622.4539794921875,1640.1509966060303,1612.8592111774535,1628.9784427681866,2263146
2020-05-15,1614.39404296875,1635.2893113625353,1590.769534196382,1634.0952752037724,3173682
2020-05-18,1659.34033203125,1665.6088924147987,1596.654519975991,1626.419640671826,3727694
2020-05-19,1661.9417724609375,1677.1227651763684,1623.008315176629,1623.008315176629,3198693
2020-05-20,1666.1630859375,1674.0948008476576,1647.4852538757461,1663.0927816241688,2778505
2020-05-21,1698.23095703125,1704.0305018848192,1655.5449701381501,1659.6813596936227,3400908
2020-05-22,1723.0924072265625,1733.0283435021838,1672.687912742942,1686.2058541475913,3663418
2020-05-26,1657.1229248046875,1726.2052495134778,1641.771297091623,1718.5294356569457,4575317
2020-05-27,1710.2564697265625,1714.2649082162516,1655.6302254103475,1670.76863442569,3482160
2020-05-28,1709.40380859375,1717.6765886528392,1681.259157439061,1695.9284491242158,3475681
2020-05-29,1682.154541015625,1707.9964886213402,1673.6685442331923,1690.384739808922,7237735
2020-06-01,1744.328857421875,1756.90866460778,1689.617336194755,1697.2078847424673,3747773
2020-06-02,1745.9493408203125,1774.8189116168967,1739.8939967828592,1757.079209539669,2443886
2020-06-03,1750.225830078125,1765.2804113706543,1727.857749712282,1755.1015309323038,3699799
2020-06-04,1789.0596923828125,1796.2875696466986,1750.7388491306572,1750.7388491306572,4048593
2020-06-05,1752.02197265625,1794.5768820372575,1745.2217826722788,1789.1025651671957,3573289
2020-06-08,1772.1239013671875,1792.0113784791881,1763.8696126792577,1777.683841204951,2957841
2020-06-09,1772.3802490234375,1792.4387559697834,1762.2867797598408,1764.7246826457206,2909439
2020-06-10,1803.772216796875,1823.6596875926202,1773.6202449452617,1776.6568682739844,5168397
2020-06-11,1768.6163330078125,1800.5646781698256,1763.6125137143674,1796.2878024497072,2269513
2020-06-12,1744.537353515625,1752.8344494443397,1720.1591654424722,1720.330198680136,2842642
2020-06-15,1736.3260498046875,1761.2174459576229,1711.5628763924042,1744.1954594724216,2399022
2020-06-16,1749.9261474609375,1774.0048692245905,1737.2665561959602,1766.3493050441448,2146528
2020-06-17,1751.636962890625,1761.0888983860686,1733.4602441808433,1750.0972461276745,2703527
2020-06-18,1743.3399658203125,1761.3883594994413,1732.305606176288,1749.2420748778984,1944389
2020-06-19,1748.89990234375,1787.7339526285268,1738.1221970053427,1746.6759479748573,5681758
2020-06-22,1734.6580810546875,1755.4437400130719,1727.1308420050711,1753.5191458286258,3196138
2020-06-23,1740.9447021484375,1748.3864225524371,1719.3036738407038,1733.8450481965706,4205944
2020-06-24,1746.8468017578125,1765.7078624741791,1737.7798475448421,1739.8327684497906,2560937
2020-06-25,1724.52197265625,1762.0729659695623,1718.6626732399725,1740.6885853145918,3043931
2020-06-26,1812.4112548828125,1823.6593516853118,1727.8145489638268,1732.1342341288725,6300722
2020-06-29,1797.69921875,1819.89637241849,1788.846210664083,1803.1309348426262,3076341
2020-06-30,1781.019287109375,1806.4666978514458,1774.9462488364122,1796.287817087347,3071725
2020-07-01,1789.4874267578125,1808.220056941931,1778.7524280441314,1778.923461288884,2503466
2020-07-02,1845.172119140625,1851.8868965013019,1794.5767708359035,1797.9982708756288,3758699
2020-07-03,1881.5260009765625,1886.1023418921202,1847.8243011666452,1850.732493353834,4185208
2020-07-06,1935.88525390625,1941.616226403315,1886.102455354422,1886.102455354422,5190366
2020-07-07,1941.6158447265625,1969.672189610641,1909.325434888337,1945.9783412440536,5630055
2020-07-08,1897.9918212890625,1945.46514172604,1888.326249238523,1941.701574629531,2793358
2020-07-09,1885.5462646484375,1919.8894928274592,1874.1697335728263,1906.631178218938,3443998
2020-07-10,1900.9429931640625,1924.4658091088334,1861.2962725753305,1886.315994989314,9610320
2020-07-13,1898.9329833984375,1920.2745533148582,1890.379231220967,1898.9329833984375,2963503
2020-07-14,1857.8323974609375,1915.185354833191,1851.8875807118618,1890.3794703802375,2976738
2020-07-15,1910.822509765625,1933.1478852474534,1865.6588678306166,1868.9947474626927,5569321
2020-07-16,1915.8372802734375,2000.0663943966572,1903.2780100810128,1923.7672477608653,8582118
2020-07-17,1886.6893310546875,1923.6814748184065,1877.51632925131,1917.7662313162948,4509135
2020-07-20,1892.819580078125,1909.1081681537473,1878.1599763902566,1886.9043344444742,2952646
2020-07-21,1907.52197265625,1919.181044963241,1887.0325213773183,1911.765535909535,2665286
2020-07-22,1878.2884521484375,1912.623122450519,1872.50171701776,1912.623122450519,2861534
2020-07-23,1861.356689453125,1878.2882459396003,1854.3269205187987,1878.2882459396003,2265766
2020-07-24,1849.52587890625,1854.3268087331146,1821.8354518378844,1847.0398101782225,3665100
2020-07-27,1891.8763427734375,1898.9061113481687,1854.7554726418796,1856.0414135750725,4248480
2020-07-28,1980.134521484375,1988.9217836751814,1898.9059270864338,1898.9059270864338,8092319
2020-07-29,1951.2435302734375,2007.782012637754,1925.5247171311948,1964.9173240673492,6090431
2020-07-30,1954.201904296875,2021.4994912621326,1947.98652206123,1959.6885028261447,7098496
2020-07-31,1955.830078125,2001.6096946504174,1935.2979325667154,1974.4762190998974,4723290
2020-08-03,1932.4691162109375,1975.0767939040652,1912.3656145009645,1963.5889291410197,4012337
2020-08-04,1928.6541748046875,1945.757147400986,1907.5219624671993,1937.4414378712358,2927928
2020-08-05,1937.05615234375,1971.7765657847424,1931.4837403100105,1937.4847994232684,3800641
2020-08-06,1978.719970703125,1988.4930366349488,1942.0706595084089,1950.3434612392796,4748047
2020-08-07,1967.7900390625,1995.7806068952666,1960.6315498150666,1978.63472539273,3165491
2020-08-10,1957.031005859375,1993.2087748810231,1951.2442707064945,1987.207716203962,2929353
2020-08-11,1954.5443115234375,1982.0635298930124,1950.8581151321068,1957.2020063779185,2774423
2020-08-12,1935.2125244140625,1968.6896847294406,1925.9537081683363,1961.788636076637,3415751
2020-08-13,1932.726318359375,1971.7760999377642,1929.3400490912775,1948.629163112408,2695682
2020-08-14,1922.181640625,1955.744825995158,1914.423297436897,1952.05841996915,2270405
2020-08-17,1931.8260498046875,1946.0572127013804,1918.83813054135,1940.0561552172792,2625630
2020-08-18,1945.84326171875,1962.346172959233,1927.4543453394178,1939.8851096504309,3493374
2020-08-19,1934.569580078125,1958.5738102908451,1931.0545912197229,1951.5011353174543,2843005
2020-08-20,1931.3544921875,1951.6723141358157,1920.381089283269,1934.9121778684423,2895164
2020-08-21,1927.711669921875,1946.9149747683728,1921.2390573618975,1937.4847393115465,1975294
2020-08-24,1927.2822265625,1937.4410322544009,1911.7651254564128,1929.4254610080789,2167966
2020-08-25,1922.610107421875,1928.9113013932013,1914.8088584052919,1924.6248318345497,1663419
2020-08-26,1931.912109375,1937.3987074831466,1900.149323493487,1922.0532279648326,2618149
2020-08-27,1927.539794921875,1960.9315645116892,1921.838873396945,1942.6282534258849,3579393
2020-08-28,1919.09521484375,1954.5870969772234,1916.1375928826703,1944.6853110203404,2941136
2020-08-31,1935.1270751953125,1951.3727562613549,1910.0512231853609,1920.3387522150847,6018154
2020-09-01,1925.7823486328125,1952.9156184348524,1921.452972324514,1945.1999728835294,3610908
2020-09-02,1941.8992919921875,1944.9856339082528,1921.752884324157,1926.339490641033,2084137
2020-09-03,1971.347412109375,1992.3511136082573,1944.3426530393835,1944.3426530393835,4654146
2020-09-04,1962.1744384765625,1992.5654672037376,1940.0133061053941,1950.343740083254,5231303
2020-09-07,1994.966064453125,2009.0685090336908,1957.5023581396092,1962.345985567791,4620401
2020-09-08,2013.097412109375,2049.3180779087993,1994.96573058314,2002.5955622622046,7453998
2020-09-09,1995.4801025390625,2022.356350561891,1988.9218877929577,1993.2083573787186,3866535
2020-09-10,1998.4803466796875,2013.3544777444156,1992.6080097635381,2001.7810115108412,2308813
2020-09-11,2035.3016357421875,2042.93146812207,1997.6233994710933,1998.309276486205,4145424
2020-09-14,2135.862060546875,2148.164312433573,2041.9456758860927,2043.8745872710974,7512131
2020-09-15,2135.862060546875,2175.812042285307,2112.886750156821,2135.862060546875,7318770
2020-09-16,2145.807373046875,2149.751010069455,2123.7749540650316,2133.762347730431,3074003
2020-09-17,2109.758056640625,2139.5919357699677,2100.88518751574,2126.0895525230976,4828176
2020-09-18,2100.284423828125,2143.5777695284337,2088.710955175567,2130.3755260448897,4183256
2020-09-21,2113.487060546875,2147.4357793020663,2102.213518224011,2113.229830472152,4598809
2020-09-22,2162.909423828125,2190.385732905245,2107.228231499449,2130.3751648804437,7499613
2020-09-23,2115.329833984375,2160.252160822618,2065.2210463876595,2151.807732018691,7502280
2020-09-24,1999.424072265625,2100.3704478725613,1974.0053870961883,2100.3704478725613,8424708
2020-09-25,2076.623046875,2091.797106979511,2016.4410572145775,2030.0719464456893,8228267
2020-09-28,2080.052734375,2095.2267982139488,2028.3578578454187,2091.7976217847936,4347166
2020-09-29,2133.290283203125,2152.70811767689,2080.052451949216,2087.3823574313583,6995811
2020-09-30,2136.634033203125,2147.521625933625,2108.943393132422,2133.804920937642,3917166
2020-10-01,2163.337890625,2177.5261441724697,2136.6332737974667,2151.8073314460235,2610337
2020-10-05,2319.666015625,2338.7837126018267,2231.5790621161123,2246.1101527327046,17412105
2020-10-06,2326.953125,2345.5563627715733,2271.9148925581817,2345.5563627715733,9846367
2020-10-07,2345.512939453125,2374.7038353177113,2317.265150492337,2350.699608823525,9656101
2020-10-08,2422.454833984375,2473.2923936763113,2400.4224271381877,2400.4224271381877,19839329
2020-10-09,2411.525146484375,2426.013540851065,2383.2773506807894,2408.9961710118773,7739245
2020-10-12,2426.1416015625,2446.7166540139137,2401.06575638734,2413.710840706438,4623203
2020-10-13,2423.18408203125,2447.48823818637,2410.8818310130396,2439.0011124116168,4209878
2020-10-14,2418.922607421875,2446.8172734004734,2399.9386382621356,2446.8172734004734,4395936
2020-10-15,2359.517578125,2434.5492205334676,2347.808584349665,2420.1283207212723,6629355
2020-10-16,2379.060546875,2386.2493453117218,2351.510177333232,2367.6960614775485,5273773
2020-10-19,2334.506103515625,2388.2723219330214,2330.2444483682893,2388.2723219330214,3331194
2020-10-20,2358.139404296875,2376.1331550317245,2340.0163850913345,2346.0861178200016,3406273
2020-10-21,2303.3828125,2366.748741380843,2292.750218733415,2358.1392515977186,4570143
2020-10-22,2299.7236328125,2313.068341126068,2271.2694390463653,2290.9850853164644,5262294
2020-10-23,2313.197509765625,2326.283890798957,2298.8197054028337,2314.058458651931,3499091
2020-10-26,2314.403564453125,2333.129209286543,2299.1648058686023,2315.9102255316757,2672752
2020-10-27,2264.424560546875,2340.188060243434,2259.2159880968106,2324.3466852930087,3537502
2020-10-28,2257.5810546875,2286.6380915323266,2243.6337190405206,2281.515485593776,3569445
2020-10-29,2266.57763671875,2285.8199337978403,2238.6829690613313,2245.355324800289,3105968
2020-10-30,2294.300537109375,2302.4795544288513,2257.064484575969,2269.548247853065,3427003
2020-11-02,2242.428466796875,2294.3006583268098,2238.5111057299364,2290.1249704502306,2571196
2020-11-03,2267.39501953125,2294.4287298699405,2239.371091880248,2241.910848998621,2879269
2020-11-04,2284.2265625,2343.373921962473,2247.0767003622427,2247.0767003622427,4893928
2020-11-05,2312.250732421875,2333.171835569009,2296.151027845958,2311.6481101486306,2816502
2020-11-06,2330.9765625,2335.9701092408595,2308.4628279622434,2323.7015847566868,3884421
2020-11-09,2347.463623046875,2362.4440515415527,2320.343729598056,2351.337893539563,3646592
2020-11-10,2281.170654296875,2335.88379748692,2271.4849776230476,2322.151702374554,4760020
2020-11-11,2314.05859375,2318.3633384328473,2275.8323348507474,2296.968673282051,3242441
2020-11-12,2299.637939453125,2335.754709079128,2291.6310714675155,2312.5090853617908,2437505
2020-11-13,2287.41259765625,2294.343069445796,2269.4617256505835,2286.4654696117364,2548093
2020-11-14,2299.03564453125,2315.092262085982,2290.167826256389,2305.578731949253,298819
2020-11-17,2295.333251953125,2320.2576848595636,2281.5580671821594,2320.2576848595636,2827273
2020-11-18,2261.411865234375,2293.7405459178117,2244.5373890213323,2290.985550841463,2893762
2020-11-19,2270.236572265625,2304.0288240618443,2265.0279984231297,2270.3227512517196,4167501
2020-11-20,2290.340087890625,2303.900037663871,2262.1870913523253,2285.8201046328763,2711471
2020-11-23,2345.441162109375,2350.3916206510394,2294.429915397443,2315.953648187288,3706418
2020-11-24,2343.546630859375,2361.5834731674927,2328.867406094811,2354.179226542401,3120516
2020-11-25,2325.681396484375,2352.930346157085,2314.4028813766267,2349.529639907723,3302249
2020-11-26,2342.298828125,2351.2095275628917,2307.3442012969263,2312.5098972699793,2341099
2020-11-27,2307.04150390625,2339.8006497168144,2297.9155722035734,2328.8666413504707,6086808
2020-12-01,2347.635986328125,2355.4704968169954,2259.5177641778523,2306.4825783892575,3605017
2020-12-02,2367.222900390625,2371.6567046663813,2326.6721092420767,2340.920860453286,2509032
2020-12-03,2332.6982421875,2388.1863635837553,2325.251117362909,2388.1863635837553,2852548
2020-12-04,2348.281494140625,2358.010259908781,2323.7013580772364,2333.8605983467037,2686527
2020-12-07,2357.020751953125,2362.444774340915,2329.857760705237,2337.47724574912,1996400
2020-12-08,2408.333251953125,2415.4360828907415,2352.5006119603636,2359.000820493324,4277818
2020-12-09,2419.955810546875,2445.0954826254792,2404.759932576233,2423.571754785466,3659996
2020-12-10,2397.140380859375,2434.1611884481035,2393.653495315399,2426.1543205822477,2127801
2020-12-11,2396.538330078125,2417.2870801403533,2380.137205417689,2404.372841855393,1795408
2020-12-14,2408.677001953125,2414.1010227517563,2372.9907075461942,2412.3791247326753,2483658
2020-12-15,2377.5537109375,2406.094085705665,2371.914453048714,2398.603871576667,2365509
2020-12-16,2422.883056640625,2427.7044559591814,2376.6070398138168,2392.5776885897876,2565149
2020-12-17,2443.545654296875,2456.890365132334,2414.9621866749385,2420.12788119189,2863460
2020-12-18,2463.175537109375,2495.030655904568,2450.433447552765,2469.202181205763,6076692
2020-12-21,2428.005126953125,2485.1291745611375,2397.7428550676486,2463.1749760676994,2705195
2020-12-22,2473.075927734375,2482.675424717114,2426.7137414089384,2439.929392236456,2881737
2020-12-23,2504.28564453125,2513.110372629727,2467.006507208422,2476.1326515629303,2790988
2020-12-24,2504.802001953125,2515.13338972514,2482.288059984368,2504.5005857327255,1807144
2020-12-28,2522.06396484375,2539.5412719171272,2498.474045868836,2505.361638000797,2108994
2020-12-29,2523.010986328125,2541.521389401339,2513.971022036555,2513.971022036555,1994151
2020-12-30,2504.75927734375,2537.819638953184,2498.4743068283597,2526.368973799279,2637968
2020-12-31,2464.681884765625,2501.056982008258,2449.4000391784834,2496.7522367724437,4040956
2021-01-01,2521.074462890625,2531.1906158621828,2478.672715328988,2479.533664518057,2681440
2021-01-04,2616.8115234375,2626.540289649769,2532.008042807982,2539.799673675922,5113293
2021-01-05,2662.915283203125,2681.2104496331494,2616.940690227785,2616.940690227785,5801309
2021-01-06,2627.1865234375,2680.5653746428497,2614.874907653214,2668.9425602674914,3726716
2021-01-07,2611.08642578125,2652.4550713343,2583.062491039336,2647.418435112393,3717827
2021-01-08,2686.935791015625,2693.0486133134364,2634.5040782414053,2660.3325495967133,5879039
2021-01-11,2734.761962890625,2780.865833216699,2709.019666654015,2780.865833216699,9508039
2021-01-12,2733.384033203125,2763.646306658487,2711.989366347113,2734.761425495851,3611458
2021-01-13,2719.695556640625,2735.2357324439126,2691.542558562412,2733.5138339658242,3572801
2021-01-14,2804.012939453125,2817.641863076815,2691.617754288858,2721.463363847344,6931542
2021-01-15,2789.0478515625,2824.1119551621205,2768.9063457759335,2790.471036942413,4131692
2021-01-18,2779.041259765625,2809.231822066175,2749.411295099311,2803.4093564796403,4160906
2021-01-19,2812.638671875,2828.4240632946203,2787.882455800004,2788.7450431935063,2975735
2021-01-20,2854.1298828125,2870.648351056477,2818.160022139407,2820.6614419334096,3453446
2021-01-21,2823.98291015625,2854.432088400764,2813.847504378786,2850.8524335760185,2778546
2021-01-22,2849.21240234375,2868.1029813523014,2796.421887265517,2796.421887265517,3052459
2021-01-25,2839.0341796875,2880.8696719465147,2828.1223218457994,2854.2587642828466,2272887
2021-01-27,2812.940673828125,2852.1020574249364,2783.5695308342033,2846.5384108313824,2786662
2021-01-28,2757.303466796875,2824.9733981391223,2746.3054787583183,2786.156969767745,3083938
2021-01-29,2683.8115234375,2774.814498620506,2674.0210717281498,2768.948861893027,5445659
2021-02-01,2707.964111328125,2730.089396130799,2625.8026531981222,2674.0212094804033,3985846
2021-02-02,2763.25537109375,2780.981583042147,2717.150119907805,2737.852216059484,2881837
2021-02-03,2760.322509765625,2791.3324808381217,2728.0616186438883,2771.4929730942167,2505866
2021-02-04,2750.31689453125,2792.9288406332607,2739.5777229687446,2774.1243922298722,2057261
2021-02-05,2724.0078125,2765.3258749331653,2699.035949619647,2759.3738955726767,2366135
2021-02-08,2772.4423828125,2782.707089139848,2721.5926846096877,2751.2226474927297,2526592
2021-02-09,2740.354248046875,2799.7866553978947,2729.2269531135325,2755.9671666238105,2658751
2021-02-10,2771.75244140625,2777.014098773205,2723.4475416582923,2747.3411731650913,2127983
2021-02-11,2765.45556640625,2776.9280224465538,2747.384400129207,2773.218854022487,1165882
2021-02-12,2752.343505859375,2799.526987454854,2744.752695757617,2746.6503456349074,2777404
2021-02-15,2708.395751953125,2768.043600076698,2701.236232776118,2768.043600076698,2630853
2021-02-16,2681.6123046875,2732.3754572987605,2674.021491882332,2717.15087078366,3435770
2021-02-17,2650.817626953125,2702.357228065124,2627.0533001377667,2678.4204258750324,3678426
2021-02-18,2637.2314453125,2672.209192906776,2614.5021850359653,2643.83015411918,4189909
2021-02-19,2649.73876953125,2662.936186188286,2601.6924904818256,2637.7918516951354,3725028
2021-02-22,2551.921875,2670.570824384041,2538.7242445051543,2670.570824384041,5366696
2021-02-23,2570.68310546875,2611.9148281639755,2560.1595805781635,2561.8847554976905,3832829
2021-02-24,2542.994384765625,2590.652345860636,2519.747482327506,2563.6101425226025,3774549
2021-02-25,2583.70849609375,2613.5538985691696,2560.547936448802,2565.335339405835,4224073
2021-02-26,2496.587158203125,2563.9121577933784,2484.2521142672244,2553.2591174413137,5553153
2021-03-01,2522.378173828125,2557.5717838320993,2503.0562992261116,2523.9308733533635,3265871
2021-03-02,2593.240478515625,2609.3276540298407,2542.9084046545354,2553.2594565052327,3306469
2021-03-03,2638.741455078125,2642.968049510322,2585.0883451289606,2617.9530124881944,3509857
2021-03-04,2630.6328125,2658.0199630833813,2601.606830055768,2607.6017705058875,3916760
2021-03-05,2594.70654296875,2642.278162500534,2584.829957559571,2601.650414921177,3203686
2021-03-08,2593.757080078125,2616.227523444832,2584.311790385993,2601.563537985365,2003125
2021-03-09,2631.71142578125,2645.469654992304,2580.9482751621667,2593.7575738375635,1942397
2021-03-10,2648.96240234375,2668.1549695914373,2639.517113614532,2652.4559229949955,3053778
2021-03-12,2637.74951171875,2688.685347801896,2623.4306849869185,2652.4566713156337,2938317
2021-03-15,2644.822265625,2673.158345880826,2623.1282768065803,2623.1282768065803,3097083
2021-03-16,2682.690673828125,2709.387718589675,2639.518121262148,2639.518121262148,4894756
2021-03-17,2685.191162109375,2721.463001120806,2661.3407068912707,2678.3336350174654,3838390
2021-03-18,2619.246826171875,2714.0882754209074,2576.591918330186,2696.4052324647,3656306
2021-03-19,2631.064208984375,2673.158518840698,2592.075298198224,2613.6399845393075,5776626
2021-03-22,2699.5966796875,2708.0500786626917,2603.849474474257,2629.770268995108,2821646
2021-03-23,2710.767578125,2733.539804025609,2693.7314748970084,2708.5247663743808,3305973
2021-03-24,2692.2216796875,2719.134365061862,2683.638766387938,2683.6819378774467,2207104
2021-03-25,2643.700927734375,2700.6316929172795,2630.8914213311755,2684.5443124607837,3179786
2021-03-26,2645.383544921875,2689.5479854378573,2624.8970905748097,2665.956131668487,3697370
2021-03-30,2724.525634765625,2750.3169153067583,2640.2938438418096,2659.357110741005,4694008
2021-03-31,2741.173583984375,2764.5927487735926,2701.6238655721972,2721.4633767178425,3530069
2021-04-01,2730.089599609375,2773.2189771703447,2712.837848584987,2752.603218933267,4285076
2021-04-05,2793.834228515625,2814.622668965383,2718.012880756948,2735.2646286513113,5317862
2021-04-06,2816.08935546875,2824.9740487941745,2786.157611482499,2824.9740487941745,2291562
2021-04-07,2821.868408203125,2827.1734472042103,2790.297834912281,2811.1724084069633,2491268
2021-04-08,2861.50439453125,2876.728977898369,2817.2536188096706,2820.6607969198403,2578118
2021-04-09,2865.730712890625,2893.4198499935837,2853.4388436277186,2893.1178601956976,2911129
2021-04-12,2800.433349609375,2879.4032733871372,2771.665973691975,2865.731177961672,3791828
2021-04-13,2677.5146484375,2772.3560975851465,2650.7744371664544,2772.3560975851465,8654596
2021-04-15,2776.625732421875,2792.411124320326,2663.195486735529,2726.035064495398,6062760
2021-04-16,2756.095947265625,2800.821186576273,2745.2706442609606,2785.2946139374144,3224657
2021-04-19,2727.3291015625,2750.7914386004254,2704.2980582590685,2733.53968922068,2679106
2021-04-20,2712.44921875,2782.146321965287,2696.750170373957,2781.844332141803,3141893
2021-04-22,2690.23828125,2715.425797353421,2678.5501770113437,2715.425797353421,1988980
2021-04-23,2682.2158203125,2690.4104015290845,2666.301123120927,2678.3341765783284,1615309
2021-04-26,2674.7109375,2719.737955733293,2663.712948620964,2675.789171703827,2490260
2021-04-27,2701.624267578125,2705.1609608500166,2676.6092280635125,2679.196990771921,1471417
2021-04-28,2694.81005859375,2718.013581254727,2684.3726641906414,2717.107822138312,1639037
2021-04-29,2687.175537109375,2723.490552768404,2678.765309523526,2713.35515029315,1621395
2021-04-30,2618.513427734375,2701.6669817097545,2605.014018794562,2673.1584252464727,3072305
2021-05-03,2619.677490234375,2635.2040608054053,2591.212110854153,2609.24010022459,1545831
2021-05-04,2630.67529296875,2665.394427501742,2617.952131866598,2641.932097960695,1990777
2021-05-05,2670.311767578125,2673.503298834241,2632.961691102309,2648.14331355387,1939289
2021-05-06,2683.89697265625,2703.34835665176,2651.5931232761677,2678.764620798354,1791671
2021-05-07,2702.39990234375,2725.6468005693077,2684.1994350905716,2702.4862453182805,1912540
2021-05-10,2713.26904296875,2729.3993874671364,2695.5859988165134,2713.657165234048,2137153
2021-05-11,2693.515625,2698.25985592109,2666.387081531657,2695.585750619421,2415625
2021-05-12,2663.32470703125,2691.2724521045225,2648.6607225165776,2691.2724521045225,1978558
2021-05-14,2632.185546875,2672.7271561501516,2622.2657914140586,2672.7271561501516,2043935
2021-05-17,2647.927978515625,2652.6290382727884,2618.8156503863306,2635.204812888748,2890462
2021-05-18,2664.360107421875,2694.7231429706226,2655.0441210190706,2674.021044561117,2098538
2021-05-19,2658.49462890625,2689.5477783678416,2645.6421596161504,2660.2198038763386,1986041
2021-05-20,2639.51806640625,2664.3606315027264,2632.7037085764546,2645.642522627466,2329027
2021-05-21,2657.200927734375,2663.8428097007495,2635.291288366683,2640.3804706362353,1685566
2021-05-24,2658.0634765625,2678.334283539368,2649.8688950186597,2658.0634765625,1652260
2021-05-25,2699.236328125,2711.5883248095797,2671.585276336339,2680.1665788575788,1841613
2021-05-26,2737.80908203125,2743.44332582837,2690.394795786189,2704.43702261754,1923753
2021-05-27,2756.44580078125,2789.167759579833,2740.669958334037,2740.7998947132687,5959785
2021-05-28,2724.89404296875,2772.0482500019803,2718.0027593529935,2764.680391926616,1763701
2021-05-31,2738.372802734375,2748.0812088490416,2711.892022501999,2730.441604627184,1652799
2021-06-01,2733.042236328125,2747.7345713920113,2714.8392908911155,2746.56450901616,1377441
2021-06-02,2712.628173828125,2738.632374721119,2700.102859389212,2731.177964105431,2240078
2021-06-03,2722.8564453125,2734.3850163191473,2706.7337566418237,2734.3850163191473,1281706
2021-06-04,2725.02392578125,2736.379179711541,2708.7712979932903,2711.3717184393636,1836060
2021-06-07,2759.21923828125,2765.5035872962007,2716.2257499250245,2726.107262347712,2559821
2021-06-08,2773.911865234375,2800.652941291355,2762.686758815591,2772.048315150032,2574057
2021-06-09,2773.998779296875,2791.11821555689,2761.8201000379795,2775.5156913705473,1710925
2021-06-10,2788.343994140625,2794.5849604125315,2767.713951177796,2782.449665919425,1874324
2021-06-11,2837.7529296875,2868.264495168905,2783.317405254564,2783.794191451095,3452954
2021-06-14,2839.96240234375,2868.003473953107,2834.7615618028526,2842.2593556002153,1847360
2021-06-15,2828.17431640625,2858.7292607486975,2818.46612109576,2858.7292607486975,1304985
2021-06-16,2838.228271484375,2855.867658796671,2819.721865950558,2827.609890648871,1635552
2021-06-17,2875.8486328125,2891.711241629549,2825.79053363537,2830.5579716522398,2273413
2021-06-18,2858.1220703125,2910.737200128449,2838.792236575542,2904.5827872718105,3380431
2021-06-21,2837.14501953125,2848.326741017011,2818.595229667243,2830.1238007974866,1130569
2021-06-22,2861.502197265625,2883.909234808635,2847.4599712388554,2863.9292983175583,1708688
2021-06-23,2827.003662109375,2885.5998874590587,2822.6696280338883,2885.5998874590587,1467104
2021-06-24,2924.25927734375,2932.4071759799676,2841.8258724358034,2846.593309464444,4155204
2021-06-25,2930.5009765625,2946.840160583379,2903.8032801990967,2925.6901556692537,2722861
2021-06-28,2892.31787109375,2939.775548007628,2889.067345277731,2939.775548007628,1355238
2021-06-29,2895.871337890625,2917.9315267632273,2883.4325767119,2896.8680809773546,1497322
2021-06-30,2900.11865234375,2931.5403966902977,2893.8343034744407,2900.3353540288986,1693146
2021-07-01,2896.435546875,2914.2050901073617,2888.5043475935777,2910.737862159584,990310
2021-07-02,2882.522705078125,2894.874702296693,2856.3017987018657,2887.3335252667507,1682274
2021-07-05,2878.66552734375,2924.606290050531,2862.196197316791,2896.8684710577572,1972858
2021-07-06,2827.783935546875,2884.7331013836533,2822.409775579186,2871.730999063715,2159420
2021-07-07,2838.748779296875,2845.4665317412073,2809.8409005907183,2838.7921619597746,2640710
2021-07-08,2824.489990234375,2858.7288592275495,2801.4328444405023,2858.7288592275495,2485811
2021-07-09,2780.8466796875,2844.8604586920123,2774.649094537822,2817.1226358162826,6365067
2021-07-12,2767.801513671875,2804.9874492867843,2763.6841804258574,2804.120642287623,1892226
2021-07-13,2762.98974609375,2785.916741043818,2752.1112796559187,2785.916741043818,1809339
2021-07-14,2786.394287109375,2792.851956478102,2760.7800997463546,2762.5137136237463,2044279
2021-07-15,2782.397705078125,2807.503217958564,2774.6228962360215,2803.81124948361,2232968
2021-07-16,2775.318359375,2797.079301954626,2772.885960852065,2791.128631647144,1256526
2021-07-19,2766.457275390625,2779.66144992292,2758.9863835986816,2762.461177532685,1597058
2021-07-20,2784.873779296875,2792.865763325552,2741.74277019569,2766.4574129478538,1811945
2021-07-22,2794.03857421875,2801.509254252244,2771.1482833453642,2771.1482833453642,2859334
2021-07-23,2790.998046875,2815.9296512858455,2785.6119465337315,2805.896141243119,1776193
2021-07-26,2777.706787109375,2800.900993440184,2771.8865498779865,2779.8350559071373,1259611
2021-07-27,2765.023681640625,2788.5220170674083,2746.0860130641854,2779.835032590563,1121367
2021-07-28,2777.92431640625,2783.7010770355455,2721.1113029465578,2769.411028043648,1660654
2021-07-29,2776.18701171875,2801.943840221094,2771.4091694472813,2780.052678048742,1731997
2021-07-30,2751.55908203125,2800.2496764459347,2747.1288468343987,2796.340533109807,2999943
2021-08-02,2796.688232421875,2801.4660747977546,2751.168509892799,2762.461591872151,2608669
2021-08-03,2853.587158203125,2858.017604673373,2796.296543772557,2805.0270047083045,3804735
2021-08-04,2844.075439453125,2871.22226784343,2832.9995334698806,2866.7050780162026,2929598
2021-08-05,2852.762451171875,2879.735582529227,2834.128910407723,2844.9876418652243,2534521
2021-08-06,2875.21826171875,2887.553737675778,2836.30052753051,2842.859243449068,2292362
2021-08-09,2886.42431640625,2898.846746739973,2875.391888435514,2887.466712136198,1510489
2021-08-10,2896.1533203125,2910.0524937977098,2880.2563103064363,2880.2563103064363,2040777
2021-08-11,2905.101318359375,2918.8267963065427,2890.246702093207,2910.1398117937256,1929707
2021-08-12,2911.660400390625,2925.776751999888,2889.2914124559466,2889.2914124559466,1310205
2021-08-13,3008.64990234375,3023.070380371302,2916.654828188691,2919.478097940475,4363584
2021-08-16,3016.9462890625,3035.536563448586,2985.28227245685,3005.6966863671473,2083489
2021-08-17,3086.529541015625,3093.2619550301024,3008.303191243384,3024.8954190032327,4336019
2021-08-18,3093.04443359375,3122.9710539890493,3072.2391472921595,3104.5981658626997,2631309
2021-08-20,3092.132080078125,3105.596905823654,3040.4445231839973,3045.6567137951697,2836148
2021-08-23,3159.80322265625,3190.7289680571375,3094.2164987008146,3109.9400233173296,3744176
2021-08-24,3138.781982421875,3185.822142509206,3122.4504050589253,3176.831026468366,2511141
2021-08-25,3178.5673828125,3212.22944514756,3133.438544240862,3136.0011620533273,2123263
2021-08-26,3189.73095703125,3203.412959628608,3168.925456429799,3179.4367940527254,1902533
2021-08-27,3231.6884765625,3239.8108919607075,3171.7050178376517,3184.6485399994513,3944728
2021-08-30,3215.31396484375,3249.2366854199036,3203.4128372022465,3227.2150924852535,2033114
2021-08-31,3289.283447265625,3304.616103294764,3217.181470574093,3222.3501843175904,3207480
2021-09-01,3227.17138671875,3315.5614573561893,3220.2652761964287,3297.5794411765964,2643336
2021-09-02,3332.97900390625,3352.437765671095,3233.295850013439,3243.720232119877,3403717
2021-09-03,3337.5830078125,3350.4830528749976,3305.006815102271,3322.7716564433317,1746812
2021-09-06,3346.2265625,3368.4653285384056,3313.216020086968,3344.228513568609,1723693
2021-09-07,3314.866455078125,3361.8196504818197,3308.220996519753,3356.6509369270207,1585039
2021-09-08,3278.598388671875,3314.084807552508,3262.831595587738,3309.7413150131206,4147175
2021-09-09,3293.58349609375,3308.612022962336,3270.649939914643,3292.1067510211997,1441148
2021-09-13,3340.449951171875,3346.5741060930313,3272.38733704224,3272.38733704224,1691473
2021-09-14,3375.67529296875,3384.8835815661164,3322.771641085691,3344.445625451803,1991188
2021-09-15,3435.3115234375,3457.419856737662,3358.3882327004526,3372.374362683401,2461369
2021-09-16,3390.790771484375,3458.9401238604128,3381.0613910627826,3413.984978155691,2946666
2021-09-17,3325.247314453125,3427.015248990457,3305.3974708260303,3405.297788603952,6477148
2021-09-20,3321.46826171875,3362.7314348406644,3307.873216881882,3308.872135186797,2002008
2021-09-21,3355.73828125,3363.2091719662544,3319.8609966302524,3351.438266792722,1568129
2021-09-22,3355.0439453125,3385.187953993705,3346.6176119821243,3355.348074632068,1744067
2021-09-23,3361.2119140625,3369.6817250496706,3331.458988287055,3361.86343798459,2003869
2021-09-24,3362.99267578125,3426.494411341155,3348.832847265645,3379.237295943802,2320754
2021-09-27,3333.152587890625,3391.3988633473587,3303.573362252145,3387.9240694299947,1673362
2021-09-28,3282.94189453125,3344.489268897925,3258.7052908969717,3344.489268897925,2253075
2021-09-29,3294.017333984375,3306.266066094063,3233.4256213963404,3266.1322429687943,2489161
2021-09-30,3279.81396484375,3305.397087797573,3257.70563514911,3305.397087797573,2252412
2021-10-01,3240.4189453125,3309.7411246713523,3235.9017557482384,3285.200393235141,1578374
2021-10-04,3277.860107421875,3286.8510096871387,3220.6562261020495,3235.728229979652,1356860
2021-10-05,3329.982421875,3335.8026601411348,3250.3228018088666,3261.0945797317236,1877966
2021-10-06,3310.52294921875,3350.9609058383885,3296.7107282346856,3332.327365878328,1678154
2021-10-07,3381.75634765625,3387.055493405651,3318.4717883990315,3327.115296164053,1647233
2021-10-08,3418.89306640625,3466.019958648897,3387.9240506234883,3409.6415124864593,2934339
2021-10-11,3201.67529296875,3264.1346306074806,3179.436526420061,3261.9628843462647,11845402
2021-10-12,3173.2255859375,3220.2655276267183,3153.8970431833336,3219.396829075969,5752877
2021-10-13,3175.267333984375,3192.8584820397828,3166.406649973393,3170.7501433204075,3545655
2021-10-14,3143.28125,3194.2411894028182,3140.4525622982123,3155.0747443011487,6442299
2021-10-18,3174.352783203125,3179.1833532142864,3134.577130685672,3136.3178613209348,3590107
2021-10-19,3163.0380859375,3211.7351962506837,3155.2483587152783,3193.3704027509225,3135441
2021-10-20,3141.018310546875,3159.426454063598,3114.4286046403977,3143.7598766054316,2933693
2021-10-21,3074.565673828125,3139.7995159026163,3056.0704096897393,3136.883919403963,4871211
2021-10-22,3045.277587890625,3099.893008187751,3033.2229439917833,3098.5003387692245,2691670
2021-10-25,3040.142333984375,3058.942308854021,3002.7601880545794,3048.889547465273,2595594
2021-10-26,3031.13427734375,3071.5191422480484,3024.519416070266,3041.4915394122427,3878763
2021-10-27,3037.357421875,3056.070276540897,3031.482455875242,3031.482455875242,2510813
2021-10-28,2978.08544921875,3061.9452338402966,2972.297604765382,3061.9452338402966,2424942
2021-10-29,2957.283935546875,3012.334545192476,2947.0135816838533,2959.2858183959333,3960501
2021-11-01,3025.738037109375,3034.963994875041,2970.513397796722,2992.2725316859896,2020718
2021-11-02,3032.526611328125,3058.115477593055,3019.9498757574916,3041.056233416435,3087414
2021-11-03,3039.532958984375,3063.5984724746827,3016.7294325728367,3049.9337809315916,1537639
2021-11-04,3053.806884765625,3057.81064982747,3050.6301366669845,3057.549497759696,328991
2021-11-08,3048.672119140625,3088.056149799711,3029.9157040300906,3088.056149799711,2526082
2021-11-09,3051.239501953125,3076.7412470079594,3042.7970012842507,3053.2413845838532,1782692
2021-11-10,3032.613525390625,3063.424368641989,3029.044943054569,3044.537486197328,1516489
2021-11-11,3036.0087890625,3055.026359573033,2990.57575404018,3028.8718347089134,1284514
2021-11-12,3068.951904296875,3076.0017364113014,3033.832576061058,3051.5010358519503,1747259
2021-11-15,3092.66943359375,3106.856432182133,3070.6491463666757,3070.6491463666757,1809157
2021-11-16,3095.367919921875,3112.0355474995486,3082.8347411487352,3106.334610717063,2013204
2021-11-17,3065.33984375,3100.9814771812103,3051.8491799334315,3090.319500939084,1632914
2021-11-18,3025.128662109375,3064.425783307155,3004.152985656586,3059.4645310524397,2136598
2021-11-22,3010.0712890625,3060.16085491759,2994.317804519924,3027.4785951812783,3167936
2021-11-23,3015.1630859375,3029.6981444091452,2966.0310056960593,2998.408553382316,2153461
2021-11-24,2996.92919921875,3040.229877506103,2980.131104641125,3022.0826740714665,2161746
2021-11-25,2999.192138671875,3014.075472464091,2988.8784358610933,2997.4514078185894,1849619
2021-11-26,3000.0185546875,3037.574730325143,2969.5991191284234,2981.000988929402,1941251
2021-11-29,3048.01953125,3071.8241091591503,2964.8560774978537,3000.2799056225817,2981745
2021-11-30,3071.64990234375,3101.764629552227,3038.44554802296,3038.44554802296,5588446
2021-12-01,3113.9931640625,3124.611578739854,3076.7414849151487,3076.7414849151487,2102118
2021-12-02,3170.65380859375,3175.092756819471,3110.772843260999,3123.9152323855865,3152938
2021-12-03,3168.521728515625,3190.7160465699467,3160.166348037167,3173.743920998995,2486263
2021-12-06,3077.960205078125,3183.7967257927357,3065.4270279502502,3168.5217700801913,1849642
2021-12-07,3119.824462890625,3131.574394610258,3067.4285135724954,3100.6764260141867,1484458
2021-12-08,3156.728759765625,3173.7444489360605,3134.1863767925515,3134.1863767925515,1428660
2021-12-09,3134.83837890625,3163.5604352688256,3103.722817846793,3142.018892996894,1567957
2021-12-10,3165.344482421875,3169.8703393647284,3111.6429873202883,3120.259518567422,1510718
2021-12-13,3141.714599609375,3187.278316464804,3134.7952366964664,3176.833930938431,1883864
2021-12-14,3154.02978515625,3163.777833920644,3113.0354949388247,3137.6668751812713,1747007
2021-12-15,3107.508544921875,3153.333188709583,3096.88991925595,3150.722093052357,1603233
2021-12-16,3117.300537109375,3140.6697186213864,3107.2042143295057,3117.648598243218,2072320
2021-12-17,3119.6943359375,3178.0088182880068,3110.4248168450613,3135.491383100008,4333992
2021-12-20,3095.802490234375,3138.5375147693103,3055.112909309398,3123.741303523864,2312310
2021-12-21,3140.53955078125,3169.1744877679744,3104.071112614517,3118.2145505242247,2340989
2021-12-22,3160.078857421875,3165.344610059244,3138.754907271951,3154.203891564243,1224328
2021-12-23,3187.886962890625,3194.67585477382,3159.4260598907417,3175.092635394332,1792861
2021-12-24,3195.02392578125,3224.7034677959027,3172.307518725703,3207.296161626964,2209923
2021-12-27,3216.957275390625,3220.351615069357,3179.5315674317108,3195.1110213296242,1534135
2021-12-28,3226.052978515625,3242.111177959152,3214.999380219284,3229.055696705625,1456218
2021-12-29,3215.739013671875,3237.7157401092845,3207.296511756607,3213.6066609317045,1456923
2021-12-30,3249.72705078125,3255.1668349305323,3202.9449070974224,3204.1199854702945,1966475
2021-12-31,3253.730712890625,3272.574039584694,3247.5945940680917,3257.6037965827786,1207141
2022-01-03,3322.83740234375,3333.4993781616295,3259.5183214661365,3263.870148330577,2346158
2022-01-04,3381.15185546875,3384.9813780824193,3317.571622986017,3334.456838580845,2488606
2022-01-05,3360.437255859375,3368.314105244627,3318.180973100179,3363.9622782352676,1733031
2022-01-06,3313.8720703125,3337.8506750264423,3283.0176652411315,3317.8322746286303,1810293
2022-01-07,3353.952880859375,3363.874960866469,3304.2549343090877,3324.7956415940866,2460591
2022-01-10,3376.88720703125,3462.3134841433975,3360.480734609768,3462.3134841433975,3937092
2022-01-11,3408.26318359375,3416.18359233309,3356.128390327744,3356.128390327744,1906106
2022-01-12,3359.523193359375,3419.6655251847706,3339.200289545301,3416.1840637185605,3203744
2022-01-13,3392.597412109375,3414.4436699625035,3356.9995501007843,3410.091842700252,6684507
2022-01-14,3453.740478515625,3461.443297528625,3359.6541035054447,3375.1466505790668,3348123
2022-01-17,3498.129150390625,3518.887450996019,3448.6490029439037,3475.10802715091,3442604
2022-01-18,3473.2802734375,3517.755818179657,3464.0543151392512,3511.010486284599,2389041
2022-01-19,3413.162353515625,3498.0413840088618,3409.544075814221,3498.0413840088618,3102539
2022-01-20,3336.3486328125,3417.827148146218,3322.790627955417,3409.108201339722,6176776
2022-01-21,3342.407958984375,3358.145699133894,3288.001820929439,3319.302752016047,3112358
2022-01-24,3288.22021484375,3356.4894006591326,3260.9735050308036,3348.075701814863,3258414
2022-01-25,3286.9560546875,3321.3958985887766,3245.366716144262,3286.6073819205503,3330501
2022-01-27,3181.76220703125,3255.1320717987264,3160.7060320416385,3253.0396093535915,5718297
2022-01-28,3217.335205078125,3251.9930207471753,3178.928199480695,3178.928199480695,3143862
2022-01-31,3257.61669921875,3276.5804096792403,3244.668977275617,3268.7333570748997,2739393
2022-02-01,3313.766357421875,3320.1748683247147,3257.7471254655034,3287.0428712143316,2105169
2022-02-02,3362.200439453125,3369.00126096906,3313.7666442800282,3337.525775843539,1984212
2022-02-03,3334.648681640625,3385.1313015453898,3327.1939390990083,3357.6666174504307,1960538
2022-02-04,3326.191162109375,3334.7357731436837,3286.1712786456783,3326.5400477247117,2307366
2022-02-07,3294.890869140625,3340.9269630210083,3274.967985275436,3305.353608074123,1919149
2022-02-08,3263.89404296875,3312.9381179027605,3244.320050301402,3305.8322615249517,2946443
2022-02-09,3278.803466796875,3293.974348552429,3266.2046316844016,3269.604935671538,1638721
2022-02-10,3287.348388671875,3304.3066986400545,3276.580403583315,3304.3066986400545,2112459
2022-02-11,3221.607177734375,3271.7847587121223,3217.2913416782762,3271.7847587121223,3851488
2022-02-14,3255.43701171875,3307.3147491669633,3234.7295114768162,3246.9360379352192,5951745
2022-02-15,3328.7197265625,3343.7162732725105,3267.861432131778,3300.993431710489,3931683
2022-02-16,3324.622314453125,3360.3700030533696,3318.4317759153946,3351.5637799839137,3256906
2022-02-17,3299.423828125,3343.7161207459344,3294.8900183308697,3334.9971738861013,3134372
2022-02-18,3307.880859375,3327.1061780034065,3276.231255480429,3286.170768839318,3688883
2022-02-21,3242.9248046875,3337.438310386208,3230.8491917697265,3321.9185433848156,7465922
2022-02-22,3126.96337890625,3198.022804045737,3112.664389545629,3182.4159725046347,5408531
2022-02-23,3107.2587890625,3158.787644989509,3100.152718590323,3148.412181820984,2426203
2022-02-24,2965.880615234375,3037.5505321408286,2956.68229614939,3028.9622839273047,5039136
2022-02-25,3069.7236328125,3077.7886597537813,3018.499813050309,3023.731181877086,2549723
2022-02-28,3098.88818359375,3107.2148207758987,3013.180889703397,3042.912584919786,3288942
2022-03-02,3091.868896484375,3114.3638193433144,3056.862414053534,3097.4055122433483,2761341
2022-03-03,3090.34375,3120.1627215451904,3077.8758250310893,3106.4303788627763,1928039
2022-03-04,3072.8623046875,3104.9914980604067,3040.3405883905943,3052.939424780361,2370257
2022-03-07,3038.465576171875,3093.4822136519515,2991.9501243817053,3008.036538077574,3054130
2022-03-08,3138.777099609375,3146.6677887571,3016.7554860347927,3016.7554860347927,3300992
2022-03-09,3167.244873046875,3185.9033350740265,3136.2489729035888,3143.180493415946,2719654
2022-03-10,3157.087646484375,3212.060659906195,3151.8999146473657,3212.060659906195,2005441
2022-03-11,3138.079345703125,3173.5656260031114,3132.5865800478423,3141.6541986877323,1623423
2022-03-14,3176.312255859375,3180.9769774502593,3121.382892115444,3121.382892115444,1765688
2022-03-15,3133.50244140625,3190.262874496947,3126.091336067845,3190.262874496947,3651133
2022-03-16,3187.559814453125,3198.109825687102,3152.9892740297114,3174.1327209416286,3090475
2022-03-17,3202.251953125,3234.7300377356887,3191.3969043314673,3223.0467313707145,3600452
2022-03-21,3162.1005859375,3238.173401399915,3151.89946013329,3222.52293351387,2413831
2022-03-22,3226.83935546875,3235.6019416995387,3160.618981045763,3173.6974044156077,2907611
2022-03-23,3236.82177734375,3251.9928727405686,3217.291421341195,3232.9855258355424,1596195
2022-03-24,3269.474609375,3276.7548028095052,3221.6510972508927,3226.010570995481,1879046
2022-03-25,3232.505615234375,3295.3256641850585,3201.596994017075,3278.2364447573104,1690133
2022-03-28,3232.72412109375,3237.3452058404378,3192.181015230141,3221.651100344847,1760990
2022-03-29,3230.67578125,3245.192745867231,3218.164004566349,3221.433610368875,2689063
2022-03-30,3253.518798828125,3259.142477223061,3231.416182436141,3259.142477223061,1583455
2022-03-31,3260.842529296875,3273.6593387691028,3243.6226090320506,3260.886166604706,2168110
2022-04-01,3277.23486328125,3280.94041650212,3250.467733176428,3267.8619933696373,1387014
2022-04-04,3287.348388671875,3295.7620876915726,3258.3578888264396,3280.067982512089,1472994
2022-04-05,3326.104248046875,3344.239702036937,3288.7871089041378,3288.7871089041378,2314947
2022-04-06,3274.269775390625,3321.308450856893,3253.1697538188087,3321.308450856893,2051729
2022-04-07,3212.19091796875,3265.681745359496,3207.7007452082726,3265.681745359496,2494829
2022-04-08,3213.498291015625,3230.369536900863,3175.876123660295,3217.2911177231267,2296773
2022-04-11,3222.871826171875,3236.778718405586,3187.734636322579,3217.2917846452956,2291660
2022-04-12,3218.25048828125,3260.014157655668,3180.9769912928095,3211.1880563374766,4483476
2022-04-13,3192.83447265625,3234.598352823879,3187.254432214075,3232.1133680019534,1621672
2022-04-18,3076.088134765625,3147.5398627614222,3071.249076614158,3147.5398627614222,3820792
2022-04-19,3027.130859375,3107.040129369162,2998.5763104441376,3095.225914643108,3170014
2022-04-20,3101.1552734375,3111.9230458257116,3034.1937144086005,3051.631609318995,2640370
2022-04-21,3163.800537109375,3177.184205558116,3110.3969880999252,3121.3829461849764,2280996
2022-04-22,3149.763427734375,3153.64331680634,3113.9721056051544,3122.342380367201,1581465
2022-04-25,3093.6572265625,3124.8711043857725,3080.491742206631,3102.201838561545,1960694
2022-04-26,3092.000244140625,3128.270936257901,3067.4562804026878,3117.1542787359804,1943469
2022-04-27,3104.99169921875,3111.312936478098,3057.1247601525597,3091.738940916967,1727648
2022-04-28,3125.13232421875,3142.65728057788,3084.8071929445496,3128.358292147701,1703660
2022-04-29,3092.349365234375,3159.0929573513504,3083.7613288382795,3136.20571795841,2051115
2022-05-02,3088.60009765625,3093.4391564370508,3045.310605375588,3068.9824643813376,1324161
2022-05-04,3033.975830078125,3091.259273972882,3021.376993207293,3085.199647886039,2305825
2022-05-05,3063.31494140625,3080.4041637186206,3038.8584638656703,3062.18164851879,1612262
2022-05-06,2992.865478515625,3029.3977769803973,2985.8030471346583,3015.883410728218,2010812
2022-05-09,3003.76416015625,3013.2677261140675,2918.1005160327813,2962.697839506829,2481830
2022-05-10,2998.22802734375,3020.9409278192593,2983.6237904966374,2994.08652734233,1622685
2022-05-11,2974.905029296875,3006.685551881528,2948.8788846185103,2994.958609506086,1841769
2022-05-12,2971.983642578125,3007.7749608828694,2920.9343806143934,2945.2601564408105,2807195
2022-05-13,2977.43359375,2999.230964675181,2948.8790378380136,2994.958765119826,2187823
2022-05-16,2944.214111328125,2990.5988675166236,2935.32082782278,2977.520446813198,1195813
2022-05-17,3009.43212890625,3022.8592234664716,2921.1962062592934,2938.285429213155,1754076
2022-05-18,3006.990966796875,3047.2724658323123,3001.977571466822,3021.1156206320347,1866781
2022-05-19,2844.076904296875,2968.8014850294667,2816.2199109090097,2961.826327355389,4642963
2022-05-20,2871.149169921875,2889.3716835160767,2851.139229667737,2885.9713794234453,3065125
2022-05-23,2896.21630859375,2911.1692180116047,2848.4800723039907,2881.437735548261,2293690
2022-05-24,2866.789794921875,2898.9192000018056,2855.9783857074317,2890.4616510569685,1711510
2022-05-25,2780.461181640625,2890.357885421766,2768.523667729061,2890.357885421766,3548046
2022-05-26,2832.512451171875,2845.2840141320803,2791.784115402644,2800.956745054903,2813186
2022-05-27,2862.66455078125,2878.113137542295,2834.488114923966,2855.554544933507,3103153
2022-05-30,2962.685791015625,2972.648541346063,2884.6523186812783,2894.0004601077003,2094624
2022-05-31,2953.118408203125,2969.839714625581,2918.5781569271903,2944.165004523289,4840965
2022-06-01,2945.0869140625,2973.8777450085313,2931.7888156507142,2973.8777450085313,1493835
2022-06-02,3004.599609375,3012.4995207055213,2937.274852340207,2944.911390433282,2657939
2022-06-03,3019.65283203125,3052.2620346027693,3011.796853027463,3036.5498622964137,1913622
2022-06-06,3011.577392578125,3030.9322154409138,2964.3534420465703,3000.2103424202264,1084210
2022-06-07,2951.66943359375,3000.956219056718,2945.7884328004134,2985.33191096936,2308256
2022-06-08,2988.0537109375,2996.6558797926627,2937.450473837152,2966.9872799283585,2185707
2022-06-09,3008.198486328125,3016.888302906763,2943.243661069149,2971.2443716436987,1279197
2022-06-10,2949.2119140625,2978.2661136522997,2942.27763423593,2968.610667955225,1527582
2022-06-13,2826.0615234375,2890.4895994549984,2802.2299971584944,2887.8562958417688,3030921
2022-06-14,2818.117431640625,2843.002020001427,2786.6493705312914,2800.0792606285445,2611493
2022-06-15,2814.38720703125,2838.70133453844,2809.734994390088,2825.095932347547,1404536
2022-06-16,2757.946533203125,2848.225040609445,2750.090553952072,2843.967780896921,2032028
2022-06-17,2711.3369140625,2737.5383690213844,2654.2382892194128,2714.0580800045273,5240434
2022-06-20,2731.96484375,2755.0941146293767,2693.869800970946,2715.813999414828,1502769
2022-06-21,2819.346435546875,2841.9928891984864,2743.375584391192,2747.4134022673966,2964461
2022-06-22,2829.00146484375,2853.2279399309514,2793.934686861493,2808.7688757910482,3336315
2022-06-23,2904.3583984375,2912.433820057707,2829.0019403695915,2829.0019403695915,3692578
2022-06-24,2890.57763671875,2936.1337062623097,2876.884371382577,2930.8670987174446,2132118
2022-06-27,2909.537353515625,2951.8457254461277,2902.339699253392,2940.522604717636,2037686
2022-06-28,2912.565185546875,2922.966819859582,2872.5830330686026,2902.778160142834,1400046
2022-06-29,2888.294921875,2925.600053064694,2871.178449917376,2871.178449917376,2133994
2022-06-30,2867.755615234375,2906.2016781293732,2857.1345378380965,2872.0565922599853,2719603
2022-07-01,2909.887939453125,2925.599896381452,2854.54464022768,2861.5228509461544,1502879
2022-07-04,2839.622802734375,2912.3896686210524,2830.8451246154136,2907.166993000027,2622535
2022-07-05,2823.164794921875,2872.0564215860604,2814.9575797580337,2857.134368050925,2170627
2022-07-06,2862.181884765625,2868.9845864774807,2810.8324589406493,2825.0961883364757,2182144
2022-07-07,2885.96923828125,2913.66264372781,2865.956087561214,2871.1787636386753,1989921
2022-07-08,2866.306884765625,2901.022644904037,2852.745414807298,2896.6338058043334,2136916
2022-07-11,2733.193359375,2830.8010937637823,2726.3467278233516,2814.255085372196,6974600
2022-07-12,2707.65087890625,2752.855930441553,2703.7448542061684,2734.159429373983,3734815
2022-07-13,2667.31689453125,2729.8578501002676,2664.0252652907757,2724.591243315508,3863530
2022-07-14,2639.154541015625,2690.419485413844,2611.2118460002866,2689.539400531471,4764908
2022-07-15,2635.502197265625,2665.688935952516,2598.8905812888142,2656.580186606266,4574806
2022-07-18,2696.139892578125,2707.976990638422,2652.839761660094,2660.4964567532797,3202795
2022-07-19,2705.6005859375,2709.736941355733,2666.7008823385627,2666.7008823385627,1865074
2022-07-20,2785.29296875,2791.5854903684417,2726.5472967341943,2735.1281252308854,3402251
2022-07-21,2796.29345703125,2802.189982174116,2767.03063765082,2787.228540686377,2420640
2022-07-22,2790.748291015625,2813.6304908158163,2766.5459643038844,2803.0694755234204,2075886
2022-07-25,2787.00830078125,2804.3459268777215,2771.474891342548,2785.4681525136675,1797504
2022-07-26,2742.256103515625,2788.9005972546584,2725.1825445833438,2785.204284119927,2639367
2022-07-27,2806.45849609375,2811.078941286618,2737.063723775086,2741.4641477682935,1389808
2022-07-28,2869.5166015625,2872.5968984818282,2817.7235231303016,2830.3528264453307,2106333
2022-07-29,2905.952392578125,2919.505829643421,2882.2781935145945,2895.4794676833635,2430257
2022-08-01,2903.223876953125,2928.0422261586746,2878.7574757334005,2928.0422261586746,1306913
2022-08-02,2897.063232421875,2915.632893070421,2879.329394508913,2895.4790367844817,1269114
2022-08-03,2939.04345703125,2947.4042633920217,2884.082199243072,2886.6784066664172,2895824
2022-08-04,2952.640869140625,2981.6396243775794,2910.748955728847,2948.284491745122,2150567
2022-08-05,2961.52978515625,2972.0467569139196,2952.684888790702,2958.141372288894,1106933
2022-08-08,2969.80224609375,2973.718580659818,2935.96302696034,2961.4854873266017,1068836
2022-08-10,2952.024658203125,2979.0872677998295,2935.0830245531556,2979.0872677998295,1878359
2022-08-11,3012.090087890625,3017.5465704239223,2970.3301090460086,2992.2881808117236,1449248
2022-08-12,2993.652587890625,3009.0100251572753,2975.7868229198702,3009.0100251572753,1472354
2022-08-16,2985.86376953125,3005.3577774981677,2981.2873713731783,3001.969364945804,839942
2022-08-17,2993.2568359375,3008.086137566978,2966.8542889674754,2979.175477553487,1622326
2022-08-18,2975.786376953125,2985.247287430684,2958.844746563078,2983.4871180395103,1430659
2022-08-19,2979.747314453125,3011.2103481950435,2966.986083984375,2980.847420528017,1398410
2022-08-22,2952.2890625,2978.2956161902903,2945.996326081157,2961.4859074119317,1536532
2022-08-23,2890.7265625,2941.155248644901,2877.877238729922,2921.8374306422184,1849256
2022-08-24,2864.984375,2911.3207575810075,2860.451808988953,2897.2393996241462,1691923
2022-08-25,2832.2890625,2885.0501070521514,2829.252812696223,2883.158010542912,1946930
2022-08-26,2835.8095703125,2866.436568329258,2831.0571977170034,2846.4586837304396,1457962
2022-08-29,2756.909423828125,2765.8421977619005,2711.5410136837368,2750.2647412404017,2539173
2022-08-30,2826.084228515625,2839.5936161841482,2765.314544774919,2776.6675527850575,3431525
2022-09-01,2756.16162109375,2807.4706096920486,2746.7447563789606,2807.4706096920486,3546935
2022-09-02,2755.017333984375,2783.708184014529,2746.1286065456165,2783.708184014529,2052900
2022-09-05,2757.65771484375,2770.462992067452,2739.0440066723772,2749.076887768465,2147912
2022-09-06,2752.0693359375,2764.214549676102,2733.8516227618284,2759.506009846509,1936453
2022-09-07,2771.91552734375,2782.7403998797736,2730.0233995480266,2730.0233995480266,1291534
2022-09-08,2789.560546875,2801.7498066300514,2781.1559093890387,2789.868662483827,1346113
2022-09-09,2831.804443359375,2845.7538717723155,2788.548366386449,2811.8706108899173,1561185
2022-09-12,2854.071044921875,2877.7014084575,2838.2735652602178,2851.386743228349,1785928
2022-09-13,2842.1025390625,2872.1133082041783,2838.2740834227816,2872.1133082041783,1972678
2022-09-14,2746.216796875,2764.698579511597,2740.4083655364684,2759.066122177662,5090269
2022-09-15,2732.091796875,2761.486548220436,2728.263341401753,2754.6658898669316,2138023
2022-09-16,2647.911376953125,2723.290777024356,2640.254681350105,2707.141133277641,5322221
2022-09-19,2665.601318359375,2677.2183966341995,2629.517835695995,2671.937886976144,2072220
2022-09-20,2675.721923828125,2710.61720102937,2666.6570072003938,2684.258703617558,1544295
2022-09-21,2641.31005859375,2676.689419220419,2638.6257573875664,2664.896370633003,2253818
2022-09-22,2646.767333984375,2666.6132921396306,2622.0370763565347,2631.4539421397903,2017983
2022-09-23,2624.457763671875,2660.057162291926,2621.773461196906,2643.7755882630095,2652374
2022-09-26,2635.325927734375,2663.0047675160854,2575.216305765953,2604.9191687641182,2925489
2022-09-27,2655.611572265625,2662.256254816649,2619.132103912181,2648.5268473584333,2227447
2022-09-28,2671.6298828125,2684.215140995731,2622.653239635574,2622.653239635574,2739767
2022-09-29,2637.87841796875,2689.407429965768,2631.453755459116,2687.779187014094,2493902
2022-09-30,2644.2587890625,2657.5919876362846,2596.338215395767,2632.2016704566418,2817353
2022-10-03,2627.009521484375,2658.472558362496,2617.3726342806176,2635.854418181052,1763331
2022-10-04,2720.47412109375,2726.502788091317,2660.496426210475,2666.612972771875,2145875
2022-10-06,2729.978759765625,2749.3846708538535,2721.617954908675,2737.943569470659,1790816
2022-10-07,2697.3720703125,2732.663560045022,2691.387665003336,2725.9748289925205,1939879
2022-10-10,2744.588623046875,2752.0252969781927,2644.6549464085288,2649.055370612203,3064063
2022-10-11,2701.46435546875,2767.8667110161023,2687.2070246042927,2728.2628948012457,4730645
2022-10-12,2728.92333984375,2736.9760309872313,2694.8640961111873,2714.97390779249,1665247
2022-10-13,2731.167236328125,2737.063761587593,2686.326958190763,2728.922977087694,2054781
2022-10-14,2727.5146484375,2772.2670452567086,2702.740347931223,2767.866621375349,2245977
2022-10-17,2745.69140625,2760.3826551550005,2710.132155751458,2711.190947627584,1517005
2022-10-18,2774.76513671875,2784.162426006963,2760.515069405285,2779.4417007596876,1793722
2022-10-19,2754.603515625,2787.3831970318834,2745.9121586461606,2787.3831970318834,1194289
2022-10-20,2785.88330078125,2788.2656365638254,2739.735696686924,2739.735696686924,1587601
2022-10-21,2768.32421875,2788.6185576972553,2759.1477342638077,2786.324544285981,1021913
2022-10-24,2789.765380859375,2804.147932217598,2783.853595389088,2797.17735486645,260949
2022-10-25,2790.1181640625,2809.662404583954,2780.4561236786158,2806.3535456635836,2069643
2022-10-27,2785.971435546875,2800.618740078452,2765.6331510594896,2788.8832750526153,2438421
2022-10-28,2791.133056640625,2804.58908417995,2775.0299417165147,2779.4417540244904,1355739
2022-10-31,2817.515869140625,2822.677776187459,2803.9717333524763,2822.677776187459,1919414
2022-11-01,2876.23681640625,2878.7957967468583,2826.603928917729,2836.354077010689,2991060
2022-11-02,2860.354248046875,2885.3251479156916,2843.0159124546703,2885.3251479156916,1405955
2022-11-03,2829.516357421875,2848.3107244829384,2819.1485965425713,2848.3107244829384,1422652
2022-11-04,2838.9130859375,2841.2514758680345,2793.692006783395,2838.560227097683,1464013
2022-11-07,2853.295166015625,2861.3247497880584,2819.2361076279935,2849.148105941495,1474498
2022-11-09,2837.7216796875,2867.5014111081446,2825.0155316957184,2867.5014111081446,1162267
2022-11-10,2828.54541015625,2845.6192115940316,2797.0892715513423,2797.0892715513423,1573092
2022-11-11,2925.869873046875,2948.502600302408,2872.1340832542387,2884.972500644262,3265394
2022-11-14,2943.1201171875,2955.032010931176,2919.737510949914,2932.972948442887,1342074
2022-11-15,2940.56103515625,2947.0462695764713,2904.7370353683755,2930.3255450967117,1400708
2022-11-16,2960.63525390625,2971.7087315184385,2930.723034354456,2946.120217692935,1748235
2022-11-17,2955.031982421875,2964.7379698230816,2927.4581545775386,2947.090720002706,1417986
2022-11-18,2950.135009765625,2967.164649978448,2930.3260137026023,2955.9145275229503,1164540
2022-11-21,2897.23779296875,2941.5323553991875,2887.972985042399,2931.649936695195,1304194
2022-11-22,2924.98779296875,2928.517243290538,2872.310790000173,2894.1492638662367,1149739
2022-11-23,2919.120361328125,2938.267587507952,2903.8554445911927,2938.267587507952,1150011
2022-11-24,2982.517333984375,2993.811616370863,2919.1197215276015,2926.134459885213,1296591
2022-11-25,2990.899658203125,3002.988195561847,2954.149349978673,2985.0320343422495,1588981
2022-11-28,2995.841796875,3015.0331845731166,2969.6356691713404,2970.032689280981,2195437
2022-11-29,2997.6943359375,3025.6210229911208,2985.0323478503824,2985.0323478503824,1576028
2022-11-30,2991.91455078125,3013.1793559501702,2977.973181396093,2985.0320807890316,3410702
2022-12-01,3066.782958984375,3070.621321804839,3017.6795748771697,3022.091387121142,2180856
2022-12-02,3034.5771484375,3060.827434912216,3011.503453385087,3051.298091486406,2411749
2022-12-05,3022.8857421875,3034.577045852439,3006.2091763355406,3029.150602395043,1475065
2022-12-06,2987.10595703125,3007.047220155349,2971.7968815829117,3000.07664261676,1166999
2022-12-07,2982.9150390625,2994.473859666086,2959.4441081486752,2972.061936190009,1167505
2022-12-08,2956.400146484375,2982.915186541277,2946.605835144837,2964.7384302352993,1285619
2022-12-09,2905.399169921875,2977.1794466521255,2890.928510850785,2977.1794466521255,1797896
2022-12-12,2899.840087890625,2908.266692538365,2855.4132669095334,2872.531012608813,1527610
2022-12-13,2940.119873046875,2943.9580202787447,2883.3839269897835,2891.67804747704,1378016
2022-12-14,2969.458984375,2979.73842222779,2947.88504703309,2954.8558406430157,1213311
2022-12-15,2916.29638671875,2968.929223708033,2910.86972808808,2963.679209913898,1415694
2022-12-16,2859.074951171875,2904.7372083196706,2845.795353110489,2889.7370465513122,2703680
2022-12-19,2825.368896484375,2863.7075041646976,2818.7070165010405,2847.383797855332,2120965
2022-12-20,2862.33984375,2866.7958175446647,2791.4860905554474,2822.5893692776544,1529971
2022-12-21,2884.046142578125,2896.840399494086,2858.8546488077627,2866.7959117211176,1432566
2022-12-22,2876.23681640625,2906.5018913277986,2863.3544539726518,2906.5018913277986,1384101
2022-12-23,2848.57470703125,2882.5456590355952,2838.559807739689,2838.559807739689,1360281
2022-12-26,2870.237060546875,2887.09027146601,2845.6633927147495,2848.575232221792,870157
2022-12-27,2876.061279296875,2888.6791092482863,2851.3551231930824,2884.620154577286,835883
2022-12-28,2873.94287109375,2881.884133279231,2846.5013122623786,2867.501582014755,910795
2022-12-29,2884.22216796875,2886.6486646301387,2848.2658992590823,2851.0013089364893,1037927
2022-12-30,2873.58984375,2910.9138197149614,2864.325037715745,2899.487268690152,1163131
2023-01-02,2877.781494140625,2882.5463814916634,2854.619475605265,2877.3844740498453,709547
2023-01-03,2921.8115234375,2929.4438738683607,2863.5314297904347,2869.443216210816,1245178
2023-01-04,2924.72314453125,2935.929322035629,2899.6199713139727,2917.708404852759,1231668
2023-01-05,2921.590576171875,2944.70843071638,2895.869579901462,2938.443570763314,1826057
2023-01-06,2833.75146484375,2913.1640936237372,2823.560134399543,2911.7963885995287,2488376
2023-01-09,2929.399658203125,2935.6203575905165,2842.2221906134705,2849.148823161941,2885060
2023-01-10,2899.795654296875,2910.031144125433,2850.11882438517,2898.5604331267577,3864655
2023-01-11,2937.1201171875,2955.473300937228,2886.3401103867363,2903.061052704587,2720512
2023-01-12,2942.105224609375,2955.914110329725,2925.516768010586,2937.3844994888523,2250391
2023-01-13,2977.576416015625,2981.502886054615,2916.208061086269,2949.6495136518442,1742837
2023-01-16,3008.709716796875,3025.8105105428135,2976.2226370534986,2993.323430799437,1843607
2023-01-17,3048.732666015625,3051.8010232130546,2996.933896669197,3005.0556687468916,1688475
2023-01-18,3059.20068359375,3076.3014811096996,3043.1827449112166,3050.176492786689,2421189
2023-01-19,3043.949951171875,3056.4934885219677,3033.0305919463635,3050.1765548285357,1585044
2023-01-20,3034.9248046875,3063.3959420455194,3028.1566635753697,3036.639312309069,1529349
2023-01-23,3081.670166015625,3085.370171575479,3028.156902323591,3057.395186106383,1067916
2023-01-24,3100.982421875,3115.1051909529156,3083.8364610513177,3090.7850432164355,1387863
2023-01-25,3095.0712890625,3099.8089883897333,3072.7364208055433,3091.055568934269,874110
2023-01-27,3078.1962890625,3109.7357881786565,3052.251743528508,3091.6874086767493,1785879
2023-01-30,3098.59130859375,3120.9713467272463,3055.185081317517,3086.273375790925,1953798
2023-01-31,3030.9541015625,3112.442566547711,3024.005520586077,3112.442566547711,2820375
2023-02-01,3075.760009765625,3085.3706843730665,3027.6158660636556,3034.835218352332,2205161
2023-02-02,3122.730712890625,3130.49160464965,3086.3634023563964,3092.5900055158118,1813847
2023-02-03,3142.493896484375,3162.076345772332,3115.9626442696253,3162.076345772332,1804469
2023-02-06,3122.323974609375,3134.2358590554663,3101.4782319079895,3134.2358590554663,1138714
2023-02-07,3133.69482421875,3152.149246830875,3123.6327212004912,3130.4008630130397,1455647
2023-02-08,3176.605224609375,3194.4729446376878,3138.658461421749,3138.658461421749,1986946
2023-02-09,3195.33056640625,3201.421894965321,3163.249525265047,3172.0029459457633,1655427
2023-02-10,3192.351806640625,3196.683461129444,3165.820560594796,3176.51431195934,1187821
2023-02-13,3142.583251953125,3202.6844342820445,3134.461482466357,3202.6844342820445,1087939
2023-02-14,3158.556396484375,3180.891263668698,3153.9539720892467,3162.9781608505896,1579818
2023-02-15,3177.101318359375,3181.929348066534,3122.504969647513,3146.7350075745903,1429449
2023-02-16,3210.851806640625,3226.147763863208,3182.831654026723,3183.012093754283,1618931
2023-02-17,3159.504638671875,3193.5709607193885,3149.4427535317286,3182.0651168490363,1061369
2023-02-20,3147.00537109375,3178.3192618360385,3135.950739930351,3160.2708844264075,1296082
2023-02-21,3114.248046875,3166.498020154709,3108.607927983963,3153.0520648453344,1139541
2023-02-22,3069.623046875,3110.6379417299486,3063.7121590290617,3081.7153719826138,1218430
2023-02-23,3080.67822265625,3115.5114660865815,3075.444148059151,3087.175595807029,1441570
2023-02-24,3068.63037109375,3098.861404900383,3052.2515558298396,3088.5287523343754,977592
2023-02-27,3006.724853515625,3059.2004305919913,2992.4214241424907,3059.2004305919913,1128022
2023-02-28,2989.578857421875,3061.0052327901076,2977.892355176233,3003.701626574845,4116217
2023-03-01,3055.31982421875,3058.297850845702,2991.5188479060203,2998.738199575175,1669307
2023-03-02,2997.33935546875,3041.0615092127086,2994.22605417747,3033.0300687433623,1556538
2023-03-03,3016.019287109375,3030.322715031711,3006.047734357381,3026.7130393735433,1043190
2023-03-06,3042.82177734375,3072.691715860364,3031.2256043654165,3033.842531496865,1334132
2023-03-08,3059.560791015625,3064.614424719153,3005.8219245743644,3035.7370214238013,1844590
2023-03-09,3011.237060546875,3054.6884491786423,3005.82254630904,3054.6884491786423,1648500
2023-03-10,3005.957763671875,3011.5978825619827,2968.9585837527675,2989.623891239265,1024404
2023-03-13,2961.694091796875,3040.97169171865,2952.7150665107374,3007.762627347276,1901233
2023-03-14,2901.23193359375,2981.9532694589166,2896.2234640568317,2959.9343338825,2670334
2023-03-15,2886.748291015625,2942.2021194305016,2880.5216875247183,2932.8619938769843,1780522
2023-03-16,2874.20458984375,2905.608815924938,2862.4731425382656,2894.960227384223,1901060
2023-03-17,2869.060791015625,2907.0524989935184,2837.2053560273353,2843.0710795687405,6739966
2023-03-20,2836.573486328125,2860.3520931076205,2793.031772654829,2860.3520931076205,2289468
2023-03-21,2803.003662109375,2848.7110949967246,2795.197605797223,2836.5736038648693,1815297
2023-03-22,2825.29345703125,2836.7541342993322,2803.003751733395,2824.616642779389,1123939
2023-03-23,2819.74365234375,2839.3263223706044,2798.4015295151034,2810.9450664318592,1372218
2023-03-24,2815.99853515625,2860.668276380488,2802.9134594440998,2841.6271470449155,1329577
2023-03-27,2817.622802734375,2845.1014163917093,2802.9133294148437,2829.083479625092,1524217
2023-03-28,2811.846923828125,2842.213451587019,2806.6580152242736,2821.8638616076223,1303530
2023-03-29,2832.602783203125,2842.6197217781473,2801.1987796733742,2823.6689236329594,1740616
2023-03-31,2893.064697265625,2899.47195965751,2844.4244061128143,2878.6711597054764,2382581
2023-04-03,2887.74072265625,2910.256032039784,2864.0522245407105,2910.256032039784,1521830
2023-04-05,2923.65673828125,2945.811165900153,2874.6553489199614,2874.6553489199614,2655065
2023-04-06,2906.420166015625,2939.493947008746,2901.2764229528125,2910.3006108935674,1703464
2023-04-10,2944.953857421875,2952.7147483714607,2901.276869197508,2905.78896386189,2203187
2023-04-11,2900.1943359375,2953.572333679193,2880.6568316583844,2945.4957273871946,2348779
2023-04-12,2925.326416015625,2942.7431464979895,2886.8383344135827,2912.963319978562,2417727
2023-04-13,2877.678955078125,2914.813409301973,2869.6924586935834,2896.765029058617,4174070
2023-04-17,2833.143798828125,2854.711519840322,2770.6512974524767,2828.2708254758486,5505048
2023-04-18,2825.248046875,2848.8012689229336,2807.064393679631,2847.08654077672,2617302
2023-04-19,2788.114013671875,2833.59584613262,2771.7801405720834,2825.248469834299,3298034
2023-04-20,2801.83056640625,2809.230358172251,2777.6456930466393,2788.4747210897062,2419999
2023-04-21,2852.4111328125,2855.6597089636048,2798.2208287767953,2806.523039363576,1929184
2023-04-24,2864.99951171875,2870.5492997183014,2821.096700902608,2843.612228270697,1640676
2023-04-25,2866.08251953125,2879.799243193542,2840.363580045532,2872.399452036514,2024090
2023-04-26,2886.0712890625,2895.3210839802464,2870.5948910586885,2870.5948910586885,2000029
2023-04-27,2876.866455078125,2887.018668292053,2861.254563139059,2874.20436323212,2434446
2023-04-28,2905.11279296875,2912.3321460304105,2884.3571529164765,2888.1021041903446,2931312
2023-05-02,2905.247802734375,2919.325628047492,2896.765151787465,2919.325628047492,2321159
2023-05-03,2869.602294921875,2902.1797112754293,2863.5109662368286,2902.1797112754293,2468285
2023-05-04,2906.420166015625,2909.8042364934086,2867.886927572018,2869.827039852445,1953253
2023-05-05,2915.4453125,2927.4475304707257,2896.8104464023822,2905.789472292151,1710027
2023-05-08,2933.40283203125,2937.2381121830967,2915.9861039841476,2928.349198292563,928235
2023-05-09,2962.866943359375,2976.177622538405,2929.2518383140277,2935.2078913616624,1107375
2023-05-10,2966.070556640625,2983.848165339088,2947.345364010718,2968.9582531273554,1559987
2023-05-11,2961.874755859375,2986.7364460851772,2952.7152901369464,2986.104796779693,1719623
2023-05-12,2954.79052734375,2968.9584613481547,2941.8858917917887,2959.1671272317485,1027479
2023-05-15,2937.418701171875,2970.7630356526083,2931.372538570999,2963.5436844116543,1150390
2023-05-16,2940.21630859375,2964.446346309158,2933.2677265181874,2938.456635647952,986306
2023-05-17,2895.591552734375,2959.9340659758723,2886.161319057114,2938.2308468250335,1588815
2023-05-18,2887.60546875,2913.865728945654,2883.228648558824,2911.1584719986504,1369364
2023-05-19,2908.36083984375,2918.873931901369,2890.492901561237,2896.7646688524947,1152449
2023-05-22,2976.809326171875,2985.6079108748772,2903.126907529479,2914.813188789529,1333243
2023-05-23,2975.320556640625,3003.2052151323046,2969.048788762343,2983.397162487744,1687418
2023-05-24,2981.005615234375,2993.5039850346407,2956.324369747154,2956.324369747154,1016555
2023-05-25,2972.1171875,2983.3974258008197,2948.2934123355303,2972.568397032033,1374917
2023-05-26,3004.06201171875,3012.860595477197,2969.8604255435243,2972.116472661075,1791115
2023-05-29,2996.3466796875,3042.9565276981425,2988.811393753336,3032.849480091868,1210372
2023-05-30,2992.601806640625,3002.3028107703726,2979.201016847023,2991.518947917476,1344224
2023-05-31,2968.50732421875,3002.9796862307608,2946.5333332663195,2986.1044948593535,5815424
2023-06-01,2999.640625,3014.0793283694343,2975.7265225443743,2990.6164353941035,1177314
2023-06-02,2983.036376953125,3010.379496788302,2975.6815298082374,3001.671241441304,2030661
2023-06-05,2967.9658203125,3002.3480730267693,2964.491639283323,2991.5190448102617,1861468
2023-06-06,2916.888916015625,2967.920753448757,2906.330658002561,2959.9342573409676,2022849
2023-06-07,2955.331787109375,2958.8965182829807,2924.739872252775,2935.568899857537,1567196
2023-06-08,2920.633544921875,2950.9097424591514,2917.52024384417,2942.7879725257776,1759366
2023-06-09,2896.13330078125,2932.8617095107734,2892.5687898438873,2928.3496145730646,1775689
2023-06-12,2930.064453125,2936.8325962952204,2897.667695943742,2901.277372301193,2324605
2023-06-13,2927.17626953125,2946.3978370029945,2922.9349445796934,2941.885742306206,1371928
2023-06-14,2933.808837890625,2938.1404924215467,2911.0679269996626,2927.175971235423,1658544
2023-06-15,2924.036376953125,2952.3557023297635,2918.308810597265,2950.4011606002655,2273810
2023-06-16,2886.39794921875,2908.6716434866084,2869.2154738515223,2906.489819361,4156189
2023-06-19,2918.67236328125,2922.763450383881,2886.4892335228265,2900.126190531596,1468186
2023-06-20,2934.400146484375,2938.7640167937166,2910.171910116586,2921.9451044006205,1528452
2023-06-21,2962.128662109375,2965.0378350347974,2930.990945518115,2954.6738371268343,1645987
2023-06-22,2944.21875,2970.7198119240816,2936.5821435529915,2963.7650532654006,1529603
2023-06-23,2924.08154296875,2954.1281240159633,2917.535626765662,2943.1277797551047,1119505
2023-06-26,2899.807861328125,2921.8542748186887,2884.670928064297,2913.7631025673095,1978803
2023-06-27,2906.8076171875,2917.989741403973,2893.125162893644,2911.034983956594,863542
2023-06-28,2923.262939453125,2937.354458913725,2903.2165722164345,2916.4899632002866,1575872
2023-06-30,3002.175537109375,3009.221296943608,2922.035789841607,2927.39956983638,2672406
2023-07-03,2974.947265625,3017.221826572155,2971.719808516399,3013.130740028882,1687264
2023-07-04,3008.17578125,3013.766843625605,2979.4926768539303,2991.038586886347,1656681
2023-07-05,3018.267822265625,3026.4954978539936,3004.676365397251,3018.313323182715,1453008
2023-07-06,3020.949462890625,3025.9951812448,3001.9487253976645,3006.085313308048,1848238
2023-07-07,3026.722412109375,3051.859779118901,3001.948608480936,3001.948608480936,1789326
2023-07-10,2974.62890625,3022.6310315390187,2968.492276589758,3022.6310315390187,1407431
2023-07-11,2975.038330078125,2995.5847665765177,2964.4925502644905,2995.5847665765177,1110172
2023-07-12,2963.674072265625,2990.266136197233,2954.764772000077,2982.811311383607,1515240
2023-07-13,3036.995361328125,3061.4508783669453,2975.356280703942,2985.583996893055,4585146
2023-07-14,3195.275146484375,3204.5484543463,3047.4051722401337,3059.2238677171986,6306101
2023-07-17,3174.409912109375,3227.3212459776464,3161.091243305709,3191.047039355257,2743228
2023-07-18,3179.092529296875,3203.775329331685,3150.136639084645,3160.137072859517,2600090
2023-07-19,3154.72802734375,3197.275374973218,3132.545112140107,3181.9564387643286,2405370
2023-07-20,3156.7783203125,3170.9974981728874,3131.9401001133515,3147.4811227628634,1715404
2023-07-21,3070.18701171875,3130.892412746542,3061.755687476042,3102.772940548675,3770223
2023-07-24,3094.29541015625,3111.3403098046124,3073.650152372097,3081.762362983513,1680132
2023-07-25,3098.306396484375,3105.279462829651,3081.0336204622276,3096.802519593953,1272980
2023-07-26,3088.416748046875,3118.0859374639376,3085.408771798231,3099.400300884362,1066803
2023-07-27,3096.2548828125,3109.6994236687005,3085.4538089324446,3094.477513443153,1701769
2023-07-28,3058.4287109375,3093.3389965593196,3036.1883330260416,3085.4090385149057,2599831
2023-07-31,3118.6328125,3123.3725393934046,3063.441776018759,3066.6320067687398,2743678
2023-08-01,3146.52392578125,3153.770260920449,3112.753017642582,3112.753017642582,1956167
2023-08-02,3136.133056640625,3141.374149337502,3111.477311631999,3130.9375831694133,1914899
2023-08-03,3099.03564453125,3129.3884555329005,3069.913440103345,3117.3111535491207,2026351
2023-08-04,3138.77685546875,3163.7973343932103,3100.220594527487,3100.220594527487,2248493
2023-08-07,3175.6923828125,3179.292741496562,3136.680374620139,3148.2563099923013,1853889
2023-08-08,3163.4326171875,3181.06990066204,3150.67169533121,3175.6921726071587,1634225
2023-08-09,3156.050048828125,3160.1517745233527,3121.9146206044115,3158.2375468524356,1794589
2023-08-10,3137.455078125,3158.236973179639,3126.471525696296,3144.6557951355153,1096701
2023-08-11,3143.562255859375,3159.8322990598804,3111.8422029571116,3133.80930927876,1679974
2023-08-14,3144.518798828125,3149.2129056077365,3109.107155145583,3136.1784922009774,1190425
2023-08-16,3152.31201171875,3159.2394578812937,3131.165387032337,3144.655548093036,1328445
2023-08-17,3131.666748046875,3154.4997262763704,3111.112505717872,3149.2130144806674,1843241
2023-08-18,3069.09326171875,3108.1962872876197,3059.431330874163,3108.1962872876197,2526749
2023-08-21,3100.5849609375,3107.968154886351,3073.559239908139,3076.2937232176655,1375579
2023-08-22,3082.810546875,3109.1072480565263,3067.224126908382,3099.0808101413627,1222012
2023-08-23,3097.486083984375,3100.9041882483175,3077.2053320183186,3088.143265662933,1330046
2023-08-24,3087.91552734375,3110.9763829614676,3079.1196943322775,3106.373291177773,1152881
2023-08-25,3082.03564453125,3086.137368779353,3053.733702712782,3076.2931860773488,1158046
2023-08-28,3076.794921875,3093.6119488049294,3062.7123781054756,3093.6119488049294,1037485
2023-08-29,3077.342041015625,3089.556200731551,3067.178966440109,3081.8084975473785,944517
2023-08-30,3090.83251953125,3106.4647851889345,3083.6318013204886,3097.258600864217,1188200
2023-08-31,3059.70458984375,3114.941019553153,3047.7183044022304,3099.9925997056025,3417652
2023-09-01,3080.1220703125,3089.054760630272,3059.704683185733,3068.090387808054,1277950
2023-09-04,3115.94384765625,3129.023882322115,3071.7819850635196,3079.0283215980144,1828332
2023-09-05,3125.833740234375,3141.921529082659,3103.7753953952833,3117.311177679923,1501842
2023-09-06,3126.3349609375,3139.0958842003674,3097.3496132666887,3130.0721774776193,1314818
2023-09-07,3149.44140625,3153.771005173287,3119.4077066466084,3127.155409983017,1885092
2023-09-08,3137.272705078125,3158.3283161992513,3131.029101522507,3149.441245179643,1518917
2023-09-11,3172.5927734375,3177.1958644886363,3140.0980883290167,3155.5934925384777,1783604
2023-09-12,3263.879150390625,3272.1736158051285,3174.7349547012377,3182.9384041965895,4476016
2023-09-13,3252.075439453125,3271.2168221792035,3231.2477030451937,3255.0377963035894,1754929
2023-09-14,3244.966064453125,3279.283743631725,3231.79501333232,3254.081009523971,2604721
2023-09-15,3279.83056640625,3288.0796357921176,3247.153400937542,3252.075604550965,2952897
2023-09-18,3286.985595703125,3298.971881144957,3258.820506435336,3263.195724267092,1395753
2023-09-20,3286.894775390625,3304.167551602088,3263.1502992373726,3263.1502992373726,1649396
2023-09-21,3267.980712890625,3285.937106943507,3215.7520425233542,3270.9430695057613,2004073
2023-09-22,3284.70654296875,3312.1426120639135,3249.5229943898644,3266.7957679083775,1989083
2023-09-25,3260.552001953125,3299.6096247844835,3243.689356080608,3283.6584732834535,1238778
2023-09-26,3268.345703125,3276.7770270409974,3223.0444721045315,3251.847786603666,1726062
2023-09-27,3271.626953125,3294.1408207023737,3241.000651722388,3272.264954709884,1541134
2023-09-28,3223.728271484375,3283.932529557507,3215.160311935428,3281.380300372871,1755753
2023-09-29,3216.29931640625,3252.622235715334,3195.28932540776,3224.1380349399456,2243791
2023-10-03,3202.854736328125,3221.40351413728,3172.091799849083,3221.40351413728,1948148
2023-10-04,3224.6396484375,3233.982467007632,3169.5398507426544,3177.7433011944777,1788138
2023-10-05,3271.6728515625,3303.2560467713934,3236.8992030912727,3239.451432181438,2990768
2023-10-06,3300.885498046875,3313.2362908012565,3258.637869109981,3273.176159256762,2075691
2023-10-09,3316.336181640625,3353.3883449301275,3309.636607893801,3322.443150428711,4233074
2023-10-10,3307.72216796875,3325.13180122624,3282.610673537835,3317.885464751515,1848148
2023-10-11,3290.4033203125,3326.9543322636387,3285.9370870713474,3326.9543322636387,2426417
2023-10-12,3229.014892578125,3271.0346556007717,3224.958786550778,3258.5928446615626,4241281
2023-10-13,3254.810302734375,3260.4159050312583,3213.018189889624,3217.575662499397,2890357
2023-10-16,3212.15185546875,3258.27333816753,3207.640002736549,3250.389000692715,1671104
2023-10-17,3196.656494140625,3221.3578589700005,3193.2840093522973,3217.5752462064243,1672065
2023-10-18,3178.60888671875,3210.9213191020513,3175.646529881174,3200.2568789933416,1408245
2023-10-19,3157.95556640625,3177.3294256477784,3154.5286181595566,3170.612517840815,1514545
2023-10-20,3193.5048828125,3198.0284103099434,3147.3553086674356,3153.158141056141,1481211
2023-10-23,3116.37548828125,3179.2486146541296,3108.288023694424,3173.811234327899,1106272
2023-10-25,3098.052734375,3129.946110609001,3086.2638983706042,3098.418186283159,1518537
2023-10-26,3049.298828125,3083.065649974906,3043.1303207181386,3077.9024700555783,1984471
2023-10-27,3062.275634765625,3072.3737549352513,3049.5274301662507,3061.4075190461313,1108851
2023-10-30,3087.497802734375,3091.427414880595,3046.5571476248833,3061.407257455826,910972
2023-10-31,3078.54248046875,3106.186535395408,3061.4534729540014,3106.186535395408,999811
2023-11-01,3043.72412109375,3081.14657643751,3025.767000563393,3065.9765288100825,1563475
2023-11-02,3070.637451171875,3085.1218868690776,3055.193202126613,3055.193202126613,1245384
2023-11-03,3062.229736328125,3096.0422952066797,3056.1984407717223,3090.6506520884154,1402598
2023-11-06,3089.051513671875,3100.063486624272,3069.6321379850096,3084.2537855610026,1099852
2023-11-07,3080.09521484375,3110.892010478965,3076.028614387032,3086.9948483064154,1191144
2023-11-08,3090.23974609375,3108.8822585891467,3079.273509776776,3081.009741283504,992899
2023-11-09,3059.076904296875,3099.3321699375433,3054.1421877854477,3098.0528650963947,2112352
2023-11-10,3046.283203125,3059.0771449775716,3036.139568807074,3050.441278848814,1338557
2023-11-13,3044.546630859375,3066.890289328859,3040.388555601047,3066.890289328859,1030990
2023-11-15,3111.029541015625,3118.9800168000415,3066.936137613749,3091.6559037281313,2059802
2023-11-16,3196.5205078125,3225.3068746335257,3120.0765776114918,3134.5612355569488,3951984
2023-11-17,3200.72412109375,3220.874622639635,3191.6770664120663,3196.5205315189633,2021292
2023-11-20,3216.39697265625,3229.4648915192706,3190.489151953326,3190.489151953326,1475621
2023-11-21,3207.80615234375,3234.1708956759758,3199.398750947556,3216.3965027924314,1807236
2023-11-22,3226.037353515625,3228.3219855020557,3181.2130524287327,3198.4847810027104,1798051
2023-11-23,3206.02490234375,3238.695148266586,3198.4856148230956,3225.9012058072935,2729804
2023-11-24,3159.28125,3202.643529603171,3155.5343635105573,3193.230799217134,1989733
2023-11-28,3171.20654296875,3181.350399374295,3137.25699707058,3159.2809411434473,1689195
2023-11-29,3211.050537109375,3214.9344118251956,3176.3698651510044,3181.121855475698,1441634
2023-11-30,3187.153564453125,3213.7008135539186,3181.1220458782195,3197.982587796699,3266235
2023-12-01,3209.131591796875,3213.9750570070746,3189.3925021316686,3198.4852942750963,1172141
2023-12-04,3209.862548828125,3242.1673378334053,3196.657419148335,3239.288567355795,1625213
2023-12-05,3227.36279296875,3233.211361926645,3201.0437864410123,3233.211361926645,1377656
2023-12-06,3293.617431640625,3301.613644771774,3221.468564387526,3228.276947197519,1896572
2023-12-07,3303.487060546875,3317.788993602691,3282.285715953096,3294.440005254403,1967653
2023-12-08,3314.2705078125,3330.9940617152665,3291.74412143969,3320.027826121142,1641155
2023-12-11,3329.074951171875,3338.304955567598,3303.5785421234236,3310.797891464415,1102503
2023-12-12,3355.759033203125,3379.7931839082994,3318.199593016971,3325.4646783221265,2236866
2023-12-13,3283.975830078125,3335.5627768963504,3256.0575819401906,3329.668470857527,3850968
2023-12-14,3351.32763671875,3361.1515571208843,3315.0934521069,3317.2866102090293,3290396
2023-12-15,3528.386474609375,3560.3255927142964,3350.824789993706,3350.824789993706,8531230
2023-12-18,3526.7412109375,3590.5281905815186,3500.1937384877283,3525.736106571666,2521612
2023-12-19,3487.445556640625,3522.9945699903956,3463.5026541544753,3513.7645660221524,2004435
2023-12-20,3454.409912109375,3562.929950670811,3442.0728971992326,3497.543727025331,2586083
2023-12-21,3461.217529296875,3478.763458685057,3420.8710168456714,3432.659628890135,1517562
2023-12-22,3494.573974609375,3514.6330039266295,3437.915086945729,3472.6415019653828,2413058
2023-12-26,3468.57421875,3503.711816102494,3463.6392795100446,3490.7808875582864,1285231
2023-12-27,3482.876220703125,3489.2731911736523,3443.3978189924524,3471.727259647645,1293976
2023-12-28,3472.5498046875,3507.3676920200533,3465.4219300223085,3494.5737504650037,1682889
2023-12-29,3466.60986328125,3493.2945492321064,3441.0219794117156,3465.33055833123,1574996
2024-01-01,3482.784912109375,3501.884348671573,3447.9670270192705,3463.5025264784085,825907
2024-01-02,3457.288330078125,3482.7849604684966,3442.7124205931514,3482.7849604684966,1344068
2024-01-03,3373.716796875,3446.9165110740164,3369.421732416939,3442.4842348014154,1803075
2024-01-04,3350.916015625,3398.6190946223346,3336.477094505551,3382.8551313574153,3598144
2024-01-05,3415.890625,3424.892165201283,3358.2723788278463,3358.4093675177683,1963127
2024-01-08,3361.4248046875,3417.581014723107,3356.032939292999,3415.890297796739,1067805
2024-01-09,3372.02587890625,3429.09617357813,3365.4919196193155,3390.3486750012953,1370944
2024-01-10,3393.181640625,3407.9860133570014,3370.2895802803837,3372.1172861265227,1292227
2024-01-11,3413.743408203125,3447.9671563203865,3387.6528620407294,3403.188362082459,1777909
2024-01-12,3548.308349609375,3568.824304124089,3492.3805925763054,3516.5062216937445,6813450
2024-01-15,3567.499267578125,3623.4270246995534,3550.318787126801,3618.8577598512566,2801505
2024-01-16,3528.66064453125,3563.1128581170137,3523.4059897648553,3563.1128581170137,1432672
2024-01-17,3549.952880859375,3573.11891681027,3484.1097382002936,3490.0040444785163,3458696
2024-01-18,3566.40234375,3572.06818699225,3529.299827526345,3562.198531252639,2239110
2024-01-19,3628.471435546875,3647.3359347309056,3602.705290319906,3630.2658185854475,2941975
2024-01-23,3550.43701171875,3620.051529496022,3536.17360896319,3588.8561772055014,2618854
2024-01-24,3535.29931640625,3573.8103676439687,3501.9874154730123,3570.4516563375996,2657709
2024-01-25,3506.31201171875,3552.9670901927334,3477.232988921668,3533.5503710597345,2205154
2024-01-29,3497.75439453125,3515.2385654063073,3479.212061073679,3497.5703955598956,1646747
2024-01-30,3497.340087890625,3540.820457055553,3484.871069366822,3503.6895122527035,1411621
2024-01-31,3511.51123046875,3528.1212358360913,3493.566951882729,3507.140188249078,2459358
2024-02-01,3546.6640625,3593.3652043166217,3501.4814177274175,3515.238654965433,2363107
2024-02-02,3649.866455078125,3666.522292350957,3563.089715877142,3565.896430136547,2826510
2024-02-05,3656.307861328125,3701.1225020871434,3646.001448771063,3665.233944757109,1691523
2024-02-06,3806.027587890625,3818.818548187844,3671.675550213635,3678.1170862666413,4474396
2024-02-07,3757.6240234375,3823.511826118587,3748.927994541734,3821.671387213115,2124267
2024-02-08,3804.279541015625,3826.272697294097,3760.0629489197368,3763.697771027623,2345173
2024-02-09,3803.911376953125,3850.888400846203,3772.8998012950433,3806.533642964029,2100596
2024-02-12,3791.9482421875,3827.7446868018023,3778.006558887105,3800.506102833991,1013716
2024-02-13,3818.45068359375,3837.3151826933213,3755.875759751269,3796.3195851121786,1257415
2024-02-14,3772.99169921875,3786.6107667795436,3726.428507128435,3779.341123293365,1391283
2024-02-15,3775.8447265625,3815.505826442883,3757.2561134518432,3798.665989794075,1091582
2024-02-16,3798.94189453125,3817.024566750078,3772.9919748251077,3785.092771105926,1307556
2024-02-19,3776.396728515625,3798.942107006786,3731.49019516973,3794.110954472966,772291
2024-02-20,3709.0830078125,3771.059887185241,3690.0805631070807,3756.4284855408587,1193648
2024-02-21,3673.055908203125,3739.1737650742916,3663.0256061355944,3692.8406262355356,1885939
2024-02-22,3761.029296875,3768.2528853223134,3654.1917205441428,3654.1917205441428,2982052
2024-02-23,3728.8212890625,3800.5062936958448,3723.5758585151752,3800.5062936958448,2538072
2024-02-26,3681.84423828125,3726.888937419443,3665.0041766684662,3714.0058645493514,1379284
2024-02-27,3776.948974609375,3794.985367384539,3679.957925356637,3679.957925356637,2960475
2024-02-28,3790.33837890625,3823.4200011181556,3762.777624498999,3768.8511632078385,1939225
2024-02-29,3768.39111328125,3807.9605533454464,3740.2783615123485,3771.97987960793,3772719
2024-03-01,3767.701171875,3809.709106334484,3760.753469031092,3779.5260834832857,2043265
2024-03-04,3755.1396484375,3789.371768720034,3750.722549928762,3777.5010270993284,1749271
2024-03-05,3692.0126953125,3739.7719968440197,3662.4735599013775,3737.931557869195,2070859
2024-03-06,3740.048095703125,3747.1337408010263,3642.642773405773,3675.4026769184316,1744204
2024-03-07,3780.81396484375,3794.985255418292,3715.5702668526733,3740.6923043829674,2688905
2024-03-11,3793.466796875,3821.6714335783654,3762.7773878887397,3762.7773878887397,2304068
2024-03-12,3857.7900390625,3892.482492505704,3792.270233646347,3793.4667885423355,4039801
2024-03-13,3817.990234375,3902.650417928266,3802.2543930015554,3869.5225200161185,2837260
2024-03-14,3871.9150390625,3887.9267659375214,3760.016275886559,3822.085250968969,2919608
2024-03-15,3882.6357421875,3900.8100755188275,3843.756472149597,3858.1119847979994,3373143
2024-03-18,3821.211669921875,3915.3041186273567,3789.326152475134,3878.9554465113024,1526904
2024-03-19,3659.989013671875,3734.250681402964,3650.142710085243,3728.0391998604628,8931209
2024-03-20,3654.099609375,3697.442038718445,3644.253305423998,3667.995014019841,1817913
2024-03-21,3655.986083984375,3688.6078209191865,3633.0266519750294,3671.7219275853204,3829582
2024-03-22,3598.88623046875,3623.824267937054,3547.4460520308135,3586.095269718309,5852485
2024-03-26,3568.150634765625,3631.8297707294355,3562.583262601489,3565.850086322836,3440925
2024-03-27,3534.470458984375,3584.254416352674,3523.8879363173514,3578.2729904974,1968575
2024-03-28,3567.046630859375,3602.65907796181,3534.1027302458065,3542.9369266623094,4311783
2024-04-01,3604.269775390625,3619.499453254275,3577.8595203158884,3586.7395487458493,1569676
2024-04-02,3573.948486328125,3597.9202488822098,3564.0100709420926,3579.653802211397,2142666
2024-04-03,3632.382568359375,3663.393921354347,3543.7653833548334,3543.7653833548334,3973090
2024-04-04,3683.914794921875,3707.2422246114506,3621.293812578453,3658.7006456486115,3394637
2024-04-05,3661.78369140625,3682.7186864378496,3644.529574621965,3660.6334169539646,1636819
2024-04-08,3655.6181640625,3710.923223399392,3644.069363948704,3665.2344132847697,2302538
2024-04-09,3631.69189453125,3695.4631434716894,3611.907177559117,3666.1540659059356,1876992
2024-04-10,3666.752197265625,3671.8594599447097,3605.419663202159,3640.7559988262524,2101965
2024-04-12,3682.166015625,3693.162817777665,3630.725838259486,3654.1914342233986,4354821
2024-04-15,3626.76904296875,3739.9560412971437,3606.3862709398386,3682.166211852168,4200329
2024-04-16,3563.826171875,3615.2663527431537,3554.670032660961,3590.6965366993572,3051420
2024-04-18,3553.8876953125,3621.983938050233,3542.84506135503,3567.5069887926393,3476284
2024-04-19,3520.94384765625,3545.1917216335364,3497.6622490979976,3531.802482817412,2957749
2024-04-22,3556.2802734375,3568.6111245390066,3507.876639180684,3530.8821260588365,1728883
2024-04-23,3565.57421875,3584.254718312047,3552.599259445536,3567.7368242988855,1807586
2024-04-24,3525.40673828125,3587.015384991863,3519.3332000987416,3579.6536294557072,1317312
2024-04-25,3544.869140625,3564.6078018941175,3506.95614613986,3507.1401450879403,2856271
2024-04-26,3516.48095703125,3567.507084546707,3499.1807851009403,3547.5841971159175,2039178
2024-04-29,3561.43359375,3568.427352070046,3514.5023975397753,3531.8025697028056,1110693
2024-04-30,3515.83642578125,3572.0619252249066,3506.036178297648,3563.089785398555,2203078
2024-05-02,3555.084228515625,3562.2619859302818,3476.6355119648906,3476.6355119648906,2491044
2024-05-03,3536.771484375,3582.966682325397,3494.625611625741,3579.7917453667596,2962234
2024-05-06,3608.2265625,3625.6186204477826,3545.605583246127,3545.605583246127,2053831
2024-05-07,3661.507080078125,3669.8351109068294,3601.278762922236,3617.198604098228,2062112
2024-05-08,3659.666748046875,3666.4304509643703,3624.3764664424393,3644.9892925462136,1247685
2024-05-09,3644.2529296875,3654.1913444311836,3598.104015290975,3645.909369588605,1726486
2024-05-10,3583.242431640625,3656.584101641413,3575.0986242941894,3646.461687676862,1672489
2024-05-13,3632.842529296875,3639.4680646589845,3561.2494084020914,3574.5925909400316,931326
2024-05-14,3589.960205078125,3631.0020839186186,3582.322338430397,3621.983888045264,1058317
2024-05-15,3570.819580078125,3613.6558418017335,3566.310594491623,3592.9969594097643,1115021
2024-05-16,3615.821044921875,3623.746152107256,3562.5702354838822,3606.691138597264,2599399
2024-05-17,3553.857421875,3633.4787144096645,3550.0570092318917,3632.551806574356,2765804
2024-05-21,3540.97314453125,3563.728776359017,3531.5651208470945,3550.613121462056,1908117
2024-05-22,3551.910888671875,3560.4847863024115,3538.517115470372,3554.691612227725,1311168
2024-05-23,3608.869384765625,3619.575215874568,3545.886040544983,3560.2067218121256,2095742
2024-05-24,3568.131591796875,3599.924574735908,3563.3117164748414,3594.7801911641072,1309452
2024-05-27,3565.860595703125,3622.6800874842297,3560.5772666527496,3573.2294672441094,1841538
2024-05-28,3559.2333984375,3587.1334155210093,3550.057101148699,3576.0105212093163,1801993
2024-05-29,3525.632568359375,3567.5751439944142,3522.2494455944416,3567.5751439944142,1568095
2024-05-30,3463.0205078125,3517.0590544137885,3443.8797249385125,3500.930948347214,2919230
2024-05-31,3402.6318359375,3475.718599887057,3386.689068476094,3466.6348590080306,10956800
2024-06-03,3432.200439453125,3477.340801445973,3425.8510308716222,3459.961281200074,2156773
2024-06-04,3443.46240234375,3471.269635740873,3328.989291525593,3429.5587856451884,3395997
2024-06-05,3472.61376953125,3507.2338672517226,3429.5589463958036,3444.389471569407,2799670
2024-06-06,3550.427490234375,3559.233114194575,3468.0254786409455,3504.6383361596722,4328036
2024-06-07,3609.33251953125,3628.8439736397468,3556.8232840964106,3556.8232840964106,4552445
2024-06-10,3576.658935546875,3620.4089366489284,3561.08683988795,3610.3057325626605,1734661
2024-06-11,3570.54150390625,3596.355749469534,3560.2527371623205,3563.9603682346064,1419898
2024-06-12,3551.58642578125,3608.915767675147,3547.6934580124953,3591.211736958369,2177001
2024-06-13,3594.687255859375,3605.6712033854537,3570.448708339529,3574.897910867656,1932323
2024-06-14,3551.95703125,3604.7443844726295,3548.2030094526167,3604.7443844726295,1860730
2024-06-18,3536.246337890625,3561.1800693046816,3517.6617896669645,3546.395933901333,1774045
2024-06-19,3523.8251953125,3553.6254156533255,3515.7147523909116,3547.8784064893566,1509050
2024-06-20,3510.431640625,3531.4724028758133,3503.757949581445,3518.542084048452,2846526
2024-06-21,3532.2138671875,3594.363079879569,3520.4421834921905,3547.2761188024833,4642195
2024-06-24,3537.821533203125,3575.0831793648726,3514.185385660008,3530.359880582307,1702154
2024-06-25,3557.888916015625,3566.4164218366413,3515.668223832292,3538.0067905497995,1338808
2024-06-26,3574.017333984375,3584.3058742192884,3560.252663395376,3563.496840516408,1639845
2024-06-27,3646.59423828125,3653.8705550444147,3539.0267689087714,3550.9837890347926,4526556
2024-06-28,3618.786865234375,3670.554754499888,3612.947527343435,3631.439292021709,2731571
2024-07-01,3687.424560546875,3709.206893822337,3600.1098911444064,3600.1098911444064,2658723
2024-07-02,3723.75927734375,3729.320724102144,3691.4566765329196,3701.699052905465,2307449
2024-07-03,3675.421142578125,3731.8235725519535,3665.9203376575206,3726.169344471108,1821198
2024-07-04,3727.050048828125,3751.52055167907,3691.0398148782656,3707.492429103772,2518001
2024-07-05,3718.568603515625,3732.4258292933814,3696.5081535287777,3716.900124285456,1668616
2024-07-08,3701.328125,3736.5970115088844,3687.285562563459,3728.023114490228,1758882
2024-07-09,3694.19091796875,3714.0730443794923,3684.551167677433,3693.7274640836704,1305801
2024-07-10,3623.42138671875,3710.68988827446,3616.7940867398565,3692.522405623858,2669716
2024-07-11,3636.908203125,3689.0931591530957,3610.8622289094983,3643.674675535382,4872189
2024-07-12,3878.135986328125,3892.9665108049144,3681.0289111762886,3689.092963601374,13509164
2024-07-15,3864.4638671875,3930.088753065226,3853.2015762580986,3926.103230885339,4848030
2024-07-16,3873.0380859375,3887.960939474929,3841.940057628319,3867.059349578485,2029521
2024-07-18,4000.116943359375,4008.8764034741735,3855.936610046835,3855.936610046835,5613364
2024-07-19,3997.18994140625,4049.5425931032996,3981.2566440139753,4011.125849383663,3903354
2024-07-22,3983.2080078125,4013.4954737488206,3962.443412915425,3994.9142619649265,1896386
2024-07-23,3997.1435546875,4052.28338639157,3963.6506512942747,3979.166143185961,2365208
2024-07-24,4000.766845703125,4031.2865743722073,3965.323277758002,3983.3469610338807,1809793
2024-07-25,4015.864501953125,4034.9102445303465,3970.991055777116,3990.3153350812427,2810342
2024-07-26,4076.578857421875,4108.724446589915,4029.3823042903405,4041.4138211460827,3552210
2024-07-29,4070.30712890625,4116.667158057409,4060.923526939503,4101.802189759301,1746803
2024-07-30,4055.6748046875,4086.0085427265517,4020.323776464771,4079.598115277588,1797906
2024-07-31,4074.25634765625,4100.87384543508,4036.7686584538783,4041.4139618583135,2330091
2024-08-01,4085.172607421875,4105.797481325745,4055.395941895072,4087.3092654244533,2202244
2024-08-02,3979.212890625,4086.0085899107653,3967.0888310411474,4055.3495895771916,2811282
2024-08-05,3860.293212890625,3938.2880347144414,3818.903743027533,3938.2880347144414,2787771
2024-08-06,3875.2978515625,3956.1723973259723,3865.6352581703713,3875.065586406783,2203067
2024-08-07,3902.47265625,3943.8158516524645,3883.7517228332504,3928.0680935195514,1237666
2024-08-08,3876.5517578125,3931.7845938309133,3864.8922283404063,3884.402501608471,2441283
2024-08-09,3928.764892578125,3951.898410084894,3907.210505857532,3917.848430860645,1302536
2024-08-12,3898.012939453125,3938.2878064043034,3889.372857499192,3929.9262611677764,936912
2024-08-13,3899.220947265625,3933.642459984778,3886.260370835221,3914.132187982019,1495593
2024-08-14,3990.547607421875,4000.721002615426,3891.0451248057766,3910.416129361195,3226545
2024-08-16,4102.77734375,4112.950737444536,4018.279565434088,4041.4130806152543,3457058
2024-08-19,4171.48193359375,4175.430440991918,4078.901139092339,4107.376754658791,2055210
2024-08-20,4202.41943359375,4241.161440255413,4180.772504085293,4185.417806867609,2212298
2024-08-21,4228.619140625,4236.516155388334,4173.8508391327405,4197.495611851862,1896990
2024-08-22,4182.63037109375,4237.398669027107,4178.171062150779,4236.5158800949575,1829872
2024-08-23,4147.2333984375,4186.346939264392,4138.964850071652,4180.772575829952,1809253
2024-08-26,4183.048828125,4229.222864979793,4166.836540173764,4170.5527823500615,1844164
2024-08-27,4178.12548828125,4190.064009724909,4168.509618727682,4185.418705944727,930697
2024-08-28,4186.392578125,4238.838220968121,4141.100882065341,4179.610618428567,1848058
2024-08-29,4191.73583984375,4232.800503800473,4143.610677557092,4143.610677557092,2133641
2024-08-30,4230.7099609375,4266.478796182319,4169.438229236293,4180.77295069311,3637222
2024-09-02,4200.32958984375,4262.530383589784,4191.921772178967,4251.381655472286,1216500
2024-09-03,4192.24658203125,4232.706988670382,4176.9633540945715,4200.329136859027,1717263
2024-09-04,4161.494140625,4168.694359320059,4121.962798795058,4159.357482985526,1265505
2024-09-05,4158.4296875,4179.844356547023,4138.175890759279,4163.121262877798,1688793
2024-09-06,4140.59130859375,4198.379066063604,4125.02954174146,4156.5713342216295,1649179
2024-09-09,4133.9013671875,4171.714314661398,4116.202944403391,4138.964928860649,1184938
2024-09-10,4188.0654296875,4217.888362209953,4125.446843253818,4127.30496423786,1385591
2024-09-11,4161.587890625,4226.622135770557,4154.062408672436,4200.701434505407,1325919
2024-09-12,4197.21630859375,4211.059217686861,4116.945127921692,4190.29462722581,2742216
2024-09-13,4201.77001953125,4224.439009920338,4185.418460455492,4208.644977994091,1458786
2024-09-16,4193.08251953125,4223.555524057743,4175.6163626806965,4205.857102070119,1155120
2024-09-17,4186.021484375,4214.032568613279,4149.184325105708,4193.082435128378,1699364
2024-09-18,4037.836181640625,4178.031319677868,4014.4704009082216,4178.031319677868,2961779
2024-09-19,3991.384033203125,4108.492406554244,3978.051921437468,4078.6227421526683,2927551
2024-09-20,3980.93212890625,4023.4833814320996,3927.604135103798,4010.6620715019503,5447908
2024-09-23,3965.69482421875,4003.69330870643,3951.294386178363,3994.9602305588905,1702319
2024-09-24,3968.296142578125,3986.598816855598,3939.216728843565,3950.0401935138225,3012026
2024-09-25,3971.501708984375,3985.29834930729,3939.2168538730334,3950.69084274909,2713073
2024-09-26,3987.99267578125,4010.5686671887433,3957.798205900553,3957.798205900553,3964251
2024-09-27,4003.04345703125,4067.4271730367495,3995.006720191253,4027.47756855055,3012477
2024-09-30,3965.69482421875,3993.798904910472,3957.8440813783095,3982.7894470349006,2503416
2024-10-01,3983.718994140625,3991.01221083208,3941.9579909083504,3953.663791959934,1823365
2024-10-03,3932.4814453125,3975.4505001458124,3911.3453156377354,3960.2139962956594,3350119
2024-10-04,3950.59814453125,3993.102669221074,3924.398452773479,3925.281241847147,2965463
2024-10-07,3969.736328125,3992.405314053108,3929.368467129649,3970.7116602125193,1472619
2024-10-08,3951.527099609375,3975.8219442019727,3905.724592296589,3969.5045134149964,1541867
2024-10-09,3951.24853515625,3990.315352669941,3945.4419062961365,3957.798231053306,1082504
2024-10-10,3927.51025390625,3989.2465053830083,3900.7534930523875,3951.526558479922,2378875
2024-10-11,3854.8583984375,3941.028768538948,3820.7154216048507,3849.098041297021,5759183
2024-10-14,3843.198486328125,3869.908978898292,3829.773832682932,3846.3109301040067,2137590
2024-10-15,3824.756591796875,3874.1365268299264,3804.5032516700458,3837.995705676313,2759474
2024-10-16,3804.45654296875,3823.0842527968452,3778.67511210238,3795.2124356440127,2359151
2024-10-17,3817.51025390625,3836.9742562004353,3802.5987849412795,3821.0405029589083,2522659
2024-10-18,3839.908203125,3861.4219511234783,3799.814751434331,3809.128022883925,2361000
2024-10-21,3799.675048828125,3855.647899798256,3790.501385728475,3848.8025545031073,1595450
2024-10-22,3739.744140625,3808.941792786158,3731.222588221232,3786.7761613201965,1928049
2024-10-23,3787.0087890625,3831.0603786284396,3720.7913418501003,3724.9359293106554,1966476
2024-10-24,3769.919189453125,3798.8835556125446,3729.034017325969,3729.034017325969,2676744
2024-10-25,3778.906494140625,3810.990668738502,3755.762923689694,3778.440830569176,1759676
2024-10-28,3809.919921875,3850.1065991283663,3772.8064424453346,3789.523720012066,1532534
2024-10-29,3795.390869140625,3821.7008604425628,3781.281354135695,3814.5762988806255,1445885
2024-10-30,3804.1455078125,3824.960761415852,3781.234995410785,3795.158291397516,1935002
2024-10-31,3695.9248046875,3798.2311725944933,3688.0551365503707,3790.501112565659,3740372
2024-11-01,3710.593505859375,3724.3305810268316,3703.003280699814,3715.855640568731,154895
2024-11-04,3691.92041015625,3717.7647384247807,3644.51594943524,3693.9228999424704,2269192
2024-11-05,3698.6259765625,3712.2698276535116,3670.45333173397,3670.45333173397,967590
2024-11-06,3855.368408203125,3864.8212879793314,3702.258313204772,3728.661529286281,3792017
2024-11-07,3865.845703125,3916.975471746434,3804.5179478782275,3883.3549260647524,3724349
2024-11-08,3862.213134765625,3883.400824376408,3834.8785959002707,3869.6637508924937,1648039
2024-11-11,3910.363525390625,3943.518408459811,3834.879186284666,3844.704960664376,1406487
2024-11-12,3909.152099609375,3928.3375279408815,3878.3719222634713,3926.4748738261633,1587640
2024-11-13,3865.33349609375,3908.5469823117096,3847.358610327207,3891.1778229560005,1098813
2024-11-14,3861.18896484375,3874.3207680121654,3833.7616543718636,3851.0375903197846,1825432
2024-11-18,3743.46923828125,3923.681030197514,3716.181309069103,3923.681030197514,3313944
2024-11-19,3762.142333984375,3848.3830847662466,3738.4401053836123,3743.8416205226595,1776233
2024-11-21,3793.15576171875,3811.409636894372,3747.660340835974,3767.124986745769,2384347
2024-11-22,3953.11083984375,3962.750165645244,3775.5998152984125,3791.4323749580262,3096553
2024-11-25,4018.769775390625,4030.8770280377776,3960.1893900708537,3986.0801022933974,4052167
2024-11-26,4053.788330078125,4066.73368798975,4014.020474337387,4024.311458618838,2060669
2024-11-27,4035.020751953125,4076.7908603023225,4027.104472178454,4059.608149405842,1558993
2024-11-28,3953.390380859375,4041.9132960200004,3942.307679137016,4022.401811054281,2558544
2024-11-29,3977.558349609375,4003.4958997310346,3907.5223713104324,3930.2002766528776,2017425
2024-12-02,3982.959716796875,3993.7168170183645,3939.559785541823,3976.76648289637,1670944
2024-12-03,4007.267822265625,4027.9898509787527,3972.529502098055,4018.071307960362,2010905
2024-12-04,4055.370849609375,4085.6858211811555,3994.5085294279797,4017.3260445950987,3302642
2024-12-05,4157.490234375,4180.727025606259,4060.585839082934,4098.583799897478,3746747
2024-12-06,4140.21435546875,4158.375232745017,4109.713394915021,4147.199308267314,1842087
2024-12-09,4146.40771484375,4162.47310676674,4112.321053205062,4126.198190317889,2066639
2024-12-10,4128.154296875,4185.198089234919,4109.108928030726,4122.193893602826,2087828
2024-12-11,4123.40478515625,4143.148648906342,4104.358962055129,4127.502533877997,1635256
2024-12-12,4149.0166015625,4177.00280411384,4122.054495207995,4125.826188749979,1914642
2024-12-13,4166.6650390625,4186.222911998922,4092.6245200888998,4130.390114251639,1967048
2024-12-16,4111.99560546875,4167.6887843067,4095.045270300907,4152.787550664486,1646224
2024-12-17,4031.248291015625,4128.525562899596,4021.4693590401916,4107.151429682085,3225027
2024-12-18,4049.271240234375,4062.4494297592523,3995.0214283858018,4015.6038513847143,1575404
2024-12-19,3978.5361328125,4064.3114493548924,3969.3160855065425,3987.9426274375915,3015763
2024-12-20,3883.91357421875,4081.075721006082,3867.3361322404735,4031.715380245397,4116989
2024-12-23,3872.737548828125,3927.406635038312,3832.3180410204754,3911.620457771177,2195338
2024-12-24,3892.481689453125,3928.337783494026,3872.737372652853,3872.737372652853,1181886
2024-12-26,3882.796142578125,3911.5276763317006,3858.628020945553,3892.4818540644487,1208464
2024-12-27,3878.837890625,3893.8323483767854,3862.4464421773887,3877.114844483566,858100
2024-12-30,3873.202880859375,3910.9216276232846,3829.6169553875666,3865.938711530591,1527169
2024-12-31,3813.598388671875,3855.6479451405453,3755.1576110916253,3851.0376939335874,1555429
2025-01-01,3830.03662109375,3850.1065398065944,3804.8905600046846,3813.2258927424173,763161
2025-01-02,3888.989501953125,3895.7416240603297,3815.6011015015547,3837.0680112666887,1720835
2025-01-03,3818.347900390625,3892.900907869697,3811.269950829448,3892.900907869697,1791953
2025-01-06,3813.78466796875,3864.681605615779,3787.148620607623,3823.563603014824,2085593
2025-01-07,3751.664794921875,3856.020036180541,3736.0650668596068,3832.3644200987096,2669054
2025-01-08,3826.264404296875,3842.655853224678,3741.839688389106,3757.8118581960475,2181277
2025-01-09,3761.49072265625,3853.5988861539504,3748.8711943929684,3819.3726136468736,2392472
2025-01-10,3972.7158203125,4001.9130192806797,3883.6344636724307,3911.574279957844,7894300
2025-01-13,3996.417724609375,4026.080583062269,3937.092007703587,3953.483455264251,4003771
2025-01-14,3942.354248046875,4017.6521397931906,3929.3156678223904,4006.5694375522967,3441709
2025-01-15,3957.7685546875,3964.148237593521,3918.5132002433847,3928.338521283195,1653474
2025-01-16,3917.44140625,3999.118983314416,3903.984001105146,3967.4538586211947,2637705
2025-01-17,3911.750244140625,3946.179768328342,3888.7499900580783,3945.5156582213353,1761466
2025-01-20,3867.64697265625,3932.142300220547,3858.446917151911,3932.142300220547,1287799
2025-01-21,3827.859130859375,3899.136119079718,3822.3105229606576,3884.2452782424407,1971591
2025-01-22,3942.385986328125,3948.598240960883,3835.7784821299006,3841.2796202434547,2409223
2025-01-23,3931.810791015625,3975.3452017162494,3926.6887142484056,3953.1984717808796,1822998
2025-01-24,3938.355224609375,3962.683237549143,3892.49689011529,3892.49689011529,1910099
2025-01-27,3855.648681640625,3942.148791419916,3832.7908361324735,3890.599675788401,1551782
2025-01-28,3832.079345703125,3890.5995312485556,3820.6977771085412,3861.007499214359,2468272
2025-01-29,3888.5126953125,3896.148108723218,3845.0732274227375,3845.0732274227375,1217089
2025-01-30,3888.750244140625,3917.0619915773636,3849.3417440444105,3888.6080671418995,1531251
2025-01-31,3900.4638671875,3915.6869946237944,3874.713158208757,3898.187645857167,1492943
2025-02-01,3863.236572265625,3922.7526963272944,3846.970505085766,3901.032960408717,437172
2025-02-03,3858.968505859375,3866.8882740010763,3792.6234860032378,3823.1639848038094,1265713
2025-02-04,3895.38916015625,3906.5813140143973,3856.5023649775358,3873.2426631324765,2547132
2025-02-05,3880.26171875,3936.126163727403,3865.939817675396,3936.126163727403,1693912
2025-02-06,3872.341796875,3926.1671344471406,3842.749763323274,3893.8244160755,2284536
2025-02-07,3821.7412109375,3879.218228908592,3801.444171507491,3879.218228908592,1548940
2025-02-10,3828.902099609375,3843.176530616503,3807.4669498989556,3831.7949614241543,1339511
2025-02-11,3759.284912109375,3831.7949459001434,3751.1754977809574,3811.308028813468,1810908
2025-02-12,3746.575439453125,3814.4855628593755,3737.090798282343,3766.445947952812,1678002
2025-02-13,3708.63671875,3779.10764599597,3701.143945163747,3763.5054582381317,2277310
2025-02-14,3732.06396484375,3744.536174828968,3699.009899147157,3722.7215010647665,1681975
2025-02-17,3703.2783203125,3731.2580130898646,3657.4674549788515,3657.7520405391615,1799806
2025-02-18,3673.591552734375,3722.1528742505816,3665.339960372217,3697.492804650458,2149879
2025-02-19,3589.083251953125,3675.251080308744,3573.955063643061,3672.6428039185434,4366672
2025-02-20,3584.625244140625,3592.782128290818,3557.9735409942346,3567.6478288188787,2888572
2025-02-21,3590.88525390625,3620.287642408916,3580.4521483085296,3581.4955514917533,1833931
2025-02-24,3486.1748046875,3569.260122487774,3480.8633130033377,3550.2433706104594,2508516
2025-02-25,3442.498046875,3469.4818051991183,3434.625748244206,3438.1824887498096,4101954
2025-02-27,3426.3740234375,3450.512388419143,3415.1346312530945,3425.5677363307773,3823856
2025-02-28,3303.737548828125,3414.470731581497,3278.8403664103434,3400.1963006835795,7085018
2025-03-03,3313.032958984375,3341.6765318486423,3297.0037748811633,3305.397775773084,4990439
2025-03-04,3350.0224609375,3367.995808195281,3285.764022186379,3294.964077068546,2797737
2025-03-05,3364.24951171875,3414.8026927498004,3339.3997995005207,3339.3997995005207,2501894
2025-03-06,3415.988525390625,3423.4338299242468,3353.8641244726305,3373.6869322947687,2786513
2025-03-07,3425.093505859375,3438.1823567291294,3390.1899807262357,3414.4707542689284,2051315
2025-03-10,3404.654052734375,3435.4318979249574,3397.9675660982793,3420.635765390215,1004626
2025-03-11,3391.04345703125,3403.800251788581,3355.3336477429484,3374.6349831734647,1995450
2025-03-12,3325.504638671875,3385.305343927244,3307.1519980581174,3381.2743716748964,3174167
2025-03-13,3330.10498046875,3342.672130004524,3304.5439188567675,3321.8059194545594,1693004
2025-03-17,3317.442626953125,3348.504824268339,3298.1415226710474,3309.1910361154605,2690906
2025-03-18,3317.442626953125,3317.442626953125,3317.442626953125,3317.442626953125,0
2025-03-19,3316.873779296875,3364.2020435877325,3284.2939459919426,3364.2020435877325,3051244
2025-03-20,3379.519775390625,3394.505554527131,3331.0059291540974,3331.0059291540974,2845192
2025-03-21,3393.699462890625,3429.883275405574,3286.428081377204,3295.9127223046994,4161925
2025-03-24,3441.928955078125,3461.6570558488297,3382.7923538442037,3414.4709640539177,1834751
2025-03-25,3469.244384765625,3518.8016314620927,3450.512219746386,3457.1514681076355,3135390
2025-03-26,3448.425537109375,3490.8218325762614,3438.9883664032623,3459.7596358592737,1734499
2025-03-27,3463.031982421875,3474.2239048124366,3424.4295409023484,3428.555452249772,2528474
2025-03-28,3420.3037109375,3472.279589767322,3406.7880975546004,3462.8424183134416,2051919
2025-04-01,3367.806640625,3399.295604939385,3343.3362185857513,3388.577913444674,2618493
2025-04-02,3361.3095703125,3380.421262394588,3348.126010889205,3361.3570398330285,1764313
2025-04-03,3227.765380859375,3321.521146037298,3221.1261324235493,3311.088041352429,4537821
2025-04-04,3129.362548828125,3224.446080623458,3125.663631237096,3189.3056688327865,5317367
2025-04-07,3105.31884765625,3121.7745604042666,2898.5536795332505,2940.2386292720134,6623955
2025-04-08,3123.24462890625,3176.406084910182,3087.5350502556194,3131.8757443343147,5557558
2025-04-09,3079.28369140625,3101.4776590955953,3046.5142098890965,3092.5147195117684,2990265
2025-04-11,3064.961669921875,3128.9355257101774,3040.7758359181594,3120.020055994998,7108961
2025-04-15,3080.801025390625,3143.5893021337306,3071.69590901875,3143.5893021337306,3512160
2025-04-16,3105.081787109375,3109.1602290119804,3062.5905495252055,3080.801013758816,2384391
2025-04-17,3128.888427734375,3133.346394679939,3052.157767289551,3078.2405325476193,2932346
2025-04-21,3150.41845703125,3181.148601343861,3114.851053170071,3120.5418377878595,2432946
2025-04-22,3143.58935546875,3162.0844056249766,3125.189244347029,3151.3669464223676,2710498
2025-04-23,3237.108154296875,3244.6009284823726,3165.3094642241085,3191.581874951358,3543923
2025-04-24,3226.295654296875,3236.633820616935,3213.1118640484187,3225.8214222352462,2252175
2025-04-25,3270.30419921875,3298.568475558524,3229.5202431380058,3243.747204561521,2742991
2025-04-28,3266.036376953125,3279.5994609272393,3229.5205063236217,3257.9744314894683,1593296
2025-04-29,3293.541259765625,3314.881699893696,3253.6108325025516,3276.943139666014,1578332
2025-04-30,3275.710205078125,3329.013837756505,3192.5299551721982,3293.0671433029925,2809332
2025-05-02,3254.1806640625,3311.5627480542753,3243.7475578821773,3293.0676961891577,1721761
2025-05-05,3276.279541015625,3323.892391856476,3268.7865357954893,3272.201099131072,1284443
2025-05-06,3281.68603515625,3294.0160693923863,3259.871359200009,3281.68603515625,1324763
2025-05-07,3267.5537109375,3281.211501134211,3244.3163408615387,3244.3163408615387,1477128
2025-05-08,3271.157470703125,3297.8094023272533,3251.998543783033,3270.3039457073255,2543591
2025-05-09,3263.0009765625,3268.5968219353003,3222.975839240067,3223.8293642770673,2531757
2025-05-12,3433.819091796875,3443.3986711517946,3321.710689429311,3324.3664350329263,2228678
2025-05-13,3333.851318359375,3436.2854413701325,3329.5832299005933,3433.819342081611,3062887
2025-05-14,3365.814453125,3377.4806076856794,3327.7811822404,3339.542044274439,2119499
2025-05-15,3395.406494140625,3414.4707149223877,3332.9977424314357,3380.326007773164,3548330
2025-05-16,3377.76513671875,3408.6849264465072,3363.348529175367,3408.6849264465072,1666727
2025-05-19,3337.455322265625,3367.0473541083206,3323.1334225866804,3367.0473541083206,2537377
2025-05-20,3318.011962890625,3374.635222590325,3313.93352100354,3349.785509814958,2038374
2025-05-21,3344.094482421875,3354.717233116348,3318.0117219155986,3327.2117765824564,1440153
2025-05-22,3297.8095703125,3317.5376692737764,3273.4340900331863,3314.881923566922,2034383
2025-05-23,3333.47216796875,3352.820743852965,3286.9974249846496,3297.8098235860703,1274331
2025-05-26,3355.001953125,3362.3050800477968,3329.203777101799,3339.5419426934536,967470
2025-05-27,3318.391357421875,3357.5629717372003,3303.5954561426133,3349.9752588067204,2467680
2025-05-28,3317.442626953125,3347.1295977218288,3312.9848922760975,3338.593421360396,1222933
2025-05-29,3317.822509765625,3350.4495836467595,3306.820233088302,3324.0822341714443,3188072
2025-05-30,3284.910400390625,3325.97894134562,3275.1414056184462,3310.139637529337,3404365
2025-06-02,3272.011474609375,3281.6857620470387,3242.41944121709,3272.201121116267,1877585
2025-06-03,3229.710205078125,3294.4903553984063,3225.252469708444,3268.4075902412287,2848125
2025-06-04,3235.164306640625,3248.465279476926,3224.7342507303856,3242.9152450223373,2544807
2025-06-05,3225.78662109375,3262.0528233362247,3218.7054627680072,3262.0528233362247,3584683
2025-06-06,3238.322021484375,3244.7331673196672,3213.9212139850256,3225.7868448606714,2070390
2025-06-09,3274.39697265625,3285.975488762853,3244.7332451805223,3253.4410779830223,1718678
2025-06-10,3313.629638671875,3335.5426613582063,3275.6409764041855,3291.7168496023487,2419874
2025-06-11,3322.241455078125,3338.604442179547,3300.424450431947,3320.423449229873,2847013
2025-06-12,3286.16650390625,3324.920724772973,3275.6406661399797,3322.241373890929,4060134
2025-06-13,3297.1708984375,3301.76403815699,3246.933943792306,3246.933943792306,2178493
2025-06-16,3345.58984375,3357.742355566309,3278.511454741814,3291.7166438153617,1934088
2025-06-17,3363.77099609375,3368.2683531373627,3337.743514633776,3358.6994089523137,2111940
2025-06-18,3302.625244140625,3385.4923927635227,3294.683207501011,3367.4071820205213,2696327
2025-06-19,3276.406494140625,3302.2426434811027,3265.88065552043,3301.2857490610854,2672768
2025-06-20,3287.60205078125,3297.7452248908758,3263.871022884297,3277.3633274014865,2351248
2025-06-23,3247.31689453125,3277.3632849229502,3224.7340934862314,3267.7943410253647,3123421
2025-06-24,3244.25439453125,3293.726017546798,3236.2165757260095,3286.549310178985,3403048
2025-06-25,3296.309814453125,3301.2856185170967,3253.440899408153,3260.4262751214173,1757699
2025-06-26,3293.439453125,3302.625499921456,3268.0817495194324,3296.3101365520456,2879106
2025-06-27,3292.769287109375,3316.978527608251,3283.104560593004,3306.0700253129785,1778433
2025-06-30,3312.768310546875,3315.5432107745055,3282.1476906920225,3291.6208515129015,1468351
2025-07-01,3281.860595703125,3334.776901436363,3266.35895353028,3306.0700701470973,2375183
2025-07-02,3275.736328125,3339.4653488059707,3272.578530188305,3336.8817809002294,3090585
2025-07-03,3254.206298828125,3287.219153361651,3251.144283681705,3282.147566666478,2531870
2025-07-04,3272.387451171875,3279.2770439923584,3243.967734776887,3261.096050751665,1109320
2025-07-07,3264.63671875,3278.416138875185,3261.4789203702617,3270.952315509477,1639174
2025-07-08,3259.37353515625,3277.363195918518,3247.125240576613,3258.2253086430815,2325242
2025-07-09,3237.939453125,3266.837618492581,3221.863579808002,3263.010040732191,2034938
2025-07-10,3236.216796875,3252.484001353674,3211.33754296644,3234.303008112803,3035012
2025-07-11,3125.21728515625,3191.2430024482833,3120.528595780786,3157.655913683438,7635550
2025-07-14,3083.78369140625,3130.9586344245786,3062.062234156067,3125.217267735536,3924009
2025-07-15,3112.107666015625,3118.9014760029677,3067.8034091107847,3067.8034091107847,2590889
2025-07-16,3104.234375,3115.5638600833036,3092.2326031663256,3098.3774165813243,2540733
2025-07-17,3081.287109375,3112.779808234124,3076.390526695053,3095.5933632665156,2947640
2025-07-18,3062.756103515625,3100.105758589483,3059.9717861781455,3096.4571730230687,3432645
2025-07-21,3032.31982421875,3070.1495522628406,3026.3669918654064,3062.8523807267275,3844346
2025-07-22,3033.6640625,3053.3469689942053,3028.8633535989743,3033.6640625,3198036
2025-07-23,3052.38671875,3055.171036049811,3031.743671209123,3033.6639547012974,1922875
2025-07-24,3022.526611328125,3047.2022105424912,3014.845476356516,3038.945131093794,2934778
2025-07-25,3010.812744140625,3031.0715957495104,3001.019344529776,3014.845292873372,2568917
2025-07-28,2956.564697265625,2993.72213811463,2947.539223682625,2986.041003699968,3374473
2025-07-29,2934.193359375,2951.4759118844077,2919.9832137631183,2938.0339265993125,4785312
2025-07-30,2931.888916015625,2946.6750050729374,2925.7438682234083,2938.0337293982366,2880121
2025-07-31,2915.7587890625,2937.8420514011964,2894.827650050853,2920.4633903186314,2968371
2025-08-01,2883.3056640625,2915.758501968501,2880.4252388236764,2909.133383273443,2053847
2025-08-04,2951.859619140625,2956.660327755159,2872.360072011628,2889.1625521624956,2519252
2025-08-05,2941.7783203125,2954.836342347973,2920.751308991888,2951.859809051624,1927996
2025-08-06,2911.438232421875,2944.5631268588136,2905.389291773203,2940.9145408794843,1487081
2025-08-07,2925.552001953125,2929.9687479023937,2890.890789951502,2895.7876067904904,2543076
2025-08-08,2915.37451171875,2937.841970823321,2904.4289887975438,2926.6083584758467,2762140
2025-08-11,2919.59912109375,2928.3362704951187,2900.8763567070323,2915.3743566889298,1884215
2025-08-12,2914.414306640625,2972.9829560524563,2906.253101394714,2919.791194448837,3358232
2025-08-13,2915.1826171875,2923.055733419127,2907.8856798255947,2915.086743648966,2148166
2025-08-14,2901.83642578125,2934.0970475783347,2898.7640190971856,2913.0700372499637,3342174
2025-08-18,2891.178955078125,2927.4723621732833,2883.6898021204543,2925.072007661826,2945609
2025-08-19,2895.979736328125,2904.429031301108,2891.083153648401,2891.1790271854784,2650784
2025-08-20,2975.09521484375,2979.7037075526887,2890.8905988262018,2890.8905988262018,4952358
2025-08-21,2978.936279296875,3005.2440729447403,2960.2135127082415,3005.2440729447403,3230726
2025-08-22,2932.27294921875,2972.3108139224278,2928.4323821601793,2962.997485687316,1593791
2025-08-25,3015.42138671875,3026.366909314735,2954.4523833109183,2964.245782645686,3448370
2025-08-26,3031.35986328125,3035.9685911364395,2995.6426326203955,3004.283909445262,5522097
2025-08-28,2970.390625,3021.086158669707,2963.4776509563167,3019.645945976872,3116051
2025-08-29,2961.749267578125,2990.841610057071,2954.548204311535,2969.7184911417403,2271789
2025-09-01,2988.537353515625,3006.2999761800884,2966.8380558481663,2966.8380558481663,1246862
2025-09-02,2987.481201171875,3029.247369338668,2979.416103841445,2996.698656186325,2185229
2025-09-03,2974.0390625,3016.6692623196923,2964.917715899919,3005.1475613511693,1799774
2025-09-04,2972.310791015625,2993.7219990840686,2967.6061901689773,2991.8017155695825,1481391
2025-09-05,2926.80029296875,2979.703965451406,2907.885546409113,2973.655259644998,2802055
2025-09-08,2898.66796875,2942.7383816988513,2895.7875434746607,2928.4323632618416,2626187
2025-09-09,2927.8564453125,2938.034042622692,2909.997947659983,2911.246178939102,2489301
2025-09-10,2986.041015625,2998.2347696750494,2931.696895660388,2934.5773210773896,2079428
2025-09-11,2999.675048828125,3013.885194748687,2986.137189714118,3013.885194748687,2263446
2025-09-12,3008.50830078125,3023.198517586115,2996.6026359147436,3018.685897890405,1447167
2025-09-15,2987.865234375,3009.0844623500607,2972.5990732086116,3009.0844623500607,1732539
2025-09-16,3020.31787109375,3024.4465275211764,2985.176823514983,3003.323408916267,2573429
2025-09-17,3046.338134765625,3055.55535595913,3017.149681628776,3026.367137231914,2418271
2025-09-18,3050.08251953125,3075.334296666793,3035.392302577828,3058.0517436415034,2633138
2025-09-19,3042.88134765625,3053.730996885227,3018.685821162444,3043.6495079786732,4901694
2025-09-22,2951.283935546875,2983.0644887376598,2942.8346407567424,2971.6388949892716,3634901
2025-09-23,2940.338134765625,2957.9087764692863,2930.352753876681,2947.6353061603577,3177741
2025-09-24,2914.414306640625,2935.153463147022,2912.1100600997443,2928.432470591566,1625714
2025-09-25,2839.523193359375,2908.845617084501,2833.3783797594588,2901.548445826189,4974361
2025-09-26,2783.547119140625,2837.0269692313786,2776.057966398974,2823.7769658283983,3934636
2025-09-29,2780.666748046875,2812.5434087793974,2778.6503565122343,2799.773476015783,3110035
2025-09-30,2773.273193359375,2799.101145742985,2770.1049132760872,2794.9724895498107,2253458
2025-10-01,2798.045166015625,2808.222762784315,2752.342557318892,2775.7699233020426,1952902
2025-10-03,2786.235107421875,2807.454332770607,2775.8657645822723,2807.454332770607,2899519
2025-10-06,2869.28759765625,2874.2805224330996,2780.18662812204,2786.331441741774,2112774
2025-10-07,2855.17333984375,2884.7457512248284,2837.6988077034384,2875.624405031906,3062943
2025-10-08,2906.54150390625,2921.711792761769,2849.7011504820675,2856.422143761506,4121889
2025-10-09,2939.666015625,2943.794672125363,2899.628150625765,2913.070135429991,3211304
2025-10-10,2907.59716796875,2947.635030127983,2887.049994865423,2928.432196055488,8817365
2025-10-13,2887.338134765625,2914.510192335436,2878.6968592818434,2906.348987711864,2866865
2025-10-14,2842.3076171875,2906.541005318549,2837.6988899902512,2900.588173459837,3611416
2025-10-15,2862.064208984375,2871.6049712258155,2843.946172081733,2863.2206293645645,4282226
2025-10-16,2862.931396484375,2867.0754517571395,2836.332787245134,2862.160371154854,3251495
2025-10-17,2854.73974609375,2880.374867719902,2848.1863837329993,2862.2568312933195,4374683
2025-10-20,2905.81689453125,2913.333979311689,2870.4483153754104,2877.1943748710046,3133039
2025-10-21,2897.625244140625,2921.814780103732,2887.313457420898,2921.140221212513,310644
2025-10-23,2961.713134765625,2985.613509464342,2925.959156761946,2944.1734252464703,5564758
2025-10-24,2952.07568359375,2977.9035021252716,2947.3535359078196,2968.2662739630537,2684318
2025-10-27,2972.98828125,2981.9509500743798,2949.184375870237,2955.2558763824863,1946312
2025-10-28,2946.968017578125,2978.096312781555,2929.9101701396817,2964.4114953280427,3470737
2025-10-29,2946.67919921875,2964.4116062609737,2935.5963859963827,2946.9681278582934,2895420
2025-10-30,2925.187744140625,2952.653842834952,2922.778437237614,2938.487165302022,2241536
2025-10-31,2947.064208984375,2956.1231088421955,2915.357824198127,2924.898585437403,1868085
2025-11-03,2907.35888671875,2947.0642176101555,2900.805524854993,2936.3668007969727,2194877
2025-11-04,2881.723876953125,2919.4055326440953,2868.039060214524,2910.0574685167057,2670720
2025-11-06,2901.6728515625,2914.2977142131544,2881.531139384038,2881.627605776501,2542721
2025-11-07,2883.265869140625,2895.023240036059,2853.1012989769483,2892.1320716871546,1830520
2025-11-10,2915.4541015625,2937.3305615709287,2883.4585523829414,2884.422275161144,1556656
2025-11-11,2936.46337890625,2944.847720230334,2908.5154176367123,2934.5359333014544,2806868
2025-11-12,3018.18701171875,3022.619995280987,2946.1969680097523,2948.991669923252,4460315
2025-11-13,2993.033935546875,3018.2834265472866,2989.4682081451956,3018.1871954349617,1740435
2025-11-14,2993.322998046875,3000.1655239975616,2965.6642009169345,2977.9034333434784,2210794
2025-11-17,2989.660888671875,3010.188231818854,2974.626953832486,2993.323082448971,2232853
2025-11-18,2975.10888671875,2992.3594315179676,2966.338914722159,2989.4682629851,2548350
2025-11-19,3033.510009765625,3040.545232796858,2971.639057156612,2984.6493140956795,3151053
2025-11-20,3030.715576171875,3049.7008686990343,3024.2586803244717,3033.79944214396,2700767
2025-11-21,3036.30517578125,3055.0013041600305,3021.463703354114,3030.715536432949,4177037
2025-11-24,3027.24609375,3063.578397230728,3017.4161679823073,3043.4366842823783,6703764
2025-11-25,3006.044189453125,3035.534202019235,3001.996600643867,3031.1974493056246,2737920
2025-11-26,3048.158935546875,3062.711244826224,3003.9241504478728,3005.658898650244,2508527
2025-11-27,3022.81298828125,3064.6384631299097,3011.6337098367826,3064.6384631299097,2836233
2025-11-28,3023.68017578125,3033.12470593688,3011.6336412163846,3026.089482694223,1616690
2025-12-01,3019.72900390625,3039.581788202742,3008.935355329588,3024.0657566161144,1747647
2025-12-02,3021.945556640625,3029.9445029896465,3007.200550647543,3017.4161065078188,2512003
2025-12-03,3064.638427734375,3095.3810901757683,3025.125793917674,3026.089516693691,3952112
2025-12-04,3112.053466796875,3132.0989471151875,3071.769808666434,3078.13047294951,5025905
2025-12-05,3120.72705078125,3152.915532717371,3105.5001838412545,3112.824571063191,5244013
2025-12-08,3119.088623046875,3141.639640868843,3092.200852929616,3125.3528208067405,2544725
2025-12-09,3091.912109375,3116.3905759892023,3065.7951256660695,3112.8248484517812,2734893
2025-12-10,3073.5048828125,3108.0062080861744,3062.807700289892,3108.0062080861744,1386849
2025-12-11,3076.10693359375,3092.0083609433445,3038.714674477584,3088.73179730002,1914362
2025-12-12,3103.669189453125,3106.078496384854,3070.131589906683,3081.696263178982,1146554
2025-12-15,3113.017333984375,3120.727116365754,3081.31094805451,3094.610369719165,1562190
2025-12-16,3088.828125,3103.187500999765,3075.3360054304358,3103.187500999765,1734623
2025-12-17,3101.067138671875,3119.474102184826,3084.394687896739,3084.394687896739,1376350
2025-12-18,3161.78173828125,3168.5277977297296,3104.1510690788923,3110.897128527372,2307422
2025-12-19,3162.938232421875,3197.5357868591873,3159.854366515901,3179.3215200364916,3902511
2025-12-22,3204.281982421875,3207.8479451634685,3171.6118722000997,3189.9226061933546,2632816
2025-12-23,3189.92236328125,3199.4631245744913,3174.0209376032617,3199.4631245744913,2365420
2025-12-24,3198.595947265625,3206.4021959958864,3176.5267894381177,3184.236571775606,1367708
2025-12-26,3161.0107421875,3199.5596536775915,3153.108262388808,3192.910060559104,1176664
2025-12-29,3133.544677734375,3168.7205598617948,3125.2565675579217,3161.010777477703,2079473
2025-12-30,3129.01513671875,3148.9641510011397,3121.9799134409154,3132.099002526,2807593
2025-12-31,3089.887939453125,3128.2441532690227,3082.4673210816295,3122.461816571668,3362634
2026-01-01,3110.31884765625,3116.775978595714,3082.1781891606697,3098.368779137981,1255735
2026-01-02,3132.773681640625,3136.243177859361,3102.7055771191704,3116.6795578205924,1184324
2026-01-05,3099.428955078125,3129.207895137578,3075.2394189664337,3122.94369701057,2341703
2026-01-06,3137.688720703125,3144.8201752673103,3088.7315556964636,3093.550169667909,2912325
2026-01-07,3176.044921875,3180.8635358265738,3106.271250685878,3125.2565425983025,1989442
2026-01-08,3087.671142578125,3167.6601287029757,3066.5657090274044,3167.6601287029757,4159336
2026-01-09,3091.43017578125,3112.5356118812538,3075.239584998998,3075.239584998998,1938673
2026-01-12,3122.076416015625,3134.026484388671,3059.145271347969,3086.804068110982,2228342
2026-01-13,3149.446044921875,3161.0107182814413,3094.0319850739534,3127.2804209827063,5645341
2026-01-14,3076.684814453125,3141.736098705462,3067.529448521315,3141.736098705462,3539511
2026-01-15,3076.684814453125,3076.684814453125,3076.684814453125,3076.684814453125,0
2026-01-16,3146.54931640625,3161.464149941515,3111.519017760894,3159.0110444402844,4293470
2026-01-19,3104.258056640625,3159.600023336744,3092.973770842994,3128.2002715520307,3387562
2026-01-20,3044.10791015625,3100.7255406282875,3033.118044759914,3092.4832014713097,4499273
2026-01-21,3064.027099609375,3079.6287553253787,3024.188569033875,3041.8509292683366,2015150
2026-01-22,3091.305419921875,3100.7254411371077,3063.7326570458863,3090.9130188550284,2269827
2026-01-23,3103.178466796875,3134.578217290946,3092.875423666008,3130.457047950816,2068857
2026-01-27,3098.762939453125,3115.4440572399217,3071.2881572160486,3115.4440572399217,4279874
2026-01-28,3140.073486328125,3145.0776781720924,3111.1268393421374,3116.425451779539,2751234
2026-01-29,3085.41796875,3140.07335254898,3066.9708064954257,3140.07335254898,2457641
2026-01-30,3065.302734375,3082.082073579965,3034.001200735196,3082.082073579965,3022068
2026-02-02,3110.1455078125,3138.0126916764966,3075.2131881532646,3138.0126916764966,2636272
2026-02-03,3164.80078125,3287.1616459496977,3126.532332237451,3287.1616459496977,4366060
2026-02-04,2942.84375,3061.475843095512,2929.9893806035893,3061.475843095512,10852595
2026-02-05,2935.38623046875,2972.869637012123,2916.5464269268496,2933.9143670738968,3521545
2026-02-06,2886.422119140625,2929.0079343210614,2861.302223276454,2920.765595757455,4687389
2026-02-09,2892.8984375,2921.15826303242,2882.3991930324937,2903.5941220720847,2380318
2026-02-10,2928.61572265625,2955.109263473934,2888.2865702537815,2894.468444356794,3547763
2026-02-11,2855.21875,2941.76426862986,2849.723697569715,2924.1019081110685,3363513
2026-02-12,2698.514404296875,2825.977676593803,2688.603761759382,2815.9690535680857,10612156
2026-02-13,2641.700439453125,2662.110326952746,2536.5113141072056,2536.5113141072056,11168735
2026-02-16,2655.830322265625,2668.7826718221954,2620.898002964758,2649.3540277067937,2918730
2026-02-17,2666.427490234375,2708.228504276998,2644.6439610469733,2665.0538469624375,4209118
2026-02-18,2644.349609375,2678.7913077273606,2607.4550449905755,2678.7913077273606,2950820
2026-02-19,2627.66845703125,2697.140454434555,2616.5806115438327,2657.2039438116426,3238849
2026-02-20,2635.81298828125,2651.905505554349,2597.838959616639,2616.973184248376,2293482
2026-02-23,2626.0986328125,2653.2789947204583,2610.3005370564806,2635.616634548502,4699596
2026-02-24,2525.423095703125,2597.8388206557183,2513.255787797201,2591.460746119642,7798833
2026-02-25,2579.980224609375,2604.4130601353972,2546.3235684513456,2547.3048106742554,3621285
2026-02-26,2598.03515625,2620.8981494569975,2585.573427113137,2600.292061423079,3464267
2026-02-27,2587.92822265625,2638.168017666852,2576.8403768444346,2631.299321894741,5083717
2026-03-02,2564.4765625,2574.5834053591284,2531.8993684474203,2543.37985460111,3374385
2026-03-04,2539.2587890625,2585.5733762002424,2531.997452542583,2575.7609535201655,3446434
2026-03-05,2530.427490234375,2560.551578540278,2498.6350985020495,2551.229777430436,2960636
2026-03-06,2509.625244140625,2570.069622274581,2505.7002751879877,2523.7550365456814,3998643
2026-03-09,2479.99169921875,2511.9802941008847,2458.0119674698108,2482.54302502939,3653428
2026-03-10,2465.9599609375,2497.45769299971,2443.39138949283,2493.3365235176843,4323710
2026-03-11,2418.6640625,2473.711851651557,2413.954291083466,2461.053921737681,2720664
2026-03-12,2396.5859375,2426.513825649523,2390.3060830242093,2413.6596961153996,2752075
2026-03-13,2365.284423828125,2400.0203033629555,2352.0376535639975,2391.287343235487,2466488
2026-03-16,2364.0087890625,2379.5124645789865,2321.7173916761253,2364.793830777467,3807907
2026-03-17,2346.837158203125,2374.6063631722786,2315.7318252423875,2374.6063631722786,2993367
2026-03-18,2395.01611328125,2436.326267951688,2364.793804301608,2364.793804301608,3082388
2026-03-19,2311.806640625,2378.5311107279285,2306.115387909886,2371.6624152761565,2757060
2026-03-20,2345.7578125,2362.6351312433567,2319.8528734315287,2341.2440023374425,4206320
2026-03-23,2339.085205078125,2361.6537756859007,2303.956686393805,2320.6378037995523,3860515
2026-03-24,2353.803955078125,2389.7172776589064,2334.47353068287,2359.0045869106293,3420182
2026-03-25,2332.80517578125,2376.1762738846405,2325.3478785890734,2355.864368126978,5843778
2026-03-27,2344.97265625,2376.6668272056972,2340.262645780238,2358.8080275261386,4979411
2026-03-30,2314.652099609375,2353.0187649541185,2302.1903717438945,2330.5484146912077,6804756
2026-04-01,2363.02734375,2425.6306420517385,2352.9205014959025,2383.437228779803,4132661
2026-04-02,2404.730224609375,2423.570027038862,2331.1370592120925,2341.24390183887,5378361
2026-04-06,2427.4951171875,2435.4432752720936,2402.2772391631793,2427.593337237373,2572417
2026-04-07,2492.1591796875,2496.182129281132,2402.0810908677395,2414.837240451596,4516550
2026-04-08,2511.195068359375,2531.899375247164,2492.453485493659,2523.755016821873,4769337
2026-04-09,2540.436279296875,2556.136155878084,2483.622446743067,2506.0927992754805,5628261
2026-04-10,2476.94970703125,2517.671257898199,2454.1849361455575,2517.671257898199,10480239
2026-04-13,2426.2197265625,2457.9136601554055,2423.6684008424363,2443.195026142192,3739587
2026-04-15,2506.975830078125,2510.9990192902537,2446.629429262826,2454.9699887251027,5261384
2026-04-16,2528.56298828125,2545.3423261167095,2510.0176060935014,2523.754997213638,3905403
2026-04-17,2533.07666015625,2540.435976426315,2507.9567647966655,2521.7923752088177,2718206
2026-04-20,2531.212646484375,2545.3424392975157,2513.15764504414,2538.571963483115,2288558
2026-04-21,2561.532958984375,2564.9673069470045,2511.9802240950007,2511.9802240950007,2719959
2026-04-22,2490.883544921875,2531.6050998221144,2456.6382849386455,2531.6050998221144,5232045
2026-04-23,2474.496826171875,2511.4896121641627,2469.0999936393873,2481.5617226658205,2509050
2026-04-24,2351.939453125,2458.0118361710306,2343.991534636913,2441.3307179215667,5107719
2026-04-27,2401.6884765625,2412.874541687738,2351.9393059532576,2351.9393059532576,5853425
2026-04-28,2398.8427734375,2440.349366669426,2381.867235359066,2398.155951805419,4508363
2026-04-29,2428.280029296875,2441.2323784506298,2401.688509360205,2405.024637022461,2835961
2026-04-30,2427.4951171875,2444.2744555611544,2392.26861608113,2432.4995485090735,3970446
2026-05-01,2427.4951171875,2427.4951171875,2427.4951171875,2427.4951171875,0
2026-05-04,2385.6943359375,2451.4375668418284,2379.512461835769,2447.2181772447047,2632358
2026-05-05,2381.76953125,2414.248508305356,2366.9526763935437,2384.418837601779,3385720
2026-05-06,2389.71728515625,2424.6496051586114,2361.3594798924314,2396.0953597954776,3147628
2026-05-07,2356.35498046875,2393.9366055534624,2353.018852732181,2392.4647422177254,5829594
2026-05-08,2349.486083984375,2361.8498307717123,2330.5483023329007,2353.018651512491,3792199
2026-05-11,2348.014404296875,2369.699953108347,2326.5252955775945,2326.5252955775945,1975188
2026-05-12,2257.151611328125,2330.450360002076,2240.176072372522,2330.450360002076,6347884
2026-05-13,2230.167236328125,2265.8843552424923,2226.4384681959255,2262.7444282326155,3171843
2026-05-14,2203.8701171875,2222.513720137884,2165.012827845418,2222.513720137884,5633313
2026-05-15,2221.532470703125,2261.665183205434,2209.7575636145925,2209.7575636145925,3410637
2026-05-18,2240.3720703125,2249.8900714309348,2209.953563101145,2221.5322685970373,3773336
2026-05-19,2283.448974609375,2333.0017090765828,2254.0117066090534,2256.857213357978,10394707
2026-05-20,2283.7431640625,2298.0693970332622,2274.3233820043192,2280.308816116464,2537422
2026-05-21,2283.546875,2292.0836345084317,2270.594525446405,2287.275643394801,3299087
2026-05-22,2273.83251953125,2296.1066687906364,2264.805139514887,2287.373709336333,2617262
2026-05-25,2295.61328125,2313.415817804508,2280.496215777924,2312.3217190072714,3298364
2026-05-26,2263.78759765625,2315.205623652634,2260.008270887014,2295.613098349941,3587597
2026-05-27,2271.744140625,2283.0821217701528,2248.571147658945,2262.5943570616037,2653950
2026-05-28,2271.744140625,2271.744140625,2271.744140625,2271.744140625,0
2026-05-29,2246.58203125,2321.2726050840133,2222.81245602518,2278.507085795833,16331582
2026-06-01,2284.8720703125,2322.267132829976,2267.5670504720965,2271.5452382799426,7505095
2026-06-02,2433.556884765625,2443.9996279549005,2303.569644295269,2307.34897134468,11306127
2026-06-03,2229.475830078125,2379.9508308808004,2212.6680838914085,2379.9508308808004,15660062
2026-06-04,2228.77978515625,2240.8139007540485,2204.5129359355733,2229.4759194813155,4867263
2026-06-05,2186.9091796875,2259.4117976453776,2180.0469028924485,2250.560184151513,5019717
2026-06-08,2139.668212890625,2165.128711955583,2131.6125282744956,2158.1668832997775,6536734
2026-06-09,2139.2705078125,2162.145087858845,2121.169801728995,2162.145087858845,4148655
2026-06-10,2142.154541015625,2168.907999188303,2133.1043096144995,2139.568864676436,2848650
2026-06-11,2123.95458984375,2142.8509821277357,2098.494090484758,2115.4013888441136,3079815
2026-06-12,2149.61376953125,2156.177876796519,2126.3414670622496,2138.276030955957,2124656
2026-06-15,2150.21044921875,2180.046856932239,2147.525221086398,2180.046856932239,3337083
2026-06-16,2187.0087890625,2196.954258771743,2148.818282502735,2155.183285992923,3079898
2026-06-17,2210.8779296875,2218.8343055028395,2188.6994835403766,2196.9542720106556,2865010
2026-06-18,2191.285400390625,2201.927004470057,2170.101501243751,2196.9542695909468,3735188
2026-06-19,2113.412353515625,2126.341464384191,2048.6672473500757,2093.521413717831,13286502
2026-06-22,2116.197021484375,2145.237743488044,2109.434053749718,2120.5729308842238,4566101
2026-06-23,2048.368896484375,2102.4721508294924,2043.7938836114508,2099.4885101234904,6392736
2026-06-24,2097.49951171875,2109.1356624395376,2049.7612582514666,2049.7612582514666,4747277
2026-06-25,2083.27734375,2136.78401555451,2076.61392807904,2121.965363861958,4738903
2026-06-26,2083.27734375,2083.27734375,2083.27734375,2083.27734375,0
2026-06-29,2086.4599609375,2093.521341445675,2059.706744956766,2078.6031371123327,3412470
2026-06-30,2020.422119140625,2092.8251853118586,2007.791421498655,2078.60311543387,6848411
2026-07-01,1971.788818359375,2040.8104030555382,1966.0205187179013,2028.776408877907,4658295
2026-07-02,2056.82275390625,2065.5745732846704,1991.580373389582,1997.0503819057583,6040621
2026-07-03,2082.083984375,2105.0581154318793,2073.6303355251375,2088.5485393778363,4028819
2026-07-06,2046.3798828125,2081.5867473982344,2039.4180542258837,2078.6031065753987,2567386
2026-07-07,2084.669921875,2111.124724588052,2037.8266642409067,2038.8212111731864,4769048
2026-07-08,2046.2803955078125,2098.1956989000228,2037.6278854106638,2082.5813599967723,3666985
2026-07-09,2038.323974609375,2053.7394523387943,2005.006651774823,2046.280350211656,3791498
2026-07-10,2057.717529296875,2121.666943317309,2053.341620075063,2093.7200783959847,6714551
2026-07-13,2169.604248046875,2192.8765503750355,2053.8390761022306,2063.684994131224,12382622
2026-07-14,2188.60009765625,2215.850586742918,2167.1177865856457,2170.996422535663,9546290
2026-07-15,2189.199951171875,2202.89990234375,2145.39990234375,2174.10009765625,5426489
2026-07-16,2201.0,2231.39990234375,2187.800048828125,2206.0,5197595
2026-07-17,2269.0,2275.0,2215.10009765625,2224.800048828125,5615138
2026-07-20,2251.10009765625,2283.39990234375,2245.10009765625,2280.10009765625,2202693
2026-07-21,2221.10009765625,2259.89990234375,2218.5,2245.10009765625,2382160
2026-07-22,2208.300048828125,2226.800048828125,2201.0,2216.0,1599665
2026-07-23,2242.89990234375,2250.0,2193.60009765625,2204.0,2503539
2026-07-24,2254.300048828125,2264.300048828125,2205.10009765625,2205.10009765625,3211699
2026-07-27,2295.60009765625,2315.0,2272.39990234375,2286.0,4007292
2026-07-28,2398.0,2417.39990234375,2323.0,2325.0,8248513
2026-07-29,2446.60009765625,2475.5,2415.10009765625,2440.0,7169419
2026-07-30,2431.800048828125,2495.0,2423.0,2440.0,4901582
2026-07-31,2365.60009765625,2391.0,2326.10009765625,2385.0,4343683
