Price,Close,High,Low,Open,Volume
Ticker,HDFCBANK.NS,HDFCBANK.NS,HDFCBANK.NS,HDFCBANK.NS,HDFCBANK.NS
Date,,,,,
01-01-2018,425.65,431.67,424.73,429.83,6580516
02-01-2018,429.75,430.35,426.58,426.58,4776316
03-01-2018,425.22,431.10,424.89,430.35,4531288
04-01-2018,426.89,428.17,425.30,425.30,2373776
05-01-2018,427.74,428.76,425.89,427.60,2870868
08-01-2018,427.05,429.37,426.40,428.06,4570308
09-01-2018,427.76,429.17,425.76,427.37,5305528
10-01-2018,427.88,428.72,426.29,428.10,4615888
11-01-2018,429.79,430.58,426.05,427.88,4059096
12-01-2018,428.13,431.08,426.91,429.90,4336708
15-01-2018,435.58,437.10,426.88,429.20,12576444
16-01-2018,436.13,438.39,432.71,436.88,6445384
17-01-2018,433.91,436.68,433.11,435.40,2905496
18-01-2018,443.96,448.49,440.24,441.60,16649540
19-01-2018,448.07,449.84,440.51,444.16,11455988
22-01-2018,450.63,456.29,448.29,449.86,8849768
23-01-2018,447.87,451.40,446.03,451.01,5047796
24-01-2018,449.32,451.93,447.71,448.15,4790568
25-01-2018,453.30,454.45,447.68,448.46,8723668
29-01-2018,458.96,460.64,454.00,454.00,8235892
30-01-2018,458.01,459.48,455.41,458.54,6397560
31-01-2018,460.35,462.14,456.06,456.61,6943348
01-02-2018,457.01,462.49,455.67,460.42,6521420
02-02-2018,447.11,456.73,445.62,455.83,7346124
05-02-2018,439.27,444.18,437.43,440.22,7926784
06-02-2018,435.36,438.85,421.47,426.91,10749804
07-02-2018,429.85,437.70,427.46,437.70,8364972
08-02-2018,431.72,435.77,428.40,432.42,5171444
09-02-2018,424.50,427.99,423.26,424.13,6408952
12-02-2018,430.73,432.88,425.80,426.91,4381108
14-02-2018,432.22,435.61,430.27,433.75,3577188
15-02-2018,431.94,434.89,430.35,433.73,4915224
16-02-2018,431.18,434.91,430.50,432.40,3583520
19-02-2018,431.09,433.25,426.69,432.10,3654552
20-02-2018,427.65,432.84,426.64,432.59,4084068
21-02-2018,426.31,428.87,425.12,428.74,2753072
22-02-2018,425.35,426.91,422.68,424.62,13253596
23-02-2018,431.63,432.62,424.71,426.20,4076748
26-02-2018,438.74,439.49,432.32,433.36,4788884
27-02-2018,436.68,441.08,436.09,439.48,4787328
28-02-2018,432.47,435.05,431.04,433.69,4066364
01-03-2018,430.21,434.55,428.75,431.34,3909840
05-03-2018,429.20,431.04,426.51,430.16,3781464
06-03-2018,423.76,431.48,422.21,429.21,4576828
07-03-2018,420.62,425.40,419.68,422.32,5628164
08-03-2018,425.27,426.57,420.48,422.28,5518724
09-03-2018,424.86,428.12,423.24,425.75,4108108
12-03-2018,428.58,429.08,425.40,426.96,6557116
13-03-2018,426.97,432.59,425.76,428.62,5124200
14-03-2018,427.94,428.72,424.16,425.99,3680392
15-03-2018,431.69,433.22,428.10,428.10,5870924
16-03-2018,425.30,431.75,423.82,431.50,7896336
19-03-2018,423.98,426.91,423.04,425.30,7838740
20-03-2018,422.21,425.97,421.23,423.49,3657372
21-03-2018,426.66,427.65,423.08,424.16,5921140
22-03-2018,428.69,431.50,425.79,426.66,6673224
23-03-2018,422.68,425.33,421.69,423.85,7190152
26-03-2018,434.59,436.09,420.83,422.30,10501768
27-03-2018,434.39,435.86,430.58,434.67,6136836
28-03-2018,432.90,436.02,430.60,432.18,8837508
02-04-2018,443.25,444.30,433.91,433.91,4596368
03-04-2018,439.74,441.99,438.62,441.59,4079884
04-04-2018,432.25,441.82,431.15,439.06,3714108
05-04-2018,438.14,439.31,433.84,436.39,4858892
06-04-2018,441.46,442.16,437.42,438.89,3720008
09-04-2018,445.06,445.73,439.86,440.41,4003536
10-04-2018,440.88,445.96,439.19,445.96,6067236
11-04-2018,440.42,440.68,437.33,439.74,2870812
12-04-2018,442.70,443.64,437.45,439.76,4712516
13-04-2018,441.83,445.27,440.48,442.52,3297172
16-04-2018,445.76,447.57,440.65,440.68,2847744
17-04-2018,447.22,447.80,443.92,446.08,2667832
18-04-2018,443.57,448.37,442.99,447.80,2712720
19-04-2018,445.04,446.37,443.67,445.27,3169032
20-04-2018,448.92,450.09,443.47,445.50,9361380
23-04-2018,444.30,454.22,426.98,454.22,15304620
24-04-2018,444.13,447.12,442.06,444.13,5037416
25-04-2018,440.85,444.81,438.85,442.50,4020592
26-04-2018,443.04,445.09,438.67,439.95,7847480
27-04-2018,441.46,444.24,438.96,443.67,5777008
30-04-2018,446.26,448.67,442.70,442.98,4609552
02-05-2018,452.04,454.00,446.65,447.57,7100048
03-05-2018,451.68,453.28,446.65,451.71,4152772
04-05-2018,456.40,456.75,451.31,452.16,6881436
07-05-2018,453.86,456.13,453.31,454.83,5264128
08-05-2018,451.48,454.43,448.62,454.28,7100564
09-05-2018,454.09,454.57,448.98,448.98,4327332
10-05-2018,457.37,458.81,454.91,456.43,7171672
11-05-2018,461.74,462.95,455.83,457.37,6057068
14-05-2018,464.04,465.33,461.89,462.99,4742916
15-05-2018,467.72,473.96,465.17,465.25,9826684
16-05-2018,464.40,470.29,462.98,466.06,6841604
17-05-2018,465.41,469.25,461.91,464.52,6615476
18-05-2018,461.83,464.71,459.85,464.71,5217460
21-05-2018,457.45,463.86,455.84,462.74,4848108
22-05-2018,456.73,462.25,455.72,458.75,3960372
23-05-2018,451.59,457.67,450.64,456.24,5726292
24-05-2018,455.83,456.81,449.03,451.49,4520744
25-05-2018,461.04,462.72,456.73,456.75,4759588
28-05-2018,468.73,470.98,460.42,460.83,5103940
29-05-2018,466.53,471.14,465.65,467.77,3351244
30-05-2018,470.14,471.21,462.79,463.57,4866996
31-05-2018,494.19,498.93,480.46,485.08,39639192
01-06-2018,487.52,493.85,485.31,488.77,21151356
04-06-2018,472.65,498.24,470.74,496.62,88796324
05-06-2018,476.67,477.44,467.29,473.53,17105460
06-06-2018,475.22,476.94,472.37,475.88,9782000
07-06-2018,476.34,480.41,474.27,478.88,10563896
08-06-2018,473.38,476.12,470.06,475.60,6180888
11-06-2018,471.75,476.52,470.94,473.96,7091188
12-06-2018,472.11,474.15,470.85,473.96,5234256
13-06-2018,469.24,474.63,467.54,473.99,7897960
14-06-2018,470.62,472.37,467.75,468.91,16927576
15-06-2018,468.81,470.96,467.13,467.98,10880816
18-06-2018,466.40,470.94,464.08,468.93,7487404
19-06-2018,467.40,471.38,466.43,467.74,10981152
20-06-2018,474.95,475.37,467.75,467.98,9051712
21-06-2018,475.28,478.33,472.84,475.84,13510704
22-06-2018,481.23,482.49,473.49,475.13,7848980
25-06-2018,483.91,484.57,478.85,481.16,6992336
26-06-2018,483.62,485.77,480.42,481.85,9161932
27-06-2018,487.99,489.58,482.77,483.46,19126804
28-06-2018,492.20,494.31,487.66,488.54,37533540
29-06-2018,487.03,494.31,486.25,490.09,19458120
02-07-2018,478.90,487.02,476.59,487.00,9864876
03-07-2018,478.19,481.61,477.13,478.90,6863100
04-07-2018,485.90,486.93,477.91,479.59,6097992
05-07-2018,490.56,491.77,483.35,486.23,9735968
06-07-2018,488.57,493.29,487.70,488.15,8121344
09-07-2018,491.00,492.00,486.87,490.12,6182296
10-07-2018,495.79,496.53,490.85,491.98,10950736
11-07-2018,496.22,497.94,493.11,495.48,5857920
12-07-2018,500.31,503.52,497.09,497.29,8020668
13-07-2018,503.76,506.05,499.65,500.87,7161188
16-07-2018,500.98,505.88,499.80,503.42,9017336
17-07-2018,502.80,503.79,499.69,499.69,6361924
18-07-2018,502.68,512.79,502.09,505.17,17460272
19-07-2018,504.96,506.67,501.48,504.25,5304776
20-07-2018,505.64,508.83,501.50,504.96,10006964
23-07-2018,498.11,503.09,493.86,496.62,16880132
24-07-2018,498.88,501.01,495.93,495.93,5208792
25-07-2018,501.33,502.82,498.93,500.01,7038616
26-07-2018,506.46,508.97,500.09,500.09,21281092
27-07-2018,508.67,510.93,504.64,508.62,10554596
30-07-2018,501.22,507.94,498.80,507.94,7169120
31-07-2018,503.44,504.92,496.64,498.93,8860944
01-08-2018,498.63,502.40,497.02,499.58,6071560
02-08-2018,492.05,497.48,490.01,497.43,8905704
03-08-2018,490.08,495.94,488.31,492.82,13604008
06-08-2018,488.38,493.71,486.48,489.93,5744632
07-08-2018,492.21,493.04,486.92,490.85,7428456
08-08-2018,493.47,497.04,492.71,493.36,9945380
09-08-2018,489.35,494.78,483.84,494.78,8944408
10-08-2018,488.41,490.57,484.61,490.50,5442940
13-08-2018,483.15,485.99,480.46,481.38,10054252
14-08-2018,482.56,486.23,482.12,484.61,4935964
16-08-2018,479.46,482.00,477.31,481.15,10625160
17-08-2018,479.84,483.47,478.53,481.13,6065328
20-08-2018,484.20,486.83,479.30,479.30,7811136
21-08-2018,484.16,487.85,483.38,484.61,7776320
23-08-2018,480.43,486.69,479.73,486.23,12574552
24-08-2018,478.11,483.60,477.23,478.38,9714628
27-08-2018,480.56,482.42,478.20,479.76,12574788
28-08-2018,483.89,484.67,480.18,482.30,9973532
29-08-2018,480.11,483.70,478.78,483.26,9873692
30-08-2018,477.24,482.28,476.26,481.29,21827460
31-08-2018,476.11,480.17,475.43,477.96,15771500
03-09-2018,479.31,480.21,476.64,478.01,7661608
04-09-2018,473.94,479.98,473.29,479.74,7130536
05-09-2018,472.57,475.88,470.19,474.40,5641508
06-09-2018,474.03,475.60,469.51,473.29,10402412
07-09-2018,475.13,475.84,471.39,473.76,5919300
10-09-2018,471.48,474.68,467.77,474.68,8598592
11-09-2018,462.07,473.06,460.63,472.67,18186536
12-09-2018,464.71,466.91,459.56,462.42,12246008
14-09-2018,468.81,470.62,466.35,466.56,10334672
17-09-2018,460.17,467.28,459.20,466.90,9338220
18-09-2018,459.48,464.25,457.58,460.80,9325736
19-09-2018,453.05,461.51,451.93,460.79,16712264
21-09-2018,455.10,461.94,441.23,455.95,22610148
24-09-2018,444.81,455.55,442.34,454.41,13390792
25-09-2018,450.98,453.20,442.34,444.81,16682552
26-09-2018,454.63,456.89,451.65,453.42,14726724
27-09-2018,456.47,458.74,451.62,454.91,18352208
28-09-2018,463.37,465.55,456.70,457.51,14460716
01-10-2018,470.17,471.68,461.47,464.24,12449588
03-10-2018,469.17,474.03,463.59,469.01,15332148
04-10-2018,452.22,466.09,448.81,463.82,17970584
05-10-2018,453.96,459.67,448.15,451.34,15729180
08-10-2018,449.27,454.82,445.81,453.89,20128020
09-10-2018,448.26,453.89,445.81,449.13,12459364
10-10-2018,454.39,457.88,447.08,449.27,15939932
11-10-2018,447.55,450.03,442.94,444.65,14359904
12-10-2018,457.78,461.31,448.58,449.27,9600320
15-10-2018,463.84,464.47,455.12,459.67,12585968
16-10-2018,460.30,466.18,459.09,462.67,9406004
17-10-2018,456.11,464.98,453.55,463.39,7940796
19-10-2018,454.53,457.55,452.27,452.48,9867348
22-10-2018,461.72,466.60,459.34,465.21,20331160
23-10-2018,458.48,461.72,455.74,455.74,19428564
24-10-2018,460.19,464.01,455.65,462.90,18072336
25-10-2018,454.77,462.81,453.30,455.88,29847056
26-10-2018,453.01,456.71,450.20,454.77,15155712
29-10-2018,444.95,453.88,437.77,453.68,17044280
30-10-2018,441.82,446.27,438.72,444.65,13828704
31-10-2018,441.59,443.01,435.41,439.35,23449404
01-11-2018,441.70,445.81,437.95,445.81,19629052
02-11-2018,450.30,452.74,441.65,444.88,30092868
05-11-2018,451.81,452.66,447.66,450.40,5705296
06-11-2018,449.63,456.43,448.80,451.58,8485588
07-11-2018,452.26,453.88,450.43,452.97,958760
09-11-2018,449.36,452.71,447.26,452.32,10101620
12-11-2018,443.74,453.20,442.84,450.77,7907764
13-11-2018,445.29,447.59,440.77,443.27,13350420
14-11-2018,452.22,452.74,447.33,447.78,26110636
15-11-2018,456.24,456.73,446.08,453.18,10392524
16-11-2018,462.97,464.98,457.36,457.59,15813216
19-11-2018,465.19,466.83,462.42,464.52,12286428
20-11-2018,464.85,466.50,461.76,464.98,5705168
21-11-2018,466.31,467.51,462.90,464.92,6545604
22-11-2018,463.25,470.06,462.01,465.04,12974552
26-11-2018,473.48,473.99,464.76,465.19,18184436
27-11-2018,476.76,477.66,471.39,471.46,12895440
28-11-2018,482.59,484.75,475.86,476.99,13021108
29-11-2018,492.25,493.71,483.69,485.31,31908636
30-11-2018,491.65,493.75,487.39,492.00,13040924
03-12-2018,488.15,494.78,486.67,492.24,10799856
04-12-2018,481.74,487.62,480.13,486.32,8157420
05-12-2018,484.89,486.30,479.52,479.99,11798844
06-12-2018,484.39,485.46,481.61,482.70,11730252
07-12-2018,486.83,489.23,480.52,486.62,9903920
10-12-2018,482.48,486.18,477.20,477.20,10915056
11-12-2018,475.73,478.45,469.37,474.91,18905780
12-12-2018,481.68,482.72,475.86,477.44,11370488
13-12-2018,485.38,490.85,483.07,483.92,7064236
14-12-2018,484.08,489.23,482.31,486.21,6158284
17-12-2018,492.05,492.61,484.84,486.00,8437324
18-12-2018,493.26,494.08,485.68,490.62,7413968
19-12-2018,490.49,498.80,488.21,492.72,9009896
20-12-2018,493.73,494.42,485.69,487.97,7980476
21-12-2018,487.65,496.42,487.17,492.93,10220308
24-12-2018,480.61,486.00,479.84,486.00,5601488
26-12-2018,490.24,491.31,477.91,479.76,7601916
27-12-2018,486.24,493.90,484.72,492.70,11639868
28-12-2018,490.36,493.80,488.66,489.08,9415612
31-12-2018,490.09,493.62,488.93,493.62,5866528
01-01-2019,496.19,496.86,486.37,491.46,6373440
02-01-2019,491.66,496.05,489.63,494.96,8134232
03-01-2019,487.80,491.60,485.77,490.67,12771664
04-01-2019,489.11,491.66,487.47,488.60,7287120
07-01-2019,489.85,493.24,489.23,491.47,5387012
08-01-2019,485.77,490.50,484.30,490.16,8343460
09-01-2019,488.96,490.01,485.68,489.23,8568628
10-01-2019,487.04,490.57,483.38,489.00,7691540
11-01-2019,487.82,490.62,486.92,488.26,6408040
14-01-2019,485.46,487.36,484.72,487.36,4855160
15-01-2019,490.13,491.20,485.54,486.24,5087556
16-01-2019,489.74,490.85,486.98,489.71,5252452
17-01-2019,492.54,493.37,488.16,490.91,8240228
18-01-2019,492.06,494.08,488.44,493.16,5207976
21-01-2019,496.20,500.44,491.20,494.30,17561512
22-01-2019,493.36,495.89,491.79,495.70,8796976
23-01-2019,486.32,493.36,485.41,492.93,7624288
24-01-2019,485.60,490.08,484.59,487.39,10111572
25-01-2019,484.15,487.39,482.77,483.46,11262236
28-01-2019,481.41,485.55,479.70,482.77,15360436
29-01-2019,475.28,481.15,474.22,480.05,14762788
30-01-2019,469.99,475.20,468.44,475.20,18514160
31-01-2019,480.44,482.71,467.06,469.14,16579404
01-02-2019,482.87,489.00,479.67,480.44,15654188
04-02-2019,486.21,488.08,481.07,483.92,7938288
05-02-2019,488.32,489.46,484.38,486.92,8690288
06-02-2019,490.31,491.31,488.22,488.83,10875684
07-02-2019,489.06,492.00,486.43,490.86,7217308
08-02-2019,490.31,495.46,486.61,487.85,12235644
11-02-2019,494.23,494.98,488.15,488.15,7036364
12-02-2019,491.94,496.16,490.80,493.85,9772388
14-02-2019,487.43,494.31,486.37,494.31,7441388
15-02-2019,485.23,486.95,480.04,486.77,8416524
18-02-2019,482.74,489.23,481.84,486.65,7138744
19-02-2019,481.39,486.96,480.04,482.70,5268636
20-02-2019,487.00,487.62,480.89,482.42,4892500
21-02-2019,488.75,489.68,483.60,485.47,5261544
22-02-2019,483.10,491.57,482.56,489.56,8890708
25-02-2019,490.94,491.99,483.95,483.95,8140596
26-02-2019,487.54,490.85,485.33,487.67,9607428
27-02-2019,483.29,490.72,482.34,488.79,7030092
28-02-2019,479.89,486.43,478.88,483.48,11645376
01-03-2019,481.23,485.28,479.76,481.90,9352928
05-03-2019,486.72,487.64,478.15,482.51,11837276
06-03-2019,486.06,487.45,482.89,487.39,8458044
07-03-2019,491.20,492.00,483.92,487.29,10204852
08-03-2019,491.59,492.00,487.26,488.55,7053460
11-03-2019,491.65,495.17,490.20,492.47,9224108
12-03-2019,501.48,502.40,493.62,495.93,15097292
13-03-2019,514.31,516.03,501.73,502.40,57166348
14-03-2019,513.89,519.15,510.62,518.53,15379864
15-03-2019,520.42,522.01,514.65,515.33,12763088
18-03-2019,522.37,529.34,519.03,522.47,14358720
19-03-2019,523.82,525.71,519.95,524.23,11957992
20-03-2019,531.04,531.27,522.28,524.11,11711992
22-03-2019,525.76,532.89,524.53,531.27,30403880
25-03-2019,526.95,528.47,520.42,522.03,9199260
26-03-2019,533.89,534.74,524.94,525.71,11786848
27-03-2019,531.15,537.75,526.43,535.56,13885300
28-03-2019,531.92,537.05,528.47,531.00,19554328
01-04-2019,534.00,538.66,532.34,537.11,9647076
02-04-2019,530.08,535.89,527.91,535.89,10910496
03-04-2019,529.60,534.97,528.56,529.45,7659452
04-04-2019,527.57,534.28,526.65,529.60,9211552
05-04-2019,532.57,534.45,527.12,528.45,8351180
08-04-2019,528.82,536.57,526.68,535.66,6398132
09-04-2019,528.33,531.97,523.65,530.49,10777600
10-04-2019,516.80,527.58,515.33,519.72,108128700
11-04-2019,521.46,522.73,516.71,518.55,8793300
12-04-2019,523.25,524.85,520.21,520.21,9170444
15-04-2019,528.69,529.63,523.04,524.34,10219780
16-04-2019,532.44,533.56,526.72,529.18,8273776
18-04-2019,529.81,534.75,528.50,534.28,10614856
22-04-2019,524.04,537.05,522.26,537.05,20980420
23-04-2019,518.64,528.96,517.78,526.09,15282400
24-04-2019,526.60,527.55,519.04,519.72,12354128
25-04-2019,522.83,531.00,521.56,528.25,18086636
26-04-2019,526.87,527.81,521.32,523.40,11707568
30-04-2019,535.30,535.89,526.28,527.81,12536836
02-05-2019,544.16,545.05,535.32,536.70,17169300
03-05-2019,546.97,549.29,544.32,546.10,12351520
06-05-2019,537.84,543.26,535.21,542.36,13748092
07-05-2019,536.44,544.67,535.43,543.26,9924204
08-05-2019,532.95,536.77,528.50,536.48,12064208
09-05-2019,529.17,531.27,524.71,531.27,9027724
10-05-2019,530.46,537.02,529.27,529.27,10594200
13-05-2019,528.32,534.36,526.65,530.36,11071632
14-05-2019,528.48,533.81,525.63,530.51,10494744
15-05-2019,528.20,532.94,527.16,530.35,8956348
16-05-2019,533.73,535.66,526.65,526.78,8050136
17-05-2019,545.62,547.28,533.95,534.28,14758780
20-05-2019,561.84,563.31,549.75,556.22,17699632
21-05-2019,555.23,565.78,554.24,563.15,10325176
22-05-2019,555.70,560.38,553.04,557.11,11386660
23-05-2019,538.69,563.59,535.68,556.45,33081996
24-05-2019,548.22,551.17,540.55,545.06,13692800
27-05-2019,556.30,559.43,547.96,549.50,12049024
28-05-2019,558.11,558.99,551.38,558.18,7364840
29-05-2019,558.28,561.49,556.73,556.73,7475216
30-05-2019,563.51,565.44,557.39,558.07,9359200
31-05-2019,560.23,569.39,544.39,567.49,19785080
03-06-2019,567.56,568.18,560.13,560.61,8480860
04-06-2019,566.45,569.56,563.85,567.08,6442988
06-06-2019,559.77,570.54,557.46,566.66,15634924
07-06-2019,565.38,566.90,556.45,560.30,7970932
10-06-2019,563.66,570.53,561.79,570.53,7077140
11-06-2019,565.55,568.21,563.69,566.27,7103292
12-06-2019,560.62,565.55,559.83,564.77,7308620
13-06-2019,564.70,566.38,558.06,562.68,11107948
14-06-2019,562.48,567.99,560.15,564.29,11956920
17-06-2019,559.45,563.59,558.37,562.46,12810020
18-06-2019,558.36,561.76,555.30,558.53,12419652
19-06-2019,560.92,564.74,558.23,560.61,10744276
20-06-2019,563.94,566.42,561.21,564.41,11171492
21-06-2019,561.12,564.72,559.13,563.86,13250260
24-06-2019,561.99,564.93,560.14,560.59,6915000
25-06-2019,564.49,567.46,558.51,562.43,8899800
26-06-2019,573.60,574.09,562.93,563.56,10533636
27-06-2019,572.30,579.78,570.87,573.80,19879236
28-06-2019,567.99,575.25,566.43,572.69,12756844
01-07-2019,577.70,578.50,569.45,570.83,8524160
02-07-2019,579.90,580.48,573.44,578.27,7246828
03-07-2019,578.65,581.83,577.11,580.83,7463256
04-07-2019,577.29,580.57,574.55,579.85,7993964
05-07-2019,574.64,579.89,571.76,577.60,7583060
08-07-2019,560.05,575.16,557.13,575.14,14607140
09-07-2019,552.97,560.33,551.54,558.71,16482688
10-07-2019,555.20,557.35,549.97,552.88,11569148
11-07-2019,559.48,561.07,556.81,558.51,9097596
12-07-2019,556.40,562.00,554.34,562.00,8976272
15-07-2019,556.60,558.51,552.55,556.89,8233184
16-07-2019,555.77,562.00,553.63,562.00,12770568
17-07-2019,557.22,560.51,555.80,556.18,7759736
18-07-2019,560.58,564.56,558.26,558.51,10802584
19-07-2019,552.16,562.63,550.15,561.30,8939228
22-07-2019,533.94,546.16,530.22,545.03,22171296
23-07-2019,526.09,533.30,521.11,533.30,27802864
24-07-2019,530.14,532.95,523.19,524.52,17363740
25-07-2019,531.33,538.17,529.98,531.09,19462008
26-07-2019,529.30,533.10,528.26,529.51,12829828
29-07-2019,521.63,528.43,516.69,528.43,9976492
30-07-2019,523.48,527.88,520.61,524.12,10394136
31-07-2019,523.34,526.91,519.29,520.63,13891840
01-08-2019,517.55,521.79,511.77,519.25,18241676
02-08-2019,515.81,518.06,508.28,515.03,27825536
05-08-2019,507.64,512.47,503.74,511.78,19822440
06-08-2019,509.93,514.86,504.78,504.78,24890940
07-08-2019,508.74,512.94,504.32,510.14,18750136
08-08-2019,520.19,522.49,508.51,512.00,19711600
09-08-2019,531.57,533.20,521.74,523.42,30436112
13-08-2019,517.21,529.55,513.08,529.55,15440068
14-08-2019,519.33,520.72,513.18,520.72,14254052
16-08-2019,518.92,520.16,513.43,515.73,15247560
19-08-2019,514.07,522.25,512.87,521.44,8498200
20-08-2019,517.27,518.95,514.07,514.63,10270592
21-08-2019,518.49,522.07,515.78,518.27,10472712
22-08-2019,506.44,517.33,504.80,517.33,13992044
23-08-2019,503.78,507.11,498.40,503.39,20099616
26-08-2019,525.55,527.88,504.78,511.28,25280244
27-08-2019,526.44,529.45,521.81,525.52,20660832
28-08-2019,523.54,525.83,518.61,524.12,13662588
29-08-2019,518.75,524.98,517.20,523.19,14783716
30-08-2019,518.98,526.45,517.60,520.27,19233320
03-09-2019,515.02,517.36,511.57,517.13,11428676
04-09-2019,523.59,529.71,512.24,514.10,15060704
05-09-2019,520.66,529.34,518.29,523.88,17296252
06-09-2019,523.16,525.66,517.43,518.99,12870004
09-09-2019,524.02,526.66,516.22,523.19,10643404
11-09-2019,524.42,529.71,522.06,529.71,15209116
12-09-2019,528.97,533.16,523.69,524.28,18132300
13-09-2019,525.85,528.18,521.32,524.35,15371340
16-09-2019,522.75,527.06,522.02,524.56,11030184
17-09-2019,515.11,523.77,512.03,523.63,10656556
18-09-2019,509.62,518.10,507.81,516.50,12959884
19-09-2019,512.96,515.76,505.02,512.42,10623310
20-09-2019,558.87,563.67,514.99,516.20,46150034
23-09-2019,585.73,597.59,572.57,586.80,41920410
24-09-2019,584.12,587.92,571.89,582.35,23379048
25-09-2019,577.55,582.31,573.08,582.31,15608976
26-09-2019,578.86,594.00,575.99,577.60,30671560
27-09-2019,579.65,583.98,576.58,581.54,14873170
30-09-2019,571.85,577.69,566.75,572.48,18218458
01-10-2019,581.79,584.68,568.89,573.73,18768352
03-10-2019,570.03,579.46,566.68,577.67,16298876
04-10-2019,554.26,577.51,552.21,576.13,18403632
07-10-2019,552.96,568.31,550.28,559.62,22513220
09-10-2019,572.17,572.99,554.40,557.71,17427270
10-10-2019,559.32,571.15,557.75,569.22,11556858
11-10-2019,558.50,570.24,553.91,565.30,17186318
14-10-2019,561.11,568.33,557.85,563.25,12267802
15-10-2019,569.80,570.71,562.25,562.32,8400374
16-10-2019,568.89,575.36,563.76,573.80,10586816
17-10-2019,568.38,572.97,565.16,571.87,12243614
18-10-2019,572.57,574.83,568.54,570.92,11233806
22-10-2019,577.37,585.61,574.25,585.61,20006228
23-10-2019,578.44,582.24,574.43,580.89,10190214
24-10-2019,575.88,584.29,571.33,581.42,13107494
25-10-2019,572.57,580.89,568.38,577.69,12993542
27-10-2019,576.62,578.58,575.36,577.67,1750082
29-10-2019,578.86,585.78,576.62,576.76,14232568
30-10-2019,581.58,588.27,579.09,580.91,12011366
31-10-2019,573.20,588.83,571.68,585.94,13217706
01-11-2019,577.72,579.44,571.92,577.23,11512260
04-11-2019,576.23,582.35,572.59,580.70,9935176
05-11-2019,577.46,579.93,572.59,578.16,12367810
06-11-2019,585.45,586.55,572.13,578.84,12130336
07-11-2019,588.74,591.53,582.35,587.48,16963034
08-11-2019,584.96,590.27,583.03,586.55,13251496
11-11-2019,589.22,590.97,582.59,583.54,14286610
13-11-2019,585.87,591.67,584.03,587.92,9293496
14-11-2019,593.49,594.93,585.71,588.78,11055218
15-11-2019,595.35,598.66,592.18,598.12,9279012
18-11-2019,587.97,596.07,586.41,594.93,9130292
19-11-2019,592.56,594.00,587.52,589.48,10570578
20-11-2019,593.23,597.70,590.27,593.07,11054258
21-11-2019,597.89,599.59,590.90,591.79,12019526
22-11-2019,589.22,598.03,587.94,598.03,7688010
25-11-2019,592.18,596.10,588.95,588.95,7893556
26-11-2019,594.02,596.21,590.25,595.61,8716002
27-11-2019,595.58,599.01,592.23,594.47,9580666
28-11-2019,589.48,597.75,587.94,596.42,12366040
29-11-2019,593.98,596.28,583.28,590.60,15567626
02-12-2019,589.69,593.51,586.36,593.51,8946204
03-12-2019,584.87,591.20,584.12,590.83,6991906
04-12-2019,583.12,585.57,574.99,583.52,11395614
05-12-2019,580.30,586.43,578.04,584.96,12772494
06-12-2019,580.51,587.01,576.86,581.86,13774650
09-12-2019,579.07,582.28,576.55,582.12,8265350
10-12-2019,582.12,584.05,580.07,582.82,9788900
11-12-2019,581.77,584.22,578.86,582.40,11054642
12-12-2019,588.69,591.41,583.75,583.75,12913148
13-12-2019,588.81,592.77,586.66,589.34,11775186
16-12-2019,585.78,591.67,581.51,591.32,11327576
17-12-2019,592.18,593.91,584.85,587.01,12427354
18-12-2019,602.08,605.18,593.37,597.73,17447172
19-12-2019,600.43,608.21,599.17,607.98,13018376
20-12-2019,604.11,605.46,596.35,600.41,15026044
23-12-2019,606.77,607.51,600.43,605.18,10195782
24-12-2019,600.59,606.16,599.57,604.99,7179208
26-12-2019,591.88,601.85,589.18,600.85,14949758
27-12-2019,594.00,595.86,591.67,592.60,7092992
30-12-2019,597.33,600.41,593.56,597.26,9334190
31-12-2019,592.65,597.24,591.04,597.24,8357056
01-01-2020,595.68,596.33,591.95,594.51,3673698
02-01-2020,599.47,600.06,595.86,595.86,6137166
03-01-2020,590.93,598.66,588.69,597.35,10855550
06-01-2020,578.14,587.85,575.83,587.01,10890186
07-01-2020,587.29,592.35,583.40,586.50,14724494
08-01-2020,585.75,588.01,577.72,580.93,11332110
09-01-2020,592.32,594.37,588.46,589.34,9546316
10-01-2020,597.59,599.54,594.05,598.24,9214580
13-01-2020,599.12,604.02,594.47,597.59,7451568
14-01-2020,600.76,602.18,595.16,600.52,7886290
15-01-2020,598.31,600.03,593.58,599.31,11787448
16-01-2020,599.89,601.45,596.03,597.28,7150400
17-01-2020,595.47,598.61,592.56,597.14,16918814
20-01-2020,584.64,607.91,583.52,607.91,22178450
21-01-2020,579.72,582.35,576.95,582.35,14984804
22-01-2020,578.09,584.68,575.09,581.44,18368310
23-01-2020,579.95,580.89,573.50,577.69,11508920
24-01-2020,579.81,584.22,577.27,580.49,11831756
27-01-2020,565.21,575.36,564.53,575.36,18888552
28-01-2020,569.87,572.01,565.23,567.82,13412158
29-01-2020,575.76,578.63,569.42,570.85,13788350
30-01-2020,571.20,577.21,567.07,577.21,12111984
31-01-2020,571.31,576.67,568.49,573.71,11178268
03-02-2020,555.70,558.10,548.67,557.66,13077010
04-02-2020,572.94,574.90,558.13,558.13,20897704
05-02-2020,579.86,581.42,571.78,575.32,18020682
06-02-2020,577.60,581.75,576.39,579.86,11827550
07-02-2020,578.72,580.96,573.78,580.49,6815448
10-02-2020,577.83,579.07,571.20,579.07,9219834
11-02-2020,577.97,584.68,576.79,579.23,11613520
12-02-2020,581.89,583.70,579.58,580.12,6297930
13-02-2020,578.35,586.97,574.71,586.97,9112140
14-02-2020,568.07,581.61,566.05,579.18,14688858
17-02-2020,567.05,574.43,565.79,570.71,10152690
18-02-2020,565.23,567.68,560.69,566.93,10529116
19-02-2020,571.73,573.04,565.53,569.54,10012268
20-02-2020,567.03,573.04,565.63,573.04,11123414
24-02-2020,563.69,565.93,559.06,563.23,16568084
25-02-2020,559.20,563.25,558.13,560.92,13886680
26-02-2020,558.71,561.25,552.37,557.89,13814786
27-02-2020,558.80,560.22,550.21,556.73,20655098
28-02-2020,548.65,552.07,545.13,547.64,24313056
02-03-2020,549.55,559.59,543.29,559.15,14664898
03-03-2020,550.58,552.23,544.15,547.41,22369550
04-03-2020,535.23,549.74,527.89,548.97,34288870
05-03-2020,536.39,542.75,532.39,537.16,19549708
06-03-2020,528.73,531.53,512.94,524.12,23053566
09-03-2020,515.87,521.04,496.16,517.13,34420590
11-03-2020,518.90,521.79,508.74,514.80,35538240
12-03-2020,475.81,503.15,467.49,500.82,59000770
13-03-2020,498.40,503.83,428.24,456.59,66342364
16-03-2020,465.65,483.12,463.55,482.19,31986322
17-03-2020,454.28,470.54,444.78,469.61,42676838
18-03-2020,408.53,462.62,402.99,458.89,61181406
19-03-2020,417.22,428.59,370.38,394.60,67220048
20-03-2020,411.30,426.10,384.14,407.65,88637464
23-03-2020,359.45,390.76,356.40,370.19,50276954
24-03-2020,357.66,377.36,344.17,370.49,61057272
25-03-2020,399.14,404.13,351.86,358.94,47228042
26-03-2020,419.81,436.86,391.81,405.36,57043156
27-03-2020,421.37,460.59,406.30,440.24,55235936
30-03-2020,387.45,413.24,385.75,409.98,39268444
31-03-2020,401.54,406.99,390.41,397.77,35211092
01-04-2020,386.52,402.45,382.02,402.45,29103504
03-04-2020,379.16,393.20,377.36,392.74,34996280
07-04-2020,417.48,422.70,393.83,407.18,60412638
08-04-2020,414.12,440.26,403.50,409.95,56219352
09-04-2020,430.96,433.69,414.64,425.35,44457146
13-04-2020,417.13,441.05,412.86,435.13,34158056
15-04-2020,402.20,433.50,392.74,433.50,57978752
16-04-2020,409.86,414.96,398.91,402.99,53854396
17-04-2020,424.09,428.61,413.35,426.28,55883462
20-04-2020,440.19,447.69,435.60,443.05,66232986
21-04-2020,429.38,435.13,423.02,430.94,33178006
22-04-2020,432.62,434.67,422.70,428.22,38289354
23-04-2020,444.89,446.55,425.14,435.60,40901222
24-04-2020,437.02,446.50,431.41,434.67,33284568
27-04-2020,433.13,446.04,431.55,440.33,27421072
28-04-2020,433.92,439.70,429.54,439.70,29441436
29-04-2020,455.21,462.48,435.18,435.60,55877778
30-04-2020,466.72,474.73,462.20,466.53,43793134
04-05-2020,430.01,447.25,427.45,446.08,26722324
05-05-2020,424.63,439.79,423.04,437.00,29672858
06-05-2020,440.91,442.59,421.93,428.15,33785846
07-05-2020,430.94,439.47,429.24,438.16,21831730
08-05-2020,432.83,439.77,431.03,438.86,20807484
11-05-2020,426.66,444.45,425.82,436.53,28550784
12-05-2020,420.02,423.67,405.83,419.76,49568418
13-05-2020,432.18,447.25,429.59,443.05,44346966
14-05-2020,416.36,424.42,414.64,418.36,39554890
15-05-2020,413.77,415.75,407.65,414.87,24349628
18-05-2020,389.78,413.70,387.29,413.70,46649964
19-05-2020,386.99,404.06,384.87,401.05,47460692
20-05-2020,399.31,402.52,387.71,389.69,40014306
21-05-2020,400.45,411.84,397.07,401.33,48478908
22-05-2020,390.81,405.46,388.10,396.00,42047432
26-05-2020,397.12,406.13,395.42,399.26,38005152
27-05-2020,420.99,423.86,399.33,400.61,56025754
28-05-2020,440.38,442.59,425.79,428.61,75488806
29-05-2020,443.36,444.92,430.22,439.79,53025166
01-06-2020,460.13,463.55,450.09,454.24,39190230
02-06-2020,466.35,468.21,454.33,459.69,41623594
03-06-2020,476.25,487.43,473.08,475.20,50546088
04-06-2020,466.67,484.03,461.74,478.95,54275882
05-06-2020,481.42,485.64,467.19,467.33,35195984
08-06-2020,473.29,496.93,468.86,493.84,49812664
09-06-2020,459.97,478.34,456.36,475.20,61844146
10-06-2020,462.09,465.81,455.73,461.22,36497730
11-06-2020,451.25,460.48,449.58,458.89,30897714
12-06-2020,457.85,459.66,432.34,432.34,42644876
15-06-2020,442.52,453.77,439.33,450.97,32009936
16-06-2020,461.41,463.06,443.52,454.24,45399970
17-06-2020,456.22,465.37,453.42,460.76,36957838
18-06-2020,475.18,477.48,452.84,456.56,40870126
19-06-2020,481.42,485.92,471.54,474.24,47877752
22-06-2020,479.28,487.29,476.97,484.26,29694474
23-06-2020,485.59,486.85,473.59,484.05,28830512
24-06-2020,481.02,492.67,479.88,488.48,39429246
25-06-2020,479.28,488.71,469.14,476.09,70646790
26-06-2020,492.18,495.23,478.93,484.98,39969138
29-06-2020,501.31,504.36,483.12,483.12,46005956
30-06-2020,496.56,502.48,492.11,500.36,35746130
01-07-2020,505.30,510.61,494.44,496.56,34846718
02-07-2020,507.53,517.71,505.58,507.95,36954496
03-07-2020,500.33,510.51,498.49,509.21,27597254
06-07-2020,513.87,521.74,512.47,516.17,35558216
07-07-2020,514.87,517.92,509.23,516.85,24349850
08-07-2020,517.29,524.07,514.80,515.73,30056350
09-07-2020,524.09,526.31,515.85,520.86,20114484
10-07-2020,514.85,521.79,512.26,520.81,17562978
13-07-2020,503.27,518.53,499.10,517.08,29922114
14-07-2020,493.30,497.98,489.18,495.05,26612674
15-07-2020,490.64,502.69,489.22,498.59,20974394
16-07-2020,495.02,496.40,481.77,490.88,23662456
17-07-2020,511.75,514.33,493.04,493.39,28405738
20-07-2020,527.87,537.12,523.72,528.78,65124096
21-07-2020,530.43,539.47,528.31,536.72,47512422
22-07-2020,524.75,533.20,520.65,530.41,24718012
23-07-2020,526.63,532.92,520.04,524.12,20149122
24-07-2020,521.37,523.14,513.05,523.14,19598440
27-07-2020,502.92,513.87,500.99,512.40,37970094
28-07-2020,506.25,509.86,493.60,502.69,35596450
29-07-2020,495.98,507.11,491.76,503.62,33592086
30-07-2020,489.48,504.85,487.64,500.36,26956266
31-07-2020,481.16,492.76,475.22,492.76,37726696
03-08-2020,466.81,478.44,462.62,477.97,31783542
04-08-2020,485.29,494.32,467.28,469.61,60306168
05-08-2020,478.72,491.88,475.20,488.22,33221360
06-08-2020,484.84,491.51,478.11,483.12,33646888
07-08-2020,486.31,487.87,475.48,482.12,24836784
10-08-2020,489.48,495.70,486.29,486.38,22172854
11-08-2020,496.93,498.96,488.48,488.48,20136148
12-08-2020,495.56,496.63,488.24,496.16,20666432
13-08-2020,493.39,499.12,492.20,497.54,19892740
14-08-2020,481.93,496.58,478.60,496.58,20924512
17-08-2020,481.14,487.78,475.29,487.78,19561012
18-08-2020,492.20,494.60,476.13,478.93,24040824
19-08-2020,496.91,498.40,492.09,496.16,17715624
20-08-2020,493.37,498.00,490.11,491.48,19216734
21-08-2020,505.79,507.25,495.98,496.35,28924302
24-08-2020,520.41,523.16,505.79,505.95,36779740
25-08-2020,521.65,525.05,515.36,521.32,27601738
26-08-2020,521.07,527.26,516.90,522.25,25190062
27-08-2020,518.11,526.40,515.38,524.49,20645996
28-08-2020,519.23,524.12,510.14,518.04,38696610
31-08-2020,519.85,535.21,512.80,526.21,38501166
01-09-2020,525.19,532.78,516.20,525.52,28877884
02-09-2020,528.38,530.64,522.11,523.70,19761682
03-09-2020,526.87,533.88,525.52,529.82,19833362
04-09-2020,521.46,524.30,514.52,517.13,23661370
07-09-2020,517.36,521.56,512.00,520.06,17615466
08-09-2020,518.27,521.23,513.87,518.99,14624918
09-09-2020,510.84,517.13,508.39,512.94,15728872
10-09-2020,508.07,514.73,505.02,513.87,15188088
11-09-2020,502.52,514.73,498.96,510.82,20794730
14-09-2020,492.88,509.68,490.27,506.88,21650590
15-09-2020,498.73,501.36,492.95,497.56,16505110
16-09-2020,509.51,510.61,497.73,498.59,18710112
17-09-2020,504.83,509.68,502.22,505.02,18318686
18-09-2020,492.58,508.84,487.87,508.74,23481778
21-09-2020,488.85,499.12,485.22,491.51,19842878
22-09-2020,482.37,492.97,479.63,491.06,18620678
23-09-2020,487.90,491.51,481.89,487.31,16079828
24-09-2020,480.05,487.78,477.53,483.59,19809510
25-09-2020,486.38,490.08,477.83,489.18,20321544
28-09-2020,491.13,493.37,485.75,488.69,16152422
29-09-2020,495.02,498.45,489.64,492.90,12644446
30-09-2020,502.50,506.37,490.11,493.84,18813842
01-10-2020,515.71,517.13,507.86,507.86,21203080
05-10-2020,519.16,527.38,517.60,518.06,16940126
06-10-2020,533.02,534.83,524.68,528.80,19371990
07-10-2020,541.47,542.68,529.99,533.39,21248778
08-10-2020,555.24,560.46,541.98,549.74,35060674
09-10-2020,574.69,576.30,555.17,559.52,44972388
12-10-2020,565.42,578.98,561.67,573.76,19220546
13-10-2020,558.34,569.52,556.73,565.30,18353952
14-10-2020,564.42,565.72,547.64,556.99,22582918
15-10-2020,544.73,566.98,542.29,565.67,28246896
16-10-2020,558.76,560.69,546.48,549.74,25822848
19-10-2020,560.71,575.36,555.61,575.36,42359556
20-10-2020,570.22,571.82,561.81,562.55,27411978
21-10-2020,580.82,582.82,569.17,573.31,35640752
22-10-2020,574.57,582.35,569.77,577.67,21913060
23-10-2020,575.74,581.63,573.59,579.32,15866230
26-10-2020,564.14,578.63,561.20,572.94,19571976
27-10-2020,574.48,575.83,558.06,571.17,24317780
28-10-2020,563.53,573.97,559.76,572.10,16571186
29-10-2020,553.10,561.13,549.04,559.34,23060024
30-10-2020,551.40,558.73,548.04,550.93,11522716
02-11-2020,566.16,570.71,548.58,556.43,21926080
03-11-2020,581.40,582.70,570.94,571.38,28164230
04-11-2020,585.80,589.25,573.04,583.28,23404822
05-11-2020,591.30,594.47,583.45,589.81,21433928
06-11-2020,609.21,610.31,589.57,589.92,35705724
09-11-2020,624.54,627.05,612.73,612.73,26288440
10-11-2020,649.28,649.91,629.66,632.20,41517356
11-11-2020,647.55,659.13,638.49,652.19,36116194
12-11-2020,639.05,646.90,633.60,641.71,27053948
13-11-2020,633.04,637.70,627.54,637.70,22472480
14-11-2020,638.12,640.57,636.02,637.23,1835066
17-11-2020,656.17,658.11,643.20,645.62,31059900
18-11-2020,656.29,661.09,651.79,653.63,18862776
19-11-2020,640.29,651.98,637.33,647.44,20266882
20-11-2020,653.94,656.15,635.95,639.49,20405362
23-11-2020,649.72,663.25,640.75,659.22,25246636
24-11-2020,670.03,673.20,653.19,655.96,40154400
25-11-2020,653.54,682.24,650.84,676.14,24152602
26-11-2020,664.65,667.14,646.18,659.22,27943126
27-11-2020,671.27,673.67,659.48,667.05,17994580
01-12-2020,667.75,675.06,664.12,671.27,17147574
02-12-2020,655.47,667.05,649.81,666.68,17892150
03-12-2020,641.61,667.14,640.15,665.75,37933222
04-12-2020,645.53,652.91,639.80,643.38,26912322
07-12-2020,639.31,642.89,632.71,640.59,24316318
08-12-2020,641.19,647.02,636.00,640.59,19457896
09-12-2020,655.59,656.92,640.61,641.52,22069074
10-12-2020,645.64,653.17,640.94,651.30,19727966
11-12-2020,644.22,649.91,639.66,647.60,21356384
14-12-2020,639.26,646.64,637.33,644.32,17222050
15-12-2020,648.18,649.88,636.40,643.29,21561436
16-12-2020,657.22,660.06,649.67,654.10,16832092
17-12-2020,671.71,673.20,654.33,660.90,21924478
18-12-2020,657.52,670.73,655.17,668.54,22995918
21-12-2020,639.49,663.35,636.72,660.39,23761824
22-12-2020,639.70,645.15,626.61,645.15,22851558
23-12-2020,640.89,643.36,634.09,637.09,15467394
24-12-2020,650.88,654.10,641.52,647.30,14952188
28-12-2020,658.22,662.02,654.10,654.56,11699194
29-12-2020,664.91,668.42,661.55,662.04,14495346
30-12-2020,667.38,670.82,658.29,670.82,16216726
31-12-2020,669.15,672.73,663.91,668.54,22145750
01-01-2021,663.91,672.27,661.83,670.87,8810938
04-01-2021,659.69,669.94,651.77,669.94,15740192
05-01-2021,664.67,666.56,656.43,661.18,14386824
06-01-2021,661.81,670.87,658.34,668.54,22134050
07-01-2021,659.81,667.42,658.08,667.38,19894842
08-01-2021,666.98,671.80,663.00,667.14,13768764
11-01-2021,676.20,682.47,669.15,675.53,17331392
12-01-2021,689.97,693.09,675.11,676.67,20388156
13-01-2021,685.15,697.38,681.17,695.52,16934650
14-01-2021,684.26,693.23,678.32,685.38,12297166
15-01-2021,683.29,685.62,673.20,684.43,14165236
18-01-2021,690.95,700.15,683.45,684.80,42825632
19-01-2021,700.62,704.25,683.45,695.00,17360254
20-01-2021,695.10,699.29,692.30,699.29,13346052
21-01-2021,687.08,696.19,683.99,695.10,26333054
22-01-2021,672.52,683.87,670.94,683.87,15392364
25-01-2021,681.52,689.97,677.93,682.56,20344718
27-01-2021,656.71,685.73,655.10,683.92,23556276
28-01-2021,638.93,652.84,625.21,647.53,42704446
29-01-2021,647.81,656.31,635.70,648.21,28704502
01-02-2021,687.99,690.67,652.70,657.01,26370544
02-02-2021,727.03,735.40,697.61,699.29,42420206
03-02-2021,733.67,736.89,718.39,735.63,20237254
04-02-2021,735.67,739.82,719.07,729.57,24484684
05-02-2021,744.29,753.91,721.19,721.19,27054716
08-02-2021,747.86,760.16,743.41,754.73,17447580
09-02-2021,750.93,758.46,739.22,750.07,18421366
10-02-2021,736.91,752.33,730.04,749.30,19788006
11-02-2021,732.53,744.39,728.73,737.03,13648618
12-02-2021,737.00,741.92,732.83,733.25,9910106
15-02-2021,753.15,757.06,743.87,745.46,10355244
16-02-2021,757.83,764.51,749.35,755.29,13897358
17-02-2021,739.12,755.57,737.49,754.73,12794426
18-02-2021,724.12,748.18,721.19,748.18,14720560
19-02-2021,717.04,728.73,714.20,719.79,17139508
22-02-2021,721.19,733.25,717.20,719.81,29451838
23-02-2021,712.40,725.70,709.38,723.86,18239906
24-02-2021,748.42,751.91,706.39,711.17,14314332
25-02-2021,748.39,762.30,746.34,749.95,20109570
26-02-2021,714.85,740.24,708.61,739.38,27912846
01-03-2021,726.26,732.62,717.79,728.64,13536018
02-03-2021,730.60,739.59,722.58,734.09,16110038
03-03-2021,739.29,743.55,729.11,737.96,11222410
04-03-2021,723.07,731.90,717.04,721.44,16291438
05-03-2021,712.80,720.07,708.65,713.27,17445822
08-03-2021,707.91,724.45,704.65,718.39,15117050
09-03-2021,727.94,729.43,716.64,719.79,15066696
10-03-2021,724.80,733.76,723.12,732.37,11055016
12-03-2021,723.03,745.41,715.15,745.41,15631204
15-03-2021,712.17,721.37,705.95,721.37,12230386
16-03-2021,704.48,717.65,703.48,713.22,13722366
17-03-2021,696.66,716.99,694.26,710.12,21064428
18-03-2021,694.63,709.10,690.04,704.30,18065540
19-03-2021,697.66,704.04,686.73,691.84,21235020
22-03-2021,684.45,696.45,680.37,696.45,14015632
23-03-2021,698.89,702.29,684.43,684.85,19761428
24-03-2021,688.95,701.83,685.31,694.58,16368900
25-03-2021,681.75,696.75,675.65,694.26,23964356
26-03-2021,694.77,698.36,686.71,696.03,12021258
30-03-2021,723.84,727.96,699.55,701.92,25607644
31-03-2021,695.87,721.19,693.23,721.19,30774506
01-04-2021,692.65,698.54,682.52,698.54,35763762
05-04-2021,675.34,691.84,666.68,689.51,16006586
06-04-2021,670.99,681.42,667.45,680.19,15075734
07-04-2021,674.22,678.65,662.28,670.54,25088180
08-04-2021,667.52,680.61,666.44,676.93,17613592
09-04-2021,662.37,667.52,659.27,664.35,28157816
12-04-2021,636.88,651.77,630.34,648.97,22549128
13-04-2021,652.40,655.24,634.07,637.33,18600682
15-04-2021,666.26,669.33,648.04,654.56,34444984
16-04-2021,665.58,673.20,663.18,668.52,15606526
19-04-2021,658.01,660.48,639.33,647.58,24069242
20-04-2021,648.23,664.53,644.76,663.88,23186270
22-04-2021,662.72,664.72,638.75,642.92,38485312
23-04-2021,658.83,668.35,652.33,656.43,22713528
26-04-2021,654.47,665.75,653.52,658.29,30170952
27-04-2021,670.26,671.80,654.47,655.61,20592906
28-04-2021,688.02,689.04,666.68,669.12,24103940
29-04-2021,686.01,700.52,680.65,692.39,24078552
30-04-2021,657.97,677.30,655.73,673.20,35232902
03-05-2021,658.97,662.44,641.66,648.97,22473700
04-05-2021,646.81,662.95,644.46,656.87,21486328
05-05-2021,653.45,656.71,643.71,652.70,14421612
06-05-2021,652.65,657.27,649.91,655.78,11477044
07-05-2021,659.11,663.86,657.01,658.27,12048334
10-05-2021,661.48,666.21,658.20,664.81,11060050
11-05-2021,653.89,663.51,649.93,650.37,14519034
12-05-2021,652.00,656.24,647.04,652.12,13774926
14-05-2021,646.11,651.72,644.01,649.60,10604142
17-05-2021,670.99,672.08,643.52,649.98,15120692
18-05-2021,687.97,690.79,677.86,679.70,22165280
19-05-2021,679.35,688.97,676.72,684.94,10130916
20-05-2021,667.52,682.94,665.51,679.42,10684184
21-05-2021,697.57,699.71,672.27,672.27,19341646
24-05-2021,703.46,708.35,698.12,700.34,22146102
25-05-2021,689.02,705.23,685.08,703.72,19236974
26-05-2021,688.13,692.77,684.85,689.51,12283990
27-05-2021,690.74,693.70,681.33,686.29,20439496
28-05-2021,700.43,704.88,688.92,694.58,17750020
31-05-2021,706.21,707.91,693.00,698.82,15661054
01-06-2021,704.27,711.40,702.20,708.28,11030162
02-06-2021,700.69,703.58,695.56,703.48,10624016
03-06-2021,708.40,710.45,693.12,702.55,10287260
04-06-2021,699.27,708.44,698.45,706.28,9424476
07-06-2021,698.75,705.35,696.96,703.48,8091668
08-06-2021,690.93,699.43,690.20,697.22,9872540
09-06-2021,689.65,699.76,685.80,691.32,10223442
10-06-2021,690.00,693.70,686.55,690.48,11483540
11-06-2021,692.46,697.22,690.00,694.63,7205974
14-06-2021,689.25,692.30,681.38,688.69,8881964
15-06-2021,694.28,696.96,687.08,692.30,7569602
16-06-2021,691.65,696.03,688.62,693.23,7702098
17-06-2021,683.03,688.92,680.19,682.98,9283802
18-06-2021,689.41,694.16,677.86,684.61,11938060
21-06-2021,693.56,695.00,679.72,680.82,7260472
22-06-2021,691.28,702.55,689.51,697.43,14366824
23-06-2021,692.07,697.80,688.85,694.16,7844868
24-06-2021,701.74,705.09,693.23,694.16,14785024
25-06-2021,705.86,709.07,702.08,703.99,10383176
28-06-2021,702.71,709.54,701.15,708.14,9356786
29-06-2021,702.81,705.68,698.18,705.12,10971692
30-06-2021,700.87,706.06,699.09,700.91,9679022
01-07-2021,695.65,702.78,693.89,702.78,16911442
02-07-2021,692.68,696.82,691.09,694.83,14827036
05-07-2021,699.72,703.95,694.62,697.15,7373882
06-07-2021,718.08,720.56,699.98,700.44,17669032
07-07-2021,720.33,723.07,714.81,717.76,9629190
08-07-2021,711.42,719.49,708.14,713.55,8420922
09-07-2021,702.78,709.33,700.68,707.72,10695842
12-07-2021,695.77,702.78,694.36,702.78,14458978
13-07-2021,702.71,704.70,694.41,700.02,18178142
14-07-2021,701.45,705.29,697.68,700.68,9788494
15-07-2021,711.53,714.36,701.68,704.19,10438802
16-07-2021,712.31,715.86,710.64,714.93,5170628
19-07-2021,688.28,696.63,685.94,695.77,25111600
20-07-2021,675.25,680.32,671.97,674.71,24174250
22-07-2021,677.84,687.11,676.11,681.31,13207114
23-07-2021,675.06,681.94,671.58,679.15,13126684
26-07-2021,671.22,675.65,668.21,669.10,13167166
27-07-2021,673.66,678.41,671.95,671.95,22401430
28-07-2021,663.15,673.17,656.93,671.46,20670342
29-07-2021,663.60,669.07,661.28,668.28,13702230
30-07-2021,667.43,669.91,658.78,663.95,11655488
02-08-2021,665.66,671.43,662.66,671.43,13258786
03-08-2021,671.29,673.73,659.74,659.74,12033120
04-08-2021,685.61,689.92,673.77,674.24,22053948
05-08-2021,694.76,705.15,681.92,686.45,18822408
06-08-2021,698.41,701.85,689.68,694.15,13339270
09-08-2021,703.67,705.29,690.62,698.10,10998048
10-08-2021,705.43,711.09,696.70,696.70,14838346
11-08-2021,699.49,710.67,697.66,708.82,12585786
12-08-2021,702.50,705.40,696.84,700.44,8597674
13-08-2021,714.11,716.35,702.32,702.41,16658428
16-08-2021,716.17,718.22,711.88,714.08,6252778
17-08-2021,708.70,713.08,704.33,709.90,8282666
18-08-2021,707.93,732.43,705.76,728.38,22985932
20-08-2021,708.75,711.11,695.32,695.32,13150406
23-08-2021,713.36,717.36,705.90,715.81,10843054
24-08-2021,729.38,732.03,714.69,715.89,18381314
25-08-2021,728.71,732.17,724.31,726.23,7727974
26-08-2021,727.49,735.07,722.18,725.24,11119002
27-08-2021,724.52,729.29,723.02,726.18,6382138
30-08-2021,733.78,734.60,725.99,727.86,9049166
31-08-2021,739.94,740.85,730.95,731.56,12062576
01-09-2021,738.86,747.70,736.71,736.94,12422558
02-09-2021,743.49,744.89,735.19,736.52,9618524
03-09-2021,737.43,747.70,733.81,742.13,10735334
06-09-2021,732.59,739.72,730.83,739.26,7876896
07-09-2021,734.25,740.22,727.68,731.09,7245496
08-09-2021,737.60,739.51,732.54,735.51,6724080
09-09-2021,733.95,739.02,730.39,736.47,8250948
13-09-2021,727.84,741.15,726.95,730.86,8959164
14-09-2021,724.56,732.03,723.65,729.92,9758506
15-09-2021,723.75,727.49,718.22,718.22,14822998
16-09-2021,729.90,731.93,718.83,719.51,10260550
17-09-2021,740.29,743.49,729.55,734.13,20498102
20-09-2021,729.85,740.08,728.99,731.79,8781610
21-09-2021,726.16,733.97,715.39,730.86,14774996
22-09-2021,717.62,725.31,715.89,724.78,10582202
23-09-2021,734.60,735.54,721.50,721.50,13664304
24-09-2021,749.36,752.36,736.94,738.81,20806702
27-09-2021,760.38,765.25,752.38,755.98,16415462
28-09-2021,755.68,763.61,740.22,763.61,12773790
29-09-2021,745.76,751.73,741.69,747.23,16263036
30-09-2021,746.28,751.61,740.73,742.09,15975348
01-10-2021,740.54,743.49,732.38,740.68,11128596
04-10-2021,741.97,749.27,740.96,743.49,7051028
05-10-2021,746.51,747.47,737.53,744.89,10257178
06-10-2021,755.61,761.20,742.56,746.77,18600830
07-10-2021,753.55,761.60,751.91,761.08,11265724
08-10-2021,749.88,758.93,748.71,754.25,7245562
11-10-2021,764.45,769.69,748.17,748.59,13080848
12-10-2021,762.49,768.08,760.34,760.34,8176946
13-10-2021,767.07,771.10,762.67,765.95,6225644
14-10-2021,789.53,790.75,766.42,766.42,14757288
18-10-2021,781.53,807.13,780.01,797.77,28856456
19-10-2021,790.14,791.90,781.86,783.94,8987540
20-10-2021,783.19,794.84,778.79,790.33,10908568
21-10-2021,784.34,786.98,777.11,782.23,9738190
22-10-2021,786.42,799.17,781.74,786.12,12175554
25-10-2021,775.31,790.75,755.09,790.75,16426766
26-10-2021,773.32,783.19,770.33,772.03,12090656
27-10-2021,768.66,779.07,766.09,773.32,13249642
28-10-2021,745.64,772.03,742.63,772.03,17797750
29-10-2021,740.61,749.57,729.92,743.96,12406874
01-11-2021,751.12,753.78,740.94,741.62,8122320
02-11-2021,751.80,758.93,748.66,751.45,13237722
03-11-2021,739.96,753.27,737.20,751.02,10207338
04-11-2021,745.81,747.63,744.01,746.30,1096808
08-11-2021,748.75,750.84,734.81,744.94,18943580
09-11-2021,735.65,746.11,734.16,746.11,12695476
10-11-2021,727.70,734.13,725.24,733.67,13714126
11-11-2021,724.45,727.54,718.51,725.27,7999404
12-11-2021,726.65,729.48,722.93,725.24,14914092
15-11-2021,728.64,735.47,727.30,730.90,9533594
16-11-2021,724.31,728.61,721.31,727.58,8245406
17-11-2021,716.26,722.44,715.18,719.11,7598878
18-11-2021,720.28,722.20,713.66,714.04,9152874
22-11-2021,709.03,726.51,701.40,723.37,15261272
23-11-2021,709.12,714.86,700.14,702.78,11235214
24-11-2021,710.29,718.86,708.42,713.08,30802286
25-11-2021,713.99,717.43,705.12,708.77,10251652
26-11-2021,697.12,704.98,694.83,701.85,18624936
29-11-2021,702.43,705.43,684.07,699.41,12990996
30-11-2021,698.83,715.42,695.55,699.51,25221542
01-12-2021,704.02,705.15,696.75,699.51,8677634
02-12-2021,713.90,715.32,701.85,703.95,11203110
03-12-2021,708.19,718.67,705.15,713.92,8124694
06-12-2021,703.63,710.64,700.61,707.93,7029532
07-12-2021,713.87,716.82,706.48,708.38,12427534
08-12-2021,727.02,727.61,717.76,718.69,15295534
09-12-2021,714.41,727.44,712.14,723.00,11747744
10-12-2021,712.40,714.95,705.80,713.50,7779384
13-12-2021,707.07,719.46,705.22,714.01,10322142
14-12-2021,702.99,709.33,700.47,703.02,9191100
15-12-2021,701.85,712.77,699.81,703.25,10115148
16-12-2021,701.89,709.80,699.04,707.84,13210432
17-12-2021,689.24,704.66,686.73,700.44,14994768
20-12-2021,667.06,682.20,661.66,679.39,21156668
21-12-2021,674.62,678.80,669.10,673.54,9118750
22-12-2021,676.21,681.26,671.76,679.53,8577484
23-12-2021,675.69,682.10,672.30,679.97,9779166
24-12-2021,673.26,679.39,668.16,676.35,5561024
27-12-2021,678.83,680.32,665.42,668.58,4705098
28-12-2021,683.51,686.36,680.04,683.46,5450678
29-12-2021,680.25,683.60,677.24,681.28,7668702
30-12-2021,683.83,686.34,676.11,682.43,7215918
31-12-2021,692.21,694.74,683.83,683.83,6325736
03-01-2022,711.04,712.61,692.72,694.83,9069184
04-01-2022,715.21,717.24,705.50,711.21,8857352
05-01-2022,732.19,735.54,715.00,719.07,14332638
06-01-2022,720.45,727.47,715.91,721.97,9628930
07-01-2022,725.50,733.08,718.65,722.44,11179384
10-01-2022,729.52,735.54,723.14,728.99,8856496
11-01-2022,732.68,733.99,724.21,730.65,8389198
12-01-2022,728.35,737.71,726.18,733.67,21085530
13-01-2022,714.95,727.58,711.39,727.58,41963896
14-01-2022,722.97,724.63,710.74,715.89,11208968
17-01-2022,711.91,728.05,710.81,715.89,22989372
18-01-2022,715.53,725.66,712.61,717.29,12341152
19-01-2022,710.48,720.45,708.09,717.76,14317626
20-01-2022,706.06,715.18,701.89,715.16,15197846
21-01-2022,711.95,715.79,695.11,701.85,11537694
24-01-2022,695.60,711.79,686.66,706.50,11868508
25-01-2022,696.26,699.51,675.65,682.50,13594248
27-01-2022,690.13,694.83,671.43,678.45,28617838
28-01-2022,684.65,695.62,683.13,691.32,24925208
31-01-2022,695.16,697.89,686.31,689.10,12842546
01-02-2022,700.44,709.80,689.43,705.83,14739484
02-02-2022,716.45,718.22,704.47,707.44,13969290
03-02-2022,709.03,720.54,706.06,715.30,10564762
04-02-2022,713.08,717.22,708.45,715.14,11579958
07-02-2022,686.95,710.74,683.13,707.51,12268042
08-02-2022,684.00,691.76,675.90,690.81,13981130
09-02-2022,700.73,701.71,686.41,689.68,11308342
10-02-2022,713.59,718.46,702.62,708.40,14314530
11-02-2022,710.67,713.55,701.61,701.97,10711104
14-02-2022,689.54,701.59,687.48,697.17,14656620
15-02-2022,710.18,713.50,689.24,690.62,13135066
16-02-2022,709.22,718.11,705.12,717.92,10032264
17-02-2022,704.89,712.14,702.78,707.98,7351208
18-02-2022,707.63,709.80,697.38,701.05,7796128
21-02-2022,712.19,716.21,699.77,703.72,7468066
22-02-2022,706.85,712.19,696.21,697.08,9536196
23-02-2022,702.27,713.87,699.81,713.59,9029562
24-02-2022,664.14,690.13,658.40,678.41,23630766
25-02-2022,681.31,685.89,670.43,673.75,18318654
28-02-2022,667.34,673.10,661.63,667.22,24880832
02-03-2022,643.01,654.31,633.72,648.74,38505560
03-03-2022,641.49,651.32,637.70,646.17,17527922
04-03-2022,639.38,648.51,625.53,636.34,21219364
07-03-2022,619.87,623.40,606.89,616.92,27054458
08-03-2022,621.28,624.18,604.53,609.30,39212492
09-03-2022,641.56,643.22,617.09,622.31,23134694
10-03-2022,651.64,667.69,645.82,667.69,22273206
11-03-2022,653.56,659.25,642.28,649.44,15150780
14-03-2022,674.97,678.45,662.08,662.08,25018126
15-03-2022,666.29,678.22,660.56,675.41,18867928
16-03-2022,677.59,680.79,672.00,677.05,13364108
17-03-2022,692.51,697.08,688.07,688.75,14823954
21-03-2022,695.53,698.88,689.12,695.77,12257876
22-03-2022,699.11,700.91,681.82,693.10,10461814
23-03-2022,692.14,710.64,689.50,705.12,31188256
24-03-2022,675.01,687.65,671.22,685.94,20160044
25-03-2022,669.52,679.39,663.95,678.92,16366462
28-03-2022,670.41,672.84,655.81,669.52,15754886
29-03-2022,679.30,683.25,669.10,674.24,12377448
30-03-2022,691.06,693.78,680.35,688.75,20109742
31-03-2022,687.97,694.69,685.89,688.28,14295714
01-04-2022,704.66,706.53,687.95,690.81,14568556
04-04-2022,775.21,805.77,731.12,739.28,97450970
05-04-2022,752.50,779.85,749.57,779.85,30922582
06-04-2022,725.64,743.87,724.00,742.88,27027860
07-04-2022,709.69,721.20,708.26,721.17,40781732
08-04-2022,708.70,713.90,700.58,707.51,41256322
11-04-2022,700.05,706.53,698.69,704.66,20799066
12-04-2022,698.81,705.05,692.56,694.36,27435402
13-04-2022,685.45,702.92,684.37,697.17,28892520
18-04-2022,652.93,669.87,650.40,663.88,45620376
19-04-2022,628.01,650.17,620.90,646.12,74096022
20-04-2022,633.68,636.30,624.81,633.75,49325736
21-04-2022,643.06,645.61,633.21,638.68,52446270
22-04-2022,634.28,643.52,631.27,636.34,20659148
25-04-2022,639.03,641.33,618.68,631.66,20935488
26-04-2022,641.98,646.61,635.01,641.96,17016842
27-04-2022,642.21,645.23,634.52,636.34,18054334
28-04-2022,641.65,645.23,637.32,641.96,20773722
29-04-2022,647.85,657.28,641.75,645.86,28401476
02-05-2022,656.79,658.08,637.30,637.30,19494316
04-05-2022,634.47,656.74,631.66,655.06,29055916
05-05-2022,633.04,643.36,630.03,643.36,17862912
06-05-2022,616.50,624.64,614.35,622.31,26731268
09-05-2022,617.56,620.67,606.16,608.27,32762434
10-05-2022,627.48,633.07,615.31,615.31,20113812
11-05-2022,631.01,634.00,621.67,633.07,17102924
12-05-2022,616.78,628.03,612.03,625.33,22382290
13-05-2022,611.25,623.86,609.19,620.10,16768238
16-05-2022,617.75,621.02,608.38,614.87,9804356
17-05-2022,621.97,623.39,614.49,621.30,16641444
18-05-2022,621.92,631.10,620.07,626.72,15732384
19-05-2022,609.21,613.64,605.07,608.81,20537506
20-05-2022,625.26,626.80,611.72,616.76,13919350
23-05-2022,617.23,629.52,614.91,621.97,19486320
24-05-2022,624.31,627.17,613.87,615.34,12870796
25-05-2022,628.97,632.36,626.32,629.54,12887112
26-05-2022,646.91,648.95,634.27,635.29,26992428
27-05-2022,658.91,660.17,648.83,649.33,24031718
30-05-2022,663.41,672.38,661.94,667.53,12624674
31-05-2022,657.44,664.95,653.21,660.73,13485388
01-06-2022,660.24,662.89,652.81,653.21,12091896
02-06-2022,655.62,656.99,652.55,656.64,11475020
03-06-2022,653.35,663.03,651.46,661.87,6957244
06-06-2022,652.47,656.52,644.05,651.46,6173266
07-06-2022,644.97,650.51,640.95,644.69,10253966
08-06-2022,647.24,653.68,642.32,650.04,5986588
09-06-2022,652.12,654.18,642.39,644.81,7311816
10-06-2022,639.53,647.50,635.98,643.79,9155430
13-06-2022,627.93,629.54,619.27,626.51,10892572
14-06-2022,621.02,627.65,617.71,620.67,11870356
15-06-2022,618.87,622.82,614.58,616.12,11810470
16-06-2022,606.49,625.07,604.93,620.07,12169192
17-06-2022,610.49,614.87,601.90,603.51,14723922
20-06-2022,625.83,627.17,612.57,617.57,15936840
21-06-2022,632.64,640.90,626.72,632.81,13220684
22-06-2022,629.66,632.83,626.32,630.61,8159698
23-06-2022,631.98,638.06,624.10,629.78,15372244
24-06-2022,640.81,644.52,633.59,633.59,8013432
27-06-2022,641.97,651.31,639.95,648.47,9804164
28-06-2022,637.07,639.48,633.52,636.17,9770574
29-06-2022,636.14,639.36,630.13,630.13,9994046
30-06-2022,638.06,640.90,632.38,632.38,12475822
01-07-2022,640.78,643.74,629.56,636.14,11472452
04-07-2022,641.68,643.84,635.34,640.76,8487480
05-07-2022,640.24,652.90,638.20,645.63,14325718
06-07-2022,649.07,650.08,637.63,638.06,15049078
07-07-2022,660.69,661.73,650.58,653.21,17743142
08-07-2022,661.30,667.41,660.19,667.41,12474030
11-07-2022,665.59,667.36,659.48,659.83,7462880
12-07-2022,658.79,665.16,657.66,665.16,9876974
13-07-2022,642.72,659.93,641.02,657.94,15945610
14-07-2022,639.50,649.73,638.65,644.69,10372410
15-07-2022,644.71,646.06,637.49,640.43,13595646
18-07-2022,637.85,646.63,635.24,638.06,20332220
19-07-2022,638.08,643.05,632.85,632.85,15792538
20-07-2022,646.13,649.00,641.49,643.69,20347862
21-07-2022,644.10,648.24,642.84,644.00,12640278
22-07-2022,659.12,661.25,644.88,646.58,12729592
25-07-2022,661.07,664.85,654.77,660.31,10143126
26-07-2022,659.72,663.62,656.19,660.78,8527964
27-07-2022,664.76,665.51,655.22,657.42,9212778
28-07-2022,670.65,674.03,667.88,669.80,17420406
29-07-2022,678.86,680.95,669.92,680.66,20019736
01-08-2022,684.52,685.61,676.90,681.13,13193036
02-08-2022,676.99,683.79,673.59,682.55,15036510
03-08-2022,678.58,679.60,670.72,674.48,10975498
04-08-2022,677.77,684.78,668.80,681.61,12012206
05-08-2022,675.48,680.16,672.69,678.29,9268982
08-08-2022,692.05,693.20,675.50,675.93,15357736
10-08-2022,694.06,696.52,685.89,691.71,17353102
11-08-2022,703.24,705.75,697.96,703.62,18301766
12-08-2022,702.98,704.94,698.62,702.91,8850370
16-08-2022,711.03,714.03,704.35,707.55,12563756
17-08-2022,714.69,716.04,703.26,710.01,12384350
18-08-2022,715.55,716.59,709.84,710.01,8342138
19-08-2022,706.72,715.69,705.28,714.74,8063702
22-08-2022,695.97,704.49,694.72,702.81,8234066
23-08-2022,693.82,698.62,686.53,687.90,14966884
24-08-2022,697.16,698.41,690.70,691.97,13455520
25-08-2022,693.37,703.76,689.65,700.49,11823040
26-08-2022,693.49,701.39,691.64,696.78,7706176
29-08-2022,681.32,684.45,676.21,680.19,8653178
30-08-2022,703.43,705.25,683.08,684.66,10135400
01-09-2022,696.83,705.01,690.60,693.32,22403136
02-09-2022,703.15,705.51,693.54,696.83,12038086
05-09-2022,707.67,709.54,702.48,703.43,12131932
06-09-2022,704.97,713.16,703.59,709.49,12238696
07-09-2022,701.63,705.28,696.42,696.42,9776206
08-09-2022,708.87,710.01,701.56,705.32,11164690
09-09-2022,709.35,714.27,707.19,708.21,15128888
12-09-2022,706.96,711.90,705.28,710.01,11080492
13-09-2022,716.21,717.53,709.32,709.49,13001966
14-09-2022,723.57,728.42,706.39,707.19,20219760
15-09-2022,719.81,729.39,715.69,724.21,13539372
16-09-2022,706.58,716.97,701.96,711.48,20560046
19-09-2022,711.24,716.64,700.54,704.80,12076038
20-09-2022,719.81,721.37,714.69,716.64,10781668
21-09-2022,718.69,720.19,712.38,713.80,9072304
22-09-2022,703.38,714.81,701.84,710.96,12048144
23-09-2022,684.52,698.17,680.19,696.92,15806252
26-09-2022,675.29,679.93,671.19,674.67,8923486
27-09-2022,669.23,681.61,665.99,678.01,12639700
28-09-2022,657.73,667.69,656.00,665.51,11816132
29-09-2022,654.32,663.72,652.64,660.92,14410388
30-09-2022,672.78,677.56,646.11,652.64,15781756
03-10-2022,668.92,671.12,663.20,667.38,11541112
04-10-2022,687.76,690.13,675.05,676.64,11538526
06-10-2022,680.19,692.31,678.86,691.05,12549198
07-10-2022,677.25,679.22,672.31,676.99,13297994
10-10-2022,669.77,674.98,661.82,666.46,13109302
11-10-2022,662.98,670.72,662.41,663.20,14521620
12-10-2022,667.31,669.70,661.40,664.19,9225050
13-10-2022,659.65,665.63,655.10,663.64,14714234
14-10-2022,681.13,684.92,669.89,670.72,12849920
17-10-2022,684.71,689.94,675.45,679.24,18410500
18-10-2022,683.43,692.45,681.61,690.15,10561108
19-10-2022,690.44,699.31,687.95,692.97,12967040
20-10-2022,685.77,687.71,682.79,683.50,7898078
21-10-2022,680.95,689.96,678.77,687.29,10492606
24-10-2022,691.57,692.49,688.38,688.38,2167794
25-10-2022,686.77,694.77,683.97,691.60,13773394
27-10-2022,688.42,694.55,686.93,693.20,15937276
28-10-2022,690.46,694.39,685.11,686.34,10474278
31-10-2022,708.45,709.06,694.51,696.76,12830528
01-11-2022,716.28,723.74,709.49,711.67,19073756
02-11-2022,716.73,723.38,715.50,718.06,12720406
03-11-2022,713.58,719.59,708.59,708.92,10332352
04-11-2022,708.66,717.63,705.09,711.52,10818060
07-11-2022,714.17,715.69,706.27,714.74,9835834
09-11-2022,713.96,718.50,711.90,717.13,9269790
10-11-2022,721.72,722.79,707.67,708.64,12774182
11-11-2022,762.62,774.86,728.00,731.31,56722338
14-11-2022,764.47,770.60,756.40,763.02,19195390
15-11-2022,766.34,768.30,759.83,768.30,11030202
16-11-2022,772.92,777.22,763.02,766.17,13578150
17-11-2022,765.93,772.28,763.92,765.91,12100930
18-11-2022,763.92,768.23,759.83,767.28,10459232
21-11-2022,756.09,763.02,752.70,760.96,8344816
22-11-2022,754.98,759.40,753.08,757.34,8546314
23-11-2022,756.94,759.71,754.50,759.71,10185738
24-11-2022,769.25,772.49,756.94,760.16,17197960
25-11-2022,765.70,772.35,764.02,771.40,8410496
28-11-2022,757.46,760.87,754.53,758.72,16105980
29-11-2022,756.32,763.19,753.96,756.04,12638236
30-11-2022,761.34,763.45,755.97,755.97,15184806
01-12-2022,766.57,774.86,764.44,767.76,20446366
02-12-2022,760.70,766.15,759.78,762.08,7811078
05-12-2022,763.47,764.25,755.54,762.05,11592622
06-12-2022,762.62,763.83,757.34,757.82,12353092
07-12-2022,762.29,766.15,759.45,764.04,11674720
08-12-2022,766.57,769.65,759.71,762.08,14803634
09-12-2022,772.04,773.84,766.81,769.65,11963384
12-12-2022,778.05,782.71,767.47,769.18,14434808
13-12-2022,780.20,784.32,778.64,781.01,17031702
14-12-2022,786.81,788.35,781.01,782.43,14227640
15-12-2022,772.39,790.19,770.15,784.35,18182648
16-12-2022,776.11,778.69,761.60,766.83,14647958
19-12-2022,778.52,779.42,769.74,778.17,9604542
20-12-2022,773.15,774.57,766.90,766.90,7174698
21-12-2022,765.67,778.55,760.44,776.75,9269198
22-12-2022,763.05,770.36,761.60,767.85,9747096
23-12-2022,756.23,759.31,750.46,751.19,10693152
26-12-2022,771.28,775.80,752.61,757.11,9907322
27-12-2022,772.06,774.36,763.73,772.96,7926772
28-12-2022,771.45,772.96,768.28,768.28,8691870
29-12-2022,776.89,777.93,762.55,766.86,11012896
30-12-2022,770.67,778.64,766.81,778.64,7122640
02-01-2023,770.93,776.16,766.12,770.12,4381378
03-01-2023,775.97,777.70,767.85,767.85,8378030
04-01-2023,762.10,779.00,760.66,773.91,10351600
05-01-2023,757.20,765.89,752.33,764.44,10941436
06-01-2023,754.69,761.65,747.02,758.29,9092462
09-01-2023,756.16,762.81,752.61,755.45,10729340
10-01-2023,742.34,757.34,740.78,757.34,16371766
11-01-2023,753.04,756.40,738.41,742.17,15195798
12-01-2023,757.06,759.19,749.84,751.57,9250070
13-01-2023,757.65,762.03,750.72,756.75,9244546
16-01-2023,750.38,767.42,748.02,764.44,14748094
17-01-2023,761.56,762.55,746.69,752.51,10786354
18-01-2023,775.00,777.03,757.20,759.71,19090642
19-01-2023,778.22,781.01,772.96,774.86,11172162
20-01-2023,786.19,790.00,777.89,778.22,18843404
23-01-2023,791.94,796.44,786.41,788.70,15444400
24-01-2023,802.55,805.81,792.84,792.87,24983940
25-01-2023,780.37,801.34,778.78,800.61,14704142
27-01-2023,764.82,774.86,752.59,772.49,35179948
30-01-2023,764.04,769.32,748.82,754.98,18512822
31-01-2023,759.00,768.09,754.98,766.67,18596244
01-02-2023,770.38,788.11,760.18,768.70,17302790
02-02-2023,758.93,768.94,752.02,761.18,17497106
03-02-2023,785.17,785.98,760.66,762.55,14411100
06-02-2023,781.84,790.19,779.21,785.74,11167672
07-02-2023,783.00,788.06,772.77,785.46,10264588
08-02-2023,782.90,789.62,781.01,783.02,8444826
09-02-2023,781.27,786.52,774.17,785.74,11777336
10-02-2023,784.37,785.03,777.32,780.44,8172116
13-02-2023,784.96,786.57,778.43,783.38,5736944
14-02-2023,792.23,794.03,784.77,788.11,10908592
15-02-2023,790.62,794.26,784.20,794.26,11438712
16-02-2023,787.75,796.11,786.22,791.99,8062500
17-02-2023,783.80,789.60,777.67,786.22,8956270
20-02-2023,776.44,790.22,773.81,785.74,8086706
21-02-2023,779.35,786.86,773.44,776.28,12389296
22-02-2023,764.06,777.20,761.63,775.80,10359102
23-02-2023,758.88,766.26,753.60,763.50,27882010
24-02-2023,752.11,765.82,750.34,765.82,17061740
27-02-2023,753.98,756.87,746.60,750.67,14312972
28-02-2023,757.15,759.85,751.99,753.56,18993992
01-03-2023,756.42,763.50,755.33,763.02,14137256
02-03-2023,749.98,760.16,748.82,754.50,17391814
03-03-2023,764.87,766.81,751.66,755.45,14986234
06-03-2023,770.26,776.02,765.89,766.81,27004710
08-03-2023,771.80,776.04,766.81,766.81,20099774
09-03-2023,771.87,779.09,770.12,771.52,20700166
10-03-2023,751.97,763.85,750.24,762.29,27387000
13-03-2023,742.46,759.14,740.75,751.62,26443550
14-03-2023,740.47,749.58,738.08,743.26,33185612
15-03-2023,729.84,749.25,727.33,746.93,37264754
16-03-2023,734.57,737.98,725.18,728.47,21753342
17-03-2023,744.40,747.50,728.94,737.23,22950876
20-03-2023,739.24,742.24,731.50,742.17,26503114
21-03-2023,747.62,749.06,736.61,744.07,33050494
22-03-2023,745.89,750.74,740.92,749.77,14177324
23-03-2023,739.90,752.77,737.72,742.08,28364178
24-03-2023,738.72,744.99,736.02,738.41,31477748
27-03-2023,741.94,747.62,737.89,739.45,31872006
28-03-2023,747.97,749.25,740.35,741.11,39276302
29-03-2023,751.57,758.29,748.77,749.77,39763612
31-03-2023,761.86,763.47,753.75,755.26,34711228
03-04-2023,762.34,764.77,758.64,760.92,40025398
05-04-2023,782.78,783.85,764.92,766.15,43365392
06-04-2023,788.75,790.10,779.64,780.32,44637344
10-04-2023,785.01,790.95,782.90,787.28,31813286
11-04-2023,787.30,790.19,781.53,785.27,42361542
12-04-2023,797.53,799.09,789.43,789.53,26955504
13-04-2023,801.10,803.28,794.33,799.14,35330086
17-04-2023,788.89,814.14,782.57,814.14,32405148
18-04-2023,785.55,793.91,784.04,790.48,29637226
19-04-2023,788.44,790.62,784.39,788.11,24741168
20-04-2023,791.38,794.00,788.77,791.28,32922716
21-04-2023,792.65,793.77,787.28,790.00,20128618
24-04-2023,799.07,800.63,792.42,798.52,35675852
25-04-2023,787.71,798.85,786.64,798.85,50353068
26-04-2023,791.33,792.84,783.38,785.74,27392750
27-04-2023,795.68,797.69,788.51,790.71,47790392
28-04-2023,798.81,800.42,790.48,797.43,27916272
02-05-2023,798.64,804.20,796.16,799.33,32221184
03-05-2023,801.43,802.78,795.04,797.55,29407270
04-05-2023,817.84,820.98,798.57,798.57,56854638
05-05-2023,769.48,786.19,767.80,775.80,62770416
08-05-2023,778.38,781.17,771.54,773.91,37244524
09-05-2023,778.41,783.85,776.25,780.96,43688938
10-05-2023,782.00,783.21,773.01,778.41,46340550
11-05-2023,782.52,799.00,780.65,788.18,35734618
12-05-2023,789.43,791.80,778.29,779.59,22478760
15-05-2023,793.22,795.56,788.16,791.42,18512260
16-05-2023,788.67,800.40,787.09,800.40,32722086
17-05-2023,784.44,789.97,778.16,789.97,30466868
18-05-2023,787.57,791.86,785.18,789.01,49646942
19-05-2023,788.48,789.97,781.13,789.01,30460332
22-05-2023,785.68,791.35,781.68,787.57,28334032
23-05-2023,783.84,789.77,782.04,789.49,22470074
24-05-2023,773.59,782.66,772.54,779.22,33588112
25-05-2023,770.62,775.63,764.76,773.54,29776930
26-05-2023,773.59,775.12,767.10,775.12,26635066
29-05-2023,783.02,785.66,777.92,779.67,21816292
30-05-2023,783.62,786.45,779.70,782.11,37125928
31-05-2023,771.22,782.76,768.25,780.34,43334270
01-06-2023,767.94,775.55,766.03,775.55,50366938
02-06-2023,769.14,773.11,766.51,771.99,17859710
05-06-2023,768.13,773.93,767.20,772.97,18697242
06-06-2023,765.74,770.74,762.32,769.69,32182852
07-06-2023,769.71,772.04,764.11,767.68,24949026
08-06-2023,770.19,778.48,767.58,767.58,37395522
09-06-2023,771.10,774.88,769.38,773.64,18212578
12-06-2023,766.41,773.59,765.76,772.04,13408292
13-06-2023,767.70,770.34,761.29,761.29,27926108
14-06-2023,766.87,771.77,766.12,771.03,20113968
15-06-2023,757.43,768.88,755.97,767.94,35377476
16-06-2023,767.34,770.43,758.37,759.88,15779272
19-06-2023,768.01,772.85,765.24,771.29,24829146
20-06-2023,769.62,771.29,761.55,768.01,20005626
21-06-2023,783.07,783.86,771.29,773.69,24308946
22-06-2023,786.90,793.58,784.72,785.18,56596140
23-06-2023,786.85,794.71,782.33,784.01,21339218
26-06-2023,783.05,790.32,779.77,787.57,16130314
27-06-2023,794.08,800.93,784.48,786.59,33831864
28-06-2023,802.49,804.28,794.99,799.54,59562950
30-06-2023,814.57,818.12,805.88,815.82,40699016
03-07-2023,823.38,841.43,818.69,819.89,44104116
04-07-2023,827.41,836.41,820.51,825.13,38795188
05-07-2023,801.12,823.48,798.85,821.68,37165754
06-07-2023,801.94,808.09,794.95,800.98,52156544
07-07-2023,794.95,801.94,792.98,797.15,19926336
10-07-2023,793.05,802.77,789.82,795.23,38398442
11-07-2023,789.20,802.41,787.81,796.19,50670426
12-07-2023,781.80,797.77,779.03,792.53,70958358
13-07-2023,785.70,793.53,784.24,793.17,41913546
14-07-2023,787.33,791.69,782.78,791.69,24727214
17-07-2023,803.80,805.29,781.83,789.97,49252928
18-07-2023,803.13,815.82,799.54,812.95,81076818
19-07-2023,806.77,808.52,801.94,804.86,32935134
20-07-2023,808.52,810.07,804.33,804.88,56210948
21-07-2023,802.29,809.02,801.10,804.33,42154248
24-07-2023,803.56,806.56,799.59,803.61,32179444
25-07-2023,812.28,813.43,803.56,806.56,55992596
26-07-2023,809.45,813.71,808.16,813.71,24794358
27-07-2023,801.05,815.34,798.32,813.86,59741302
28-07-2023,786.85,799.01,785.70,795.47,41015684
31-07-2023,790.54,793.22,784.56,789.99,34565006
01-08-2023,795.83,798.32,789.97,792.10,35394188
02-08-2023,785.42,790.68,781.90,786.14,28116322
03-08-2023,779.74,790.61,777.04,785.18,57673946
04-08-2023,791.02,793.08,780.03,782.86,37388304
07-08-2023,790.56,796.24,788.79,796.24,28300918
08-08-2023,789.92,792.65,786.16,790.78,43773828
09-08-2023,790.21,792.12,780.92,791.40,33361236
10-08-2023,783.19,792.00,780.87,788.55,50781118
11-08-2023,775.03,784.41,773.78,784.41,28225822
14-08-2023,771.25,773.21,766.15,771.29,31304410
16-08-2023,769.00,770.65,757.07,757.94,34137542
17-08-2023,764.73,770.77,763.15,764.88,52884040
18-08-2023,761.60,764.26,759.09,760.07,25633366
21-08-2023,761.00,766.27,759.80,766.27,21837270
22-08-2023,757.74,765.07,756.45,764.28,32273570
23-08-2023,759.61,761.50,753.22,756.45,36498588
24-08-2023,756.12,764.21,754.61,762.82,43145792
25-08-2023,747.59,755.26,746.11,753.84,30069756
28-08-2023,755.37,757.72,747.59,747.59,28867238
29-08-2023,761.38,762.51,757.15,761.10,35538932
30-08-2023,755.83,767.92,753.44,767.92,28084204
31-08-2023,752.36,757.96,748.36,755.97,100075772
01-09-2023,753.91,755.97,746.57,752.14,43226776
04-09-2023,758.63,761.93,754.01,761.24,25073638
05-09-2023,754.01,760.47,751.95,760.47,38712082
06-09-2023,763.87,766.03,754.01,754.92,56320910
07-09-2023,771.22,772.73,759.88,763.87,34208342
08-09-2023,777.23,781.78,769.67,770.00,34502210
11-09-2023,781.25,783.50,777.52,779.86,31573022
12-09-2023,783.69,786.57,778.02,785.18,39033340
13-09-2023,787.05,790.73,779.72,781.01,46420094
14-09-2023,786.57,789.97,782.83,787.21,23538848
15-09-2023,795.59,799.54,789.97,789.97,173411202
18-09-2023,779.94,792.36,778.52,791.76,37056288
20-09-2023,748.65,765.55,747.07,765.55,115474648
21-09-2023,743.69,751.16,735.89,743.53,72841442
22-09-2023,732.35,748.98,729.52,746.40,61704250
25-09-2023,732.99,737.64,730.12,730.12,40208754
26-09-2023,736.18,737.30,730.12,730.12,27575308
27-09-2023,731.01,733.71,725.33,729.16,39338538
28-09-2023,729.50,736.15,726.94,734.43,55354188
29-09-2023,730.74,735.12,728.83,729.50,32053782
03-10-2023,722.00,731.08,721.02,731.08,38971694
04-10-2023,732.30,734.91,713.00,715.76,54649430
05-10-2023,735.27,742.83,733.76,734.93,48512674
06-10-2023,734.45,739.70,732.44,739.22,17759356
09-10-2023,725.93,732.51,723.90,731.56,16454972
10-10-2023,730.05,732.04,725.43,727.99,33266292
11-10-2023,737.11,738.33,731.80,732.56,31333360
12-10-2023,742.02,743.05,733.28,735.43,22025336
13-10-2023,735.27,741.51,732.49,737.30,39745300
16-10-2023,732.32,734.64,727.97,733.23,17856084
17-10-2023,737.88,744.84,734.91,744.84,32902558
18-10-2023,727.61,737.88,726.82,737.88,31216200
19-10-2023,725.31,730.72,719.68,720.74,30252364
20-10-2023,729.07,731.08,720.54,720.54,21094010
23-10-2023,721.05,731.92,718.20,729.40,22376136
25-10-2023,716.48,729.07,714.06,728.20,28311996
26-10-2023,700.63,714.32,699.12,713.96,55561798
27-10-2023,703.38,707.62,702.30,703.55,31940532
30-10-2023,711.02,713.34,699.91,700.56,23310982
31-10-2023,706.90,720.07,705.70,720.07,32634824
01-11-2023,705.94,707.35,700.08,700.08,33877466
02-11-2023,707.02,713.60,702.42,710.97,45225154
03-11-2023,710.37,714.03,709.37,712.41,18095340
06-11-2023,715.52,717.19,710.01,717.19,25593730
07-11-2023,712.05,715.28,707.23,715.28,41952848
08-11-2023,714.11,715.01,709.05,710.47,31399546
09-11-2023,711.28,714.61,710.25,711.45,22116740
10-11-2023,714.08,716.24,708.60,708.62,14015186
13-11-2023,712.79,716.21,711.40,714.37,20605914
15-11-2023,720.26,723.39,718.41,720.11,41245460
16-11-2023,722.15,727.25,719.95,722.79,29713838
17-11-2023,720.59,721.74,712.88,713.36,23701874
20-11-2023,720.64,724.37,718.89,724.37,19331452
21-11-2023,726.74,728.68,723.94,727.25,24959972
22-11-2023,724.16,727.73,719.85,727.73,29123650
23-11-2023,728.35,729.57,722.22,722.22,13046220
24-11-2023,733.52,734.02,727.65,728.30,16469192
28-11-2023,731.87,735.98,730.50,735.00,28489338
29-11-2023,746.47,748.31,733.95,734.38,34042488
30-11-2023,746.30,752.84,738.33,751.26,69491440
01-12-2023,744.67,749.63,743.09,745.87,22153536
04-12-2023,770.53,771.77,753.41,760.28,50662456
05-12-2023,777.37,784.70,773.93,783.50,52230820
06-12-2023,779.34,784.44,774.00,784.44,38613060
07-12-2023,780.61,782.31,773.78,778.00,20450386
08-12-2023,791.50,792.36,780.61,780.61,33728038
11-12-2023,790.44,796.52,788.53,789.99,23187620
12-12-2023,782.59,792.96,781.28,791.98,36581476
13-12-2023,780.82,783.26,773.26,781.56,29346914
14-12-2023,790.04,794.25,787.57,788.05,35172366
15-12-2023,793.10,798.58,788.34,789.97,138837130
18-12-2023,792.69,797.00,790.42,795.09,18014754
19-12-2023,791.35,794.11,787.12,789.97,24008446
20-12-2023,793.32,799.04,787.31,793.80,34232520
21-12-2023,807.54,809.00,790.09,793.32,36589240
22-12-2023,799.95,807.15,798.15,806.05,48578850
26-12-2023,805.50,807.18,798.85,801.10,18045856
27-12-2023,815.48,817.02,803.66,805.05,27009078
28-12-2023,816.42,824.15,814.86,818.36,44076470
29-12-2023,818.33,821.04,811.99,812.47,25011426
01-01-2024,812.99,818.28,810.07,816.78,14239686
02-01-2024,813.47,815.24,808.49,813.33,29242092
03-01-2024,800.93,816.15,799.04,814.86,28389762
04-01-2024,809.52,811.49,799.88,803.37,26734056
05-01-2024,805.38,816.25,798.63,807.75,31889470
08-01-2024,796.41,805.45,794.75,803.61,17998470
09-01-2024,790.21,803.28,788.41,798.18,25326888
10-01-2024,792.81,794.73,785.85,786.61,16115824
11-01-2024,789.49,796.14,786.61,794.75,18314010
12-01-2024,785.75,792.84,782.11,790.92,19773552
15-01-2024,800.88,804.76,786.90,788.86,28320356
16-01-2024,803.92,806.08,793.84,800.98,25322500
17-01-2024,736.10,764.50,731.75,751.66,170145236
18-01-2024,711.52,725.33,708.60,715.28,161070930
19-01-2024,704.10,723.06,703.02,721.00,109600538
23-01-2024,683.37,706.04,682.24,701.39,115469402
24-01-2024,697.04,698.26,660.82,660.82,86004404
25-01-2024,686.98,697.73,679.56,695.41,98941852
29-01-2024,696.44,700.34,692.20,693.28,65645498
30-01-2024,691.48,700.53,689.86,696.39,41728768
31-01-2024,700.22,706.16,687.89,689.19,65761040
01-02-2024,702.04,705.51,697.11,701.42,32690740
02-02-2024,692.37,708.98,690.41,706.18,44867754
05-02-2024,691.75,695.12,686.58,692.30,38605046
06-02-2024,691.39,694.07,685.88,692.08,41075740
07-02-2024,684.61,696.03,683.03,695.65,54837086
08-02-2024,671.73,688.92,670.51,684.57,69106124
09-02-2024,672.00,677.07,664.05,666.52,56642124
12-02-2024,665.49,676.81,662.30,670.11,34447812
13-02-2024,667.62,672.36,662.78,666.42,57580994
14-02-2024,662.64,666.20,652.82,658.78,91320810
15-02-2024,677.00,677.69,662.78,663.09,41584944
16-02-2024,679.80,683.54,674.32,681.72,32175742
19-02-2024,678.46,684.16,677.55,684.16,34451756
20-02-2024,696.27,697.68,675.92,677.46,56133508
21-02-2024,689.02,700.92,687.03,700.92,45893136
22-02-2024,679.63,684.06,676.12,678.77,50560882
23-02-2024,680.14,686.50,678.89,681.07,29833452
26-02-2024,680.95,686.96,676.76,676.76,23506870
27-02-2024,679.92,683.06,676.52,676.76,32087150
28-02-2024,674.77,681.86,672.19,679.92,25321986
29-02-2024,671.90,675.25,668.98,671.28,53295700
01-03-2024,685.00,685.95,670.27,670.27,34738898
04-03-2024,685.93,687.99,681.91,685.09,35616474
05-03-2024,689.83,690.86,680.64,680.81,37991672
06-03-2024,690.67,695.58,686.34,686.34,42409530
07-03-2024,692.35,694.72,690.10,692.06,49348046
11-03-2024,683.58,692.27,681.29,684.64,50531094
12-03-2024,698.78,700.92,684.28,686.55,65418454
13-03-2024,699.19,704.55,694.26,701.63,63067454
14-03-2024,696.82,701.87,691.48,700.01,52432158
15-03-2024,695.48,698.67,690.50,694.21,143613804
18-03-2024,692.32,697.08,687.41,692.78,21437856
19-03-2024,693.90,695.36,687.27,687.27,36183594
20-03-2024,685.14,695.00,682.08,693.76,43606094
21-03-2024,692.18,694.81,688.61,690.67,28922860
22-03-2024,690.79,694.57,688.35,689.90,45980326
26-03-2024,682.43,688.44,680.88,683.30,56844290
27-03-2024,689.76,693.23,680.45,681.55,62168668
28-03-2024,693.21,699.24,689.76,689.76,55592142
01-04-2024,704.03,705.61,696.89,698.04,25199570
02-04-2024,708.65,715.69,700.56,701.47,41225446
03-04-2024,709.68,716.07,704.46,704.79,45584386
04-04-2024,731.36,732.51,720.07,720.07,88935066
05-04-2024,741.87,744.24,732.59,736.82,59055902
08-04-2024,740.46,745.56,738.04,744.46,20482940
09-04-2024,741.39,744.41,737.45,744.41,21884494
10-04-2024,735.55,742.04,733.93,742.04,27807400
12-04-2024,727.22,732.44,724.59,728.20,41084208
15-04-2024,715.61,722.94,714.34,716.98,23415248
16-04-2024,722.58,724.33,709.65,711.93,20744886
18-04-2024,715.61,727.18,713.87,722.84,34234884
19-04-2024,733.14,734.88,708.70,711.71,34576434
22-04-2024,723.99,745.63,722.12,745.63,42298438
23-04-2024,721.79,730.84,719.71,730.74,26827060
24-04-2024,723.75,728.56,722.48,725.33,22441580
25-04-2024,723.30,727.58,721.14,721.14,35445204
26-04-2024,722.84,731.56,720.81,727.63,24854694
29-04-2024,732.27,734.64,721.29,725.33,36093350
30-04-2024,727.77,737.06,725.28,732.13,52307382
02-05-2024,733.59,735.87,727.89,728.68,33475006
03-05-2024,727.53,737.59,721.60,734.07,31865242
06-05-2024,728.99,734.67,726.36,728.68,28793396
07-05-2024,721.10,729.67,720.14,728.66,28480602
08-05-2024,709.84,716.69,708.74,716.21,41687862
09-05-2024,693.02,711.81,691.96,706.16,46281278
10-05-2024,697.82,704.64,692.43,698.35,27276608
13-05-2024,706.24,708.45,694.13,694.96,27047202
14-05-2024,709.01,711.21,703.84,704.78,25665142
15-05-2024,698.11,708.40,696.80,708.40,38931996
16-05-2024,708.67,709.78,696.66,701.78,34945236
17-05-2024,710.54,712.43,701.85,701.85,20920190
21-05-2024,707.96,713.25,703.74,703.74,43769978
22-05-2024,708.16,711.26,702.79,707.50,39996278
23-05-2024,724.37,725.85,707.11,707.89,40861920
24-05-2024,736.30,737.62,721.16,721.89,31060206
27-05-2024,741.40,749.80,737.20,739.29,29385440
28-05-2024,742.76,745.45,739.99,742.57,27908904
29-05-2024,731.99,739.53,728.56,736.69,35147706
30-05-2024,735.16,739.41,726.82,727.57,33755350
31-05-2024,743.27,745.43,734.75,737.18,74079588
03-06-2024,763.00,776.00,752.22,776.00,72637256
04-06-2024,719.78,756.59,705.63,755.62,89531240
05-06-2024,753.10,756.88,719.39,725.07,81631650
06-06-2024,756.93,759.72,750.57,759.45,46422870
07-06-2024,763.55,768.89,753.22,757.59,36712216
10-06-2024,757.71,767.10,755.91,763.87,22454058
11-06-2024,759.41,762.41,753.29,755.13,29545326
12-06-2024,763.94,770.81,760.18,764.36,39280436
13-06-2024,767.15,769.55,763.87,767.63,24120192
14-06-2024,774.98,776.00,765.67,768.72,25540554
18-06-2024,780.27,781.58,771.37,774.98,32415714
19-06-2024,804.56,810.41,778.43,782.99,90131196
20-06-2024,810.14,816.02,801.72,810.36,41408742
21-06-2024,808.40,811.84,797.43,811.84,51630776
24-06-2024,811.62,812.93,798.69,799.30,28544994
25-06-2024,830.53,833.24,810.99,810.99,74521548
26-06-2024,825.75,830.31,820.70,828.88,47596666
27-06-2024,823.15,831.33,818.52,823.13,55074650
28-06-2024,817.16,828.22,814.83,823.85,26476046
01-07-2024,827.54,828.56,815.31,815.31,21187024
02-07-2024,839.87,841.96,826.35,832.30,45921690
03-07-2024,858.33,870.64,856.39,869.18,123217802
04-07-2024,838.19,854.02,837.08,854.02,45848658
05-07-2024,799.83,817.74,796.97,817.74,82242548
08-07-2024,793.64,803.16,789.66,798.47,39087800
09-07-2024,794.20,799.15,786.36,788.62,48550878
10-07-2024,789.15,795.90,786.56,791.02,45507182
11-07-2024,787.12,789.03,776.97,788.11,44177074
12-07-2024,787.50,795.12,781.90,787.16,56049960
15-07-2024,787.21,790.95,783.86,787.89,33375694
16-07-2024,786.07,789.59,784.64,786.56,28950324
18-07-2024,783.67,788.11,776.08,780.37,33717064
19-07-2024,780.03,787.65,778.19,784.25,26002152
22-07-2024,797.14,801.24,782.63,784.74,53744822
23-07-2024,785.42,799.69,778.91,799.56,52002152
24-07-2024,778.45,786.68,770.69,780.44,61728206
25-07-2024,784.54,788.62,773.09,773.09,25535732
26-07-2024,785.30,787.04,774.77,778.91,43810540
29-07-2024,778.94,791.94,775.66,783.77,51001148
30-07-2024,784.03,793.35,776.00,777.46,54595834
31-07-2024,784.13,790.03,780.95,783.28,37820484
01-08-2024,795.32,800.78,785.20,787.60,26215174
02-08-2024,805.19,810.70,791.53,791.53,44119238
05-08-2024,784.13,798.81,776.97,795.95,41333634
06-08-2024,777.07,792.48,773.24,791.05,45116050
07-08-2024,787.89,791.05,777.56,784.74,42346264
08-08-2024,797.21,802.35,785.83,788.14,33976950
09-08-2024,800.85,806.84,798.71,801.72,26644618
12-08-2024,805.65,813.35,799.47,801.72,39316196
13-08-2024,778.04,792.21,777.05,790.08,54055042
14-08-2024,780.27,783.14,778.04,779.64,32334428
16-08-2024,792.07,793.06,781.83,790.32,27849246
19-08-2024,791.80,794.76,787.99,794.76,19502164
20-08-2024,794.78,798.81,789.81,789.81,31134494
21-08-2024,789.01,793.26,785.13,790.13,47630904
22-08-2024,791.68,795.08,790.08,792.02,21300638
23-08-2024,788.64,792.99,787.65,792.99,20333422
26-08-2024,795.88,799.76,792.11,792.11,22364266
27-08-2024,794.81,799.49,792.11,797.55,35773244
28-08-2024,794.49,795.78,791.14,794.81,26921188
29-08-2024,795.20,798.04,791.61,796.87,49052604
30-08-2024,794.40,806.58,786.75,803.67,445342100
02-09-2024,789.57,799.20,787.75,799.20,34049680
03-09-2024,794.61,795.88,788.43,792.99,37282860
04-09-2024,796.77,798.23,792.02,795.41,24682744
05-09-2024,798.55,800.70,796.87,798.81,22876318
06-09-2024,794.42,799.66,793.04,795.08,26029602
09-09-2024,799.05,800.03,791.10,794.93,23792914
10-09-2024,800.92,802.69,794.93,802.69,26606646
11-09-2024,797.79,801.97,795.51,800.95,22226684
12-09-2024,808.81,810.46,799.32,802.69,32424046
13-09-2024,808.49,812.40,804.17,812.40,23860532
16-09-2024,810.92,814.24,807.57,809.00,15172820
17-09-2024,809.88,814.34,807.62,814.34,20127122
18-09-2024,822.49,824.48,810.99,811.36,40917342
19-09-2024,829.14,834.24,824.61,824.63,30651776
20-09-2024,845.01,846.83,828.68,833.03,60623386
23-09-2024,854.04,857.22,844.55,848.80,26965350
24-09-2024,858.04,864.64,851.35,856.56,33039036
25-09-2024,863.41,867.73,854.21,854.21,31965312
26-09-2024,865.52,867.73,858.04,860.47,31899644
27-09-2024,850.57,862.97,849.28,862.39,35613502
30-09-2024,840.57,849.99,836.86,848.70,26383534
01-10-2024,837.73,845.40,834.77,836.67,24572284
03-10-2024,816.28,837.71,812.09,832.61,48473398
04-10-2024,804.47,820.48,802.21,812.64,48683232
07-10-2024,785.13,805.12,782.80,801.82,94458296
08-10-2024,801.26,804.05,787.16,791.05,29734406
09-10-2024,792.58,804.03,790.42,800.51,41125642
10-10-2024,806.77,808.25,792.26,795.41,21754766
11-10-2024,801.24,807.77,797.48,807.77,23672594
14-10-2024,819.24,821.16,802.69,803.69,18527508
15-10-2024,817.30,824.05,813.13,822.11,19651130
16-10-2024,824.92,828.88,815.36,815.36,20470682
17-10-2024,811.99,823.88,808.13,822.57,14695732
18-10-2024,816.21,820.65,802.74,807.11,24809724
21-10-2024,838.95,848.39,830.38,832.30,46548354
22-10-2024,832.08,844.43,830.21,839.60,38875280
23-10-2024,842.39,847.59,827.47,827.47,38036090
24-10-2024,849.11,858.33,843.51,843.51,30832258
25-10-2024,846.08,853.09,838.95,851.71,26130478
28-10-2024,841.62,849.77,839.04,845.40,22012142
29-10-2024,850.18,856.08,837.20,837.71,35794926
30-10-2024,841.81,851.59,836.76,845.40,32715724
31-10-2024,842.34,843.90,834.43,838.61,22895912
01-11-2024,843.12,846.42,837.68,841.03,1759692
04-11-2024,831.86,846.86,830.31,846.86,28089248
05-11-2024,853.09,855.45,824.00,826.47,44232406
06-11-2024,851.83,859.72,847.03,859.72,27787910
07-11-2024,847.61,854.60,843.46,846.52,18895456
08-11-2024,851.44,855.01,847.27,850.25,19902986
11-11-2024,857.19,865.20,849.87,851.49,24565362
12-11-2024,833.85,861.42,829.22,859.96,31395406
13-11-2024,815.97,839.29,811.92,833.15,35728500
14-11-2024,821.50,827.37,811.48,811.96,27146470
18-11-2024,827.49,834.19,822.59,825.02,27081968
19-11-2024,845.52,851.10,826.33,831.81,50981272
21-11-2024,845.01,853.65,841.62,848.99,35716512
22-11-2024,847.15,851.37,839.36,846.15,24773612
25-11-2024,866.56,875.27,856.51,866.29,427737274
26-11-2024,866.54,878.40,858.89,878.40,30935566
27-11-2024,879.52,881.97,866.34,868.65,32714976
28-11-2024,870.22,891.07,867.73,882.77,35722392
29-11-2024,871.63,875.78,865.25,874.18,27669536
02-12-2024,875.83,877.50,861.42,875.25,15110876
03-12-2024,886.31,891.70,881.36,884.57,43410242
04-12-2024,902.72,905.09,888.67,891.99,44669084
05-12-2024,905.46,912.35,890.63,902.67,39682714
06-12-2024,900.65,904.71,894.90,901.21,17783156
09-12-2024,907.52,912.37,897.33,899.59,26947912
10-12-2024,906.60,911.26,901.96,911.26,13325480
11-12-2024,904.17,908.44,901.09,903.49,14045426
12-12-2024,902.30,906.87,897.18,898.30,17293790
13-12-2024,908.37,909.95,887.74,903.88,19009002
16-12-2024,905.19,907.50,900.36,905.14,13107082
17-12-2024,889.69,903.81,886.41,900.90,21079532
18-12-2024,878.74,891.02,877.02,888.04,23422312
19-12-2024,870.39,874.08,863.36,873.35,25380770
20-12-2024,859.72,872.36,857.56,864.91,25692348
23-12-2024,874.03,876.46,864.47,864.81,11044592
24-12-2024,872.63,877.77,868.48,874.54,14485834
26-12-2024,869.06,879.37,864.21,872.85,10481678
27-12-2024,872.70,876.44,868.26,871.03,7259330
30-12-2024,862.82,880.83,859.48,869.76,22222218
31-12-2024,860.37,864.72,856.85,859.14,14117236
01-01-2025,865.18,870.64,854.67,860.66,7313806
02-01-2025,870.52,875.22,860.45,862.44,18558576
03-01-2025,848.90,871.24,847.49,869.18,24426194
06-01-2025,830.11,852.78,827.83,844.48,18816348
07-01-2025,831.52,835.21,825.02,832.30,13527906
08-01-2025,822.25,830.67,816.94,829.02,19738190
09-01-2025,809.39,819.68,804.68,817.33,40420222
10-01-2025,804.03,812.84,802.69,810.94,17453280
13-01-2025,791.46,799.18,788.28,795.90,21669066
14-01-2025,799.10,803.76,794.44,795.85,26661432
15-01-2025,797.38,806.92,794.10,803.91,14022892
16-01-2025,801.75,805.87,797.28,802.14,21212454
17-01-2025,794.32,801.00,790.32,797.60,23112076
20-01-2025,801.36,806.07,789.11,789.11,17557618
21-01-2025,797.06,806.12,792.53,804.76,31158144
22-01-2025,808.54,811.38,788.84,797.06,30619306
23-01-2025,807.98,818.71,801.36,818.71,34909158
24-01-2025,800.66,810.60,798.08,805.61,24236200
27-01-2025,790.95,797.65,789.11,796.43,22804166
28-01-2025,810.65,817.40,799.30,799.30,30179312
29-01-2025,814.00,815.87,809.90,812.89,12619890
30-01-2025,820.89,824.00,811.70,815.80,25744846
31-01-2025,824.41,827.30,817.23,818.83,15821686
01-02-2025,820.63,831.33,813.40,823.81,5587528
03-02-2025,814.34,818.61,807.28,810.46,20276540
04-02-2025,835.16,837.54,815.34,819.53,28616502
05-02-2025,843.36,846.47,834.19,841.03,23675506
06-02-2025,846.30,848.80,836.67,842.25,26760716
07-02-2025,840.91,857.53,837.15,849.28,23509600
10-02-2025,832.66,836.40,829.14,833.41,17195950
11-02-2025,825.70,830.36,819.53,826.47,22724704
12-02-2025,828.32,830.84,815.89,821.62,22809570
13-02-2025,823.90,831.93,821.89,824.53,12602434
14-02-2025,822.52,825.94,815.31,825.94,19959892
17-02-2025,833.44,834.72,815.92,817.84,12938946
18-02-2025,836.20,840.33,828.00,831.35,16350910
19-02-2025,838.22,843.41,831.06,833.27,11884112
20-02-2025,818.76,832.15,817.88,830.36,26390510
21-02-2025,821.38,822.57,813.98,815.75,15680940
24-02-2025,813.90,817.35,806.14,815.85,20693646
25-02-2025,816.45,819.19,810.99,810.99,24138708
27-02-2025,825.36,830.24,816.55,816.55,35786800
28-02-2025,840.74,843.10,817.74,817.74,54516728
03-03-2025,825.77,845.91,822.16,844.33,21205364
04-03-2025,829.87,831.96,821.74,824.05,19920958
05-03-2025,820.17,830.26,819.32,825.96,21583872
06-03-2025,820.75,824.97,811.55,818.71,32966088
07-03-2025,819.80,825.58,814.15,816.28,13372914
10-03-2025,818.95,824.97,816.79,819.68,15604050
11-03-2025,817.98,822.11,810.48,816.48,19898430
12-03-2025,830.43,834.00,820.92,820.92,18784106
13-03-2025,828.22,835.11,825.04,832.81,15736264
17-03-2025,830.07,836.67,827.44,827.44,18950652
18-03-2025,830.07,830.07,830.07,830.07,0
19-03-2025,846.42,849.77,840.65,842.00,15221406
20-03-2025,858.38,860.93,848.94,851.22,17833978
21-03-2025,859.16,860.98,851.98,851.98,33508264
24-03-2025,873.55,875.68,860.76,863.36,17393736
25-03-2025,883.96,894.76,874.28,875.93,39101416
26-03-2025,876.73,886.89,874.52,885.68,24478442
27-03-2025,885.85,893.45,872.63,873.55,41658100
28-03-2025,887.23,891.02,876.39,887.62,28773648
01-04-2025,857.95,878.35,856.73,874.52,28511006
02-04-2025,872.04,873.16,859.33,859.33,11573564
03-04-2025,871.05,875.49,862.39,864.38,11250038
04-04-2025,881.94,893.91,878.94,879.86,33540454
07-04-2025,853.02,863.77,843.56,855.50,37995450
08-04-2025,858.58,864.81,849.43,856.56,35563872
09-04-2025,856.56,861.42,850.98,856.56,22454608
11-04-2025,876.82,882.96,861.30,861.30,32775766
15-04-2025,905.05,910.82,900.24,905.09,49298344
16-04-2025,911.40,914.22,902.91,914.22,19136820
17-04-2025,925.33,931.64,910.77,913.34,35703084
21-04-2025,935.23,946.68,926.93,933.73,34247298
22-04-2025,952.02,956.34,939.07,939.07,45961750
23-04-2025,933.68,960.37,932.03,960.37,30570642
24-04-2025,930.23,933.68,924.55,926.93,25931754
25-04-2025,927.51,938.09,918.10,934.12,18500878
28-04-2025,931.88,936.49,926.16,927.51,13920492
29-04-2025,926.35,936.06,922.18,931.20,18918308
30-04-2025,934.21,939.99,927.08,928.39,31936870
02-05-2025,932.71,942.41,931.79,936.54,17840404
05-05-2025,939.94,947.32,937.75,941.01,15068024
06-05-2025,937.46,941.54,933.87,936.64,17490156
07-05-2025,944.21,945.71,932.95,938.58,21420778
08-05-2025,935.91,948.67,931.35,948.67,34803430
09-05-2025,917.08,931.30,915.67,926.98,17188796
12-05-2025,949.84,951.15,928.05,930.62,18618972
13-05-2025,933.05,952.02,931.79,946.34,24242102
14-05-2025,927.22,936.74,923.54,932.80,15445308
15-05-2025,938.48,943.82,920.62,928.63,32241458
16-05-2025,938.92,943.34,935.86,938.48,15868010
19-05-2025,940.86,943.92,937.12,940.04,10202964
20-05-2025,929.31,938.87,928.39,935.72,23879090
21-05-2025,935.09,944.84,932.32,935.18,15132040
22-05-2025,931.74,933.82,924.60,929.46,21306670
23-05-2025,938.39,940.04,929.12,931.83,9566072
26-05-2025,941.59,946.30,935.13,939.07,10802860
27-05-2025,934.84,945.37,929.99,937.42,26162148
28-05-2025,933.48,938.82,930.67,931.88,18157594
29-05-2025,935.43,941.88,925.62,935.67,28917794
30-05-2025,943.87,945.76,934.41,937.56,28748078
02-06-2025,937.66,939.55,925.96,936.69,14668822
03-06-2025,934.02,947.32,931.79,940.52,24377584
04-06-2025,942.07,943.09,932.22,932.27,12961542
05-06-2025,946.15,950.66,941.59,945.37,22255418
06-06-2025,960.27,968.81,942.80,943.43,30127008
09-06-2025,960.37,968.18,958.91,968.18,13202588
10-06-2025,953.77,962.26,951.73,962.26,15533126
11-06-2025,946.54,954.89,944.89,954.89,11096394
12-06-2025,943.14,951.68,939.21,946.34,16349130
13-06-2025,930.62,938.09,928.39,931.79,12117762
16-06-2025,939.26,940.96,931.83,933.73,16513746
17-06-2025,936.44,942.27,931.35,940.04,16978736
18-06-2025,938.53,939.70,930.33,930.33,18433816
19-06-2025,939.21,944.79,934.50,938.53,16876220
20-06-2025,953.48,956.00,937.42,937.42,32900408
23-06-2025,945.57,950.18,942.37,945.57,11739518
24-06-2025,951.63,960.42,949.06,953.62,22625322
25-06-2025,961.00,961.87,953.09,954.11,18405932
26-06-2025,981.19,983.76,960.90,961.58,50084830
27-06-2025,988.60,991.00,978.05,987.67,28213384
30-06-2025,982.02,988.06,979.08,986.93,13649020
01-07-2025,987.22,989.14,983.25,983.74,14389386
02-07-2025,974.42,991.05,970.44,991.05,18878250
03-07-2025,974.96,985.21,973.58,978.79,16860506
04-07-2025,976.04,983.00,971.47,974.96,7863944
07-07-2025,975.11,980.50,973.34,975.89,11349426
08-07-2025,981.97,983.74,970.00,970.00,15224316
09-07-2025,986.78,988.06,980.36,984.72,13861428
10-07-2025,984.33,989.63,981.29,989.14,17030310
11-07-2025,973.29,983.64,971.92,980.31,12516922
14-07-2025,972.95,975.74,966.86,972.95,13088850
15-07-2025,979.08,983.05,968.04,968.04,14498168
16-07-2025,979.47,992.43,977.66,990.12,17994612
17-07-2025,974.86,983.64,972.80,983.25,22529158
18-07-2025,960.39,979.82,958.23,974.86,16129446
21-07-2025,981.53,982.27,969.76,970.59,22309078
22-07-2025,984.77,990.12,982.76,987.72,14836814
23-07-2025,993.21,995.91,982.76,986.68,13634916
24-07-2025,988.25,999.78,985.41,999.78,19107176
25-07-2025,985.99,991.11,983.24,991.11,9306598
28-07-2025,987.91,994.26,983.98,985.21,12059580
29-07-2025,994.35,996.76,981.91,983.68,19895696
30-07-2025,996.42,999.76,992.09,997.50,15154036
31-07-2025,992.68,999.17,987.66,990.91,22183032
01-08-2025,989.73,997.65,988.30,990.62,11317258
04-08-2025,979.79,992.83,977.88,988.70,13933946
05-08-2025,972.71,980.98,966.76,977.09,23978058
06-08-2025,976.50,977.83,968.97,969.51,14080204
07-08-2025,981.47,984.52,972.32,973.94,13081186
08-08-2025,970.89,980.19,968.97,977.38,13895264
11-08-2025,981.57,982.55,970.50,971.88,9105854
12-08-2025,968.92,981.76,967.74,979.75,12937802
13-08-2025,974.04,980.78,968.53,980.78,13577396
14-08-2025,979.35,981.76,969.56,972.91,17511716
18-08-2025,985.50,996.81,981.57,988.65,19284796
19-08-2025,979.35,986.73,977.19,982.89,12352438
20-08-2025,977.93,979.79,973.40,977.34,9950228
21-08-2025,979.40,982.50,975.47,982.50,12439850
22-08-2025,966.32,981.76,962.63,978.76,19833502
25-08-2025,966.07,972.61,962.58,964.15,17518044
26-08-2025,957.56,969.66,952.25,963.56,16917731
28-08-2025,942.22,956.38,939.46,951.27,25438255
29-08-2025,936.12,947.63,934.64,938.48,14823813
01-09-2025,935.13,941.87,930.95,934.15,20178344
02-09-2025,929.13,939.27,928.64,935.53,14196320
03-09-2025,938.92,940.74,924.71,929.62,16083481
04-09-2025,945.61,949.99,940.69,944.58,17597657
05-09-2025,947.73,951.76,938.53,951.76,11602111
08-09-2025,950.28,957.32,944.82,953.23,11711307
09-09-2025,949.45,958.55,947.04,958.15,13985539
10-09-2025,950.18,958.05,946.05,958.05,18091100
11-09-2025,952.05,953.48,944.28,944.68,15113633
12-09-2025,951.56,954.96,946.59,954.12,14363519
15-09-2025,951.32,956.53,949.30,953.82,14486377
16-09-2025,951.12,953.58,945.56,945.56,18661794
17-09-2025,950.77,958.55,948.66,949.45,17361476
18-09-2025,961.01,963.71,953.48,957.46,17791598
19-09-2025,951.17,960.81,946.45,959.04,31243267
22-09-2025,948.51,955.40,946.30,948.32,10854415
23-09-2025,941.63,952.45,939.95,951.27,21022298
24-09-2025,935.58,940.89,927.66,936.71,15117220
25-09-2025,934.40,942.41,931.99,937.00,31413279
26-09-2025,929.67,935.97,925.98,929.72,14874656
29-09-2025,934.84,941.23,923.82,930.66,32398179
30-09-2025,935.53,944.38,930.90,942.46,28296687
01-10-2025,949.55,953.82,930.61,937.20,25350832
03-10-2025,949.45,951.02,936.51,936.51,26658296
06-10-2025,957.61,961.50,946.35,956.09,18542683
07-10-2025,966.51,973.74,955.20,958.15,25535736
08-10-2025,962.78,969.86,958.69,960.12,15939710
09-10-2025,961.20,963.07,954.37,958.64,15370950
10-10-2025,964.94,970.15,962.19,963.07,13757080
13-10-2025,961.10,965.04,956.19,958.45,18634254
14-10-2025,961.25,964.50,951.27,954.22,22934382
15-10-2025,962.33,968.88,957.51,959.14,23310447
16-10-2025,978.17,980.38,965.53,966.66,22936566
17-10-2025,986.24,992.58,969.96,977.78,25210511
20-10-2025,986.63,1003.40,980.78,980.78,22195202
21-10-2025,991.30,993.57,987.66,989.63,3471600
23-10-2025,992.39,1003.90,989.63,999.47,43526526
24-10-2025,978.57,995.49,975.17,994.55,17707768
27-10-2025,986.63,992.63,979.99,980.29,15700796
28-10-2025,987.22,991.60,978.81,981.42,33904289
29-10-2025,991.45,996.03,983.73,988.55,17769445
30-10-2025,981.91,993.08,980.88,983.73,19962917
31-10-2025,971.24,988.11,965.19,977.83,23221330
03-11-2025,976.50,978.37,967.30,968.97,16607180
04-11-2025,969.22,980.78,967.69,970.94,20024544
06-11-2025,968.63,974.93,958.15,965.04,22279516
07-11-2025,966.32,968.88,958.89,964.06,15004568
10-11-2025,968.48,974.83,964.25,966.32,15988262
11-11-2025,975.56,977.34,962.09,967.50,10200530
12-11-2025,973.40,982.75,971.63,982.55,13137263
13-11-2025,970.60,973.99,966.61,967.99,14124839
14-11-2025,973.50,975.52,960.17,960.17,21386965
17-11-2025,980.34,981.71,969.56,975.12,18396408
18-11-2025,976.30,982.75,973.89,981.42,20002640
19-11-2025,978.42,980.34,967.99,973.89,19813847
20-11-2025,992.44,995.14,976.30,979.11,19850865
21-11-2025,981.81,991.89,980.34,986.78,17499897
24-11-2025,982.89,994.99,977.43,983.73,32204053
25-11-2025,973.70,989.73,972.32,987.66,24989383
26-11-2025,987.57,990.57,965.33,965.33,19494356
27-11-2025,993.08,1000.26,984.71,985.80,25536848
28-11-2025,991.21,995.58,987.86,990.62,15988807
01-12-2025,985.80,1000.94,983.04,1000.94,16746566
02-12-2025,973.70,978.22,968.97,971.92,27316662
03-12-2025,984.22,985.99,969.96,969.96,15448777
04-12-2025,980.98,988.35,976.84,983.73,14528169
05-12-2025,986.98,991.60,974.09,975.86,12843366
08-12-2025,986.78,990.12,981.27,983.73,12901022
09-12-2025,980.88,986.48,977.83,978.71,15294322
10-12-2025,973.70,982.25,969.27,981.27,15322830
11-12-2025,984.02,986.39,972.42,973.89,11844809
12-12-2025,985.21,988.35,981.96,986.68,11988618
15-12-2025,979.89,985.50,975.86,975.86,9790060
16-12-2025,978.12,982.45,973.99,973.99,20049088
17-12-2025,967.99,979.79,964.84,979.79,19080922
18-12-2025,963.76,971.33,957.46,957.46,14912404
19-12-2025,969.47,971.92,962.78,970.94,25952384
22-12-2025,971.63,976.75,967.89,971.92,13540411
23-12-2025,980.38,982.65,971.63,974.38,17927849
24-12-2025,980.98,983.14,976.84,976.84,13699996
26-12-2025,975.96,980.98,971.63,979.79,9360853
29-12-2025,975.56,981.17,971.14,976.94,13545749
30-12-2025,974.78,978.81,966.22,974.09,33155849
31-12-2025,975.07,981.37,971.53,974.88,10963454
01-01-2026,975.02,981.32,973.40,977.34,7132074
02-01-2026,985.30,986.88,972.71,975.02,11751459
05-01-2026,961.60,990.03,960.42,989.39,27647379
06-01-2026,946.54,950.97,940.45,947.04,31988783
07-01-2026,933.61,940.89,930.61,940.45,52884712
08-01-2026,931.30,937.49,926.08,929.33,21928849
09-01-2026,923.72,935.13,918.11,929.62,38183839
12-01-2026,921.71,926.67,914.48,922.25,21071666
13-01-2026,922.10,932.28,917.43,932.28,32042827
14-01-2026,910.39,924.76,905.23,914.87,36688248
15-01-2026,910.39,910.39,910.39,910.39,0
16-01-2026,915.95,920.72,904.24,907.00,37780235
19-01-2026,912.80,920.92,904.54,920.67,38191942
20-01-2026,916.05,919.30,904.64,914.18,36022727
21-01-2026,905.38,916.98,900.60,909.95,32766854
22-01-2026,903.75,913.20,898.34,912.90,44444755
23-01-2026,901.19,911.03,894.46,905.03,30985247
27-01-2026,911.33,916.05,890.28,891.26,44753093
28-01-2026,917.52,926.13,913.29,917.33,35347138
29-01-2026,920.28,924.02,909.31,914.97,37175628
30-01-2026,914.13,923.62,912.66,914.87,29691233
02-02-2026,913.00,914.67,894.51,900.11,28032106
03-02-2026,933.26,977.83,929.62,967.74,50336968
04-02-2026,937.59,941.63,932.53,937.00,24366770
05-02-2026,934.25,940.49,931.30,940.45,28103169
06-02-2026,925.79,932.67,922.34,929.62,18120272
09-02-2026,922.00,934.54,920.13,929.62,23947829
10-02-2026,917.23,925.59,914.82,914.87,31525385
11-02-2026,912.02,920.77,910.25,916.10,24869804
12-02-2026,905.62,913.49,903.56,911.92,33872203
13-02-2026,889.19,913.10,886.34,898.15,50188359
16-02-2026,910.74,914.38,887.42,889.19,18806989
17-02-2026,910.64,913.00,903.65,907.98,22599629
18-02-2026,909.65,910.44,904.59,908.18,12738702
19-02-2026,900.70,914.08,897.60,913.88,21209234
20-02-2026,897.01,902.92,893.62,896.18,22654907
23-02-2026,908.57,910.59,900.36,901.59,23270122
24-02-2026,895.69,912.85,894.36,912.85,31313985
25-02-2026,892.83,901.10,888.41,895.74,27884303
26-02-2026,883.98,897.16,880.44,897.16,41165937
27-02-2026,873.31,884.32,870.60,883.98,34620755
02-03-2026,865.09,873.31,857.37,861.94,38378924
04-03-2026,854.52,864.99,834.20,834.20,39862322
05-03-2026,863.47,867.06,849.45,859.63,31324582
06-03-2026,843.11,857.52,841.19,853.93,34439647
09-03-2026,827.02,828.74,808.13,811.58,35592613
10-03-2026,835.63,842.86,826.92,836.22,52866024
11-03-2026,820.38,835.04,814.13,831.25,42261076
12-03-2026,819.20,822.79,806.76,806.76,46107561
13-03-2026,803.71,810.40,798.79,806.66,41700464
16-03-2026,826.92,830.76,802.38,803.71,52182605
17-03-2026,831.60,835.09,821.51,833.91,38826979
18-03-2026,829.33,833.02,818.07,831.60,23507063
19-03-2026,785.21,802.38,757.47,757.47,171637393
20-03-2026,767.75,780.84,765.54,772.23,103129469
23-03-2026,732.04,756.19,728.99,750.73,72341738
24-03-2026,752.45,760.18,735.53,742.72,61269986
25-03-2026,769.57,781.87,755.70,755.70,59230640
27-03-2026,743.90,762.29,742.27,760.62,65485199
30-03-2026,719.65,738.78,714.83,733.08,103500135
01-04-2026,730.17,743.60,727.07,730.91,78862761
02-04-2026,738.68,742.72,714.83,718.12,49310300
06-04-2026,758.46,760.18,732.88,746.65,42976659
07-04-2026,759.44,761.41,748.62,753.54,51309793
08-04-2026,802.82,804.49,783.05,786.98,70269512
09-04-2026,784.72,805.67,780.20,801.74,48879392
10-04-2026,797.12,799.03,787.97,790.92,38156026
13-04-2026,781.77,785.51,774.54,778.62,47549328
15-04-2026,796.72,801.54,790.92,791.85,39769515
16-04-2026,782.51,806.71,779.31,804.69,62861293
17-04-2026,786.89,790.87,775.38,777.24,37282544
20-04-2026,782.51,796.77,777.15,784.13,52148044
21-04-2026,798.54,801.64,782.26,782.26,49135752
22-04-2026,786.89,799.82,785.02,796.82,23876412
23-04-2026,771.59,783.69,769.77,779.11,37677616
24-04-2026,772.08,774.79,764.36,764.65,27720358
27-04-2026,776.95,780.10,772.23,774.69,18115375
28-04-2026,769.82,781.57,765.64,772.23,35366803
29-04-2026,766.33,777.15,764.70,772.72,25799963
30-04-2026,759.14,766.13,749.85,757.47,47998755
01-05-2026,759.14,759.14,759.14,759.14,0
04-05-2026,766.72,773.80,760.03,760.03,29028060
05-05-2026,759.73,764.26,751.27,761.80,38887657
06-05-2026,783.59,785.95,760.91,762.54,35530831
07-05-2026,783.10,788.51,775.72,781.08,46137553
08-05-2026,768.15,775.92,764.55,771.24,38016841
11-05-2026,751.23,762.24,749.50,759.39,41123422
12-05-2026,738.24,747.34,735.63,744.29,43937132
13-05-2026,737.40,747.59,735.19,739.76,28960919
14-05-2026,757.03,765.64,734.85,738.78,50992358
15-05-2026,755.01,769.18,752.95,760.42,24347873
18-05-2026,756.14,761.51,739.13,746.65,29812079
19-05-2026,750.04,758.26,747.88,754.23,40307830
20-05-2026,747.14,749.85,742.86,747.24,24013451
21-05-2026,746.80,755.75,742.86,754.52,34664725
22-05-2026,754.32,762.39,746.80,746.80,25604071
25-05-2026,774.05,775.03,762.59,763.37,26043952
26-05-2026,766.23,777.98,764.11,771.29,31528062
27-05-2026,746.31,761.31,744.58,756.98,63680153
28-05-2026,746.31,746.31,746.31,746.31,0
29-05-2026,732.44,748.13,725.75,733.91,101299431
01-06-2026,730.62,740.11,727.17,736.81,47996441
02-06-2026,736.08,741.34,721.22,725.01,47314447
03-06-2026,741.39,744.58,730.52,732.34,36109480
04-06-2026,741.93,744.98,732.88,736.96,42673538
05-06-2026,734.90,746.36,732.53,741.68,22116568
08-06-2026,726.63,729.44,722.55,725.99,21550700
09-06-2026,726.34,731.85,720.39,727.42,38539563
10-06-2026,734.70,743.65,724.42,724.52,44458159
11-06-2026,732.49,743.70,728.06,730.91,32632007
12-06-2026,759.88,761.85,740.85,742.42,36088159
15-06-2026,764.70,780.59,762.98,777.15,39990334
16-06-2026,772.13,774.88,766.77,767.80,27820970
17-06-2026,774.29,781.38,770.36,774.83,32405604
18-06-2026,786.00,789.89,773.41,773.70,41492071
19-06-2026,779.80,789.05,776.20,788.70,33798761
22-06-2026,786.40,789.90,783.10,789.90,25194765
23-06-2026,774.65,790.90,772.55,783.05,28289062
24-06-2026,793.20,794.90,772.65,773.00,34701292
25-06-2026,796.30,804.45,794.75,798.50,46707966
26-06-2026,796.30,796.30,796.30,796.30,0
29-06-2026,798.90,805.90,793.30,800.00,46695977
30-06-2026,797.95,806.10,792.75,806.10,45778356
01-07-2026,796.15,802.25,793.50,793.50,26094378
02-07-2026,795.90,805.45,794.00,795.00,34143823
03-07-2026,801.05,807.00,798.55,803.00,25871958
06-07-2026,829.85,831.50,805.00,805.00,63203327
07-07-2026,829.30,843.00,826.10,843.00,57611729
08-07-2026,810.30,834.35,806.95,825.90,38754632
09-07-2026,817.55,822.85,812.30,813.00,39891798
10-07-2026,824.95,827.70,820.30,824.00,23595785
13-07-2026,817.95,821.95,811.00,817.00,21741736
14-07-2026,809.40,818.40,807.00,811.40,25605395
15-07-2026,815.45,819.70,809.70,811.00,21488739
16-07-2026,808.30,818.00,806.50,814.50,18698186
17-07-2026,819.60,823.70,808.50,810.00,17415322
20-07-2026,777.60,790.00,774.55,790.00,56061789
21-07-2026,761.45,772.50,760.10,769.15,42246009
22-07-2026,753.15,761.35,750.35,760.25,23385446
23-07-2026,747.25,751.00,743.25,749.40,32532090
24-07-2026,742.80,748.25,737.25,738.50,23837859
27-07-2026,739.55,747.95,738.10,746.10,29678752
28-07-2026,735.40,740.25,732.00,732.00,33886037
29-07-2026,748.20,751.25,740.80,743.00,20460659
30-07-2026,753.95,757.90,745.50,752.80,35844392
