Price,Close,High,Low,Open,Volume
Ticker,INFY.NS,INFY.NS,INFY.NS,INFY.NS,INFY.NS
Date,,,,,
01-01-2018,406.45,410.76,405.05,408.08,5431340
02-01-2018,404.93,409.77,402.30,407.90,6112248
03-01-2018,401.63,405.68,400.57,404.46,6846552
04-01-2018,399.31,401.51,397.03,401.51,8947614
05-01-2018,397.97,403.64,395.61,399.27,11025976
08-01-2018,407.43,408.59,401.14,403.05,5594690
09-01-2018,409.52,410.91,404.62,408.99,9948236
10-01-2018,413.80,415.28,406.25,411.66,9468634
11-01-2018,423.06,426.05,414.98,414.98,16775298
12-01-2018,424.11,427.04,421.00,427.00,18016528
15-01-2018,425.17,429.81,418.86,424.72,10649250
16-01-2018,441.57,446.27,425.21,425.21,22646966
17-01-2018,453.07,456.88,441.63,442.35,26154088
18-01-2018,453.31,458.10,445.20,450.28,13204970
19-01-2018,449.67,451.42,446.74,450.28,5988278
22-01-2018,452.24,454.98,445.16,445.22,9650214
23-01-2018,462.90,467.19,454.21,454.21,15403796
24-01-2018,466.32,480.18,459.13,462.00,20604718
25-01-2018,462.23,465.38,457.06,464.83,13548914
29-01-2018,465.18,470.43,458.22,458.75,10823002
30-01-2018,460.36,465.26,457.24,463.61,8628312
31-01-2018,452.34,458.77,449.16,455.84,9213698
01-02-2018,450.12,455.35,439.88,449.18,13005454
02-02-2018,449.59,457.32,444.42,446.44,10244486
05-02-2018,447.60,454.15,446.68,448.31,9860220
06-02-2018,435.63,443.73,430.67,432.56,10552078
07-02-2018,436.14,442.33,433.98,438.87,8342056
08-02-2018,446.05,450.83,439.09,441.55,8807244
09-02-2018,436.18,440.56,434.94,439.66,4382690
12-02-2018,433.68,440.68,431.72,438.40,6291972
14-02-2018,431.70,439.38,428.73,434.94,8345712
15-02-2018,438.26,444.26,433.76,433.76,7986736
16-02-2018,443.61,448.96,439.70,442.41,9889222
19-02-2018,445.07,446.74,440.56,443.75,6461840
20-02-2018,447.11,452.05,434.06,434.06,7188594
21-02-2018,451.22,452.99,448.31,451.26,13771358
22-02-2018,456.47,457.75,448.49,450.49,17859974
23-02-2018,454.47,458.54,450.97,457.55,9459828
26-02-2018,447.76,454.23,446.09,452.64,5083608
27-02-2018,452.32,453.68,442.67,450.26,6616026
28-02-2018,461.13,467.78,449.31,451.30,17268416
01-03-2018,456.47,459.95,454.62,459.95,6579852
05-03-2018,454.56,460.42,449.59,456.47,8101456
06-03-2018,452.77,458.30,449.73,457.18,6689734
07-03-2018,449.92,456.18,447.54,454.21,6370416
08-03-2018,454.86,458.46,451.85,451.85,6093014
09-03-2018,457.51,458.54,454.43,457.10,4220964
12-03-2018,466.30,468.70,460.80,462.47,7676970
13-03-2018,465.54,470.73,462.13,464.12,8581052
14-03-2018,464.36,468.21,459.75,464.04,4429710
15-03-2018,465.02,467.34,460.90,464.04,6101500
16-03-2018,460.86,464.98,459.81,464.83,17954826
19-03-2018,450.97,464.24,449.35,457.75,7526620
20-03-2018,457.97,460.11,451.69,451.69,8553766
21-03-2018,459.13,462.27,457.04,460.11,7692994
22-03-2018,456.69,463.04,454.33,457.95,6813168
23-03-2018,459.16,461.60,449.24,451.06,12008084
26-03-2018,454.31,458.89,449.88,458.89,8930722
27-03-2018,453.82,456.69,452.28,456.18,3802088
28-03-2018,445.09,452.54,442.90,452.54,12558322
02-04-2018,447.19,452.07,440.96,448.70,8072702
03-04-2018,448.49,449.71,443.63,446.23,4077168
04-04-2018,442.10,450.10,440.45,449.88,4813302
05-04-2018,451.28,452.75,444.02,448.13,7763544
06-04-2018,443.20,450.67,441.27,449.49,5937742
09-04-2018,437.00,442.73,435.16,442.41,7202882
10-04-2018,437.85,442.22,434.70,437.30,8926058
11-04-2018,442.12,444.97,439.07,439.66,9025574
12-04-2018,457.20,461.19,442.41,444.16,17044366
13-04-2018,460.68,466.36,452.34,461.68,21227038
16-04-2018,445.64,448.31,433.37,433.37,24745084
17-04-2018,442.49,443.36,438.48,443.20,10397940
18-04-2018,442.79,446.25,438.03,441.57,10430380
19-04-2018,445.50,448.23,441.66,442.02,8525542
20-04-2018,463.43,469.43,447.11,447.92,24272692
23-04-2018,467.07,477.57,454.31,459.32,21830638
24-04-2018,454.01,470.49,452.28,466.01,8526216
25-04-2018,456.31,460.50,450.36,453.03,11594178
26-04-2018,462.65,464.69,456.18,461.68,11302084
27-04-2018,466.09,468.60,461.76,464.04,7663370
30-04-2018,471.71,475.03,464.30,464.71,5511678
02-05-2018,470.75,472.54,464.43,471.47,10295042
03-05-2018,465.04,473.75,462.51,470.82,5332230
04-05-2018,461.33,466.40,454.21,466.01,6023368
07-05-2018,465.22,467.97,462.27,464.53,4638960
08-05-2018,458.36,463.22,456.59,463.22,5718556
09-05-2018,460.38,462.82,457.36,459.13,3783504
10-05-2018,459.32,465.22,457.30,462.47,3182862
11-05-2018,464.34,465.30,458.56,461.01,3311706
14-05-2018,467.70,468.56,460.11,465.75,4432094
15-05-2018,469.76,475.05,467.23,467.23,5611974
16-05-2018,467.95,471.12,465.81,466.89,6205004
17-05-2018,465.18,470.90,461.50,470.33,9519598
18-05-2018,465.30,466.62,461.29,465.22,7139660
21-05-2018,463.84,467.34,460.11,463.86,8475320
22-05-2018,469.49,471.12,461.64,462.07,5636804
23-05-2018,465.97,474.91,464.63,469.94,9538442
24-05-2018,480.16,482.74,471.12,471.12,9740570
25-05-2018,483.04,491.04,480.09,483.74,8901438
28-05-2018,477.57,484.73,474.27,484.10,5739794
29-05-2018,478.47,482.35,474.34,477.43,3388934
30-05-2018,476.51,483.21,474.11,478.59,6323066
31-05-2018,484.41,488.42,475.94,476.51,19720340
01-06-2018,480.09,490.09,478.67,483.86,4998356
04-06-2018,487.40,488.82,476.63,480.20,4270156
05-06-2018,480.11,488.42,478.59,488.42,4710862
06-06-2018,486.63,488.25,479.79,481.82,4038184
07-06-2018,492.53,494.71,486.85,486.85,6676226
08-06-2018,495.52,496.29,490.02,490.78,6459878
11-06-2018,496.45,499.43,493.55,497.68,5171290
12-06-2018,494.91,499.93,491.75,497.76,7839820
13-06-2018,501.32,504.94,498.18,498.18,5766928
14-06-2018,499.47,504.83,497.21,504.83,7598848
15-06-2018,516.21,520.34,497.57,498.38,19957760
18-06-2018,510.63,520.24,508.59,517.32,8214846
19-06-2018,500.23,509.02,498.80,508.86,7545700
20-06-2018,500.86,504.56,498.78,503.01,5371802
21-06-2018,502.23,506.24,497.98,501.99,5798790
22-06-2018,502.75,505.83,500.07,500.80,4343118
25-06-2018,512.66,515.22,505.23,506.50,7731178
26-06-2018,514.84,517.28,510.17,511.27,4483504
27-06-2018,511.68,521.12,509.90,517.30,6952142
28-06-2018,519.57,522.96,514.19,514.21,10996818
29-06-2018,526.66,529.81,517.01,522.98,9966600
02-07-2018,537.74,539.88,529.40,529.40,4830144
03-07-2018,545.42,547.09,536.55,536.62,8127452
04-07-2018,541.97,544.98,539.42,544.73,5025722
05-07-2018,517.32,542.80,510.91,542.74,17019902
06-07-2018,517.42,524.51,511.27,519.83,11215356
09-07-2018,523.30,524.97,515.32,522.55,6644998
10-07-2018,524.33,529.99,521.47,527.19,5974488
11-07-2018,532.00,540.72,520.28,530.83,11899832
12-07-2018,521.49,534.68,517.50,534.28,13272240
13-07-2018,530.77,536.49,523.10,529.81,19496158
16-07-2018,537.00,557.77,518.81,530.77,35344680
17-07-2018,535.00,543.71,528.88,535.73,11161690
18-07-2018,532.85,541.25,529.40,539.80,6919016
19-07-2018,530.49,536.62,527.43,533.03,5118864
20-07-2018,543.14,550.82,532.34,534.24,11705738
23-07-2018,546.30,551.16,538.37,544.77,7675702
24-07-2018,554.85,556.96,546.33,553.74,6172246
25-07-2018,557.51,561.55,550.13,555.59,6936922
26-07-2018,553.28,560.18,551.64,555.41,7362218
27-07-2018,553.36,559.62,551.28,553.25,6493232
30-07-2018,544.31,553.17,543.10,551.97,6409970
31-07-2018,549.99,551.97,538.09,543.32,7943996
01-08-2018,545.54,551.34,544.31,549.47,4675706
02-08-2018,545.38,550.66,543.97,547.78,5940742
03-08-2018,549.59,550.43,546.33,550.43,3970390
06-08-2018,548.20,553.98,542.90,550.37,6178930
07-08-2018,551.14,555.97,548.20,553.58,7351528
08-08-2018,549.04,552.97,545.24,552.69,3992358
09-08-2018,555.97,559.80,553.44,553.44,6409524
10-08-2018,558.19,559.62,553.19,558.33,4779520
13-08-2018,567.58,568.02,555.47,560.02,9979746
14-08-2018,567.40,573.94,565.66,569.67,6151320
16-08-2018,575.96,578.11,568.58,570.08,6626774
17-08-2018,576.28,579.22,573.32,576.50,6390408
20-08-2018,557.71,567.26,553.38,559.22,16101876
21-08-2018,557.59,562.44,553.48,560.02,8361482
23-08-2018,563.00,564.66,558.15,561.23,7717182
24-08-2018,555.31,564.82,554.42,562.64,7053000
27-08-2018,570.26,572.09,556.56,557.20,7012950
28-08-2018,574.00,579.52,568.69,570.98,6496890
29-08-2018,568.12,577.59,566.13,577.59,5646496
30-08-2018,570.58,572.73,562.50,569.21,11507962
31-08-2018,580.61,585.93,572.55,574.17,10875864
03-09-2018,577.85,591.41,576.14,583.79,10976328
04-09-2018,593.99,603.13,576.95,581.78,15370124
05-09-2018,588.15,599.55,584.52,597.86,8658978
06-09-2018,585.93,592.66,583.47,590.28,5598659
07-09-2018,590.48,592.38,583.23,591.73,6510605
10-09-2018,588.91,601.92,587.74,594.47,5629871
11-09-2018,591.69,600.11,589.84,592.98,6963561
12-09-2018,598.62,601.52,593.26,599.83,4636617
14-09-2018,591.21,600.31,587.46,597.81,7896514
17-09-2018,584.96,596.28,583.87,592.26,5427054
18-09-2018,579.44,588.23,577.75,588.23,7729732
19-09-2018,579.97,585.81,574.69,585.81,4849498
21-09-2018,568.32,578.07,557.61,575.21,14350769
24-09-2018,578.76,588.19,569.29,569.29,8637881
25-09-2018,585.16,593.06,577.75,578.76,9602273
26-09-2018,578.44,589.72,573.72,589.19,6599606
27-09-2018,584.04,588.87,578.11,581.78,14592616
28-09-2018,588.27,591.89,576.30,580.97,7490031
01-10-2018,601.64,608.29,590.64,594.27,8252398
03-10-2018,587.02,605.91,585.24,599.35,7792464
04-10-2018,569.85,588.02,566.07,587.02,6173037
05-10-2018,583.87,589.43,571.55,574.53,8543578
08-10-2018,575.70,587.18,571.51,584.24,7259306
09-10-2018,578.36,582.10,566.19,577.83,6777212
10-10-2018,564.42,580.09,560.35,580.09,8866251
11-10-2018,542.58,558.33,534.48,551.97,10985897
12-10-2018,546.97,551.20,533.03,545.04,8909221
15-10-2018,563.09,568.08,549.15,554.87,6222176
16-10-2018,560.22,575.25,555.51,572.11,11588963
17-10-2018,568.36,581.62,565.14,572.11,20360697
19-10-2018,550.80,554.14,546.33,553.58,10421001
22-10-2018,547.90,560.06,542.94,554.95,6672840
23-10-2018,529.89,549.55,526.42,544.67,9041701
24-10-2018,523.60,537.06,521.47,534.24,7058164
25-10-2018,528.45,534.64,518.27,523.76,8270469
26-10-2018,516.11,528.41,513.09,525.64,5464141
29-10-2018,525.19,529.91,514.40,516.19,7137446
30-10-2018,537.29,540.71,519.24,522.22,8793411
31-10-2018,559.12,564.45,540.10,540.79,11947995
01-11-2018,543.07,561.80,537.29,561.80,5860244
02-11-2018,539.45,550.48,537.69,542.46,6654067
05-11-2018,542.50,544.62,535.17,540.46,5799426
06-11-2018,542.87,549.83,538.14,544.05,6975525
07-11-2018,550.24,551.87,547.39,548.20,758956
09-11-2018,537.20,553.09,533.95,553.09,9694143
12-11-2018,541.03,550.97,539.49,542.50,7118080
13-11-2018,542.26,543.93,534.60,540.46,4137808
14-11-2018,532.07,542.26,521.73,542.26,7323026
15-11-2018,534.68,542.50,526.78,532.72,5513390
16-11-2018,530.16,539.65,524.74,537.53,8583785
19-11-2018,530.85,539.24,528.86,536.80,6018930
20-11-2018,522.46,534.35,521.40,530.85,5384830
21-11-2018,504.30,521.36,498.59,521.32,14359086
22-11-2018,505.64,511.67,502.38,506.86,6632975
26-11-2018,506.21,511.55,488.62,505.84,15075209
27-11-2018,520.42,522.14,509.35,509.51,12285851
28-11-2018,542.83,544.70,521.32,522.09,17719890
29-11-2018,538.47,549.75,536.63,546.57,13399070
30-11-2018,543.68,547.39,538.39,538.43,10445773
03-12-2018,546.04,553.09,542.46,548.32,8260890
04-12-2018,558.18,560.62,546.82,547.84,7827923
05-12-2018,555.04,556.88,547.79,556.35,5177288
06-12-2018,544.54,558.34,541.32,550.73,8039771
07-12-2018,556.18,558.59,542.17,547.39,5553948
10-12-2018,545.11,557.00,541.85,545.68,5121196
11-12-2018,549.42,555.45,538.10,545.11,7120933
12-12-2018,552.68,554.43,546.25,551.54,6926183
13-12-2018,568.36,570.19,553.90,555.53,7521474
14-12-2018,575.12,581.35,565.63,568.12,9560576
17-12-2018,565.63,579.85,564.29,579.85,4778465
18-12-2018,551.13,559.20,549.46,559.20,8021298
19-12-2018,541.56,547.02,538.51,547.02,8295459
20-12-2018,543.36,547.02,534.68,537.61,11705260
21-12-2018,526.37,537.21,524.13,537.21,12802132
24-12-2018,528.65,536.63,527.51,535.17,8379825
26-12-2018,524.62,527.02,519.16,527.02,6178552
27-12-2018,535.01,540.26,528.65,531.71,15333902
28-12-2018,535.13,540.46,532.15,540.34,4736598
31-12-2018,536.76,539.24,534.19,537.61,3373319
01-01-2019,541.73,542.74,532.85,538.39,2943390
02-01-2019,544.98,549.02,539.28,542.50,7416655
03-01-2019,545.07,551.46,540.14,547.39,6827249
04-01-2019,538.47,548.93,530.28,547.18,7889310
07-01-2019,547.14,548.69,538.83,541.69,8046340
08-01-2019,545.80,551.83,544.58,549.79,8621545
09-01-2019,550.73,561.89,540.87,558.95,18130292
10-01-2019,553.66,555.53,547.84,555.21,9572493
11-01-2019,556.75,558.38,547.79,554.07,12281903
14-01-2019,571.74,578.50,566.90,575.90,19312937
15-01-2019,591.86,594.63,576.06,576.06,19671304
16-01-2019,600.17,600.99,593.41,594.55,9658944
17-01-2019,597.36,601.96,593.90,599.36,6903771
18-01-2019,595.41,599.68,591.62,594.63,5902151
21-01-2019,606.85,611.74,597.89,601.31,8129422
22-01-2019,607.14,610.11,597.89,603.80,6723375
23-01-2019,595.98,604.90,593.98,604.69,7212099
24-01-2019,599.54,602.90,590.53,596.34,7429783
25-01-2019,598.19,604.37,593.19,596.26,5543112
28-01-2019,596.22,600.03,588.89,598.72,7944693
29-01-2019,596.18,600.23,586.84,594.21,6760819
30-01-2019,594.54,601.83,590.61,596.18,5763026
31-01-2019,613.91,615.35,594.62,594.62,13825233
01-02-2019,620.06,624.52,609.78,615.39,6276585
04-02-2019,619.11,624.52,613.63,620.01,3945391
05-02-2019,618.25,622.43,611.82,611.82,4694366
06-02-2019,625.17,628.16,617.84,618.83,5880482
07-02-2019,625.75,630.21,623.29,624.97,3961797
08-02-2019,623.21,632.51,618.29,622.47,5915169
11-02-2019,624.77,629.64,621.65,628.12,5500216
12-02-2019,614.65,622.76,606.91,622.76,7310690
14-02-2019,606.13,616.74,603.84,615.10,4610535
15-02-2019,607.69,611.41,600.03,607.97,5586389
18-02-2019,606.95,612.36,602.81,608.02,5346825
19-02-2019,593.23,606.54,590.77,605.35,9401334
20-02-2019,606.66,608.55,594.67,595.44,5210675
21-02-2019,600.73,604.45,595.53,604.45,7202786
22-02-2019,601.95,604.62,596.26,599.95,3750833
25-02-2019,618.29,620.83,602.45,602.45,6547552
26-02-2019,608.14,616.41,606.21,613.13,8319610
27-02-2019,602.20,611.33,600.15,610.19,5936354
28-02-2019,601.42,608.06,599.78,605.03,8559921
01-03-2019,607.65,608.88,602.41,602.41,3998826
05-03-2019,599.95,608.14,598.11,606.50,4826505
06-03-2019,599.95,602.90,595.44,602.90,6076668
07-03-2019,592.13,601.59,590.16,601.18,5951551
08-03-2019,583.44,592.13,582.05,592.13,7193994
11-03-2019,582.54,588.48,581.03,584.22,9932198
12-03-2019,579.02,585.57,577.92,580.70,11997387
13-03-2019,580.25,588.56,578.49,581.52,11348867
14-03-2019,580.17,585.53,578.41,584.80,6415187
15-03-2019,588.52,592.78,581.19,583.16,14638664
18-03-2019,581.68,592.74,577.71,590.98,8065544
19-03-2019,591.55,595.03,579.39,583.81,8917337
20-03-2019,605.23,607.97,595.57,595.65,13471173
22-03-2019,608.63,611.29,599.78,610.19,8883260
25-03-2019,602.20,608.06,598.35,608.06,7644966
26-03-2019,596.06,602.20,588.97,602.20,9406261
27-03-2019,597.65,599.78,595.57,597.90,7387487
28-03-2019,604.29,610.19,597.90,597.90,9277241
01-04-2019,618.46,622.47,607.73,607.73,6584982
02-04-2019,621.98,627.22,618.05,621.65,7283600
03-04-2019,616.98,621.24,611.66,619.20,6897127
04-04-2019,612.56,617.39,610.27,615.43,7688525
05-04-2019,621.90,623.25,612.64,615.02,6276040
08-04-2019,628.41,630.66,618.70,624.97,4919911
09-04-2019,622.96,633.12,621.00,630.66,6730692
10-04-2019,616.49,627.96,615.35,625.75,7031088
11-04-2019,608.30,615.71,606.13,615.71,8200995
12-04-2019,612.44,615.55,606.58,608.63,7043212
15-04-2019,595.85,599.01,583.65,593.56,31574803
16-04-2019,593.07,596.18,584.88,596.18,12524411
18-04-2019,587.29,591.76,583.77,591.76,13801105
22-04-2019,590.57,594.42,585.61,587.29,6455426
23-04-2019,596.43,597.90,588.40,592.90,5516668
24-04-2019,603.18,604.37,592.99,596.43,8285120
25-04-2019,596.71,604.17,595.48,603.18,8005235
26-04-2019,604.45,605.93,597.08,598.72,6895168
30-04-2019,615.39,617.39,604.45,604.45,9920046
02-05-2019,598.56,612.97,597.49,611.82,6351352
03-05-2019,592.66,598.72,588.24,592.09,6348116
06-05-2019,588.40,591.18,582.05,585.61,8858265
07-05-2019,593.44,596.18,588.65,590.04,5747536
08-05-2019,589.18,594.62,586.84,590.53,6247642
09-05-2019,590.57,598.15,586.27,589.01,7396525
10-05-2019,587.13,594.62,585.61,590.37,8352335
13-05-2019,589.46,594.99,583.24,586.88,6808993
14-05-2019,584.67,587.87,576.28,586.84,10513001
15-05-2019,586.52,593.97,583.65,585.53,6668929
16-05-2019,600.44,603.63,588.97,589.71,6468556
17-05-2019,592.90,602.65,589.79,600.48,8155948
20-05-2019,591.68,594.95,578.24,589.46,11213708
21-05-2019,580.95,591.88,579.64,591.88,8645535
22-05-2019,581.32,588.28,579.06,581.52,5795713
23-05-2019,574.19,587.01,571.24,585.61,7233736
24-05-2019,580.86,582.95,573.70,576.44,7016424
27-05-2019,579.96,584.63,577.83,579.39,10247544
28-05-2019,596.34,600.73,581.36,583.16,23860490
29-05-2019,596.10,600.89,592.70,594.21,10293077
30-05-2019,600.81,603.84,591.80,595.44,15089296
31-05-2019,604.25,608.51,600.52,603.22,8290306
03-06-2019,609.90,615.02,597.08,597.74,7744761
04-06-2019,602.24,605.64,600.48,603.84,11733702
06-06-2019,602.49,609.90,600.89,603.22,7563925
07-06-2019,605.35,609.33,602.69,602.69,3218358
10-06-2019,617.15,617.64,606.17,606.17,4435148
11-06-2019,618.29,621.65,614.69,618.38,5733127
12-06-2019,617.39,619.97,610.19,619.97,8738342
13-06-2019,616.85,620.63,614.65,614.65,4808577
14-06-2019,615.03,619.22,613.20,617.85,5556353
17-06-2019,615.11,618.39,612.83,617.14,3085588
18-06-2019,623.08,624.99,614.82,614.82,6202838
19-06-2019,624.54,627.44,621.80,625.04,4596253
20-06-2019,627.03,628.69,611.25,612.83,7148684
21-06-2019,623.13,627.11,620.59,627.11,13200318
24-06-2019,619.22,624.54,616.85,624.54,4758178
25-06-2019,621.38,623.71,612.41,617.98,3677911
26-06-2019,613.99,624.16,612.99,617.14,5447130
27-06-2019,606.80,618.56,604.81,616.31,11122346
28-06-2019,608.01,614.24,605.10,610.92,5919494
01-07-2019,607.43,612.58,606.22,610.50,3224968
02-07-2019,614.65,616.02,606.43,609.67,4837606
03-07-2019,607.43,617.31,606.35,615.48,5958379
04-07-2019,609.50,611.66,605.18,605.52,3274064
05-07-2019,596.38,611.66,592.64,610.50,4926289
08-07-2019,596.05,602.15,591.64,595.09,7177092
09-07-2019,594.30,597.92,588.95,596.38,5022638
10-07-2019,595.76,600.28,586.83,588.90,7573816
11-07-2019,599.29,600.95,589.40,597.58,6252688
12-07-2019,603.65,606.84,597.71,600.12,7874441
15-07-2019,647.34,649.25,626.45,633.76,31064152
16-07-2019,651.91,654.36,644.55,645.39,9924322
17-07-2019,659.63,660.34,645.18,651.12,6754348
18-07-2019,658.43,663.24,653.03,655.39,6534471
19-07-2019,652.36,659.92,648.92,655.10,6812754
22-07-2019,651.53,657.84,649.58,652.82,7107151
23-07-2019,656.22,667.81,652.49,653.69,10782564
24-07-2019,653.11,659.30,650.87,654.52,5745146
25-07-2019,659.92,664.66,654.23,654.73,9773568
26-07-2019,653.69,660.34,649.70,658.09,4941763
29-07-2019,657.39,661.96,653.03,655.77,6244316
30-07-2019,658.43,662.66,654.98,657.76,8673253
31-07-2019,659.22,664.32,649.21,656.89,7350584
01-08-2019,638.62,654.85,634.92,653.23,10066407
02-08-2019,644.22,647.79,633.13,635.46,10838336
05-08-2019,645.14,652.78,638.45,641.73,9976238
06-08-2019,643.27,650.95,639.40,646.88,9331718
07-08-2019,644.64,650.74,641.52,646.96,5130457
08-08-2019,655.15,658.47,648.92,650.12,8009009
09-08-2019,656.06,661.79,651.86,657.84,4362520
13-08-2019,635.21,652.86,631.39,651.32,7517099
14-08-2019,643.56,646.42,637.91,643.81,5940968
16-08-2019,643.35,647.92,633.34,647.88,5128088
19-08-2019,645.93,650.37,642.35,644.22,3881451
20-08-2019,658.47,662.83,651.08,652.20,8435344
21-08-2019,664.03,667.60,658.68,658.68,5926896
22-08-2019,660.92,665.57,658.14,664.41,5222488
23-08-2019,666.32,672.75,661.00,661.54,6895015
26-08-2019,666.61,670.14,653.61,661.08,5412074
27-08-2019,651.74,660.29,648.79,657.01,16061642
28-08-2019,666.57,668.64,653.11,654.02,5881134
29-08-2019,670.26,672.55,660.75,660.75,7830413
30-08-2019,676.87,678.90,666.15,672.80,8174186
03-09-2019,676.33,683.10,674.50,676.95,5647088
04-09-2019,682.18,683.14,673.00,673.42,6199015
05-09-2019,692.77,695.64,686.63,689.49,7926895
06-09-2019,697.84,703.53,693.60,700.45,6106841
09-09-2019,688.66,697.96,687.37,695.06,4377870
11-09-2019,681.18,688.20,676.24,683.01,7981036
12-09-2019,678.11,680.98,673.50,678.11,4400017
13-09-2019,688.83,690.28,679.03,679.52,4832021
16-09-2019,687.50,696.01,681.56,691.11,4846496
17-09-2019,690.45,693.56,681.56,690.65,5540901
18-09-2019,689.28,691.86,684.42,689.32,3199389
19-09-2019,681.68,686.92,677.11,685.13,6601607
20-09-2019,668.64,693.56,666.15,683.51,22462366
23-09-2019,634.88,670.22,616.23,670.22,17279260
24-09-2019,659.55,663.37,635.42,635.42,13717998
25-09-2019,658.38,665.32,649.25,654.27,9313576
26-09-2019,650.00,662.00,646.30,654.31,18442824
27-09-2019,649.70,659.71,647.96,653.73,5087642
30-09-2019,669.18,671.13,651.32,652.11,8178091
01-10-2019,659.13,670.76,657.47,670.30,5881438
03-10-2019,652.53,662.70,651.32,658.30,5497672
04-10-2019,659.05,662.50,653.73,656.18,8201713
07-10-2019,655.81,666.15,652.94,660.21,3679845
09-10-2019,650.91,661.08,646.88,660.71,6335025
10-10-2019,650.41,660.09,645.05,652.36,10402917
11-10-2019,676.78,684.26,645.05,649.12,20636344
14-10-2019,652.94,662.00,647.88,653.48,15150858
15-10-2019,638.16,644.51,635.42,642.15,13762133
16-10-2019,640.78,644.51,632.55,635.63,10767032
17-10-2019,639.16,640.03,635.50,637.08,9860495
18-10-2019,637.79,642.73,631.27,634.42,10037200
22-10-2019,534.54,574.04,530.22,574.04,90152532
23-10-2019,547.20,552.29,517.34,529.87,60516887
24-10-2019,534.37,549.38,531.55,546.69,25666433
25-10-2019,536.14,548.80,534.92,544.17,16549337
27-10-2019,545.73,548.80,542.95,547.62,2945281
29-10-2019,547.24,549.85,544.17,547.53,16709764
30-10-2019,555.61,564.69,551.91,555.44,22879467
31-10-2019,576.64,584.92,560.23,562.17,27405901
01-11-2019,578.57,583.70,574.11,580.34,9713519
04-11-2019,596.32,616.08,570.37,573.44,29381982
05-11-2019,585.47,596.11,581.60,596.11,12897805
06-11-2019,599.09,606.83,582.02,585.21,21372589
07-11-2019,605.65,609.23,598.92,603.05,13733737
08-11-2019,595.60,609.14,593.37,607.25,8585630
11-11-2019,592.45,594.80,587.06,587.82,6951494
13-11-2019,581.47,588.75,578.44,585.80,9973690
14-11-2019,593.20,596.99,585.68,585.68,10539902
15-11-2019,592.03,599.64,590.68,596.36,7362623
18-11-2019,593.12,597.16,588.16,592.95,7490916
19-11-2019,599.55,600.52,592.95,597.07,6495885
20-11-2019,599.68,601.36,592.95,599.51,6142171
21-11-2019,599.89,606.79,597.58,601.78,9692973
22-11-2019,583.03,598.84,576.21,598.63,14415826
25-11-2019,587.15,593.08,583.03,583.15,7334511
26-11-2019,580.84,594.84,576.97,592.95,27253106
27-11-2019,585.17,586.77,580.42,583.91,3861635
28-11-2019,590.30,591.56,583.74,587.99,4837683
29-11-2019,585.68,590.68,581.64,589.50,4262379
02-12-2019,582.61,592.11,580.59,591.35,9383736
03-12-2019,587.36,588.49,579.12,582.61,5239013
04-12-2019,596.19,597.58,583.15,586.22,7427886
05-12-2019,601.24,602.12,591.94,594.17,4814422
06-12-2019,601.45,605.57,596.82,602.16,5226096
09-12-2019,603.26,607.54,600.73,602.20,6435865
10-12-2019,600.98,604.31,597.16,599.68,4457939
11-12-2019,606.45,607.84,599.68,602.71,6043554
12-12-2019,590.51,606.16,588.37,604.31,11112042
13-12-2019,598.25,599.60,589.04,589.04,10302412
16-12-2019,600.52,605.74,597.33,599.09,5616324
17-12-2019,613.73,615.03,601.36,605.32,10525565
18-12-2019,616.04,620.12,607.88,614.82,12215295
19-12-2019,614.69,618.98,609.44,616.92,7199210
20-12-2019,615.28,618.18,612.51,614.82,7794167
23-12-2019,619.03,620.12,615.37,615.79,4975608
24-12-2019,616.84,619.82,612.55,619.82,2890759
26-12-2019,613.10,617.81,611.08,615.66,3821806
27-12-2019,619.82,620.29,613.01,613.77,3399094
30-12-2019,616.42,620.67,611.67,619.11,5368416
31-12-2019,614.95,620.50,610.15,613.73,6927885
01-01-2020,619.74,622.39,616.12,618.18,2112415
02-01-2020,617.93,623.06,614.74,621.46,5658200
03-01-2020,627.44,629.12,617.26,617.26,7882938
06-01-2020,621.42,634.00,619.45,627.52,6519403
07-01-2020,612.21,624.58,609.86,620.71,7899363
08-01-2020,604.05,613.14,595.73,609.73,8639443
09-01-2020,611.92,615.24,600.77,607.00,13521186
10-01-2020,620.83,624.83,614.40,622.77,9341405
13-01-2020,650.61,653.93,635.01,639.21,36952038
14-01-2020,652.37,653.47,645.27,647.58,11414418
15-01-2020,645.56,650.86,641.02,650.86,6047430
16-01-2020,645.10,649.72,639.42,648.21,5740586
17-01-2020,645.81,650.06,641.10,648.21,3762957
20-01-2020,646.32,651.32,641.69,648.97,3887680
21-01-2020,641.31,648.04,639.84,646.32,4448374
22-01-2020,647.79,654.35,644.26,646.32,9733935
23-01-2020,659.69,660.66,653.26,653.59,12528017
24-01-2020,658.35,661.50,650.65,652.46,7540490
27-01-2020,654.43,660.07,651.32,655.23,3741610
28-01-2020,654.35,657.55,649.30,656.87,5121009
29-01-2020,664.19,666.80,659.61,661.58,6832757
30-01-2020,656.62,664.19,654.35,664.19,3859680
31-01-2020,652.63,660.20,648.97,656.49,6092028
03-02-2020,645.43,665.24,643.00,657.71,6416745
04-02-2020,662.63,664.36,647.71,647.71,5771311
05-02-2020,659.86,661.08,651.32,656.87,6310409
06-02-2020,648.76,661.75,647.62,659.69,7341622
07-02-2020,653.76,655.07,648.46,652.63,2853344
10-02-2020,650.31,654.35,647.41,650.99,3827682
11-02-2020,650.61,655.28,646.95,655.19,4312817
12-02-2020,656.92,658.77,651.91,652.50,2948825
13-02-2020,666.34,667.81,657.88,660.24,4387430
14-02-2020,661.46,672.18,659.90,668.23,5321680
17-02-2020,663.98,667.34,658.81,664.70,2929629
18-02-2020,670.88,672.05,659.10,660.24,5083346
19-02-2020,673.23,676.93,669.62,672.85,3985192
20-02-2020,670.33,677.98,667.68,675.59,4564569
24-02-2020,669.36,682.61,666.25,672.94,6627536
25-02-2020,671.51,677.90,668.98,672.01,6996695
26-02-2020,658.35,674.07,656.45,667.77,8760569
27-02-2020,654.22,656.66,649.47,654.35,5223386
28-02-2020,615.41,636.52,607.29,630.80,14123957
02-03-2020,623.27,644.17,617.13,619.87,9821523
03-03-2020,628.28,638.37,623.44,635.01,7826587
04-03-2020,638.16,640.47,627.06,634.08,11013444
05-03-2020,634.67,650.61,632.27,642.37,7755293
06-03-2020,621.51,625.75,613.22,623.23,9216022
09-03-2020,592.49,610.49,586.22,609.35,10308654
11-03-2020,576.97,585.34,562.72,580.88,16165009
12-03-2020,530.88,563.51,527.77,561.83,13965574
13-03-2020,540.26,560.99,479.41,497.91,16903113
16-03-2020,490.47,523.27,487.82,523.14,19140152
17-03-2020,466.75,497.91,462.59,494.63,16059887
18-03-2020,449.38,486.14,444.08,477.73,15390183
19-03-2020,458.84,469.32,428.31,428.31,16583991
20-03-2020,492.19,519.32,460.90,462.17,21354894
23-03-2020,442.78,471.80,433.91,454.18,17146150
24-03-2020,496.06,505.61,439.04,439.04,20027097
25-03-2020,509.85,534.08,475.79,502.12,18339548
26-03-2020,540.81,547.41,514.82,517.26,14843813
27-03-2020,548.96,567.64,540.18,559.35,13495283
30-03-2020,527.10,558.05,522.39,525.75,14624804
31-03-2020,539.54,556.79,532.98,546.69,15175521
01-04-2020,507.00,536.18,499.59,533.53,13083824
03-04-2020,492.61,509.69,489.63,507.58,10221655
07-04-2020,537.44,541.86,515.49,517.26,15145605
08-04-2020,531.22,551.45,526.80,529.87,11806896
09-04-2020,535.13,549.05,531.64,544.00,11931114
13-04-2020,536.10,548.12,526.55,529.03,8330276
15-04-2020,537.48,549.47,534.58,547.87,11963447
16-04-2020,524.70,533.99,507.58,521.42,17783287
17-04-2020,528.82,543.33,526.51,541.65,8878320
20-04-2020,549.47,555.95,537.44,538.28,13322913
21-04-2020,532.56,543.75,528.02,528.02,11660575
22-04-2020,539.84,542.49,528.23,532.56,8266728
23-04-2020,571.34,575.00,536.68,544.21,14451289
24-04-2020,553.42,567.72,550.73,562.30,7319940
27-04-2020,558.97,572.77,555.99,555.99,7183306
28-04-2020,555.69,569.40,549.26,566.04,7296571
29-04-2020,569.02,573.61,553.42,560.15,8639056
30-04-2020,601.78,605.57,587.15,588.75,16253821
04-05-2020,566.63,589.76,563.81,580.17,9122740
05-05-2020,566.63,576.64,563.51,573.40,6393053
06-05-2020,560.07,573.15,558.51,569.32,7934250
07-05-2020,559.27,567.17,557.16,559.77,4779548
08-05-2020,567.05,572.68,562.25,565.41,8400321
11-05-2020,574.36,587.53,570.24,574.03,7370186
12-05-2020,578.36,581.18,568.14,570.66,7356039
13-05-2020,583.83,588.66,575.08,584.37,8287101
14-05-2020,553.55,564.99,548.88,554.26,16888262
15-05-2020,548.63,559.14,543.92,559.14,9255353
18-05-2020,558.38,563.98,549.22,554.98,10435442
19-05-2020,562.34,567.55,550.90,558.47,5902208
20-05-2020,563.14,566.04,554.81,562.25,5794636
21-05-2020,565.37,571.46,559.65,560.57,7213225
22-05-2020,582.31,585.26,566.46,567.72,11867731
26-05-2020,572.39,588.28,571.08,582.86,7099606
27-05-2020,593.33,596.48,567.72,577.01,8774636
28-05-2020,594.97,597.16,580.34,594.63,9440091
29-05-2020,589.09,597.44,575.41,590.37,28290128
01-06-2020,596.38,602.43,589.51,595.70,12276438
02-06-2020,603.67,606.69,594.67,597.19,7059304
03-06-2020,598.08,606.91,593.35,605.88,11378568
04-06-2020,603.37,604.82,594.63,598.47,10782424
05-06-2020,599.79,606.74,597.27,602.73,7718679
08-06-2020,614.54,618.76,600.17,603.28,10719105
09-06-2020,611.77,622.00,609.59,613.81,10078029
10-06-2020,610.27,613.34,604.60,609.55,7263049
11-06-2020,600.13,608.18,596.97,606.99,8825715
12-06-2020,589.98,592.63,575.87,576.13,9795316
15-06-2020,586.15,600.51,584.19,590.79,7857344
16-06-2020,597.78,606.99,596.04,598.47,10131760
17-06-2020,599.87,605.54,595.06,596.68,7291916
18-06-2020,608.61,610.91,601.88,603.75,6670195
19-06-2020,601.49,606.91,597.61,604.43,22438862
22-06-2020,599.92,604.18,596.76,602.81,7804096
23-06-2020,614.37,617.65,590.03,593.10,12157390
24-06-2020,608.82,619.61,604.77,611.17,10220838
25-06-2020,597.19,601.54,591.22,600.90,14945284
26-06-2020,637.85,640.75,605.29,605.46,26030458
29-06-2020,623.83,634.87,622.42,626.94,8954428
30-06-2020,627.41,629.97,617.43,624.72,10411290
01-07-2020,623.96,632.82,622.12,628.52,5477468
02-07-2020,645.01,652.56,626.94,628.60,17263756
03-07-2020,650.21,651.32,641.52,643.65,7796572
06-07-2020,651.32,660.70,649.19,652.35,8810958
07-07-2020,677.03,679.41,652.64,655.93,19362533
08-07-2020,660.44,669.14,658.31,669.14,8476642
09-07-2020,666.41,673.49,660.70,664.96,6854166
10-07-2020,666.54,673.40,659.42,659.42,5206452
13-07-2020,679.50,686.57,670.12,671.78,10804688
14-07-2020,667.73,687.47,666.11,676.00,8961822
15-07-2020,708.40,723.32,677.58,681.16,30060599
16-07-2020,776.64,814.58,762.36,767.35,90432109
17-07-2020,769.95,784.23,760.57,776.64,31682878
20-07-2020,796.51,805.63,773.02,774.51,18421053
21-07-2020,798.59,809.63,792.16,805.63,12877784
22-07-2020,782.52,800.51,775.79,800.47,14354201
23-07-2020,774.04,780.73,767.82,780.61,13051307
24-07-2020,786.74,789.22,770.04,770.04,18209580
27-07-2020,808.57,812.28,783.16,785.64,16827870
28-07-2020,820.84,824.85,802.39,806.48,15818463
29-07-2020,813.43,818.42,804.43,812.66,11152710
30-07-2020,819.65,829.20,817.35,820.12,12492320
31-07-2020,823.53,840.96,812.70,826.30,12704346
03-08-2020,815.77,823.02,807.72,818.42,8479792
04-08-2020,809.76,827.54,801.83,818.80,11133170
05-08-2020,805.37,819.23,799.92,811.60,9614176
06-08-2020,827.67,830.69,803.50,812.87,10976491
07-08-2020,810.66,826.47,809.04,826.47,8010948
10-08-2020,811.04,815.69,805.88,808.95,5716319
11-08-2020,808.57,820.12,806.57,809.80,6802442
12-08-2020,814.11,817.39,803.24,808.19,6908726
13-08-2020,810.91,825.66,808.40,813.98,5097703
14-08-2020,812.96,820.97,811.64,814.88,4663873
17-08-2020,816.28,829.03,813.39,813.39,9008210
18-08-2020,824.85,826.26,817.31,821.74,6141761
19-08-2020,817.82,828.26,816.24,827.71,6622744
20-08-2020,814.28,823.10,811.00,817.48,5656501
21-08-2020,808.87,821.36,806.95,821.02,6513773
24-08-2020,807.67,811.60,800.68,807.33,5798574
25-08-2020,799.75,808.74,795.91,807.76,6233918
26-08-2020,810.57,813.51,800.00,802.43,5153601
27-08-2020,807.38,819.23,805.80,818.42,6154280
28-08-2020,797.32,812.02,795.44,811.13,7593610
31-08-2020,791.65,810.32,779.71,797.32,12808355
01-09-2020,779.33,797.10,777.58,789.64,6907773
02-09-2020,787.72,789.77,778.77,780.05,5678118
03-09-2020,797.57,809.38,787.72,789.86,8827948
04-09-2020,783.59,792.41,779.58,780.05,8650342
07-09-2020,788.62,790.75,778.39,783.38,6700385
08-09-2020,800.77,811.60,789.05,792.80,12891964
09-09-2020,790.92,806.48,789.43,797.10,5528947
10-09-2020,801.41,803.07,788.41,797.36,5171884
11-09-2020,806.22,813.43,793.69,797.02,6671903
14-09-2020,834.10,844.89,808.44,815.86,21871587
15-09-2020,837.55,847.40,828.35,835.04,11608203
16-09-2020,854.01,857.33,837.17,840.58,10059251
17-09-2020,861.89,870.42,848.25,848.25,15628241
18-09-2020,854.35,868.54,851.75,861.89,12897633
21-09-2020,860.96,878.94,852.94,853.37,14140637
22-09-2020,858.91,871.70,845.01,860.19,12625762
23-09-2020,869.35,884.06,859.42,869.69,13486204
24-09-2020,831.54,860.19,826.94,855.07,14427432
25-09-2020,862.28,865.22,831.20,831.89,13311078
28-09-2020,861.38,866.28,851.24,865.13,8554526
29-09-2020,860.19,876.39,856.01,867.86,8708463
30-09-2020,859.55,872.93,856.78,860.19,8048817
01-10-2020,867.56,875.11,862.53,870.08,5563358
05-10-2020,894.03,899.32,867.90,867.90,14212509
06-10-2020,900.04,903.67,879.24,899.40,9090819
07-10-2020,909.25,913.90,882.78,890.79,9284008
08-10-2020,932.40,958.23,927.88,929.24,21482613
09-10-2020,943.56,949.11,927.92,933.59,10567867
12-10-2020,965.13,971.87,948.08,957.38,14633537
13-10-2020,987.04,994.08,968.07,968.07,17523825
14-10-2020,969.31,993.10,964.28,990.62,16649573
15-10-2020,944.80,1011.08,931.37,1005.97,44288251
16-10-2020,961.21,968.42,935.12,949.57,18365685
19-10-2020,959.85,971.02,950.81,967.61,12902123
20-10-2020,969.74,975.87,946.29,953.88,10448776
21-10-2020,978.99,984.10,967.61,972.85,19811433
22-10-2020,962.53,987.21,958.06,973.57,11271335
23-10-2020,967.23,978.00,965.20,976.28,9069862
26-10-2020,958.57,973.35,950.56,967.01,6309368
27-10-2020,939.96,956.20,928.15,952.75,10172479
28-10-2020,927.64,951.93,922.03,943.96,7608392
29-10-2020,926.17,932.33,913.46,921.99,6935616
30-10-2020,913.89,933.71,906.78,923.71,8800386
02-11-2020,923.97,930.56,905.71,917.68,7183119
03-11-2020,915.57,930.09,911.22,923.71,7204782
04-11-2020,942.63,961.63,919.23,920.27,15702690
05-11-2020,951.29,967.66,946.98,956.37,9568890
06-11-2020,958.83,966.02,940.69,954.73,8807127
09-11-2020,979.34,987.48,966.07,973.09,10160320
10-11-2020,940.13,959.78,928.88,959.78,15622869
11-11-2020,967.23,970.55,936.64,944.39,12514800
12-11-2020,963.14,984.03,959.69,972.05,9180976
13-11-2020,968.69,976.28,962.49,965.08,6363212
14-11-2020,976.66,982.01,974.64,979.72,1136144
17-11-2020,968.26,986.62,958.74,986.40,12813968
18-11-2020,956.93,976.02,949.09,972.40,9839468
19-11-2020,945.04,960.51,942.50,947.84,10092343
20-11-2020,950.73,955.60,940.17,953.01,8063554
23-11-2020,982.18,986.44,949.52,952.15,10546363
24-11-2020,982.35,995.15,976.58,986.62,8515426
25-11-2020,961.33,985.32,957.54,979.72,8958701
26-11-2020,959.22,965.03,946.38,965.03,10962256
27-11-2020,947.84,965.94,940.09,963.35,25306145
01-12-2020,980.46,982.52,952.19,952.19,8933802
02-12-2020,983.08,988.73,965.94,977.14,6741637
03-12-2020,970.63,988.34,967.40,988.34,16212632
04-12-2020,977.70,979.72,960.77,969.38,10564055
07-12-2020,985.32,993.51,978.86,988.60,7792141
08-12-2020,993.81,1005.57,986.62,986.62,12308330
09-12-2020,1012.64,1016.34,996.96,1006.48,10039346
10-12-2020,1006.22,1009.58,990.93,997.30,9488782
11-12-2020,1002.30,1009.84,995.45,999.28,10574009
14-12-2020,1003.46,1010.40,989.37,1007.64,6728187
15-12-2020,994.89,1002.73,992.65,996.10,6905926
16-12-2020,1004.45,1007.21,994.03,999.54,7788404
17-12-2020,998.85,1007.21,996.27,1004.63,6658153
18-12-2020,1025.22,1029.70,1012.98,1019.23,15995676
21-12-2020,1014.45,1042.41,992.69,1023.67,10858352
22-12-2020,1051.67,1054.56,1013.42,1018.50,10901851
23-12-2020,1079.72,1084.72,1060.33,1066.75,15878346
24-12-2020,1065.07,1077.01,1056.41,1077.01,7313885
28-12-2020,1068.73,1075.37,1065.03,1067.14,4607051
29-12-2020,1077.35,1080.93,1064.17,1064.17,6878105
30-12-2020,1074.34,1079.94,1066.88,1079.68,5194690
31-12-2020,1082.09,1084.33,1067.61,1071.06,7430470
01-01-2021,1086.10,1090.45,1082.09,1083.90,4253550
04-01-2021,1110.05,1111.56,1086.70,1093.46,7208454
05-01-2021,1114.83,1119.31,1098.68,1104.67,8145280
06-01-2021,1104.75,1121.90,1092.65,1120.18,7161715
07-01-2021,1087.56,1118.15,1081.83,1116.73,10954918
08-01-2021,1130.60,1134.65,1101.44,1101.44,13186251
11-01-2021,1185.84,1192.00,1154.64,1156.45,20528626
12-01-2021,1182.00,1187.39,1171.88,1187.39,8309868
13-01-2021,1195.27,1200.14,1171.88,1183.81,14442997
14-01-2021,1180.92,1192.56,1136.07,1171.88,27521697
15-01-2021,1158.91,1175.71,1154.64,1171.88,15018441
18-01-2021,1130.56,1154.64,1125.35,1152.92,8861765
19-01-2021,1134.52,1146.89,1130.52,1137.41,5585744
20-01-2021,1154.17,1161.88,1137.88,1137.88,8225838
21-01-2021,1154.39,1172.78,1150.34,1163.26,6142421
22-01-2021,1155.38,1168.43,1143.05,1143.44,9646591
25-01-2021,1141.80,1161.45,1131.38,1158.95,6542611
27-01-2021,1121.04,1143.92,1107.34,1137.07,8133665
28-01-2021,1099.67,1117.12,1096.52,1113.11,4660690
29-01-2021,1067.66,1112.55,1060.72,1108.33,12183519
01-02-2021,1086.48,1101.18,1069.34,1077.57,8880279
02-02-2021,1095.40,1115.35,1088.81,1102.94,6892490
03-02-2021,1106.95,1123.62,1096.91,1100.92,8182968
04-02-2021,1102.38,1114.49,1096.09,1107.25,5032240
05-02-2021,1096.14,1110.48,1087.43,1108.46,5477481
08-02-2021,1123.24,1128.79,1099.07,1107.68,6921922
09-02-2021,1124.96,1147.75,1118.32,1126.12,7965949
10-02-2021,1117.16,1123.92,1106.04,1116.56,5951207
11-02-2021,1113.84,1116.73,1105.57,1110.70,4673317
12-02-2021,1128.62,1140.64,1121.51,1124.48,5797875
15-02-2021,1128.49,1144.65,1126.29,1137.41,4363513
16-02-2021,1111.90,1137.19,1108.11,1132.24,6896421
17-02-2021,1104.06,1115.44,1098.63,1111.90,4575741
18-02-2021,1113.67,1125.35,1098.63,1099.50,6437551
19-02-2021,1112.68,1119.75,1100.19,1116.82,5389696
22-02-2021,1090.19,1127.54,1085.71,1115.87,7371303
23-02-2021,1091.18,1112.42,1083.60,1095.32,6612942
24-02-2021,1098.03,1100.01,1078.82,1085.75,4537258
25-02-2021,1098.25,1119.96,1096.05,1110.22,8788221
26-02-2021,1079.94,1098.03,1072.57,1093.46,15132388
01-03-2021,1091.74,1106.82,1084.85,1088.55,5756286
02-03-2021,1124.05,1128.79,1102.25,1104.88,10461434
03-03-2021,1157.70,1160.68,1127.07,1136.72,9056399
04-03-2021,1146.33,1175.19,1142.49,1150.34,12041941
05-03-2021,1134.57,1154.64,1124.53,1144.73,6486176
08-03-2021,1150.98,1159.90,1135.00,1141.55,5119392
09-03-2021,1159.43,1163.65,1136.33,1145.60,6518173
10-03-2021,1178.90,1183.94,1167.57,1169.21,7925984
12-03-2021,1184.67,1199.19,1180.54,1183.08,9462061
15-03-2021,1183.60,1189.02,1170.58,1180.49,6658635
16-03-2021,1192.56,1211.51,1189.54,1194.32,9352771
17-03-2021,1195.14,1206.34,1190.83,1199.67,7626744
18-03-2021,1152.14,1200.96,1131.81,1200.96,10961755
19-03-2021,1158.48,1167.74,1135.69,1146.03,12767112
22-03-2021,1181.18,1185.66,1151.28,1163.35,4862758
23-03-2021,1181.83,1191.91,1171.53,1182.60,7165335
24-03-2021,1166.49,1180.88,1160.03,1170.02,6134303
25-03-2021,1149.30,1165.41,1143.96,1160.46,8749994
26-03-2021,1151.37,1169.03,1147.75,1158.69,4922071
30-03-2021,1193.68,1206.34,1151.33,1160.59,10546381
31-03-2021,1178.81,1196.00,1174.72,1190.83,8220987
01-04-2021,1193.59,1199.11,1181.36,1189.11,5675155
05-04-2021,1214.87,1227.89,1195.14,1198.59,9479572
06-04-2021,1215.87,1228.75,1211.90,1226.16,5793571
07-04-2021,1232.37,1236.46,1212.03,1215.18,5879234
08-04-2021,1240.68,1250.89,1224.44,1232.19,5654434
09-04-2021,1241.72,1253.74,1232.24,1253.74,6052712
12-04-2021,1228.53,1273.17,1219.27,1270.11,20384532
13-04-2021,1203.89,1236.72,1184.80,1234.78,14855206
15-04-2021,1172.52,1177.39,1137.41,1148.01,25342491
16-04-2021,1166.49,1181.23,1160.33,1176.19,10879878
19-04-2021,1174.07,1188.85,1148.05,1154.64,12508028
20-04-2021,1164.42,1188.25,1156.71,1188.25,8560766
22-04-2021,1164.21,1176.01,1159.08,1168.04,6622446
23-04-2021,1149.30,1161.88,1146.89,1157.23,7316262
26-04-2021,1157.70,1164.38,1138.27,1147.97,7088606
27-04-2021,1161.97,1165.85,1154.77,1159.81,3636115
28-04-2021,1168.43,1171.45,1158.61,1170.15,4879234
29-04-2021,1168.73,1179.63,1164.47,1178.77,5412357
30-04-2021,1167.01,1183.85,1159.73,1160.07,8354677
03-05-2021,1165.03,1172.74,1152.92,1155.33,4560337
04-05-2021,1145.51,1167.53,1140.94,1166.71,4887060
05-05-2021,1155.94,1158.00,1144.13,1155.59,3939788
06-05-2021,1173.26,1175.93,1152.40,1158.95,4810090
07-05-2021,1165.46,1183.12,1161.97,1176.44,4991435
10-05-2021,1154.26,1165.76,1150.38,1163.13,7195348
11-05-2021,1146.59,1155.51,1141.80,1151.97,6420988
12-05-2021,1143.44,1146.03,1132.67,1146.03,5241898
14-05-2021,1134.31,1143.31,1129.91,1143.31,4824609
17-05-2021,1145.51,1150.29,1137.67,1137.67,5017129
18-05-2021,1154.64,1158.61,1145.60,1152.92,5620150
19-05-2021,1152.06,1169.68,1148.83,1156.37,4435878
20-05-2021,1154.04,1162.48,1150.34,1161.88,4490092
21-05-2021,1167.14,1169.72,1160.11,1161.11,4969733
24-05-2021,1161.58,1174.46,1159.04,1168.99,4225371
25-05-2021,1173.26,1178.77,1167.09,1170.15,4099340
26-05-2021,1203.97,1206.34,1173.64,1178.68,6850024
27-05-2021,1208.28,1220.35,1199.19,1209.96,15365391
28-05-2021,1210.70,1218.41,1202.98,1214.75,4261312
31-05-2021,1213.92,1220.67,1204.56,1220.67,4429904
01-06-2021,1208.21,1220.23,1200.77,1219.36,4791325
02-06-2021,1200.77,1212.35,1188.88,1202.60,9272276
03-06-2021,1210.35,1218.49,1199.37,1209.00,5115645
04-06-2021,1206.86,1216.66,1199.90,1214.09,4194328
07-06-2021,1210.35,1212.39,1199.59,1211.52,5154576
08-06-2021,1230.64,1238.31,1215.49,1215.88,7360630
09-06-2021,1232.69,1241.14,1223.37,1231.03,5394317
10-06-2021,1240.53,1244.62,1235.91,1240.26,3496575
11-06-2021,1260.21,1264.30,1245.01,1245.58,6140828
14-06-2021,1273.19,1286.43,1265.91,1281.20,7132294
15-06-2021,1283.73,1285.56,1274.23,1275.10,5403104
16-06-2021,1289.56,1297.27,1278.15,1282.68,7661710
17-06-2021,1302.37,1308.77,1284.77,1284.77,7677951
18-06-2021,1309.33,1320.22,1295.48,1314.30,13533974
21-06-2021,1306.72,1311.51,1292.70,1300.36,5454052
22-06-2021,1316.78,1325.14,1308.29,1314.91,6427862
23-06-2021,1309.20,1328.23,1305.28,1328.23,5529809
24-06-2021,1358.02,1366.34,1316.21,1321.27,10785137
25-06-2021,1371.08,1374.39,1343.91,1369.17,9780240
28-06-2021,1368.99,1376.27,1359.24,1369.95,5019178
29-06-2021,1361.37,1370.61,1358.02,1359.59,5913567
30-06-2021,1376.83,1385.72,1369.21,1369.21,6058722
01-07-2021,1359.07,1373.39,1357.89,1373.39,4814317
02-07-2021,1365.51,1366.95,1343.56,1357.80,5166064
05-07-2021,1375.22,1380.49,1359.63,1366.69,4058338
06-07-2021,1360.63,1382.02,1356.19,1370.65,4089574
07-07-2021,1362.72,1367.91,1345.35,1363.99,4797120
08-07-2021,1359.37,1372.65,1349.14,1365.68,3326813
09-07-2021,1361.24,1367.34,1350.88,1355.23,3436594
12-07-2021,1348.13,1374.39,1335.85,1367.91,4588982
13-07-2021,1345.61,1355.58,1338.07,1355.58,4456160
14-07-2021,1373.44,1378.58,1339.64,1353.49,5657716
15-07-2021,1376.83,1390.81,1355.23,1356.89,10021355
16-07-2021,1354.75,1371.48,1349.66,1370.69,6265593
19-07-2021,1342.78,1352.53,1339.16,1345.39,5669162
20-07-2021,1350.05,1356.71,1339.56,1339.82,5069939
22-07-2021,1385.02,1387.33,1359.94,1359.94,7854575
23-07-2021,1385.24,1392.25,1380.54,1383.58,4179719
26-07-2021,1396.95,1403.70,1388.42,1388.42,4586710
27-07-2021,1395.78,1401.66,1391.73,1397.91,5892859
28-07-2021,1398.43,1400.18,1380.93,1398.00,4686788
29-07-2021,1408.36,1410.98,1393.64,1393.64,4660873
30-07-2021,1402.70,1413.94,1398.91,1402.27,6234257
02-08-2021,1421.04,1423.82,1410.28,1417.46,5553389
03-08-2021,1441.63,1444.64,1424.56,1434.49,5513668
04-08-2021,1436.45,1463.15,1427.57,1453.74,6740391
05-08-2021,1440.20,1451.04,1434.54,1436.67,5420536
06-08-2021,1437.28,1446.38,1431.88,1443.20,3754855
09-08-2021,1448.69,1452.30,1433.97,1446.69,5018477
10-08-2021,1460.84,1463.23,1446.73,1452.78,6846517
11-08-2021,1461.10,1466.72,1452.78,1458.70,4899639
12-08-2021,1471.60,1477.60,1458.01,1462.49,5659579
13-08-2021,1491.28,1500.25,1473.08,1478.04,5612790
16-08-2021,1484.49,1498.03,1472.03,1487.36,4564109
17-08-2021,1516.93,1523.24,1468.94,1484.05,9510390
18-08-2021,1509.79,1528.99,1504.17,1505.91,6686090
20-08-2021,1509.35,1519.85,1494.68,1494.68,6206972
23-08-2021,1514.40,1526.95,1508.52,1511.79,6189051
24-08-2021,1498.81,1530.30,1491.71,1524.20,7602939
25-08-2021,1511.62,1521.50,1496.33,1496.33,6153253
26-08-2021,1504.78,1520.72,1498.07,1510.27,5302248
27-08-2021,1488.32,1504.78,1485.18,1502.43,6698514
30-08-2021,1478.95,1496.90,1472.29,1483.31,6559667
31-08-2021,1486.27,1493.72,1468.33,1480.78,12255438
01-09-2021,1461.27,1488.93,1457.27,1488.93,7801974
02-09-2021,1471.16,1475.69,1448.12,1460.93,6830050
03-09-2021,1481.22,1485.84,1467.07,1477.21,5339139
06-09-2021,1507.13,1508.52,1480.09,1485.14,4876026
07-09-2021,1486.45,1511.05,1484.14,1506.78,3520341
08-09-2021,1474.77,1481.39,1465.80,1481.39,4584896
09-09-2021,1473.34,1476.21,1465.11,1468.37,3331674
13-09-2021,1473.60,1481.96,1459.05,1465.85,4662374
14-09-2021,1468.59,1477.13,1462.01,1477.13,4945167
15-09-2021,1490.63,1493.80,1472.12,1474.77,4062344
16-09-2021,1482.61,1497.42,1473.21,1493.89,3246568
17-09-2021,1473.08,1496.33,1467.11,1478.04,7454864
20-09-2021,1470.07,1487.36,1461.45,1467.59,5660743
21-09-2021,1496.72,1503.95,1467.28,1480.65,4672222
22-09-2021,1495.37,1514.53,1492.02,1495.46,4553892
23-09-2021,1517.71,1519.85,1499.03,1508.52,3826090
24-09-2021,1536.26,1557.30,1526.34,1531.17,8280446
27-09-2021,1499.07,1540.75,1496.42,1540.53,5045337
28-09-2021,1469.42,1489.36,1458.88,1489.36,6557197
29-09-2021,1473.90,1481.87,1441.46,1445.16,7792548
30-09-2021,1459.05,1483.27,1454.61,1483.27,6914031
01-10-2021,1450.30,1462.32,1446.90,1450.26,5733906
04-10-2021,1462.15,1470.20,1450.52,1456.70,2947154
05-10-2021,1474.38,1483.22,1448.43,1455.39,4373310
06-10-2021,1457.62,1488.49,1454.52,1482.48,4271698
07-10-2021,1472.81,1484.31,1460.32,1469.33,5476108
08-10-2021,1501.43,1508.09,1479.26,1485.23,4738376
11-10-2021,1472.77,1506.78,1449.04,1464.98,8840633
12-10-2021,1467.72,1471.07,1447.56,1460.62,7439300
13-10-2021,1488.67,1492.54,1463.28,1477.13,7104171
14-10-2021,1494.37,1553.47,1479.09,1527.69,19655776
18-10-2021,1560.91,1566.88,1515.49,1515.49,13438109
19-10-2021,1587.04,1597.80,1552.33,1579.94,10324260
20-10-2021,1569.80,1609.56,1562.57,1593.36,5876115
21-10-2021,1527.38,1579.94,1521.46,1579.94,8779629
22-10-2021,1497.90,1535.70,1486.75,1524.11,7369809
25-10-2021,1487.23,1506.56,1469.50,1499.86,5905209
26-10-2021,1497.03,1517.15,1490.17,1502.61,5871709
27-10-2021,1519.21,1523.78,1494.79,1501.77,5090259
28-10-2021,1497.20,1515.52,1486.79,1510.78,5329972
29-10-2021,1465.44,1504.85,1459.55,1492.90,5875091
01-11-2021,1493.82,1500.10,1472.69,1474.00,3636806
02-11-2021,1491.93,1499.44,1481.78,1489.38,3471772
03-11-2021,1495.97,1509.11,1492.90,1501.68,3530713
04-11-2021,1501.42,1508.71,1498.17,1506.96,483407
08-11-2021,1526.73,1529.80,1496.41,1520.14,5245903
09-11-2021,1531.12,1537.71,1516.62,1524.31,4016134
10-11-2021,1529.06,1538.54,1513.06,1516.62,4780368
11-11-2021,1523.04,1528.70,1501.68,1522.73,4731349
12-11-2021,1564.25,1566.57,1527.21,1531.56,5069009
15-11-2021,1570.35,1581.64,1560.12,1565.92,4354074
16-11-2021,1574.88,1589.51,1561.43,1572.86,6034233
17-11-2021,1570.62,1583.40,1564.69,1575.10,4732492
18-11-2021,1563.54,1572.37,1545.62,1565.48,4326924
22-11-2021,1545.97,1568.82,1538.72,1567.59,6621839
23-11-2021,1526.20,1535.29,1502.56,1524.62,8436160
24-11-2021,1490.26,1529.36,1483.23,1528.92,7333061
25-11-2021,1513.46,1516.80,1491.10,1493.78,4476260
26-11-2021,1486.44,1509.90,1479.72,1496.02,4494181
29-11-2021,1490.57,1504.32,1466.67,1485.87,3942776
30-11-2021,1504.89,1520.05,1493.82,1497.77,14808963
01-12-2021,1506.87,1530.59,1505.20,1506.96,5193264
02-12-2021,1536.17,1538.15,1503.75,1506.96,5559574
03-12-2021,1525.01,1569.91,1522.38,1556.25,6754012
06-12-2021,1489.65,1523.61,1486.31,1520.14,3991449
07-12-2021,1504.01,1515.65,1488.50,1494.74,4202122
08-12-2021,1540.65,1546.32,1522.42,1522.77,3029169
09-12-2021,1549.53,1554.76,1530.68,1545.62,2082171
10-12-2021,1545.84,1549.79,1534.20,1546.50,1823469
13-12-2021,1533.01,1556.47,1527.87,1552.69,4040584
14-12-2021,1539.60,1549.13,1502.87,1520.93,4768144
15-12-2021,1523.83,1535.91,1512.40,1533.32,3053149
16-12-2021,1556.69,1561.96,1544.74,1548.83,4481031
17-12-2021,1599.97,1618.55,1587.58,1599.22,18887243
20-12-2021,1580.68,1607.70,1570.49,1583.14,5773891
21-12-2021,1591.84,1615.03,1582.52,1582.52,5353584
22-12-2021,1603.35,1607.26,1592.50,1603.61,4156428
23-12-2021,1632.26,1635.77,1605.37,1609.10,4112933
24-12-2021,1637.44,1648.21,1629.09,1645.75,3780347
27-12-2021,1639.77,1647.11,1621.23,1634.37,2647733
28-12-2021,1658.97,1665.91,1650.53,1652.55,3340933
29-12-2021,1656.82,1664.07,1648.78,1655.02,3236635
30-12-2021,1663.23,1678.12,1646.98,1655.89,4584738
31-12-2021,1658.75,1668.06,1644.60,1660.73,4619420
03-01-2022,1668.15,1681.86,1658.75,1658.75,3329616
04-01-2022,1668.77,1675.36,1650.18,1668.15,3921999
05-01-2022,1620.88,1672.06,1616.79,1669.51,6995719
06-01-2022,1597.29,1606.25,1581.64,1606.25,6449205
07-01-2022,1594.21,1613.28,1587.62,1595.22,4834389
10-01-2022,1626.24,1643.06,1593.07,1594.82,7857560
11-01-2022,1630.50,1643.15,1625.71,1629.97,5142287
12-01-2022,1649.70,1659.85,1634.37,1642.19,5362535
13-01-2022,1666.70,1680.50,1639.95,1673.91,14277630
14-01-2022,1695.30,1698.51,1652.82,1653.70,7688506
17-01-2022,1704.22,1716.88,1696.31,1703.39,5262464
18-01-2022,1687.75,1709.05,1679.57,1688.93,3690315
19-01-2022,1640.56,1683.57,1636.87,1683.57,5747770
20-01-2022,1602.47,1623.82,1595.26,1620.31,5533463
21-01-2022,1569.08,1588.67,1560.56,1577.25,8252758
24-01-2022,1526.11,1554.10,1518.38,1550.89,7116712
25-01-2022,1513.24,1528.92,1494.21,1517.15,9137653
27-01-2022,1474.97,1502.30,1463.02,1495.53,11231734
28-01-2022,1481.65,1517.98,1475.76,1477.08,10998502
31-01-2022,1525.58,1537.27,1507.26,1509.59,8788872
01-02-2022,1557.09,1564.07,1524.27,1551.86,5119935
02-02-2022,1570.31,1575.32,1557.04,1571.98,4253717
03-02-2022,1527.65,1563.19,1523.65,1563.19,3832922
04-02-2022,1529.89,1541.18,1502.69,1521.89,4700077
07-02-2022,1506.96,1521.89,1489.73,1513.28,4310209
08-02-2022,1508.98,1515.74,1490.26,1502.56,6053401
09-02-2022,1526.55,1531.56,1515.74,1524.53,3867244
10-02-2022,1554.93,1558.71,1536.61,1542.67,4334630
11-02-2022,1512.54,1534.15,1505.20,1528.92,7551371
14-02-2022,1478.13,1510.08,1474.66,1484.99,7459637
15-02-2022,1527.39,1534.85,1485.38,1492.90,4669915
16-02-2022,1523.04,1542.50,1517.37,1527.39,5350642
17-02-2022,1515.57,1536.83,1511.61,1532.44,3937950
18-02-2022,1499.88,1513.55,1496.85,1502.56,5602215
21-02-2022,1520.75,1526.55,1486.31,1494.65,5120890
22-02-2022,1523.96,1538.59,1485.91,1493.69,8878515
23-02-2022,1531.43,1544.96,1523.12,1537.71,5478811
24-02-2022,1474.58,1506.91,1467.85,1485.08,13592379
25-02-2022,1489.03,1518.51,1473.57,1506.96,9737281
28-02-2022,1507.48,1518.42,1463.02,1478.13,15076542
02-03-2022,1496.24,1506.43,1485.87,1502.56,6771489
03-03-2022,1512.10,1523.56,1498.65,1511.52,7344147
04-03-2022,1514.25,1525.41,1477.08,1489.60,9074499
07-03-2022,1528.79,1538.59,1490.26,1491.14,9742588
08-03-2022,1562.49,1581.64,1509.99,1509.99,10984500
09-03-2022,1593.38,1609.41,1573.74,1573.74,10193515
10-03-2022,1604.40,1620.97,1590.61,1620.97,6547182
11-03-2022,1600.98,1609.24,1591.31,1593.95,4758657
14-03-2022,1661.34,1665.12,1609.37,1609.37,10289724
15-03-2022,1616.18,1659.28,1608.01,1659.28,7140443
16-03-2022,1660.20,1664.20,1624.70,1638.76,5233979
17-03-2022,1629.62,1689.99,1610.69,1689.99,17731459
21-03-2022,1628.26,1658.00,1617.76,1635.24,8362085
22-03-2022,1658.44,1660.73,1615.91,1625.58,5709382
23-03-2022,1645.26,1669.51,1631.73,1666.88,6192824
24-03-2022,1657.83,1664.77,1630.98,1630.98,3784303
25-03-2022,1648.91,1664.24,1632.61,1662.48,3438588
28-03-2022,1646.58,1652.73,1627.91,1639.64,4008555
29-03-2022,1657.21,1660.20,1634.85,1646.58,3917785
30-03-2022,1672.98,1686.21,1665.12,1678.30,7795839
31-03-2022,1675.53,1680.94,1664.42,1669.51,5399145
01-04-2022,1672.63,1678.56,1650.45,1657.96,6171518
04-04-2022,1654.53,1663.36,1645.79,1660.51,7364074
05-04-2022,1635.33,1660.38,1631.86,1655.28,5472024
06-04-2022,1606.99,1632.17,1601.11,1629.97,5407453
07-04-2022,1591.31,1606.38,1588.28,1600.14,5797544
08-04-2022,1594.47,1615.03,1588.67,1601.85,5131446
11-04-2022,1552.25,1593.95,1548.74,1593.95,8248407
12-04-2022,1531.08,1544.30,1518.16,1544.30,6456184
13-04-2022,1536.44,1544.30,1521.89,1542.06,6257693
18-04-2022,1424.71,1449.84,1397.12,1410.74,30523965
19-04-2022,1372.52,1438.11,1361.97,1438.11,17044923
20-04-2022,1395.10,1402.66,1373.39,1383.94,10678747
21-04-2022,1422.43,1429.81,1396.46,1401.51,7766514
22-04-2022,1393.12,1415.31,1390.44,1409.73,8134245
25-04-2022,1371.73,1382.01,1365.57,1382.01,7000570
26-04-2022,1389.21,1398.88,1376.51,1385.87,5345435
27-04-2022,1364.43,1381.96,1362.28,1381.96,8819356
28-04-2022,1390.62,1407.49,1368.52,1379.55,9245177
29-04-2022,1377.39,1403.53,1371.46,1397.12,9831395
02-05-2022,1354.06,1364.39,1345.28,1362.76,7072627
04-05-2022,1349.27,1379.55,1344.53,1359.56,6220959
05-05-2022,1392.86,1396.59,1368.52,1370.80,6144870
06-05-2022,1355.69,1372.38,1348.84,1361.97,6171472
09-05-2022,1379.85,1394.31,1337.50,1353.18,6832202
10-05-2022,1364.61,1378.80,1358.50,1369.00,6212545
11-05-2022,1341.54,1361.93,1328.23,1361.93,7846080
12-05-2022,1325.77,1342.20,1321.82,1330.34,7034979
13-05-2022,1321.90,1343.74,1316.37,1335.00,6723761
16-05-2022,1308.46,1328.45,1299.28,1326.82,6145331
17-05-2022,1334.25,1340.00,1301.25,1313.56,6516378
18-05-2022,1326.12,1361.71,1322.69,1337.37,6594126
19-05-2022,1254.02,1304.59,1245.68,1301.34,16561140
20-05-2022,1278.63,1288.82,1271.20,1276.74,10488908
23-05-2022,1290.27,1307.49,1274.15,1278.58,5887569
24-05-2022,1266.19,1291.28,1261.14,1290.45,5693167
25-05-2022,1239.35,1267.51,1229.51,1260.92,9630092
26-05-2022,1251.21,1256.53,1236.36,1245.98,13040065
27-05-2022,1284.08,1289.04,1263.03,1268.79,8284860
30-05-2022,1341.59,1344.40,1304.86,1306.61,10904213
31-05-2022,1335.19,1347.98,1321.47,1341.50,16033857
01-06-2022,1312.95,1345.09,1307.22,1343.54,8738508
02-06-2022,1339.10,1344.29,1310.33,1317.79,7205840
03-06-2022,1351.27,1380.84,1347.98,1354.11,9395707
06-06-2022,1358.68,1364.50,1325.78,1346.20,6624883
07-06-2022,1337.95,1349.62,1334.30,1349.62,4904592
08-06-2022,1332.00,1349.93,1324.89,1349.93,4697608
09-06-2022,1345.32,1347.05,1315.57,1318.68,4361061
10-06-2022,1311.39,1326.62,1308.55,1319.65,6516436
13-06-2022,1264.95,1281.91,1253.59,1281.91,6987685
14-06-2022,1279.20,1286.62,1245.99,1252.08,6090247
15-06-2022,1262.91,1284.40,1259.93,1278.89,4651958
16-06-2022,1240.71,1282.05,1236.09,1276.94,6641772
17-06-2022,1231.92,1240.49,1214.03,1235.25,9692047
20-06-2022,1255.76,1263.04,1227.21,1234.36,4595194
21-06-2022,1287.51,1292.92,1263.40,1264.51,6270787
22-06-2022,1276.27,1296.12,1274.28,1275.21,6253366
23-06-2022,1289.77,1294.70,1272.50,1278.54,6254281
24-06-2022,1279.69,1303.14,1268.86,1294.70,6114340
27-06-2022,1309.44,1317.79,1301.05,1303.62,4511097
28-06-2022,1314.37,1321.56,1290.26,1304.47,4412178
29-06-2022,1299.36,1311.57,1293.81,1300.65,5060038
30-06-2022,1298.16,1316.01,1292.04,1300.96,9165177
01-07-2022,1313.70,1318.68,1280.80,1291.15,4651635
04-07-2022,1321.34,1325.11,1298.25,1314.46,4800224
05-07-2022,1310.64,1340.83,1307.13,1330.93,7379669
06-07-2022,1324.58,1332.00,1305.36,1316.19,5209162
07-07-2022,1330.84,1344.38,1328.18,1334.70,3323472
08-07-2022,1344.83,1347.05,1331.95,1345.32,3652582
11-07-2022,1308.15,1331.91,1302.16,1327.56,4702638
12-07-2022,1277.47,1304.11,1275.16,1298.07,4710356
13-07-2022,1282.67,1296.48,1277.47,1287.60,5264025
14-07-2022,1268.81,1290.22,1255.63,1288.48,6157606
15-07-2022,1270.15,1284.04,1252.65,1284.04,5620018
18-07-2022,1323.03,1326.31,1285.86,1287.60,5835171
19-07-2022,1317.92,1320.32,1305.44,1306.73,3418540
20-07-2022,1345.58,1354.91,1332.00,1333.11,5079392
21-07-2022,1361.21,1363.48,1334.75,1347.09,5008061
22-07-2022,1337.59,1367.52,1325.02,1362.19,7020642
25-07-2022,1335.19,1347.22,1314.32,1314.32,7859626
26-07-2022,1288.62,1329.02,1283.16,1329.02,7268273
27-07-2022,1306.29,1308.02,1283.16,1288.48,4517285
28-07-2022,1347.45,1353.71,1322.98,1328.80,6636841
29-07-2022,1376.13,1381.46,1356.86,1361.12,7009465
01-08-2022,1377.33,1388.83,1365.65,1388.83,2983249
02-08-2022,1370.71,1373.73,1357.17,1373.33,4374635
03-08-2022,1390.69,1394.16,1367.43,1375.51,6011955
04-08-2022,1420.71,1424.21,1398.55,1409.70,7402209
05-08-2022,1435.58,1443.62,1422.84,1428.25,5361971
08-08-2022,1438.02,1440.33,1417.24,1435.89,3763409
10-08-2022,1422.97,1439.62,1410.23,1439.62,4423829
11-08-2022,1438.51,1448.63,1435.00,1447.44,3462090
12-08-2022,1415.56,1433.23,1412.05,1432.61,3562286
16-08-2022,1417.64,1428.79,1412.89,1428.79,3004430
17-08-2022,1426.35,1431.45,1407.48,1417.64,4067324
18-08-2022,1405.65,1419.20,1397.71,1415.56,4635706
19-08-2022,1418.22,1425.15,1407.56,1407.74,4739884
22-08-2022,1399.17,1419.91,1397.71,1408.36,3950555
23-08-2022,1369.65,1380.39,1361.30,1374.62,5551574
24-08-2022,1365.30,1372.84,1359.52,1363.08,2888426
25-08-2022,1348.11,1375.24,1344.21,1374.62,4331088
26-08-2022,1351.13,1371.91,1347.49,1363.21,3079136
29-08-2022,1298.03,1304.07,1287.60,1304.07,8079050
30-08-2022,1325.74,1328.53,1301.80,1308.11,6725875
01-09-2022,1300.21,1303.67,1288.53,1296.52,8140604
02-09-2022,1290.26,1312.46,1285.82,1312.46,5175653
05-09-2022,1297.63,1302.69,1284.35,1288.48,3669352
06-09-2022,1292.12,1305.36,1283.56,1297.63,3428442
07-09-2022,1294.39,1301.58,1276.98,1278.72,3600574
08-09-2022,1310.59,1315.21,1299.67,1309.80,4061475
09-09-2022,1342.34,1349.76,1314.24,1321.34,4816910
12-09-2022,1364.14,1372.75,1350.78,1354.91,5494819
13-09-2022,1371.91,1379.06,1368.67,1378.08,4947158
14-09-2022,1310.15,1331.06,1307.13,1329.33,14332197
15-09-2022,1272.32,1309.97,1268.99,1309.80,12784100
16-09-2022,1222.82,1265.40,1215.09,1265.40,20464045
19-09-2022,1234.58,1248.52,1225.97,1236.09,6595241
20-09-2022,1233.03,1255.23,1229.96,1250.26,7219797
21-09-2022,1222.99,1233.25,1215.14,1225.35,7917054
22-09-2022,1214.74,1228.94,1207.68,1213.31,9168498
23-09-2022,1212.52,1238.58,1209.45,1214.34,10426200
26-09-2022,1225.66,1242.71,1203.24,1207.68,9414587
27-09-2022,1237.47,1248.97,1223.66,1237.38,8561254
28-09-2022,1238.49,1248.39,1222.77,1224.55,7022098
29-09-2022,1242.00,1251.94,1236.98,1247.55,6119965
30-09-2022,1255.14,1260.33,1221.88,1233.38,8120130
03-10-2022,1237.65,1253.85,1230.76,1253.85,4943169
04-10-2022,1269.30,1271.83,1255.63,1260.69,6631341
06-10-2022,1292.17,1296.30,1282.36,1283.16,6180672
07-10-2022,1288.66,1294.57,1278.85,1284.35,3994466
10-10-2022,1298.83,1300.92,1266.59,1266.59,5274677
11-10-2022,1264.33,1313.92,1261.04,1298.83,12824774
12-10-2022,1268.68,1279.69,1255.23,1276.05,5481467
13-10-2022,1260.87,1276.90,1256.52,1270.72,4821514
14-10-2022,1309.13,1326.67,1302.91,1318.68,14990688
17-10-2022,1323.07,1327.56,1310.24,1311.48,4286396
18-10-2022,1335.28,1341.72,1329.55,1340.88,4692004
19-10-2022,1319.08,1336.39,1315.39,1335.55,3553171
20-10-2022,1332.80,1335.55,1309.09,1309.80,4583939
21-10-2022,1332.44,1337.32,1324.31,1332.26,3594485
24-10-2022,1347.85,1351.35,1341.76,1348.42,982837
25-10-2022,1355.35,1361.21,1350.69,1356.95,3914341
27-10-2022,1368.05,1377.88,1357.77,1374.20,6760137
28-10-2022,1358.45,1371.64,1352.84,1369.89,3053981
31-10-2022,1380.35,1388.21,1373.71,1373.71,4542336
01-11-2022,1412.08,1413.88,1388.83,1394.18,4542692
02-11-2022,1394.40,1411.86,1386.95,1411.19,2938906
03-11-2022,1374.16,1385.96,1365.99,1381.34,3174027
04-11-2022,1359.12,1364.91,1347.58,1364.91,4509682
07-11-2022,1353.24,1371.60,1338.56,1365.76,4898592
09-11-2022,1356.61,1372.59,1347.54,1372.59,3334755
10-11-2022,1348.30,1357.32,1333.09,1333.09,3435763
11-11-2022,1409.48,1412.53,1388.43,1388.43,7214098
14-11-2022,1423.13,1428.60,1408.00,1414.01,4908813
15-11-2022,1430.94,1434.39,1411.86,1416.44,3497614
16-11-2022,1438.84,1444.40,1430.49,1433.76,4497697
17-11-2022,1425.01,1438.84,1421.02,1433.81,3469515
18-11-2022,1430.40,1434.53,1414.33,1428.87,3126064
21-11-2022,1407.78,1425.42,1404.05,1420.25,3071764
22-11-2022,1422.90,1425.55,1402.21,1408.49,3399329
23-11-2022,1421.20,1429.14,1417.74,1426.36,3245067
24-11-2022,1463.07,1468.64,1422.63,1426.45,5282215
25-11-2022,1468.33,1475.82,1448.71,1464.51,4563255
28-11-2022,1457.33,1484.35,1454.28,1461.46,3825766
29-11-2022,1462.40,1471.11,1449.83,1455.35,3131710
30-11-2022,1467.70,1477.39,1448.13,1454.23,11868134
01-12-2022,1487.58,1501.50,1483.27,1486.77,5407928
02-12-2022,1470.35,1491.80,1466.80,1486.59,4283343
05-12-2022,1472.01,1476.58,1457.24,1470.44,3824966
06-12-2022,1447.90,1459.66,1443.10,1458.77,4822398
07-12-2022,1441.26,1457.69,1433.36,1443.50,4898087
08-12-2022,1454.41,1457.78,1434.98,1441.26,4206837
09-12-2022,1408.76,1461.46,1401.40,1461.46,8880658
12-12-2022,1388.92,1405.76,1373.53,1391.44,8037679
13-12-2022,1411.32,1416.12,1383.49,1388.92,6135067
14-12-2022,1417.83,1426.00,1412.08,1420.16,4976020
15-12-2022,1382.91,1409.39,1378.20,1408.76,6443866
16-12-2022,1366.48,1390.99,1357.37,1369.00,9630453
19-12-2022,1353.15,1361.72,1342.11,1353.69,6222740
20-12-2022,1353.11,1360.92,1330.80,1347.45,7396259
21-12-2022,1355.13,1365.40,1348.66,1360.02,6236361
22-12-2022,1366.35,1373.44,1357.10,1365.85,6302640
23-12-2022,1343.95,1355.44,1340.27,1354.36,6283822
26-12-2022,1348.71,1355.44,1343.28,1347.00,4115459
27-12-2022,1359.88,1365.81,1344.31,1355.48,4860076
28-12-2022,1355.66,1368.95,1345.21,1351.13,5029860
29-12-2022,1362.31,1365.67,1347.45,1350.14,4624745
30-12-2022,1353.91,1373.84,1350.19,1371.69,5060544
02-01-2023,1368.10,1370.34,1350.19,1359.12,3801140
03-01-2023,1366.80,1375.86,1360.11,1364.37,4551130
04-01-2023,1341.88,1365.40,1338.56,1365.40,7059590
05-01-2023,1324.29,1351.85,1318.95,1351.85,9868404
06-01-2023,1300.32,1324.11,1298.53,1319.62,6443714
09-01-2023,1332.59,1336.99,1300.05,1300.05,11498717
10-01-2023,1319.40,1332.10,1305.30,1330.39,7158624
11-01-2023,1320.74,1341.17,1314.24,1319.62,6173092
12-01-2023,1329.14,1333.09,1306.16,1330.35,6591385
13-01-2023,1349.83,1363.97,1317.83,1331.74,11610426
16-01-2023,1369.44,1371.69,1348.62,1355.53,6073063
17-01-2023,1382.01,1384.44,1368.10,1370.79,5922644
18-01-2023,1387.31,1393.10,1382.10,1386.72,5843098
19-01-2023,1381.47,1391.03,1370.03,1382.37,6165284
20-01-2023,1369.49,1386.95,1368.10,1380.67,6496429
23-01-2023,1389.64,1394.40,1371.78,1377.97,4855020
24-01-2023,1393.14,1408.31,1391.21,1400.41,5200802
25-01-2023,1385.15,1396.82,1381.34,1388.74,4158617
27-01-2023,1363.74,1392.29,1353.20,1387.85,6209955
30-01-2023,1381.38,1386.05,1364.51,1372.41,6964719
31-01-2023,1376.85,1390.45,1358.22,1390.45,9448126
01-02-2023,1392.43,1395.97,1371.73,1384.44,6194199
02-02-2023,1421.73,1424.61,1393.23,1393.23,6916834
03-02-2023,1435.78,1440.50,1412.08,1434.08,7040194
06-02-2023,1409.26,1434.53,1401.85,1434.53,4570612
07-02-2023,1402.57,1414.82,1396.02,1408.49,4336238
08-02-2023,1427.79,1439.02,1405.35,1405.35,7983338
09-02-2023,1451.58,1454.05,1423.80,1432.91,6904911
10-02-2023,1444.00,1450.96,1433.14,1447.95,4786762
13-02-2023,1407.10,1433.63,1405.80,1433.63,4001199
14-02-2023,1430.26,1432.73,1416.71,1422.59,5043736
15-02-2023,1433.67,1435.42,1414.78,1421.96,3465747
16-02-2023,1437.94,1449.29,1434.39,1436.32,4290289
17-02-2023,1421.78,1431.83,1414.33,1430.94,2857734
20-02-2023,1429.54,1439.02,1420.61,1422.81,2417716
21-02-2023,1417.92,1437.80,1414.78,1435.16,2723288
22-02-2023,1402.03,1413.88,1396.20,1403.11,3656244
23-02-2023,1392.07,1409.26,1389.78,1409.26,4766854
24-02-2023,1392.02,1408.49,1386.95,1400.41,2790986
27-02-2023,1354.90,1382.46,1348.35,1382.46,4920268
28-02-2023,1335.38,1368.10,1329.77,1360.56,9679811
01-03-2023,1343.01,1347.32,1329.94,1339.73,5125043
02-03-2023,1321.55,1336.32,1317.20,1333.09,4644499
03-03-2023,1327.97,1337.40,1322.31,1334.66,4615015
06-03-2023,1353.24,1364.87,1340.40,1341.66,6561742
08-03-2023,1340.00,1342.96,1329.59,1338.07,4137080
09-03-2023,1328.96,1345.07,1323.75,1342.06,5104656
10-03-2023,1321.01,1323.48,1308.53,1310.64,3699580
13-03-2023,1288.29,1327.07,1281.92,1314.41,8798403
14-03-2023,1274.74,1300.19,1266.66,1293.59,7402784
15-03-2023,1274.42,1295.25,1271.91,1290.90,7556182
16-03-2023,1260.46,1272.76,1255.62,1272.76,7323117
17-03-2023,1275.36,1295.29,1267.02,1283.71,9090018
20-03-2023,1260.06,1274.47,1243.18,1274.47,8221829
21-03-2023,1248.43,1261.27,1247.81,1255.88,8536755
22-03-2023,1247.13,1263.29,1240.76,1259.48,8356487
23-03-2023,1233.94,1242.37,1229.85,1242.37,7607718
24-03-2023,1239.41,1255.84,1236.58,1246.01,7559127
27-03-2023,1246.86,1252.97,1233.53,1244.44,4170193
28-03-2023,1236.67,1254.99,1235.10,1249.69,6633366
29-03-2023,1242.02,1247.72,1224.96,1237.93,8813966
31-03-2023,1281.87,1283.67,1251.31,1260.37,8711975
03-04-2023,1266.52,1288.20,1261.41,1288.20,5242764
05-04-2023,1277.92,1281.47,1256.78,1256.78,7506334
06-04-2023,1276.44,1282.28,1266.07,1271.15,6948465
10-04-2023,1281.56,1287.30,1270.25,1278.28,4993788
11-04-2023,1262.30,1286.72,1246.91,1282.73,6942255
12-04-2023,1282.19,1285.06,1256.78,1268.50,5831169
13-04-2023,1247.09,1266.70,1241.52,1265.53,11267238
17-04-2023,1129.58,1132.14,1064.05,1122.40,53171705
18-04-2023,1130.52,1140.04,1124.91,1140.04,12430884
19-04-2023,1106.15,1126.03,1103.63,1126.03,11307230
20-04-2023,1098.25,1111.22,1096.45,1104.80,8621249
21-04-2023,1101.79,1107.09,1095.20,1102.47,8691352
24-04-2023,1100.85,1104.17,1093.40,1102.38,8313774
25-04-2023,1099.59,1109.11,1090.71,1100.54,6808576
26-04-2023,1101.97,1106.87,1095.69,1102.38,5680192
27-04-2023,1118.76,1120.15,1100.04,1104.17,8020704
28-04-2023,1124.60,1130.21,1117.59,1127.24,10118277
02-05-2023,1146.77,1148.83,1126.21,1126.21,8886401
03-05-2023,1139.32,1142.33,1132.99,1136.49,5549783
04-05-2023,1143.27,1145.29,1133.35,1139.14,4505401
05-05-2023,1130.30,1148.16,1125.94,1148.16,5373791
08-05-2023,1136.13,1140.35,1126.79,1133.30,5260842
09-05-2023,1140.71,1141.88,1131.73,1136.49,4969897
10-05-2023,1134.02,1145.83,1130.34,1145.83,6515734
11-05-2023,1127.60,1145.38,1124.86,1140.31,6888461
12-05-2023,1117.82,1127.51,1112.30,1125.13,8292212
15-05-2023,1129.62,1139.09,1118.22,1122.04,5534710
16-05-2023,1134.96,1143.63,1133.57,1135.59,5236469
17-05-2023,1119.34,1131.96,1115.35,1131.64,10465667
18-05-2023,1118.54,1130.79,1115.35,1129.85,6948732
19-05-2023,1139.09,1143.04,1124.64,1127.56,11094136
22-05-2023,1160.55,1163.06,1140.31,1142.73,7625947
23-05-2023,1167.06,1179.71,1164.36,1166.29,7436031
24-05-2023,1165.80,1171.50,1159.20,1163.69,4824077
25-05-2023,1170.92,1173.30,1157.36,1162.07,4334121
26-05-2023,1182.68,1188.06,1172.40,1172.40,5521606
29-05-2023,1179.94,1196.37,1175.85,1196.37,4419365
30-05-2023,1188.42,1190.71,1175.23,1180.48,6274719
31-05-2023,1183.44,1194.93,1179.71,1184.83,17800782
01-06-2023,1184.52,1193.49,1183.26,1187.26,4277841
02-06-2023,1181.79,1194.43,1179.10,1190.89,10909311
05-06-2023,1186.79,1191.30,1180.24,1186.34,5002553
06-06-2023,1163.59,1172.33,1158.13,1172.33,10008100
07-06-2023,1172.64,1177.24,1166.78,1174.05,5397578
08-06-2023,1167.05,1175.42,1165.50,1170.14,5034942
09-06-2023,1151.72,1166.78,1149.95,1166.78,5339073
12-06-2023,1175.37,1178.79,1158.13,1158.59,4785588
13-06-2023,1187.11,1188.61,1180.01,1182.61,4846587
14-06-2023,1183.06,1188.79,1176.51,1188.47,3457981
15-06-2023,1170.69,1177.19,1166.91,1177.19,6161155
16-06-2023,1175.10,1184.06,1165.46,1170.87,8536287
19-06-2023,1177.24,1182.24,1170.92,1177.24,4451787
20-06-2023,1185.79,1187.25,1174.60,1177.24,4009180
21-06-2023,1182.11,1186.15,1178.15,1182.65,4041529
22-06-2023,1165.91,1173.05,1158.59,1173.05,6676607
23-06-2023,1150.86,1163.91,1149.35,1161.27,7239467
26-06-2023,1155.72,1159.04,1148.35,1155.63,3403244
27-06-2023,1163.73,1166.32,1159.23,1164.50,3240024
28-06-2023,1176.65,1179.70,1165.78,1173.60,5662358
30-06-2023,1214.99,1218.09,1186.75,1190.16,12821692
03-07-2023,1213.36,1224.55,1208.58,1209.99,7732412
04-07-2023,1223.77,1224.55,1211.26,1223.00,5797775
05-07-2023,1225.73,1235.42,1220.00,1235.33,5414936
06-07-2023,1222.64,1225.87,1216.50,1221.41,5963897
07-07-2023,1210.17,1224.37,1205.76,1213.63,6295647
10-07-2023,1209.22,1220.82,1200.26,1215.95,3940315
11-07-2023,1226.91,1229.01,1207.26,1213.13,6126128
12-07-2023,1212.99,1229.91,1207.26,1229.10,8102770
13-07-2023,1241.92,1252.57,1210.76,1214.45,9977644
14-07-2023,1297.28,1300.97,1256.07,1256.07,12833381
17-07-2023,1294.55,1327.31,1286.68,1297.28,11569884
18-07-2023,1342.09,1344.59,1300.06,1304.61,16743977
19-07-2023,1341.86,1363.56,1328.90,1351.91,13687062
20-07-2023,1318.71,1338.27,1310.70,1338.27,8347221
21-07-2023,1211.45,1228.19,1187.25,1201.08,45548305
24-07-2023,1216.00,1228.10,1213.86,1220.00,8859789
25-07-2023,1214.18,1221.68,1204.76,1216.36,6801982
26-07-2023,1227.14,1228.19,1218.54,1221.82,5528885
27-07-2023,1231.05,1240.74,1225.50,1236.01,9191861
28-07-2023,1219.54,1240.79,1215.45,1231.69,6122735
31-07-2023,1233.37,1235.01,1212.95,1227.05,7902180
01-08-2023,1242.01,1245.47,1234.55,1239.10,6064652
02-08-2023,1234.42,1248.16,1226.78,1245.74,7419145
03-08-2023,1241.20,1243.24,1227.28,1228.19,6503741
04-08-2023,1253.98,1260.85,1239.10,1245.38,5712345
07-08-2023,1267.31,1269.13,1252.75,1262.67,3729093
08-08-2023,1264.76,1267.81,1259.48,1267.17,4161877
09-08-2023,1268.58,1270.04,1257.75,1259.12,4090828
10-08-2023,1263.76,1269.85,1260.57,1266.03,3873025
11-08-2023,1248.06,1270.81,1243.70,1266.40,5783517
14-08-2023,1267.81,1269.13,1242.38,1248.06,4304135
16-08-2023,1290.51,1291.82,1278.59,1283.50,7735313
17-08-2023,1284.18,1291.87,1279.13,1291.87,5618346
18-08-2023,1263.49,1281.59,1261.07,1277.04,5134103
21-08-2023,1278.59,1280.04,1261.98,1264.35,3032722
22-08-2023,1277.09,1279.18,1270.63,1277.95,2890714
23-08-2023,1280.91,1288.78,1278.81,1288.23,2559125
24-08-2023,1295.15,1296.46,1286.82,1293.23,5171963
25-08-2023,1291.96,1294.14,1284.05,1285.50,4307172
28-08-2023,1287.91,1296.24,1284.05,1291.96,3133464
29-08-2023,1289.73,1295.87,1287.59,1295.51,3074444
30-08-2023,1305.65,1307.02,1295.51,1298.24,3070887
31-08-2023,1305.93,1314.52,1299.74,1305.65,9792735
01-09-2023,1313.57,1315.52,1299.33,1301.83,3582133
04-09-2023,1332.90,1337.36,1305.24,1312.79,4609014
05-09-2023,1345.46,1346.50,1325.08,1332.81,5496840
06-09-2023,1344.14,1349.09,1331.26,1348.18,5075786
07-09-2023,1333.90,1340.45,1330.13,1337.90,4411743
08-09-2023,1336.99,1341.68,1328.44,1331.44,3125838
11-09-2023,1343.23,1344.68,1332.35,1336.99,4182226
12-09-2023,1365.65,1368.29,1343.82,1348.73,6793161
13-09-2023,1363.15,1369.20,1354.33,1369.20,4804686
14-09-2023,1370.97,1376.07,1363.88,1369.20,6444213
15-09-2023,1375.20,1381.39,1372.84,1381.03,8657816
18-09-2023,1357.19,1369.11,1353.73,1369.11,3991916
20-09-2023,1355.78,1360.19,1343.00,1343.00,4169337
21-09-2023,1366.24,1368.79,1342.82,1352.42,6779195
22-09-2023,1361.15,1370.97,1351.19,1357.28,5455613
25-09-2023,1341.13,1355.42,1338.77,1355.42,4217863
26-09-2023,1328.85,1346.36,1327.35,1345.68,3996528
27-09-2023,1334.63,1336.99,1319.21,1324.62,3863586
28-09-2023,1309.56,1339.72,1305.52,1335.45,5814602
29-09-2023,1305.93,1316.25,1288.23,1302.88,6068968
03-10-2023,1304.61,1307.34,1292.14,1306.47,4181867
04-10-2023,1314.02,1319.12,1290.23,1296.42,4510406
05-10-2023,1331.40,1342.50,1319.34,1320.98,7384621
06-10-2023,1345.27,1350.55,1331.26,1336.90,3598672
09-10-2023,1342.32,1356.46,1330.26,1332.72,3567552
10-10-2023,1360.24,1361.92,1336.54,1350.00,5688951
11-10-2023,1359.56,1381.25,1347.78,1361.92,7220129
12-10-2023,1333.26,1368.65,1320.98,1357.28,11081662
13-10-2023,1302.01,1308.25,1273.67,1278.22,17973439
16-10-2023,1304.74,1313.34,1300.97,1302.88,4850745
17-10-2023,1312.29,1322.21,1308.29,1310.29,3923764
18-10-2023,1310.57,1322.80,1308.56,1311.88,4264837
19-10-2023,1304.29,1309.75,1297.42,1297.42,6795691
20-10-2023,1298.47,1308.70,1296.65,1300.97,3928622
23-10-2023,1281.54,1303.11,1278.45,1296.96,2636516
25-10-2023,1262.56,1292.51,1254.50,1289.24,6940777
26-10-2023,1252.79,1266.20,1246.94,1248.74,6357656
27-10-2023,1272.05,1276.34,1256.66,1256.66,4634358
30-10-2023,1269.01,1272.05,1256.16,1272.05,2667696
31-10-2023,1261.04,1272.79,1256.06,1271.68,3451595
01-11-2023,1247.91,1269.38,1245.60,1265.32,3090672
02-11-2023,1262.65,1268.32,1254.82,1262.51,3758060
03-11-2023,1280.07,1282.79,1269.66,1271.78,3349045
06-11-2023,1293.20,1296.84,1281.68,1284.54,2736381
07-11-2023,1294.12,1295.60,1285.41,1290.16,2272209
08-11-2023,1281.87,1294.77,1277.67,1294.77,3550635
09-11-2023,1266.94,1287.86,1262.56,1286.38,5498051
10-11-2023,1261.45,1265.42,1254.22,1262.47,2943649
13-11-2023,1265.79,1273.99,1263.30,1271.59,3462092
15-11-2023,1299.84,1303.06,1283.71,1289.24,8551860
16-11-2023,1331.54,1339.37,1299.93,1305.00,6673907
17-11-2023,1324.76,1337.16,1322.46,1327.99,4901251
20-11-2023,1323.89,1338.08,1321.17,1328.87,3584210
21-11-2023,1326.10,1336.24,1324.03,1328.87,3793135
22-11-2023,1343.43,1344.49,1323.52,1323.52,3108786
23-11-2023,1335.55,1352.73,1334.12,1352.73,3186928
24-11-2023,1324.63,1338.68,1321.35,1332.14,2973195
28-11-2023,1329.51,1331.63,1315.09,1330.71,3755373
29-11-2023,1345.08,1346.10,1336.05,1337.25,3875778
30-11-2023,1340.98,1346.05,1335.82,1339.23,10120867
01-12-2023,1338.36,1345.36,1332.69,1345.36,3489187
04-12-2023,1349.46,1356.42,1335.59,1345.87,5511948
05-12-2023,1339.88,1351.81,1328.87,1350.80,5123039
06-12-2023,1358.63,1361.12,1337.21,1342.46,5269178
07-12-2023,1350.89,1357.29,1347.11,1357.29,4424453
08-12-2023,1374.16,1377.43,1351.21,1355.04,6323433
11-12-2023,1371.72,1380.47,1365.73,1373.10,3862018
12-12-2023,1360.24,1373.10,1352.50,1361.58,6103494
13-12-2023,1335.32,1360.24,1320.71,1360.20,8549258
14-12-2023,1383.65,1392.45,1346.70,1348.59,12489858
15-12-2023,1454.56,1463.92,1401.67,1403.56,18395389
18-12-2023,1441.62,1468.02,1437.88,1444.93,6467243
19-12-2023,1436.04,1450.46,1422.17,1446.91,4221721
20-12-2023,1415.86,1459.26,1409.96,1442.26,6592367
21-12-2023,1415.49,1425.30,1401.90,1401.90,5319038
22-12-2023,1440.28,1443.14,1403.51,1414.52,6741060
26-12-2023,1422.82,1426.55,1403.51,1414.57,6878067
27-12-2023,1444.15,1446.82,1422.86,1422.86,4225849
28-12-2023,1440.05,1445.86,1433.00,1445.86,5702253
29-12-2023,1421.85,1437.10,1419.18,1420.14,4388990
01-01-2024,1429.64,1434.84,1414.80,1418.25,2808451
02-01-2024,1414.02,1427.61,1403.51,1424.71,5396313
03-01-2024,1373.10,1400.70,1371.26,1400.70,7550363
04-01-2024,1394.02,1400.52,1375.77,1386.88,7056038
05-01-2024,1412.31,1418.90,1388.07,1388.54,8895403
08-01-2024,1403.33,1415.49,1394.53,1408.99,4440136
09-01-2024,1409.32,1431.16,1406.14,1420.93,4412074
10-01-2024,1400.65,1414.98,1386.92,1405.31,4096845
11-01-2024,1376.97,1405.35,1369.97,1405.26,11296088
12-01-2024,1486.22,1491.06,1433.37,1439.45,26754401
15-01-2024,1522.48,1534.32,1507.64,1515.89,13228305
16-01-2024,1503.54,1519.16,1497.51,1515.75,6500917
17-01-2024,1511.52,1518.24,1493.13,1493.13,9209876
18-01-2024,1513.73,1519.62,1500.50,1513.77,6375464
19-01-2024,1529.02,1534.83,1515.16,1522.02,4522736
23-01-2024,1513.31,1543.31,1509.21,1520.64,9401255
24-01-2024,1543.95,1548.19,1515.94,1529.67,8999681
25-01-2024,1538.15,1548.70,1527.92,1541.70,8865304
29-01-2024,1526.63,1547.59,1518.33,1534.51,4253785
30-01-2024,1521.88,1557.41,1518.93,1532.02,4995943
31-01-2024,1530.59,1536.44,1509.58,1518.93,6763779
01-02-2024,1527.04,1545.43,1520.87,1529.35,5760011
02-02-2024,1560.50,1583.67,1534.37,1535.34,7858483
05-02-2024,1554.83,1567.31,1549.90,1561.79,3634135
06-02-2024,1593.76,1597.03,1542.62,1554.41,7694265
07-02-2024,1560.86,1593.35,1554.50,1593.35,4613877
08-02-2024,1559.34,1572.48,1550.77,1564.78,5919715
09-02-2024,1538.38,1560.08,1529.58,1552.52,4600004
12-02-2024,1548.28,1560.13,1539.30,1539.30,3555808
13-02-2024,1552.39,1556.58,1532.99,1550.96,2696481
14-02-2024,1535.48,1538.47,1507.18,1529.95,3768579
15-02-2024,1544.83,1555.33,1531.24,1545.43,4834391
16-02-2024,1568.14,1574.92,1555.52,1556.49,4880654
19-02-2024,1566.39,1577.22,1555.29,1571.23,3690993
20-02-2024,1553.03,1561.32,1537.83,1552.80,3706389
21-02-2024,1525.66,1542.66,1516.21,1542.66,4300508
22-02-2024,1549.44,1552.43,1515.39,1534.37,5841277
23-02-2024,1545.29,1565.19,1540.73,1563.86,5373072
26-02-2024,1529.90,1543.54,1515.94,1543.54,2782438
27-02-2024,1533.08,1539.99,1523.13,1530.68,5159088
28-02-2024,1540.13,1555.38,1531.65,1538.98,3188916
29-02-2024,1542.57,1550.27,1523.59,1534.37,7814722
01-03-2024,1524.88,1540.77,1521.47,1538.06,6387291
04-03-2024,1508.75,1533.86,1505.48,1527.78,4445156
05-03-2024,1480.46,1508.89,1476.31,1505.80,4596579
06-03-2024,1490.64,1493.04,1452.35,1477.05,6420684
07-03-2024,1489.63,1500.69,1478.34,1489.77,6348359
11-03-2024,1475.02,1487.19,1463.41,1481.98,6752895
12-03-2024,1486.40,1497.51,1472.30,1474.47,4614222
13-03-2024,1484.97,1497.05,1473.13,1486.36,5688997
14-03-2024,1523.59,1527.69,1481.84,1487.74,8803799
15-03-2024,1505.80,1516.68,1491.38,1512.34,11809997
18-03-2024,1476.91,1504.56,1473.41,1502.12,4958904
19-03-2024,1438.94,1473.55,1435.76,1467.42,6870411
20-03-2024,1432.95,1451.38,1430.56,1440.37,4759059
21-03-2024,1432.72,1453.23,1422.31,1441.29,11062497
22-03-2024,1390.47,1408.95,1380.66,1401.67,14673890
26-03-2024,1375.54,1389.18,1371.16,1374.94,8351081
27-03-2024,1367.43,1381.39,1365.31,1378.63,6857402
28-03-2024,1380.52,1393.19,1370.47,1370.47,12499530
01-04-2024,1378.12,1409.92,1375.68,1405.35,6580002
02-04-2024,1366.51,1376.00,1364.67,1368.35,7279400
03-04-2024,1364.48,1377.80,1359.28,1362.96,8736248
04-04-2024,1370.06,1378.31,1352.83,1373.61,11186915
05-04-2024,1363.05,1370.06,1360.24,1363.93,5072482
08-04-2024,1360.84,1373.97,1358.45,1366.65,6610887
09-04-2024,1377.57,1395.03,1370.61,1373.10,9423230
10-04-2024,1388.58,1391.39,1368.08,1382.64,6744595
12-04-2024,1368.26,1388.58,1363.42,1386.00,12275616
15-04-2024,1352.96,1374.90,1346.42,1363.88,8531224
16-04-2024,1303.48,1340.98,1302.19,1337.16,16173541
18-04-2024,1307.90,1331.35,1297.07,1309.61,22107945
19-04-2024,1300.53,1314.90,1270.58,1276.34,20603621
22-04-2024,1320.34,1324.12,1302.19,1308.50,5859087
23-04-2024,1329.23,1333.33,1320.57,1329.79,4856174
24-04-2024,1318.50,1330.98,1315.09,1330.98,4268213
25-04-2024,1325.59,1331.54,1308.59,1308.59,9089398
26-04-2024,1318.04,1332.00,1315.04,1326.75,8062444
29-04-2024,1322.18,1326.84,1316.19,1317.76,5055957
30-04-2024,1309.10,1323.84,1306.33,1322.14,6936588
02-05-2024,1303.48,1312.28,1301.08,1302.14,10076354
03-05-2024,1305.18,1313.01,1293.11,1310.53,8842345
06-05-2024,1314.03,1332.27,1305.92,1308.59,6445422
07-05-2024,1327.90,1330.11,1304.54,1313.15,6080661
08-05-2024,1315.32,1326.79,1313.75,1322.64,6234983
09-05-2024,1326.61,1336.19,1313.06,1315.55,6088406
10-05-2024,1313.11,1323.29,1302.14,1322.46,8777481
13-05-2024,1311.77,1313.20,1300.48,1313.20,3735954
14-05-2024,1312.92,1321.26,1306.79,1314.49,3463230
15-05-2024,1308.55,1319.47,1307.26,1314.12,4327544
16-05-2024,1339.32,1341.54,1315.04,1321.45,9249145
17-05-2024,1330.98,1342.69,1326.33,1342.69,7542860
21-05-2024,1321.63,1331.35,1316.33,1317.81,6752663
22-05-2024,1340.66,1345.41,1315.96,1316.66,7173285
23-05-2024,1356.88,1362.18,1336.24,1340.57,8641428
24-05-2024,1350.15,1359.74,1345.45,1353.06,5277938
27-05-2024,1355.91,1363.52,1345.68,1356.37,5821844
28-05-2024,1351.95,1360.20,1345.73,1359.74,6186922
29-05-2024,1337.11,1350.52,1336.24,1350.43,7401634
30-05-2024,1315.46,1336.10,1310.02,1329.60,9663150
31-05-2024,1322.46,1350.52,1315.97,1325.19,37113815
03-06-2024,1321.52,1353.57,1319.73,1353.57,10589244
04-06-2024,1310.00,1330.07,1276.82,1324.43,13736134
05-06-2024,1344.27,1351.69,1316.11,1316.11,9233424
06-06-2024,1383.89,1385.81,1351.22,1358.23,12660930
07-06-2024,1441.56,1447.29,1388.59,1392.11,24075302
10-06-2024,1409.74,1437.98,1407.43,1433.75,6810606
11-06-2024,1405.98,1416.03,1404.29,1410.02,4853054
12-06-2024,1396.06,1418.20,1393.76,1416.55,9564320
13-06-2024,1404.29,1414.67,1399.96,1405.27,7307565
14-06-2024,1399.54,1413.45,1396.86,1413.45,4237727
18-06-2024,1408.28,1416.55,1405.65,1407.15,5420939
19-06-2024,1420.64,1424.68,1406.87,1414.67,5493456
20-06-2024,1424.45,1426.42,1409.13,1425.29,7927010
21-06-2024,1440.71,1464.26,1432.25,1452.27,17301941
24-06-2024,1435.49,1437.33,1424.45,1433.05,5564989
25-06-2024,1449.40,1451.24,1429.10,1434.41,4551525
26-06-2024,1448.23,1455.89,1442.87,1448.51,4851004
27-06-2024,1478.92,1483.67,1440.10,1446.11,14757754
28-06-2024,1472.72,1493.16,1470.37,1478.17,8197544
01-07-2024,1495.32,1503.88,1465.90,1465.90,6801771
02-07-2024,1523.76,1535.74,1491.28,1500.40,10493173
03-07-2024,1529.73,1537.81,1509.61,1527.47,7269965
04-07-2024,1551.58,1560.37,1530.29,1530.48,8008311
05-07-2024,1548.57,1565.87,1535.32,1552.33,7065022
08-07-2024,1561.92,1566.01,1541.57,1544.48,5880533
09-07-2024,1557.69,1566.71,1551.91,1560.27,5191182
10-07-2024,1549.32,1573.53,1539.27,1557.55,9852770
11-07-2024,1553.51,1565.07,1543.50,1556.61,8857679
12-07-2024,1609.01,1616.53,1566.62,1579.17,17078316
15-07-2024,1604.60,1624.29,1600.46,1622.60,6942230
16-07-2024,1622.45,1633.59,1597.97,1615.45,6886281
18-07-2024,1652.53,1659.44,1615.83,1615.83,11248896
19-07-2024,1685.34,1733.33,1679.23,1733.33,29819116
22-07-2024,1702.17,1713.59,1685.34,1692.11,8462126
23-07-2024,1726.65,1729.52,1676.22,1701.37,7113056
24-07-2024,1723.88,1731.77,1710.39,1727.22,6002845
25-07-2024,1715.32,1721.01,1703.25,1710.77,5815599
26-07-2024,1766.13,1769.98,1715.79,1715.79,11369047
29-07-2024,1758.80,1788.78,1752.13,1779.95,4635931
30-07-2024,1764.49,1767.12,1748.37,1758.80,2721265
31-07-2024,1756.12,1772.01,1753.11,1764.34,5004209
01-08-2024,1741.41,1755.79,1734.36,1744.70,7475014
02-08-2024,1711.89,1747.90,1707.15,1732.39,7400938
05-08-2024,1646.75,1689.62,1615.40,1677.82,10736703
06-08-2024,1646.00,1689.10,1640.13,1654.56,7690163
07-08-2024,1684.12,1689.99,1656.34,1688.21,5094329
08-08-2024,1638.53,1673.12,1623.44,1673.12,6227910
09-08-2024,1664.47,1673.87,1650.61,1664.94,4258524
12-08-2024,1689.52,1695.26,1661.98,1666.63,4315329
13-08-2024,1689.57,1701.37,1681.67,1701.37,4176918
14-08-2024,1713.82,1715.47,1689.57,1693.85,7450718
16-08-2024,1747.38,1750.10,1719.70,1738.97,7335657
19-08-2024,1752.88,1755.46,1738.21,1748.37,2585989
20-08-2024,1759.83,1772.52,1756.07,1767.16,3870333
21-08-2024,1760.30,1766.22,1755.04,1762.56,1966902
22-08-2024,1767.40,1780.00,1757.48,1770.92,4300287
23-08-2024,1750.34,1769.61,1745.55,1765.47,5015935
26-08-2024,1763.55,1775.39,1752.13,1757.77,3728589
27-08-2024,1786.06,1788.55,1761.43,1763.55,3830679
28-08-2024,1822.72,1833.90,1783.52,1792.45,6514531
29-08-2024,1817.31,1833.43,1805.61,1816.98,7228284
30-08-2024,1827.04,1832.96,1812.28,1821.68,13466759
02-09-2024,1846.59,1857.17,1826.20,1826.71,5573739
03-09-2024,1824.74,1848.94,1820.23,1848.94,4694322
04-09-2024,1807.07,1811.53,1786.01,1805.80,4778310
05-09-2024,1817.12,1823.56,1794.99,1810.64,4081810
06-09-2024,1787.70,1820.27,1783.00,1806.64,5848106
09-09-2024,1780.94,1805.56,1775.62,1776.56,4772612
10-09-2024,1797.53,1818.86,1782.20,1790.57,6909600
11-09-2024,1795.51,1810.40,1790.66,1799.78,5312946
12-09-2024,1833.39,1838.98,1796.12,1809.46,8555092
13-09-2024,1827.42,1841.05,1819.47,1833.39,3843127
16-09-2024,1833.20,1834.84,1817.03,1828.97,1570181
17-09-2024,1835.36,1840.91,1825.58,1830.85,2793127
18-09-2024,1778.59,1822.39,1768.39,1822.39,6385468
19-09-2024,1780.51,1809.37,1766.04,1795.93,7976570
20-09-2024,1791.37,1800.06,1755.32,1790.66,15242974
23-09-2024,1782.63,1803.73,1765.71,1794.42,3636672
24-09-2024,1784.65,1796.21,1759.08,1774.68,7277616
25-09-2024,1781.55,1787.47,1764.16,1773.13,4268341
26-09-2024,1786.20,1802.84,1779.38,1783.90,8952803
27-09-2024,1792.31,1856.09,1789.07,1816.14,14908931
30-09-2024,1763.03,1787.14,1758.24,1767.16,6986955
01-10-2024,1790.05,1794.38,1762.46,1762.46,4029072
03-10-2024,1779.76,1797.10,1768.10,1776.09,7503887
04-10-2024,1803.03,1836.82,1772.80,1776.14,10001483
07-10-2024,1818.21,1825.44,1801.05,1807.77,6112575
08-10-2024,1831.60,1840.44,1791.93,1821.59,5637391
09-10-2024,1835.55,1858.34,1828.36,1835.36,4857163
10-10-2024,1803.82,1846.12,1799.22,1840.39,4782119
11-10-2024,1818.96,1830.14,1795.46,1802.88,4709431
14-10-2024,1841.33,1851.29,1815.20,1816.18,3751378
15-10-2024,1841.71,1871.93,1834.61,1842.36,5353705
16-10-2024,1804.86,1841.94,1801.33,1837.66,3111512
17-10-2024,1849.98,1859.28,1814.31,1819.05,8162822
18-10-2024,1766.79,1820.60,1757.06,1780.14,10526196
21-10-2024,1741.55,1784.84,1727.69,1777.60,4654601
22-10-2024,1740.47,1765.10,1736.10,1746.67,4125240
23-10-2024,1760.96,1772.80,1733.33,1734.50,4311910
24-10-2024,1751.51,1770.92,1748.37,1749.68,2906475
25-10-2024,1750.29,1763.73,1735.58,1751.61,4689120
28-10-2024,1753.39,1768.95,1745.55,1748.08,7018940
29-10-2024,1748.59,1760.29,1738.80,1754.96,4621252
30-10-2024,1713.23,1748.31,1707.76,1741.65,5919715
31-10-2024,1670.59,1699.73,1660.37,1699.73,7395236
01-11-2024,1674.01,1678.91,1665.65,1677.48,371966
04-11-2024,1676.67,1679.86,1633.28,1639.45,7336722
05-11-2024,1667.69,1681.24,1658.94,1673.20,3160880
06-11-2024,1733.76,1737.09,1675.72,1677.01,10421494
07-11-2024,1714.13,1735.66,1698.87,1723.54,4550965
08-11-2024,1739.70,1749.83,1723.73,1728.34,4210960
11-11-2024,1768.37,1775.88,1732.67,1738.80,3804234
12-11-2024,1776.64,1788.24,1769.22,1778.82,5012450
13-11-2024,1776.26,1780.82,1764.75,1769.32,4257495
14-11-2024,1772.60,1783.48,1764.47,1773.60,4311431
18-11-2024,1722.12,1758.01,1706.48,1758.01,4839244
19-11-2024,1734.76,1767.99,1730.77,1735.47,4669769
21-11-2024,1743.60,1774.93,1730.82,1751.16,5436504
22-11-2024,1808.44,1819.66,1743.55,1762.66,6301486
25-11-2024,1796.51,1824.65,1789.19,1821.51,12764638
26-11-2024,1829.26,1843.00,1803.73,1811.01,6850495
27-11-2024,1829.59,1845.66,1817.47,1834.92,4447143
28-11-2024,1765.09,1820.46,1760.33,1820.46,8468790
29-11-2024,1766.23,1784.43,1754.01,1759.81,5244346
02-12-2024,1787.10,1789.95,1744.70,1767.32,2868263
03-12-2024,1798.79,1806.06,1778.87,1793.94,4715792
04-12-2024,1796.08,1819.56,1782.53,1791.09,4705573
05-12-2024,1839.43,1853.74,1795.79,1806.30,9050038
06-12-2024,1827.60,1842.38,1818.09,1837.48,3573331
09-12-2024,1828.78,1835.01,1803.64,1829.31,4274645
10-12-2024,1852.46,1868.66,1836.72,1843.38,6174921
11-12-2024,1876.79,1880.45,1855.74,1858.59,5025612
12-12-2024,1889.01,1900.23,1873.37,1877.79,6462130
13-12-2024,1901.08,1907.50,1857.45,1872.61,5362693
16-12-2024,1882.40,1900.99,1880.07,1897.04,3119221
17-12-2024,1879.12,1884.26,1861.44,1870.95,5811050
18-12-2024,1881.55,1887.06,1864.86,1869.81,3064095
19-12-2024,1850.22,1863.10,1825.31,1838.62,5323592
20-12-2024,1827.36,1882.31,1816.99,1877.74,11056720
23-12-2024,1829.40,1844.33,1814.86,1834.87,2781793
24-12-2024,1814.90,1846.23,1749.26,1832.02,2360544
26-12-2024,1813.33,1825.08,1808.49,1814.90,3623321
27-12-2024,1822.22,1829.26,1810.01,1815.24,3937500
30-12-2024,1812.00,1821.51,1793.47,1821.23,7789055
31-12-2024,1787.29,1803.45,1754.06,1798.98,3613063
01-01-2025,1789.66,1799.60,1781.58,1781.58,1838368
02-01-2025,1861.30,1865.86,1792.32,1793.94,7083645
03-01-2025,1843.14,1856.64,1827.21,1856.64,6218003
06-01-2025,1842.28,1875.70,1832.92,1855.74,7164403
07-01-2025,1835.63,1861.96,1828.78,1849.08,4294832
08-01-2025,1837.81,1843.00,1795.60,1834.82,5482050
09-01-2025,1822.75,1855.59,1816.33,1838.67,6833503
10-01-2025,1869.95,1880.26,1836.96,1841.48,8036913
13-01-2025,1865.43,1885.02,1852.88,1859.54,5804152
14-01-2025,1844.37,1874.56,1835.87,1871.75,5792162
15-01-2025,1853.50,1861.49,1841.57,1850.98,2985439
16-01-2025,1833.35,1869.95,1822.32,1869.00,7533579
17-01-2025,1725.92,1766.37,1722.64,1759.72,16409953
20-01-2025,1723.88,1737.80,1704.72,1733.05,4333011
21-01-2025,1711.90,1741.32,1704.62,1729.34,7169109
22-01-2025,1764.90,1773.79,1716.13,1718.27,8373913
23-01-2025,1773.45,1786.86,1761.33,1766.37,5907471
24-01-2025,1782.96,1801.45,1772.31,1773.50,4887027
27-01-2025,1732.15,1771.12,1722.64,1757.58,7652371
28-01-2025,1739.51,1771.60,1734.90,1739.75,6999495
29-01-2025,1788.47,1795.51,1749.73,1754.01,5145155
30-01-2025,1768.22,1794.13,1753.06,1780.77,7336056
31-01-2025,1787.10,1803.88,1778.73,1778.73,5820470
01-02-2025,1760.05,1797.36,1754.96,1787.57,1701402
03-02-2025,1771.41,1784.01,1742.03,1745.46,4823228
04-02-2025,1805.16,1816.95,1782.53,1795.84,7334787
05-02-2025,1803.50,1825.03,1800.88,1812.00,4996744
06-02-2025,1821.18,1829.12,1806.30,1822.46,4765255
07-02-2025,1809.77,1828.83,1796.27,1824.65,4126260
10-02-2025,1787.57,1811.05,1785.96,1811.05,3828734
11-02-2025,1783.15,1809.15,1777.78,1790.23,4411601
12-02-2025,1771.27,1801.17,1755.91,1792.04,5633947
13-02-2025,1752.35,1781.11,1745.12,1776.35,5237744
14-02-2025,1764.85,1767.61,1738.18,1762.57,5292961
17-02-2025,1751.45,1761.38,1732.29,1747.88,4428956
18-02-2025,1760.62,1769.84,1746.98,1751.45,4365260
19-02-2025,1721.50,1758.00,1716.84,1756.29,4611411
20-02-2025,1735.14,1740.70,1716.51,1716.51,2218020
21-02-2025,1725.49,1739.61,1717.13,1731.96,3379879
24-02-2025,1677.10,1718.84,1663.93,1711.28,7594720
25-02-2025,1680.52,1690.74,1659.09,1659.09,5092963
27-02-2025,1677.29,1688.27,1664.74,1668.64,5757079
28-02-2025,1604.47,1668.55,1599.48,1668.50,12182167
03-03-2025,1624.34,1643.35,1608.84,1608.84,7504969
04-03-2025,1605.04,1615.21,1587.64,1611.41,6759673
05-03-2025,1627.10,1647.49,1608.99,1608.99,8180782
06-03-2025,1631.23,1637.36,1607.70,1630.42,10610547
07-03-2025,1602.85,1620.92,1592.87,1619.11,8019331
10-03-2025,1617.54,1634.23,1593.54,1602.85,7558981
11-03-2025,1579.66,1597.15,1556.32,1597.15,12671234
12-03-2025,1512.40,1556.17,1486.68,1556.17,14870008
13-03-2025,1501.94,1526.85,1492.86,1520.38,7822888
17-03-2025,1511.64,1515.39,1468.95,1468.95,7526032
18-03-2025,1511.64,1511.64,1511.64,1511.64,0
19-03-2025,1508.31,1523.95,1495.24,1523.95,7387068
20-03-2025,1535.88,1551.42,1513.49,1513.49,7186750
21-03-2025,1514.01,1524.80,1486.54,1500.13,10074677
24-03-2025,1514.20,1527.84,1495.14,1519.15,8857726
25-03-2025,1548.14,1555.46,1525.85,1525.85,9890140
26-03-2025,1520.57,1556.98,1516.34,1545.81,6651302
27-03-2025,1524.47,1540.06,1507.78,1516.86,9426573
28-03-2025,1493.19,1519.62,1483.07,1511.59,6799047
01-04-2025,1451.22,1471.09,1443.00,1463.34,12680733
02-04-2025,1473.70,1478.93,1459.49,1459.49,6193478
03-04-2025,1422.70,1458.97,1411.81,1458.97,10459504
04-04-2025,1380.06,1399.41,1376.59,1388.47,9590254
07-04-2025,1327.87,1336.57,1242.54,1285.32,21715252
08-04-2025,1358.34,1384.67,1345.22,1360.43,12805001
09-04-2025,1334.48,1339.94,1313.75,1335.76,8546854
11-04-2025,1339.94,1367.84,1328.15,1341.65,12567440
15-04-2025,1355.68,1376.31,1339.51,1374.31,10178530
16-04-2025,1343.41,1357.10,1327.92,1354.72,12022740
17-04-2025,1349.50,1359.29,1310.33,1329.06,14264227
21-04-2025,1379.44,1399.22,1340.46,1340.46,15648970
22-04-2025,1352.63,1368.99,1349.31,1368.99,9399738
23-04-2025,1402.16,1414.43,1368.60,1374.69,11136642
24-04-2025,1398.84,1409.77,1389.42,1397.41,7114292
25-04-2025,1407.20,1427.64,1391.33,1402.73,8329979
28-04-2025,1409.01,1416.14,1393.04,1407.20,5886253
29-04-2025,1423.65,1435.34,1401.40,1408.91,8056743
30-04-2025,1426.12,1434.39,1409.48,1422.98,7704183
02-05-2025,1432.59,1448.08,1422.41,1425.74,7402310
05-05-2025,1434.20,1447.89,1428.69,1440.29,4282493
06-05-2025,1436.96,1440.86,1425.17,1431.73,4270530
07-05-2025,1433.92,1443.90,1422.79,1426.03,5691799
08-05-2025,1436.86,1441.71,1427.17,1433.63,8424409
09-05-2025,1433.25,1436.86,1420.42,1426.69,4478653
12-05-2025,1546.67,1551.52,1456.45,1461.20,11372857
13-05-2025,1491.24,1532.69,1487.44,1529.65,12846210
14-05-2025,1513.87,1516.34,1492.10,1496.38,4870057
15-05-2025,1533.45,1538.78,1493.52,1511.40,11151167
16-05-2025,1511.49,1533.07,1503.51,1533.07,4576751
19-05-2025,1482.88,1506.83,1478.98,1498.75,8855798
20-05-2025,1483.64,1505.41,1481.17,1492.57,7143998
21-05-2025,1491.15,1493.52,1475.56,1490.58,4157309
22-05-2025,1471.18,1483.83,1464.05,1478.79,6158990
23-05-2025,1487.63,1508.93,1473.56,1473.56,5038421
26-05-2025,1502.56,1505.69,1485.63,1489.34,3170102
27-05-2025,1492.67,1504.84,1479.64,1501.99,7775714
28-05-2025,1494.29,1509.40,1492.57,1503.03,3623370
29-05-2025,1507.40,1529.56,1498.85,1510.64,8609500
30-05-2025,1506.54,1515.50,1499.21,1514.54,13148092
02-06-2025,1497.96,1503.93,1483.69,1503.93,4374509
03-06-2025,1487.55,1510.97,1480.41,1502.97,6853403
04-06-2025,1495.45,1501.33,1486.00,1487.55,4548307
05-06-2025,1498.44,1511.36,1486.20,1492.27,6948539
06-06-2025,1507.60,1512.51,1487.64,1498.82,3960020
09-06-2025,1516.37,1530.93,1514.54,1521.29,2903202
10-06-2025,1538.64,1549.73,1520.81,1527.07,8591925
11-06-2025,1572.48,1575.85,1532.95,1532.95,10597410
12-06-2025,1550.79,1569.49,1540.66,1558.89,10483574
13-06-2025,1544.42,1551.17,1513.77,1519.36,6968315
16-06-2025,1565.44,1576.05,1539.70,1542.50,5591842
17-06-2025,1580.96,1588.19,1557.54,1562.45,7622083
18-06-2025,1574.21,1585.59,1562.74,1562.74,5629707
19-06-2025,1560.24,1571.42,1553.58,1565.54,5147760
20-06-2025,1564.57,1572.09,1551.08,1560.81,9202821
23-06-2025,1527.07,1543.46,1518.78,1543.46,7943676
24-06-2025,1524.76,1551.17,1519.94,1543.46,8083992
25-06-2025,1556.86,1561.68,1528.13,1532.86,7813533
26-06-2025,1557.92,1565.63,1548.86,1550.98,6519233
27-06-2025,1550.21,1571.03,1544.81,1560.81,8912268
30-06-2025,1544.23,1556.96,1536.81,1556.96,6294505
01-07-2025,1549.05,1559.56,1542.98,1551.17,4178937
02-07-2025,1552.62,1589.74,1545.77,1559.85,8653641
03-07-2025,1560.52,1573.73,1556.96,1560.33,5259695
04-07-2025,1581.73,1584.34,1554.35,1566.60,4411273
07-07-2025,1568.53,1584.92,1564.67,1581.06,3294523
08-07-2025,1579.81,1587.04,1563.22,1569.49,4590681
09-07-2025,1574.99,1579.13,1565.25,1578.94,4580828
10-07-2025,1557.73,1580.00,1549.34,1580.00,5330179
11-07-2025,1537.58,1549.34,1506.83,1522.35,11391755
14-07-2025,1513.86,1534.59,1503.74,1534.59,9173426
15-07-2025,1528.61,1545.97,1507.79,1508.85,7614807
16-07-2025,1550.11,1554.07,1521.77,1522.25,6223491
17-07-2025,1526.59,1552.14,1523.31,1540.57,7374814
18-07-2025,1529.10,1541.82,1523.22,1534.88,5161833
21-07-2025,1527.36,1531.89,1510.49,1523.22,3682661
22-07-2025,1514.44,1528.81,1508.75,1508.75,8473741
23-07-2025,1517.91,1534.69,1494.29,1519.65,8035026
24-07-2025,1496.70,1525.14,1492.56,1523.22,14169664
25-07-2025,1461.23,1493.81,1456.98,1487.93,10851259
28-07-2025,1461.52,1464.70,1429.22,1459.49,6439855
29-07-2025,1459.30,1462.67,1442.33,1458.53,7070448
30-07-2025,1464.41,1467.01,1451.87,1465.28,5719051
31-07-2025,1454.77,1472.22,1443.20,1455.44,6851407
01-08-2025,1416.78,1444.84,1412.83,1440.21,8702978
04-08-2025,1427.29,1429.51,1398.85,1408.97,8610216
05-08-2025,1407.82,1425.56,1402.71,1425.56,10213323
06-08-2025,1385.07,1403.77,1378.90,1399.82,10566934
07-08-2025,1385.26,1390.17,1363.37,1378.61,9892020
08-08-2025,1371.95,1381.69,1366.17,1373.79,10048009
11-08-2025,1376.87,1381.88,1363.18,1368.87,6625368
12-08-2025,1372.92,1389.21,1369.93,1376.87,9899184
13-08-2025,1375.33,1382.46,1371.28,1373.79,10318063
14-08-2025,1395.67,1417.17,1374.94,1374.94,12902347
18-08-2025,1384.20,1412.06,1378.22,1412.06,7254561
19-08-2025,1388.25,1397.31,1381.21,1381.21,3986094
20-08-2025,1442.43,1445.13,1388.92,1388.92,10413061
21-08-2025,1442.62,1453.80,1430.95,1453.80,6565539
22-08-2025,1434.04,1450.24,1432.69,1444.26,5543397
25-08-2025,1477.04,1483.69,1452.55,1452.55,10694531
26-08-2025,1474.63,1483.11,1464.02,1468.26,15994798
28-08-2025,1446.19,1474.63,1444.16,1474.63,5443364
29-08-2025,1416.78,1447.92,1414.95,1447.92,8169075
01-09-2025,1445.51,1449.37,1423.15,1423.63,4546057
02-09-2025,1444.84,1458.43,1432.88,1445.51,5218763
03-09-2025,1425.94,1447.92,1420.06,1446.09,4623483
04-09-2025,1410.42,1430.67,1407.62,1430.67,5787724
05-09-2025,1392.68,1419.77,1381.50,1417.17,5466487
08-09-2025,1381.40,1405.60,1376.97,1398.85,3811567
09-09-2025,1450.24,1453.03,1419.58,1427.77,13072640
10-09-2025,1477.52,1479.74,1455.06,1455.83,7281071
11-09-2025,1455.44,1472.60,1452.36,1469.13,8003662
12-09-2025,1470.77,1487.45,1466.43,1481.76,12856963
15-09-2025,1454.19,1472.60,1447.25,1470.77,6167414
16-09-2025,1456.98,1459.59,1449.46,1454.19,8923112
17-09-2025,1467.69,1471.83,1459.59,1462.38,4795698
18-09-2025,1485.23,1499.11,1483.21,1494.29,9331945
19-09-2025,1484.85,1495.55,1465.47,1489.09,12988129
22-09-2025,1445.61,1460.26,1428.74,1429.41,15655204
23-09-2025,1443.68,1458.62,1439.34,1439.34,9832164
24-09-2025,1440.88,1442.91,1429.41,1433.75,4937004
25-09-2025,1431.44,1448.69,1423.44,1435.49,9491867
26-09-2025,1396.83,1425.56,1389.40,1421.99,8597058
29-09-2025,1389.98,1412.35,1384.87,1407.53,10513117
30-09-2025,1389.98,1400.01,1386.42,1391.14,7556305
01-10-2025,1393.84,1397.41,1376.10,1394.03,6250692
03-10-2025,1394.61,1396.25,1381.69,1387.28,6877533
06-10-2025,1422.95,1425.65,1390.46,1394.61,4630590
07-10-2025,1406.08,1429.61,1401.74,1424.59,5570320
08-10-2025,1441.27,1444.16,1402.71,1404.64,4657192
09-10-2025,1455.06,1459.59,1433.56,1448.02,7028753
10-10-2025,1460.45,1467.01,1444.93,1455.73,3738353
13-10-2025,1439.53,1450.62,1430.09,1443.20,5859355
14-10-2025,1436.35,1459.97,1433.08,1445.13,5600789
15-10-2025,1421.41,1435.10,1414.76,1430.57,6986098
16-10-2025,1418.61,1421.51,1408.01,1420.93,8005748
17-10-2025,1389.31,1405.99,1382.46,1402.61,16959378
20-10-2025,1408.40,1414.28,1397.89,1401.45,6994246
21-10-2025,1419.48,1432.59,1417.17,1424.88,1698704
23-10-2025,1473.57,1490.44,1451.87,1455.73,20358624
24-10-2025,1470.58,1487.55,1463.44,1484.17,8652257
27-10-2025,1472.63,1483.20,1466.37,1478.02,7273211
28-10-2025,1468.42,1474.59,1458.93,1467.93,8211019
29-10-2025,1478.41,1488.00,1465.19,1468.42,4884976
30-10-2025,1462.16,1476.25,1457.56,1475.08,5608867
31-10-2025,1450.90,1465.39,1449.34,1458.44,4819814
03-11-2025,1454.04,1459.81,1442.97,1450.90,5470600
04-11-2025,1436.81,1450.51,1431.91,1448.36,8691330
06-11-2025,1435.63,1451.59,1430.94,1447.28,7944752
07-11-2025,1445.52,1449.53,1418.41,1438.86,8765759
10-11-2025,1481.44,1487.80,1458.44,1458.54,9787975
11-11-2025,1497.89,1500.92,1479.09,1492.70,13692989
12-11-2025,1518.83,1526.17,1505.52,1507.38,14635417
13-11-2025,1509.14,1524.51,1497.89,1524.12,19655689
14-11-2025,1470.97,1497.59,1457.27,1487.80,9739549
17-11-2025,1475.67,1478.21,1460.89,1464.31,7910354
18-11-2025,1454.92,1474.10,1451.78,1474.10,7525119
19-11-2025,1508.46,1510.32,1458.93,1458.93,10981126
20-11-2025,1503.96,1522.06,1501.51,1522.06,7387584
21-11-2025,1512.28,1518.64,1493.97,1498.57,9186302
24-11-2025,1515.21,1551.43,1508.36,1530.48,19270381
25-11-2025,1498.18,1517.76,1493.58,1516.19,8107952
26-11-2025,1524.90,1527.25,1499.65,1499.65,7575038
27-11-2025,1533.22,1540.95,1519.32,1530.87,7552252
28-11-2025,1527.06,1535.18,1524.02,1531.85,4453221
01-12-2025,1530.87,1540.66,1523.04,1529.40,5341800
02-12-2025,1527.94,1546.44,1523.14,1533.81,6335969
03-12-2025,1545.26,1552.41,1521.18,1522.16,12895312
04-12-2025,1563.76,1565.13,1534.79,1534.79,12609619
05-12-2025,1581.97,1597.24,1566.11,1575.90,10344725
08-12-2025,1576.68,1595.47,1566.31,1582.85,7550413
09-12-2025,1565.13,1572.86,1548.88,1567.28,6957599
10-12-2025,1551.23,1573.94,1549.27,1573.94,5116140
11-12-2025,1564.15,1573.35,1547.02,1564.15,5159319
12-12-2025,1564.35,1567.87,1549.08,1567.48,4633912
15-12-2025,1572.77,1576.68,1551.43,1551.43,4190558
16-12-2025,1559.16,1569.05,1552.02,1566.11,5499258
17-12-2025,1568.07,1572.86,1552.41,1553.58,4817628
18-12-2025,1592.34,1595.47,1572.67,1576.39,6577293
19-12-2025,1603.99,1619.85,1595.28,1615.05,13149023
22-12-2025,1653.81,1657.34,1628.75,1628.75,23098923
23-12-2025,1632.96,1643.44,1621.32,1643.44,6593060
24-12-2025,1628.17,1632.28,1617.50,1625.82,4271167
26-12-2025,1621.02,1633.45,1616.72,1628.17,2006491
29-12-2025,1609.86,1637.66,1602.42,1622.88,4062817
30-12-2025,1587.25,1613.00,1582.55,1612.11,9395937
31-12-2025,1581.18,1594.10,1575.12,1586.67,6538656
01-01-2026,1595.28,1604.87,1579.91,1581.18,3658165
02-01-2026,1605.65,1608.69,1593.03,1601.25,2524526
05-01-2026,1572.37,1602.33,1549.57,1602.33,5917885
06-01-2026,1578.05,1585.59,1565.13,1566.21,4466729
07-01-2026,1604.28,1607.22,1580.79,1580.79,4508079
08-01-2026,1579.13,1609.47,1574.53,1604.19,3942131
09-01-2026,1579.91,1596.75,1572.96,1575.90,6816681
12-01-2026,1562.10,1579.13,1558.87,1576.00,6985362
13-01-2026,1565.13,1583.73,1552.80,1583.73,8080618
14-01-2026,1565.91,1582.75,1549.57,1554.36,7557157
15-01-2026,1565.91,1565.91,1565.91,1565.91,0
16-01-2026,1654.01,1658.12,1618.38,1628.46,19335957
19-01-2026,1645.59,1649.31,1631.20,1649.31,5104958
20-01-2026,1623.76,1644.61,1617.89,1637.56,6406503
21-01-2026,1619.36,1621.90,1596.65,1616.03,6224582
22-01-2026,1628.27,1635.80,1618.77,1630.71,6228892
23-01-2026,1635.41,1640.21,1626.99,1631.89,5869137
27-01-2026,1647.06,1653.62,1625.92,1650.09,10673087
28-01-2026,1631.20,1653.03,1615.05,1644.42,8588664
29-01-2026,1624.35,1631.20,1607.32,1622.88,4749582
30-01-2026,1606.24,1619.95,1583.83,1619.95,9207926
02-02-2026,1594.89,1626.80,1583.73,1626.80,6784887
03-02-2026,1620.92,1691.40,1617.99,1690.62,8805868
04-02-2026,1503.27,1551.33,1478.11,1540.66,28828622
05-02-2026,1488.00,1518.15,1483.60,1501.51,10628127
06-02-2026,1475.18,1492.70,1448.65,1489.86,13900866
09-02-2026,1465.49,1495.64,1461.38,1489.86,8294615
10-02-2026,1466.08,1483.79,1459.42,1468.23,8657000
11-02-2026,1440.72,1474.00,1437.89,1469.40,7934411
12-02-2026,1356.64,1405.29,1351.26,1398.63,26048896
13-02-2026,1340.10,1348.13,1254.36,1266.49,45785709
16-02-2026,1336.68,1346.85,1309.95,1344.60,14621891
17-02-2026,1361.73,1400.69,1338.05,1340.98,25347684
18-02-2026,1344.60,1371.33,1316.81,1361.44,20241373
19-02-2026,1341.47,1372.30,1334.33,1355.66,14574228
20-02-2026,1324.54,1336.09,1309.86,1330.41,12633552
23-02-2026,1299.38,1323.36,1290.08,1323.36,12887826
24-02-2026,1248.48,1275.99,1237.32,1273.44,27839061
25-02-2026,1262.77,1295.56,1258.96,1258.96,16669618
26-02-2026,1261.80,1286.17,1259.05,1277.85,11493914
27-02-2026,1272.56,1306.72,1266.79,1298.21,23141724
02-03-2026,1261.60,1271.29,1246.04,1263.66,9700361
04-03-2026,1279.71,1289.10,1264.63,1264.63,15154950
05-03-2026,1278.14,1292.04,1262.77,1292.04,10362147
06-03-2026,1280.69,1299.09,1275.40,1275.40,8724291
09-03-2026,1287.15,1290.08,1255.34,1262.68,10068514
10-03-2026,1268.16,1293.02,1256.90,1292.04,9600171
11-03-2026,1249.27,1271.98,1244.37,1260.72,7868891
12-03-2026,1238.99,1251.52,1231.35,1245.55,7599940
13-03-2026,1221.86,1242.71,1216.28,1224.50,7366098
16-03-2026,1223.33,1227.73,1198.27,1213.93,12314450
17-03-2026,1206.79,1218.63,1189.36,1218.63,11223276
18-03-2026,1240.26,1263.46,1208.74,1211.78,12365381
19-03-2026,1194.94,1228.42,1189.36,1217.85,9156461
20-03-2026,1229.30,1238.01,1203.16,1215.69,27299975
23-03-2026,1230.18,1234.39,1201.40,1211.97,12420293
24-03-2026,1251.22,1269.53,1224.50,1242.12,13613495
25-03-2026,1252.01,1263.26,1230.47,1243.10,10824030
27-03-2026,1242.81,1267.37,1236.44,1257.98,13092541
30-03-2026,1224.11,1238.70,1216.67,1223.52,14108486
01-04-2026,1248.68,1275.40,1242.61,1262.68,8137156
02-04-2026,1273.25,1277.75,1233.12,1233.31,12873492
06-04-2026,1278.53,1292.04,1271.49,1273.84,10208682
07-04-2026,1311.03,1316.61,1266.10,1274.42,15355792
08-04-2026,1317.69,1347.74,1302.81,1320.43,16030133
09-04-2026,1303.40,1309.17,1286.17,1301.73,14894607
10-04-2026,1265.12,1290.96,1256.12,1290.08,19233369
13-04-2026,1249.76,1261.70,1238.89,1245.06,10366082
15-04-2026,1277.65,1294.49,1272.95,1278.63,12098912
16-04-2026,1291.26,1302.81,1281.27,1294.10,18527029
17-04-2026,1290.77,1300.17,1278.44,1285.19,12064048
20-04-2026,1284.80,1296.84,1280.39,1292.04,7172300
21-04-2026,1285.39,1296.94,1271.78,1282.25,10057440
22-04-2026,1241.73,1270.21,1229.30,1267.57,20088378
23-04-2026,1214.32,1238.89,1200.03,1227.44,14792854
24-04-2026,1130.14,1197.98,1127.80,1174.58,42078914
27-04-2026,1145.51,1154.91,1130.05,1130.14,19579883
28-04-2026,1127.70,1144.63,1125.45,1138.07,12720276
29-04-2026,1142.77,1153.24,1132.30,1133.96,8303109
30-04-2026,1156.77,1164.60,1135.04,1142.77,12205669
01-05-2026,1156.77,1156.77,1156.77,1156.77,0
04-05-2026,1143.65,1169.69,1140.52,1169.69,7735811
05-05-2026,1153.15,1160.10,1135.53,1144.73,8164108
06-05-2026,1142.48,1166.26,1139.44,1161.86,9856963
07-05-2026,1138.07,1150.50,1134.65,1148.15,12013987
08-05-2026,1154.22,1158.43,1134.26,1136.41,7582770
11-05-2026,1152.07,1161.86,1147.27,1151.09,7336288
12-05-2026,1116.15,1137.39,1099.21,1137.39,16891948
13-05-2026,1099.31,1118.40,1097.26,1112.53,6664111
14-05-2026,1071.81,1098.14,1065.93,1096.08,16914842
15-05-2026,1095.30,1109.20,1078.27,1078.66,17482450
18-05-2026,1118.30,1121.82,1094.32,1095.30,12096377
19-05-2026,1171.55,1173.02,1137.39,1137.39,32175705
20-05-2026,1168.42,1181.34,1159.80,1161.86,15121010
21-05-2026,1156.18,1176.34,1152.07,1170.77,10021033
22-05-2026,1149.62,1166.56,1147.67,1157.45,8803066
25-05-2026,1143.75,1159.90,1141.40,1157.94,5856136
26-05-2026,1142.97,1155.69,1138.27,1141.60,8005767
27-05-2026,1135.33,1142.58,1130.54,1136.41,6371871
28-05-2026,1135.33,1135.33,1135.33,1135.33,0
29-05-2026,1136.31,1184.37,1129.17,1156.96,69085430
01-06-2026,1177.03,1191.22,1148.84,1150.11,19439331
02-06-2026,1243.88,1251.81,1206.39,1206.39,36032600
03-06-2026,1196.70,1223.43,1190.24,1215.79,18534303
04-06-2026,1175.86,1189.46,1170.86,1182.41,12755957
05-06-2026,1172.14,1197.88,1169.00,1194.16,8692290
08-06-2026,1162.45,1175.27,1151.58,1152.56,8631711
09-06-2026,1155.30,1168.32,1142.58,1168.32,10984054
10-06-2026,1145.30,1171.40,1143.30,1160.10,8887626
11-06-2026,1114.60,1133.70,1109.00,1129.70,9372176
12-06-2026,1116.40,1123.30,1111.50,1120.00,8075333
15-06-2026,1134.90,1151.00,1123.00,1130.00,7856192
16-06-2026,1143.60,1153.80,1123.20,1136.90,10456090
17-06-2026,1157.70,1162.50,1148.00,1149.00,5995119
18-06-2026,1127.50,1142.90,1125.30,1142.90,16781447
19-06-2026,1051.40,1066.00,1030.00,1062.30,45665442
22-06-2026,1065.40,1080.30,1055.00,1055.00,10178505
23-06-2026,1029.30,1055.30,1026.00,1053.80,19323064
24-06-2026,1056.60,1065.50,1037.70,1040.90,12346266
25-06-2026,1041.20,1068.00,1039.10,1065.00,15866779
26-06-2026,1041.20,1041.20,1041.20,1041.20,0
29-06-2026,1036.70,1046.60,1029.10,1037.10,15080892
30-06-2026,1000.40,1030.40,996.00,1030.00,24128263
01-07-2026,985.30,1014.00,982.40,1006.00,13037982
02-07-2026,1040.90,1045.00,1006.00,1006.40,18741111
03-07-2026,1047.20,1068.70,1042.00,1063.00,11653534
06-07-2026,1042.20,1053.00,1033.00,1050.10,5559747
07-07-2026,1071.80,1087.50,1040.60,1040.60,18866296
08-07-2026,1069.30,1079.70,1064.40,1071.90,13022221
09-07-2026,1050.80,1062.70,1040.40,1062.70,9003333
10-07-2026,1068.00,1091.30,1064.70,1075.00,9747266
13-07-2026,1102.60,1114.90,1057.10,1057.10,20994760
14-07-2026,1092.90,1113.50,1090.00,1107.80,14819413
15-07-2026,1076.30,1088.10,1073.00,1079.00,8501933
16-07-2026,1082.40,1097.30,1077.90,1082.50,8592146
17-07-2026,1096.50,1116.80,1092.00,1105.00,12547728
20-07-2026,1087.10,1103.80,1083.20,1102.00,6372645
21-07-2026,1073.50,1094.50,1067.20,1080.00,9485229
22-07-2026,1052.10,1069.30,1046.20,1064.00,7517203
23-07-2026,1047.40,1058.50,1032.00,1046.90,13794578
24-07-2026,1040.90,1043.40,1013.90,1028.00,29036900
27-07-2026,1079.20,1082.00,1057.40,1065.00,15956349
28-07-2026,1105.70,1118.50,1097.00,1097.00,28100895
29-07-2026,1155.60,1164.50,1128.40,1147.00,34400369
30-07-2026,1155.10,1187.70,1151.30,1168.00,22630218
