Price,Close,High,Low,Open,Volume
Ticker,RELIANCE.NS,RELIANCE.NS,RELIANCE.NS,RELIANCE.NS,RELIANCE.NS
Date,,,,,
01-01-2018,400.02,405.71,399.03,405.71,9453202
02-01-2018,400.63,404.32,398.54,401.44,9499419
03-01-2018,402.24,407.16,401.47,406.72,13507800
04-01-2018,404.65,405.31,402.63,403.71,9008932
05-01-2018,405.95,407.56,404.63,405.31,7441284
08-01-2018,408.28,409.36,406.06,407.20,8827020
09-01-2018,413.73,415.03,406.28,408.11,14294571
10-01-2018,414.35,416.57,411.34,414.64,11727682
11-01-2018,412.33,414.48,411.12,414.11,7849171
12-01-2018,417.27,418.94,412.55,414.64,15071161
15-01-2018,417.34,421.45,415.60,417.71,11120925
16-01-2018,405.82,416.70,404.52,416.70,10825151
17-01-2018,406.50,408.48,398.81,407.16,13204016
18-01-2018,404.39,408.74,402.37,408.48,9381821
19-01-2018,409.49,410.85,405.45,405.84,9973533
22-01-2018,427.17,428.40,413.32,416.83,45700733
23-01-2018,432.33,435.72,428.71,428.71,22526810
24-01-2018,424.90,431.67,423.28,431.67,14289485
25-01-2018,424.70,427.39,420.42,425.58,13669901
29-01-2018,424.09,429.72,421.80,424.84,9897064
30-01-2018,417.89,424.66,417.27,424.66,9182956
31-01-2018,422.68,424.09,414.00,417.71,12551686
01-02-2018,415.01,427.65,411.82,423.54,16524809
02-02-2018,397.64,415.05,396.17,411.12,28965593
05-02-2018,396.67,401.22,387.73,393.09,19191099
06-02-2018,392.25,394.85,382.98,385.62,24062503
07-02-2018,393.27,398.10,391.33,396.85,15532284
08-02-2018,397.73,400.41,392.36,394.80,13825894
09-02-2018,394.78,396.61,389.57,390.89,11580639
12-02-2018,402.54,403.73,396.63,397.05,11877059
14-02-2018,410.52,414.42,404.96,405.84,22247829
15-02-2018,411.40,415.84,408.11,412.28,13363743
16-02-2018,405.09,414.46,403.69,413.14,9628162
19-02-2018,407.60,409.80,401.69,404.96,8941900
20-02-2018,405.01,408.72,403.99,408.48,8458450
21-02-2018,408.63,410.02,405.47,408.92,11917390
22-02-2018,406.43,409.36,404.52,405.40,11196908
23-02-2018,410.79,412.44,405.73,406.90,10610664
26-02-2018,412.74,415.47,411.82,412.88,8435611
27-02-2018,417.93,420.26,412.59,412.88,14021366
28-02-2018,419.71,420.83,414.72,415.93,56650480
01-03-2018,417.01,422.07,415.93,417.60,8956590
05-03-2018,406.32,417.78,405.23,414.64,12325694
06-03-2018,400.50,411.65,397.97,408.48,16019726
07-03-2018,391.22,399.80,390.47,399.80,15853546
08-03-2018,400.76,402.10,392.78,394.69,13283967
09-03-2018,401.49,404.24,400.59,402.28,10638527
12-03-2018,409.05,410.28,403.44,404.52,8315150
13-03-2018,409.73,411.56,405.12,409.75,11148731
14-03-2018,408.50,409.82,404.17,408.39,14724464
15-03-2018,400.92,408.68,400.13,406.72,12711836
16-03-2018,395.75,399.99,389.59,399.69,30814962
19-03-2018,393.75,398.76,392.21,396.17,12630833
20-03-2018,391.24,397.49,390.03,392.78,15192983
21-03-2018,394.37,396.76,392.78,393.46,14715126
22-03-2018,399.31,400.98,393.86,393.97,22129723
23-03-2018,393.05,395.73,390.94,391.60,23469999
26-03-2018,396.21,397.62,392.43,393.07,13227705
27-03-2018,395.64,400.46,394.41,398.89,15179544
28-03-2018,388.12,393.90,386.93,393.88,19160609
02-04-2018,392.63,396.15,389.79,392.65,12494499
03-04-2018,395.53,396.48,389.24,391.77,13922126
04-04-2018,393.49,400.92,392.23,397.79,14214534
05-04-2018,399.33,400.13,397.27,397.97,8527915
06-04-2018,400.56,403.86,397.93,399.25,9664888
09-04-2018,402.76,404.08,401.25,401.25,7813897
10-04-2018,403.23,406.24,401.95,403.82,8455132
11-04-2018,409.29,410.13,402.79,405.31,13140816
12-04-2018,408.35,411.84,406.37,408.85,10822592
13-04-2018,412.81,414.06,408.35,410.11,12616816
16-04-2018,412.02,413.32,408.26,410.88,8934275
17-04-2018,415.18,416.48,411.56,413.32,9599816
18-04-2018,412.44,416.92,411.14,415.62,7360987
19-04-2018,414.33,415.51,411.12,412.92,9802587
20-04-2018,408.00,414.13,405.05,412.44,7326696
23-04-2018,411.56,415.23,408.26,408.92,7674482
24-04-2018,426.53,429.01,411.12,411.47,19921115
25-04-2018,426.73,431.70,423.67,428.11,14079382
26-04-2018,428.86,434.42,423.10,427.83,34096999
27-04-2018,438.07,444.53,433.32,435.21,25518647
30-04-2018,423.56,436.44,422.11,431.78,19406069
02-05-2018,427.69,430.55,424.33,425.19,13381914
03-05-2018,422.81,429.98,421.78,429.98,8634812
04-05-2018,419.45,424.18,417.71,423.36,8302649
07-05-2018,426.95,427.94,420.51,421.60,7683268
08-05-2018,425.23,431.78,424.40,429.80,10792648
09-05-2018,429.45,432.79,423.10,424.70,9831044
10-05-2018,431.41,432.93,428.38,430.90,8781584
11-05-2018,434.97,435.87,429.91,431.45,8774740
14-05-2018,433.81,436.16,429.45,436.16,5642499
15-05-2018,430.44,439.70,429.43,432.25,10501479
16-05-2018,420.42,428.27,418.79,428.27,18840763
17-05-2018,415.67,422.11,413.98,421.82,10353948
18-05-2018,410.61,419.25,409.80,415.78,11440117
21-05-2018,409.51,411.43,405.45,409.25,14491208
22-05-2018,407.49,410.68,406.72,410.30,11310073
23-05-2018,401.11,407.16,399.75,407.16,9991028
24-05-2018,402.70,404.96,400.19,401.88,11632489
25-05-2018,404.87,406.02,402.08,402.76,17782410
28-05-2018,404.70,407.60,403.69,406.68,11369679
29-05-2018,403.40,408.04,402.06,405.18,17878384
30-05-2018,402.81,405.93,398.63,402.26,13105124
31-05-2018,405.12,405.53,402.13,404.96,37080158
01-06-2018,409.16,411.45,403.84,404.52,19174278
04-06-2018,413.69,415.07,409.16,410.41,12250151
05-06-2018,416.68,419.91,413.76,414.55,17436812
06-06-2018,419.65,420.35,414.48,416.39,9164022
07-06-2018,427.10,429.15,419.67,419.87,14999572
08-06-2018,432.82,433.78,422.37,424.90,14289325
11-06-2018,432.07,439.68,430.49,434.03,15018718
12-06-2018,438.44,439.70,431.04,432.40,16285583
13-06-2018,440.80,442.29,435.08,439.70,12962502
14-06-2018,443.19,444.89,434.16,438.58,11997529
15-06-2018,445.94,450.03,439.37,442.34,24705890
18-06-2018,446.54,448.69,442.78,443.57,12363932
19-06-2018,437.96,446.21,436.91,445.81,13881382
20-06-2018,448.16,449.77,437.43,437.94,15735681
21-06-2018,453.75,455.53,449.06,450.01,22988909
22-06-2018,445.19,452.54,443.41,452.19,35370008
25-06-2018,441.65,446.95,440.71,444.71,11369371
26-06-2018,430.44,442.34,428.82,442.34,17649122
27-06-2018,427.52,436.17,426.13,433.12,19595831
28-06-2018,418.27,428.69,416.21,425.82,18770484
29-06-2018,430.44,431.79,420.06,420.11,17425606
02-07-2018,425.20,430.40,423.60,430.40,14570004
03-07-2018,429.93,433.10,425.09,427.15,11084063
04-07-2018,438.26,439.10,429.80,430.15,10938521
05-07-2018,426.92,446.36,424.31,441.31,40946479
06-07-2018,432.70,435.11,426.92,427.03,20039239
09-07-2018,441.35,442.64,435.33,436.93,11309207
10-07-2018,454.01,455.25,442.64,443.85,22846197
11-07-2018,459.81,460.74,450.54,453.70,18953870
12-07-2018,479.09,486.46,461.49,462.27,52736376
13-07-2018,486.81,490.88,478.05,478.27,39301408
16-07-2018,476.37,490.84,474.97,486.81,14427529
17-07-2018,483.51,485.11,473.44,477.30,14150770
18-07-2018,483.60,488.94,476.85,486.19,10241565
19-07-2018,489.05,493.54,480.86,483.94,11885426
20-07-2018,499.58,503.94,492.17,492.83,17538801
23-07-2018,495.89,500.09,492.70,500.09,12779803
24-07-2018,491.75,498.74,490.18,496.64,9775749
25-07-2018,493.61,497.08,488.76,491.33,13014255
26-07-2018,491.62,496.42,490.35,491.37,14053674
27-07-2018,500.11,503.46,492.28,495.53,14610585
30-07-2018,509.65,512.26,499.29,500.18,30344461
31-07-2018,524.97,526.92,507.77,509.48,30350826
01-08-2018,527.78,532.45,524.70,526.92,21227054
02-08-2018,517.16,527.40,516.09,527.40,13668930
03-08-2018,520.96,523.86,517.69,520.10,14536058
06-08-2018,527.89,529.39,520.25,520.85,8785462
07-08-2018,524.17,531.78,520.98,528.91,8879612
08-08-2018,539.00,541.12,524.53,524.53,17307566
09-08-2018,539.11,545.20,536.48,540.68,14976885
10-08-2018,533.02,537.80,532.18,536.03,7833494
13-08-2018,525.72,531.14,523.51,530.08,10211072
14-08-2018,535.86,538.78,524.22,526.74,11592139
16-08-2018,531.52,538.25,529.17,532.60,13086024
17-08-2018,532.82,537.98,531.19,535.15,8379864
20-08-2018,546.61,547.45,534.55,534.66,16639535
21-08-2018,552.06,553.96,543.12,547.65,15923396
23-08-2018,561.91,563.92,548.16,551.66,17429373
24-08-2018,565.47,566.55,557.75,560.05,14550512
27-08-2018,571.67,573.59,566.02,566.31,12188510
28-08-2018,583.84,585.61,573.22,573.66,19018790
29-08-2018,572.86,588.26,571.09,582.64,24230135
30-08-2018,564.12,574.17,562.35,572.60,21545859
31-08-2018,549.60,562.15,547.37,562.15,33479841
03-09-2018,544.07,556.79,542.70,551.08,26686176
04-09-2018,549.73,555.42,544.00,546.72,19333815
05-09-2018,543.12,554.47,534.93,549.98,22584608
06-09-2018,558.34,560.25,542.39,544.51,24487897
07-09-2018,565.96,567.17,555.29,559.89,23389269
10-09-2018,555.89,565.25,553.34,564.36,15440786
11-09-2018,547.85,561.44,546.33,557.28,23787332
12-09-2018,554.40,557.15,543.93,554.09,17642490
14-09-2018,554.69,564.63,552.26,557.46,17233514
17-09-2018,542.63,553.63,540.73,553.63,14773803
18-09-2018,538.76,548.60,537.52,542.67,16660044
19-09-2018,535.92,541.79,531.61,541.79,24642640
21-09-2018,538.91,547.72,523.86,539.57,41713856
24-09-2018,545.35,548.83,533.16,537.56,22098277
25-09-2018,544.71,551.08,528.95,546.88,21250513
26-09-2018,553.92,555.04,543.18,548.43,13992341
27-09-2018,554.96,559.05,547.76,555.51,23642923
28-09-2018,556.82,562.90,552.10,557.68,24220992
01-10-2018,545.20,556.70,532.94,556.70,16039441
03-10-2018,533.42,548.69,531.19,544.22,16135428
04-10-2018,496.75,526.92,489.56,526.52,50774608
05-10-2018,464.26,493.67,459.52,486.68,47998260
08-10-2018,491.06,494.43,453.95,464.77,53983473
09-10-2018,482.50,497.21,478.58,496.48,24042005
10-10-2018,487.83,493.92,479.95,484.20,20784941
11-10-2018,481.50,493.43,461.67,470.97,28926389
12-10-2018,498.65,499.74,487.74,489.09,19814528
15-10-2018,504.50,507.66,494.93,500.14,19406012
16-10-2018,515.14,516.73,504.61,507.26,16358598
17-10-2018,509.61,522.02,504.61,521.87,27967162
19-10-2018,487.48,491.77,473.73,486.90,55606079
22-10-2018,470.37,493.45,468.02,491.33,28798142
23-10-2018,466.85,471.28,461.96,465.99,23128845
24-10-2018,462.89,476.26,456.54,475.79,29869514
25-10-2018,456.27,460.63,449.90,458.57,30833933
26-10-2018,462.51,467.87,452.38,457.20,20085933
29-10-2018,481.50,484.18,463.00,463.00,16781215
30-10-2018,467.87,480.48,465.70,480.48,19263668
31-10-2018,469.75,471.78,463.44,468.75,35999348
01-11-2018,467.54,472.69,464.77,472.69,20552752
02-11-2018,475.79,478.49,470.59,472.29,36739798
05-11-2018,482.61,483.67,471.41,475.15,16585905
06-11-2018,488.72,492.21,483.18,484.25,18886485
07-11-2018,491.64,493.54,489.87,493.54,2808599
09-11-2018,484.00,493.01,480.26,489.67,23712291
12-11-2018,478.05,486.37,475.64,485.88,12690610
13-11-2018,486.66,488.23,473.64,475.39,14899604
14-11-2018,485.99,492.50,480.48,489.14,17034346
15-11-2018,485.51,488.23,480.93,485.55,14943663
16-11-2018,499.03,500.16,485.62,485.99,24131016
19-11-2018,509.03,509.79,500.62,501.46,15987574
20-11-2018,503.46,511.64,500.18,506.82,12511640
21-11-2018,492.61,507.04,490.02,503.50,16422494
22-11-2018,488.16,498.12,486.95,493.32,12670591
26-11-2018,491.22,494.65,485.75,490.88,13969873
27-11-2018,499.38,500.18,489.31,490.40,14896607
28-11-2018,510.21,512.46,498.54,501.26,17507771
29-11-2018,517.22,522.27,513.46,513.90,27640198
30-11-2018,516.80,524.97,514.48,518.90,23443212
03-12-2018,511.89,520.05,508.37,520.05,12182825
04-12-2018,510.05,512.57,505.58,512.57,11358720
05-12-2018,511.31,512.93,504.30,506.27,12729759
06-12-2018,497.37,508.59,494.98,508.59,12831451
07-12-2018,501.86,503.26,490.60,499.94,15779984
10-12-2018,482.59,493.23,479.42,491.33,20521072
11-12-2018,485.82,487.83,466.98,471.85,29518062
12-12-2018,491.55,492.88,481.48,486.46,27572962
13-12-2018,490.02,499.29,484.71,499.29,20337275
14-12-2018,492.30,493.50,483.27,488.27,15795834
17-12-2018,500.14,501.51,491.99,493.96,11077711
18-12-2018,503.01,504.16,495.98,497.21,12841994
19-12-2018,503.19,507.84,501.60,505.27,16118419
20-12-2018,499.49,501.29,494.05,496.20,12609700
21-12-2018,486.99,500.73,485.13,497.97,18115814
24-12-2018,482.10,488.32,480.95,487.30,9065704
26-12-2018,486.17,486.90,471.70,480.62,15771193
27-12-2018,495.84,498.85,488.67,490.09,27294221
28-12-2018,498.21,502.50,496.28,498.19,16768547
31-12-2018,496.31,501.88,494.07,500.60,15799099
01-01-2019,496.20,498.99,491.37,498.08,9746670
02-01-2019,489.73,498.85,487.34,493.32,15628818
03-01-2019,483.69,493.36,482.52,490.22,16288287
04-01-2019,486.30,488.87,478.54,485.75,18516544
07-01-2019,489.00,495.07,487.34,490.00,12060290
08-01-2019,488.96,491.31,485.13,489.16,12304389
09-01-2019,491.66,494.43,486.33,492.21,12614237
10-01-2019,490.22,491.77,488.23,490.33,8925160
11-01-2019,486.04,493.01,481.85,490.27,14139060
14-01-2019,485.48,487.12,480.88,484.69,8994060
15-01-2019,500.03,501.07,489.11,489.11,22011407
16-01-2019,502.79,506.82,500.34,502.39,13961606
17-01-2019,502.15,508.10,500.18,506.58,16379077
18-01-2019,524.24,526.69,502.50,508.50,56181172
21-01-2019,547.85,548.85,526.14,528.51,48206814
22-01-2019,546.72,551.95,539.84,545.71,36207430
23-01-2019,542.81,550.73,540.90,545.90,19313542
24-01-2019,552.17,554.71,540.06,542.23,28775487
25-01-2019,551.53,559.80,546.83,553.50,18703992
28-01-2019,544.24,555.93,541.08,553.52,18744303
29-01-2019,535.88,545.17,531.76,544.89,20405845
30-01-2019,529.26,542.23,527.23,537.80,17164298
31-01-2019,543.18,544.31,531.61,532.05,22279301
01-02-2019,553.27,555.51,543.14,546.21,20187323
04-02-2019,571.40,574.08,549.78,551.97,25528059
05-02-2019,571.69,577.38,565.96,571.89,20479210
06-02-2019,579.97,583.24,572.88,573.77,20586783
07-02-2019,571.18,584.81,569.28,579.97,20150710
08-02-2019,565.56,575.65,563.15,568.70,14230054
11-02-2019,554.74,564.81,553.74,564.76,16457901
12-02-2019,556.13,563.19,553.96,553.96,13998153
14-02-2019,541.88,549.31,539.13,549.31,14496604
15-02-2019,550.84,553.25,537.36,544.33,20994460
18-02-2019,540.06,554.40,537.80,553.30,21106139
19-02-2019,538.29,548.74,536.12,539.13,13658461
20-02-2019,546.37,548.87,539.57,541.72,13776558
21-02-2019,551.92,556.75,544.16,547.10,23142949
22-02-2019,545.48,551.22,542.67,550.91,19152470
25-02-2019,545.46,550.20,540.31,547.10,17176522
26-02-2019,540.13,546.57,533.82,535.37,22160532
27-02-2019,541.57,551.04,535.15,543.58,24308835
28-02-2019,544.91,548.80,542.92,546.10,24688859
01-03-2019,542.70,549.91,541.01,547.54,17329606
05-03-2019,547.83,548.78,539.40,541.52,15577500
06-03-2019,559.85,563.52,546.70,548.78,26332276
07-03-2019,562.26,566.49,556.90,559.49,17738092
08-03-2019,560.87,564.12,558.61,560.40,13211934
11-03-2019,577.24,580.74,561.26,562.17,21258869
12-03-2019,589.31,590.48,581.74,582.91,24561597
13-03-2019,596.37,601.99,587.87,591.81,24577591
14-03-2019,593.82,602.87,591.41,597.45,22753310
15-03-2019,585.01,601.46,580.39,595.35,34764353
18-03-2019,597.58,601.08,588.27,589.15,22104063
19-03-2019,609.31,610.84,594.51,601.99,21448030
20-03-2019,608.83,614.38,603.76,609.87,21639437
22-03-2019,593.91,611.24,591.67,607.52,25078643
25-03-2019,586.25,591.74,582.82,588.97,17394088
26-03-2019,605.20,607.12,588.71,588.84,20734876
27-03-2019,597.23,609.93,595.02,609.93,22079870
28-03-2019,601.99,606.32,594.37,597.67,22930248
01-04-2019,616.08,622.70,603.12,606.41,22088854
02-04-2019,615.13,621.06,610.88,618.81,17526740
03-04-2019,608.71,621.02,607.30,616.48,17169813
04-04-2019,598.91,612.48,596.34,610.40,18320845
05-04-2019,599.29,603.71,594.46,602.41,14717266
08-04-2019,588.38,600.88,585.92,600.22,19081843
09-04-2019,590.68,593.44,584.72,588.22,20774977
10-04-2019,589.33,596.68,587.16,592.23,16651949
11-04-2019,596.14,598.89,588.27,590.01,12558520
12-04-2019,594.51,600.61,591.65,597.56,12948769
15-04-2019,593.20,597.10,590.92,595.35,9285737
16-04-2019,594.79,601.99,593.13,595.35,17360317
18-04-2019,613.47,615.16,604.20,608.63,39286534
22-04-2019,595.50,605.09,593.71,601.99,23607922
23-04-2019,603.69,607.74,595.79,596.68,19807450
24-04-2019,615.04,617.39,604.75,606.55,16101112
25-04-2019,607.48,625.18,603.14,614.87,30469914
26-04-2019,616.51,617.90,606.72,608.63,15069884
30-04-2019,616.51,618.10,605.00,618.10,22348580
02-05-2019,621.93,625.84,611.77,616.15,18992003
03-05-2019,623.61,627.44,620.87,623.21,14240262
06-05-2019,613.01,620.93,610.00,618.81,15832114
07-05-2019,594.68,617.48,593.22,617.39,19417647
08-05-2019,575.19,593.13,571.98,593.13,31958919
09-05-2019,556.15,570.47,554.07,570.47,42670173
10-05-2019,553.81,565.56,551.08,559.94,24557430
13-05-2019,545.35,558.08,543.34,552.37,17603659
14-05-2019,557.92,561.86,545.11,547.32,28438234
15-05-2019,556.35,565.69,553.56,563.48,24419559
16-05-2019,560.09,562.99,556.88,557.70,14451308
17-05-2019,561.00,565.23,554.18,560.82,17276949
20-05-2019,586.89,592.12,576.98,581.45,26979100
21-05-2019,593.05,605.09,588.73,589.68,30343560
22-05-2019,593.31,601.85,590.97,595.63,24689918
23-05-2019,590.43,616.15,586.49,607.30,38766006
24-05-2019,591.74,599.24,582.73,596.68,22269265
27-05-2019,580.14,592.03,578.53,591.85,16076686
28-05-2019,585.94,590.83,581.34,584.19,42594251
29-05-2019,581.20,590.17,577.27,584.72,15558515
30-05-2019,588.60,594.02,582.62,582.62,23494381
31-05-2019,588.77,593.98,584.37,592.20,25724066
03-06-2019,602.08,605.20,584.81,590.92,18556942
04-06-2019,598.29,608.29,596.72,600.86,15442761
06-06-2019,587.53,602.83,584.77,602.83,16764835
07-06-2019,582.02,587.49,577.91,586.92,14722419
10-06-2019,583.91,587.38,579.90,584.68,11768468
11-06-2019,588.33,590.70,583.40,585.10,11492074
12-06-2019,589.66,592.43,586.49,590.79,10297599
13-06-2019,587.49,590.79,579.26,588.71,15686169
14-06-2019,583.20,586.49,579.59,585.12,14942768
17-06-2019,567.59,584.28,565.91,584.28,14908257
18-06-2019,567.02,570.09,561.75,566.09,16797371
19-06-2019,565.40,576.31,558.87,569.63,14492763
20-06-2019,573.99,575.43,565.69,566.58,10748848
21-06-2019,566.35,573.66,564.61,573.64,23236832
24-06-2019,558.79,565.00,556.44,563.10,11267228
25-06-2019,573.59,574.54,555.18,557.24,14966899
26-06-2019,572.84,577.46,569.39,571.44,11593027
27-06-2019,563.99,574.06,562.59,572.40,24905533
28-06-2019,554.67,567.84,552.70,565.29,18942165
01-07-2019,561.64,563.32,551.73,556.86,13478857
02-07-2019,565.91,567.02,559.18,563.90,10146746
03-07-2019,567.70,569.45,564.38,567.86,8806492
04-07-2019,568.35,571.44,566.58,567.20,9351405
05-07-2019,559.21,571.22,557.72,568.83,10926753
08-07-2019,554.20,561.31,552.50,556.84,14009219
09-07-2019,566.62,568.12,551.30,552.83,17535754
10-07-2019,566.07,570.71,561.57,566.60,12018196
11-07-2019,567.26,570.91,566.27,569.67,8608376
12-07-2019,566.80,575.43,565.71,567.90,15692436
15-07-2019,564.85,570.78,562.30,568.79,10659498
16-07-2019,572.33,573.17,565.27,566.55,10070773
17-07-2019,567.39,574.10,566.58,572.91,9482233
18-07-2019,558.54,569.41,556.84,567.46,11942908
19-07-2019,552.85,563.46,550.07,561.35,16336536
22-07-2019,566.80,568.57,543.25,553.74,29092589
23-07-2019,563.72,572.73,557.90,568.79,20316348
24-07-2019,557.32,566.04,554.87,563.70,15189179
25-07-2019,545.11,561.73,543.12,559.49,21805071
26-07-2019,537.27,549.98,535.59,545.11,20387504
29-07-2019,536.01,540.90,533.42,538.65,17626045
30-07-2019,522.71,540.02,520.52,537.34,20853117
31-07-2019,516.23,524.53,514.52,520.43,21229950
01-08-2019,522.42,525.94,509.19,514.96,22628222
02-08-2019,527.38,533.57,517.48,523.53,23766807
05-08-2019,509.13,519.66,502.29,519.66,30399133
06-08-2019,502.43,511.91,499.62,505.30,29067994
07-08-2019,494.01,506.99,491.20,501.62,25349369
08-08-2019,513.13,515.65,487.73,493.54,31198568
09-08-2019,517.48,523.44,513.11,517.37,21970009
13-08-2019,567.64,580.13,545.93,549.11,104827144
14-08-2019,573.65,580.86,570.13,580.66,31688983
16-08-2019,569.09,575.23,566.86,574.96,21977767
19-08-2019,575.59,577.46,569.98,570.44,16317602
20-08-2019,568.17,575.59,566.68,574.34,14969299
21-08-2019,565.95,569.38,563.97,568.04,10677848
22-08-2019,555.17,565.97,551.68,565.95,14031953
23-08-2019,568.13,571.76,546.15,551.72,21307915
26-08-2019,564.10,576.21,560.63,576.21,19202504
27-08-2019,567.68,572.20,561.60,572.20,28401906
28-08-2019,562.54,570.42,559.31,567.19,11605488
29-08-2019,552.94,561.18,550.07,559.49,18890222
30-08-2019,555.97,558.58,543.70,554.61,24735240
03-09-2019,537.20,553.50,534.35,553.17,18730619
04-09-2019,534.87,536.69,528.14,534.60,32949395
05-09-2019,533.73,540.23,531.37,537.38,22995486
06-09-2019,544.37,547.27,532.24,535.69,23186819
09-09-2019,544.24,549.05,540.21,543.55,11747929
11-09-2019,549.67,552.16,544.37,544.37,12127900
12-09-2019,538.96,552.37,536.89,549.94,11880005
13-09-2019,545.75,547.04,537.43,539.70,12947715
16-09-2019,539.14,542.86,528.16,529.45,20547730
17-09-2019,533.22,539.25,531.46,539.25,15640772
18-09-2019,536.89,541.61,533.11,536.56,14933909
19-09-2019,525.02,538.67,522.17,537.85,13766222
20-09-2019,558.55,565.48,522.91,528.99,48165560
23-09-2019,551.81,570.42,549.94,567.37,21610844
24-09-2019,569.40,578.35,553.39,553.77,34958974
25-09-2019,569.78,576.66,565.01,571.76,18192270
26-09-2019,577.46,578.35,571.54,575.32,18350457
27-09-2019,582.91,585.56,571.76,575.54,19058663
30-09-2019,593.24,594.80,581.35,583.34,25263770
01-10-2019,581.06,597.58,575.90,595.36,17920384
03-10-2019,583.80,585.43,570.56,572.65,13524851
04-10-2019,582.49,591.62,580.60,587.74,14992253
07-10-2019,583.38,588.14,579.64,582.49,10061584
09-10-2019,589.90,592.22,575.54,582.76,17588647
10-10-2019,606.82,609.61,588.23,590.01,35006390
11-10-2019,602.30,608.09,595.16,607.25,16597126
14-10-2019,604.71,607.80,601.53,607.80,13394275
15-10-2019,607.45,610.05,603.06,606.71,9672791
16-10-2019,611.10,614.35,607.25,610.01,19403660
17-10-2019,621.85,622.97,610.94,612.28,16038940
18-10-2019,630.69,635.84,622.83,625.19,28121951
22-10-2019,629.71,639.82,624.90,634.54,27786502
23-10-2019,620.03,634.97,615.91,630.67,18446160
24-10-2019,639.64,641.85,617.42,623.86,22642488
25-10-2019,637.31,641.87,628.42,641.71,13539957
27-10-2019,638.66,643.45,636.77,641.67,3014841
29-10-2019,653.27,659.04,642.16,643.67,25768505
30-10-2019,658.63,661.06,650.26,659.04,16341366
31-10-2019,652.07,663.33,650.89,660.82,19463741
01-11-2019,648.75,650.93,641.67,647.90,13904301
04-11-2019,649.08,655.03,643.49,652.76,14063434
05-11-2019,644.47,654.11,641.67,651.51,12685356
06-11-2019,638.95,644.10,636.10,642.43,14625505
07-11-2019,649.51,651.47,637.75,639.00,14084039
08-11-2019,643.67,649.97,641.80,645.23,12019353
11-11-2019,635.79,643.12,633.45,640.82,11357841
13-11-2019,655.61,657.21,636.77,636.77,25225749
14-11-2019,651.35,659.75,648.26,657.25,14258133
15-11-2019,654.96,662.06,651.53,652.65,15691605
18-11-2019,649.77,661.71,648.08,655.76,14076051
19-11-2019,672.28,674.58,652.36,653.25,30176255
20-11-2019,689.16,700.18,687.18,692.45,43538120
21-11-2019,684.68,692.88,680.65,687.98,14897371
22-11-2019,688.65,698.89,684.68,686.69,22352865
25-11-2019,695.35,696.80,690.65,690.72,15146156
26-11-2019,694.77,701.94,692.88,698.27,35330983
27-11-2019,699.05,701.56,692.92,694.64,9642739
28-11-2019,703.70,705.41,696.42,700.29,13747479
29-11-2019,690.72,704.43,689.25,704.43,18559594
02-12-2019,706.46,718.91,702.23,712.47,31225364
03-12-2019,703.08,709.80,700.27,709.24,12990426
04-12-2019,691.41,702.45,682.97,700.45,20987607
05-12-2019,690.58,703.45,687.53,700.89,19942460
06-12-2019,692.39,698.22,686.24,691.54,13085234
09-12-2019,700.27,702.41,688.65,692.94,12642677
10-12-2019,695.53,700.71,692.05,700.02,10173333
11-12-2019,695.73,701.12,690.47,692.70,12364641
12-12-2019,698.31,700.83,693.17,699.22,10326606
13-12-2019,704.86,708.02,700.18,703.56,12668303
16-12-2019,697.60,709.75,696.60,708.91,11892718
17-12-2019,695.86,703.12,692.68,697.66,20324601
18-12-2019,701.72,703.56,695.55,695.99,14742077
19-12-2019,716.90,719.11,699.91,700.76,20507816
20-12-2019,712.07,720.29,710.73,719.15,21271510
23-12-2019,699.74,702.47,693.68,694.70,25107772
24-12-2019,688.63,700.02,686.87,698.62,18048449
26-12-2019,674.80,691.52,672.46,686.49,29761019
27-12-2019,686.80,688.51,677.43,679.96,17677571
30-12-2019,687.62,689.16,680.43,688.40,17123749
31-12-2019,674.20,687.40,671.53,686.64,22203005
01-01-2020,672.22,680.01,670.39,675.96,14004468
02-01-2020,683.66,686.18,673.28,673.28,17710316
03-01-2020,684.48,686.49,678.18,682.64,20984698
06-01-2020,668.61,680.37,667.05,676.85,24519177
07-01-2020,678.90,683.30,673.95,676.40,16683622
08-01-2020,673.80,683.28,672.39,674.62,16047902
09-01-2020,689.32,690.21,681.86,685.13,14982742
10-01-2020,689.16,693.75,685.60,691.05,12478359
13-01-2020,687.40,694.08,685.04,688.00,18282382
14-01-2020,681.03,690.21,677.67,685.75,15816535
15-01-2020,678.56,685.71,676.07,683.91,15817859
16-01-2020,684.82,687.24,680.41,680.85,12847975
17-01-2020,704.01,705.77,691.63,691.76,29463471
20-01-2020,682.35,716.48,679.70,716.48,32545850
21-01-2020,683.04,688.36,677.74,680.68,18922720
22-01-2020,682.79,688.76,681.79,687.53,10322817
23-01-2020,679.90,686.62,677.16,684.19,11247739
24-01-2020,677.54,684.13,676.20,679.96,14628445
27-01-2020,670.86,678.83,670.17,674.58,13387750
28-01-2020,655.36,672.39,651.73,671.77,24532236
29-01-2020,658.97,665.45,651.93,656.39,24746565
30-01-2020,642.89,658.90,641.22,658.59,22402689
31-01-2020,628.60,647.12,626.62,647.01,34750310
03-02-2020,616.96,623.39,606.96,610.01,30712290
04-02-2020,635.17,637.88,622.43,623.41,25383901
05-02-2020,645.01,646.92,636.90,638.95,18472100
06-02-2020,649.15,653.25,641.27,647.50,15538577
07-02-2020,638.40,646.72,636.01,646.12,12209212
10-02-2020,639.26,643.67,628.07,635.88,15142476
11-02-2020,646.90,652.89,643.47,644.52,13999816
12-02-2020,654.72,656.74,647.90,648.42,13533565
13-02-2020,656.43,658.03,651.29,658.03,13565659
14-02-2020,662.42,668.59,647.06,657.81,21227841
17-02-2020,658.26,670.68,656.50,663.04,13149130
18-02-2020,653.42,657.21,648.97,657.21,11127161
19-02-2020,669.63,670.81,656.85,658.75,14084409
20-02-2020,661.68,671.50,660.73,666.61,16892268
24-02-2020,643.43,657.70,641.02,654.47,21370214
25-02-2020,630.71,646.30,627.86,646.30,27745062
26-02-2020,619.85,628.91,617.78,627.86,29362748
27-02-2020,617.29,620.65,609.61,618.07,25054993
28-02-2020,591.64,604.26,590.01,603.33,39315769
02-03-2020,586.07,609.61,579.37,603.42,29500495
03-03-2020,597.96,602.88,588.68,592.11,27398798
04-03-2020,596.56,602.84,582.40,602.04,22105261
05-03-2020,583.85,604.69,581.55,602.13,30510390
06-03-2020,565.97,573.61,552.65,565.52,33734039
09-03-2020,496.12,552.61,487.60,552.19,88187018
11-03-2020,513.67,524.76,493.39,493.39,59578576
12-03-2020,473.35,490.27,466.98,483.14,55970485
13-03-2020,492.18,507.64,419.65,444.40,73297403
16-03-2020,452.29,480.78,447.52,472.26,38482258
17-03-2020,448.86,472.01,446.72,466.33,45445979
18-03-2020,431.27,461.28,427.93,456.56,44730415
19-03-2020,408.65,430.60,397.29,409.72,61404010
20-03-2020,453.29,460.84,414.12,418.35,63360475
23-03-2020,393.66,423.03,389.92,407.98,40670949
24-03-2020,420.09,431.94,398.89,414.12,45734887
25-03-2020,481.92,512.78,428.93,429.17,73130298
26-03-2020,474.77,497.35,464.15,487.95,45744488
27-03-2020,474.51,493.07,465.87,487.60,41657940
30-03-2020,458.85,478.60,454.20,463.37,30229866
31-03-2020,495.95,503.09,466.67,478.22,44292810
01-04-2020,481.12,500.78,465.42,499.73,41597459
03-04-2020,479.78,505.16,470.36,505.16,41367807
07-04-2020,537.07,540.59,489.82,490.76,54373624
08-04-2020,530.86,547.27,516.54,525.45,49880330
09-04-2020,543.24,548.96,531.24,540.59,33032857
13-04-2020,529.52,541.03,525.45,536.11,23673784
15-04-2020,512.02,550.38,508.97,533.04,35321842
16-04-2020,520.13,528.76,509.86,512.02,37455706
17-04-2020,545.04,547.71,531.08,541.48,33269335
20-04-2020,553.86,559.73,535.24,545.93,36030932
21-04-2020,550.98,557.51,518.32,538.81,61371628
22-04-2020,607.20,616.69,578.88,587.79,142683366
23-04-2020,610.45,617.11,602.62,608.87,65464502
24-04-2020,630.98,665.69,599.90,601.21,134986308
27-04-2020,636.66,656.81,633.65,638.55,58482901
28-04-2020,635.95,648.10,619.92,645.68,78453401
29-04-2020,635.41,647.30,632.32,643.41,37494672
30-04-2020,652.80,665.69,640.36,647.44,71345899
04-05-2020,639.09,652.36,631.18,641.22,53456868
05-05-2020,650.42,658.59,644.43,647.32,44903763
06-05-2020,650.46,661.24,643.67,651.91,40489094
07-05-2020,671.04,674.02,643.45,647.90,50026966
08-05-2020,695.46,703.52,684.46,687.98,84262770
11-05-2020,702.14,719.15,700.14,703.56,67085063
12-05-2020,658.70,698.38,652.36,696.80,100683202
13-05-2020,672.68,686.41,653.60,686.41,66430125
14-05-2020,645.48,672.79,642.83,660.34,49266771
15-05-2020,656.02,659.30,636.11,649.10,62152260
18-05-2020,647.64,666.18,641.91,660.79,62796089
19-05-2020,633.32,657.06,630.78,654.94,42315854
20-05-2020,644.47,650.38,626.17,633.82,55320985
21-05-2020,647.86,656.94,640.56,645.05,39167981
22-05-2020,643.50,655.39,641.23,652.61,37828973
26-05-2020,640.13,651.66,636.65,650.97,33216635
27-05-2020,649.80,653.60,634.72,643.26,35667956
28-05-2020,661.80,665.17,651.35,654.04,40126278
29-05-2020,658.27,661.69,652.99,659.89,40022527
01-06-2020,683.42,691.51,663.46,665.28,39943702
02-06-2020,690.32,692.25,683.62,685.96,22153960
03-06-2020,693.00,701.24,689.26,694.50,25381289
04-06-2020,710.14,714.50,692.70,694.05,34202350
05-06-2020,711.00,727.32,707.40,716.98,33076685
08-06-2020,705.51,727.50,703.49,727.50,31414953
09-06-2020,690.97,711.58,689.11,701.38,25857161
10-06-2020,706.71,710.03,692.28,693.65,22132647
11-06-2020,691.22,704.82,688.21,703.94,20385805
12-06-2020,714.19,716.08,672.92,674.27,38548899
15-06-2020,725.76,731.34,701.74,703.49,53107403
16-06-2020,727.18,741.05,712.62,738.55,51187003
17-06-2020,726.12,735.16,720.17,722.93,41782053
18-06-2020,744.35,748.44,721.74,722.37,40471557
19-06-2020,790.88,804.09,747.09,750.69,105804173
22-06-2020,784.92,811.02,779.91,797.17,60198705
23-06-2020,773.57,792.83,771.41,786.65,37962078
24-06-2020,776.69,796.86,769.44,780.31,51586221
25-06-2020,772.22,786.20,770.04,776.31,39679374
26-06-2020,782.90,787.55,771.82,777.12,30921913
29-06-2020,774.58,782.04,771.17,776.78,25621946
30-06-2020,766.02,782.61,762.18,780.81,30276420
01-07-2020,781.08,786.20,767.79,773.17,28464103
02-07-2020,794.52,797.80,783.11,786.69,28789533
03-07-2020,806.96,809.26,797.98,803.30,29434266
06-07-2020,835.80,838.60,808.85,814.68,47016185
07-07-2020,823.00,841.46,815.26,839.50,35189589
08-07-2020,811.52,828.19,807.91,823.27,26204095
09-07-2020,823.37,828.22,806.21,816.48,36418942
10-07-2020,847.65,850.60,823.37,825.28,43759967
13-07-2020,873.35,879.08,857.55,859.07,69608392
14-07-2020,865.23,876.38,851.82,872.90,67331128
15-07-2020,832.28,893.12,811.52,874.68,139669773
16-07-2020,832.01,843.56,818.04,833.63,60961724
17-07-2020,862.84,866.58,829.57,832.73,49726765
20-07-2020,866.54,872.00,857.40,865.59,36592938
21-07-2020,889.85,892.31,874.03,875.16,42173371
22-07-2020,904.49,907.20,884.95,895.02,59771457
23-07-2020,928.78,938.66,898.78,904.47,58333751
24-07-2020,968.65,976.26,928.78,928.87,120597372
27-07-2020,973.19,992.42,960.42,983.39,80304827
28-07-2020,982.89,990.25,970.68,973.19,55114422
29-07-2020,946.31,985.19,934.49,982.98,72663399
30-07-2020,951.82,965.74,935.19,947.37,72857444
31-07-2020,932.97,960.91,926.52,954.37,74958061
03-08-2020,906.75,928.42,904.09,925.84,46715383
04-08-2020,970.66,978.06,902.80,911.99,92041055
05-08-2020,959.76,991.15,956.08,978.97,74549993
06-08-2020,963.21,978.38,951.34,973.55,49322975
07-08-2020,968.79,973.91,956.94,961.27,32984416
10-08-2020,956.78,977.16,951.48,974.50,26958997
11-08-2020,963.08,974.90,947.98,963.53,46828306
12-08-2020,960.28,968.13,950.89,957.30,30264617
13-08-2020,957.78,965.38,952.34,960.46,24830322
14-08-2020,954.05,973.55,942.97,958.00,33224635
17-08-2020,943.92,950.08,934.33,950.08,30979066
18-08-2020,956.20,963.30,939.86,941.05,30547672
19-08-2020,962.06,972.20,957.46,966.33,34087543
20-08-2020,946.49,958.61,942.41,956.85,22537845
21-08-2020,939.63,957.75,937.44,955.95,25280895
24-08-2020,945.91,949.85,934.51,943.94,32717218
25-08-2020,939.74,952.92,937.89,950.53,19388008
26-08-2020,964.66,969.47,923.90,941.05,59870421
27-08-2020,952.61,970.39,949.29,969.49,28085062
28-08-2020,955.11,962.67,950.64,956.85,27166900
31-08-2020,939.11,981.22,929.93,981.22,62076132
01-09-2020,942.07,957.93,930.85,947.82,38616258
02-09-2020,960.55,964.97,941.05,944.21,26949439
03-09-2020,953.28,965.31,949.18,960.46,18586429
04-09-2020,937.56,946.45,935.28,940.40,28475945
07-09-2020,939.99,950.42,922.66,940.60,21926473
08-09-2020,951.03,957.30,939.02,944.21,27397082
09-09-2020,975.51,978.42,939.45,941.05,55310877
10-09-2020,1044.41,1058.38,981.83,985.33,140304404
11-09-2020,1047.01,1055.18,1032.27,1043.51,59470807
14-09-2020,1039.24,1065.17,1029.97,1049.38,44063445
15-09-2020,1046.60,1049.71,1032.74,1043.49,27178393
16-09-2020,1049.17,1069.39,1042.85,1047.12,33952295
17-09-2020,1037.53,1053.30,1034.41,1047.12,25828669
18-09-2020,1040.66,1046.87,1027.51,1044.52,33074915
21-09-2020,1018.17,1054.34,1014.33,1038.09,33627381
22-09-2020,997.99,1027.71,993.66,1027.71,34792254
23-09-2020,1006.86,1027.60,995.35,1020.04,42988708
24-09-2020,984.47,1004.69,982.15,996.52,29826318
25-09-2020,993.73,998.74,978.20,987.99,28374935
28-09-2020,1000.29,1010.11,996.14,1005.14,19666849
29-09-2020,1013.29,1021.84,1000.29,1004.24,25842539
30-09-2020,1008.46,1023.20,1004.24,1020.04,24465159
01-10-2020,1004.35,1021.75,999.28,1021.75,20783227
05-10-2020,998.46,1015.14,995.67,1012.82,18922799
06-10-2020,997.63,1008.26,993.70,1004.35,18412175
07-10-2020,1018.91,1042.15,1001.98,1008.75,53170865
08-10-2020,1010.67,1023.65,1002.93,1019.59,21077808
09-10-2020,1008.06,1016.88,1000.68,1008.75,18545499
12-10-2020,1009.68,1018.12,1004.81,1008.75,14226473
13-10-2020,1029.38,1031.66,1004.63,1006.77,23112012
14-10-2020,1032.45,1039.90,1023.87,1028.57,26742011
15-10-2020,995.89,1033.58,990.70,1033.58,20036197
16-10-2020,982.04,1007.63,980.61,999.73,21583600
19-10-2020,982.22,1005.91,972.71,988.47,31200385
20-10-2020,973.05,989.80,971.41,983.48,18482288
21-10-2020,958.93,989.35,946.81,978.51,34082321
22-10-2020,950.96,962.49,943.76,960.19,30802210
23-10-2020,953.71,963.62,946.20,950.53,23422125
26-10-2020,915.82,948.70,911.04,948.70,37324416
27-10-2020,918.26,929.70,904.95,918.44,36478896
28-10-2020,907.86,928.73,906.03,921.56,29924017
29-10-2020,914.83,921.65,898.63,901.33,30655304
30-10-2020,927.29,932.07,912.53,917.81,34021563
02-11-2020,847.38,914.88,839.12,914.88,99366895
03-11-2020,835.17,861.62,828.26,853.04,88691623
04-11-2020,863.51,870.64,829.12,829.12,80180117
05-11-2020,882.38,885.06,872.00,882.36,37205373
06-11-2020,915.85,920.74,892.83,898.18,66674086
09-11-2020,925.57,933.83,918.94,930.72,35838510
10-11-2020,940.85,943.31,921.28,937.44,36934242
11-11-2020,901.42,945.57,892.80,942.86,56724780
12-11-2020,893.66,906.50,886.89,894.11,40046527
13-11-2020,901.06,919.23,894.45,894.56,45388670
14-11-2020,903.73,909.59,900.59,909.41,5226220
17-11-2020,899.64,941.05,895.92,941.05,46542562
18-11-2020,896.91,905.62,884.68,899.64,30402290
19-11-2020,890.57,907.41,888.34,896.91,27796343
20-11-2020,857.33,895.38,855.30,891.41,57471248
23-11-2020,880.44,889.15,869.40,880.57,45327567
24-11-2020,886.46,890.95,872.00,886.44,30936268
25-11-2020,879.13,899.51,876.60,893.66,32637879
26-11-2020,881.30,886.89,871.12,881.50,25838637
27-11-2020,871.00,882.87,867.21,875.83,47336811
01-12-2020,882.33,887.46,871.12,875.77,19750687
02-12-2020,883.80,885.54,873.35,883.96,22188887
03-12-2020,886.46,894.16,884.03,890.05,27785372
04-12-2020,878.65,888.70,875.61,888.70,18464552
07-12-2020,883.82,886.89,875.88,875.88,18242188
08-12-2020,899.87,909.12,880.12,885.15,43403061
09-12-2020,914.85,917.94,902.35,907.18,29175254
10-12-2020,905.85,915.55,903.14,912.44,16065507
11-12-2020,905.31,919.84,891.07,908.56,26944202
14-12-2020,898.76,909.46,896.53,906.28,17312747
15-12-2020,891.11,898.04,885.13,898.04,18551265
16-12-2020,892.10,900.41,887.21,897.27,18561011
17-12-2020,896.19,904.95,892.38,895.69,20252358
18-12-2020,898.88,904.90,886.89,893.71,18466344
21-12-2020,875.47,912.62,837.36,907.20,44135540
22-12-2020,874.12,884.14,852.34,879.67,28140001
23-12-2020,877.35,880.78,866.87,871.09,19501410
24-12-2020,900.05,902.15,878.27,878.77,20776988
28-12-2020,904.18,910.81,900.57,905.71,17221499
29-12-2020,898.20,908.24,894.81,906.75,18611939
30-12-2020,900.66,905.94,891.65,900.54,22043630
31-12-2020,896.05,908.06,893.03,899.76,18781189
01-01-2021,897.05,901.33,894.56,897.27,10015175
04-01-2021,898.56,902.19,888.25,900.48,24513534
05-01-2021,887.39,895.29,882.83,888.70,24123091
06-01-2021,863.99,887.34,859.88,887.30,46401468
07-01-2021,862.59,877.86,859.88,866.81,32325918
08-01-2021,872.76,874.89,863.02,865.68,27540187
11-01-2021,856.31,875.07,854.17,875.07,33307825
12-01-2021,883.30,884.64,857.51,858.91,41161546
13-01-2021,875.07,891.38,865.88,886.24,26619458
14-01-2021,884.91,887.75,875.18,877.86,21553242
15-01-2021,874.46,890.86,866.60,884.91,20593268
18-01-2021,895.44,901.33,868.09,879.72,35100458
19-01-2021,910.09,916.68,900.27,900.27,32006615
20-01-2021,927.38,928.87,903.32,912.35,30924537
21-01-2021,947.55,956.85,936.54,939.70,39087742
22-01-2021,925.08,954.75,918.55,952.79,30532660
25-01-2021,876.06,918.46,872.00,918.46,54207104
27-01-2021,855.30,868.84,852.14,868.84,42370131
28-01-2021,846.97,868.07,844.01,848.60,34067814
29-01-2021,831.35,863.47,825.96,854.98,43712383
01-02-2021,855.43,859.81,834.08,839.23,34180952
02-02-2021,869.20,875.61,837.22,863.99,41470034
03-02-2021,871.39,881.02,857.55,870.33,30301696
04-02-2021,868.52,875.61,859.81,868.39,25626981
05-02-2021,868.27,877.71,866.58,871.12,20248046
08-02-2021,880.78,888.70,870.67,872.47,21183400
09-02-2021,882.90,897.99,881.16,885.52,19604141
10-02-2021,891.09,895.81,869.88,881.81,21234156
11-02-2021,927.83,931.67,890.16,893.66,42539278
12-02-2021,921.46,937.89,909.64,927.74,30497029
15-02-2021,917.40,930.36,913.97,924.38,15791099
16-02-2021,929.54,938.53,918.49,920.63,21421660
17-02-2021,940.26,946.00,925.53,929.77,23742994
18-02-2021,933.24,951.61,929.36,941.05,18646877
19-02-2021,938.93,950.06,926.75,928.42,23403483
22-02-2021,906.34,943.26,900.41,938.80,23804335
23-02-2021,913.27,926.56,908.83,924.35,25644108
24-02-2021,930.22,932.14,914.49,916.23,10807663
25-02-2021,967.84,971.29,935.64,936.99,34855693
26-02-2021,941.41,963.12,934.60,955.50,37481215
01-03-2021,948.59,953.24,930.90,952.43,17680764
02-03-2021,950.53,961.36,942.90,957.75,17150760
03-03-2021,993.91,1001.94,951.07,957.32,31924461
04-03-2021,982.06,988.42,973.87,983.93,21435754
05-03-2021,983.34,998.35,971.77,973.10,25511666
08-03-2021,988.94,1007.36,978.51,978.74,19506841
09-03-2021,988.92,999.19,968.86,992.96,15154484
10-03-2021,984.81,999.77,979.53,996.12,11519358
12-03-2021,964.79,995.85,958.61,990.70,16864952
15-03-2021,951.84,969.89,939.02,965.90,16698099
16-03-2021,948.09,959.56,945.79,954.14,13873801
17-03-2021,927.67,949.18,918.53,946.94,19210236
18-03-2021,906.80,940.96,903.14,935.59,20647480
19-03-2021,939.70,945.95,894.93,898.63,41787429
22-03-2021,930.85,936.09,917.67,934.73,18572478
23-03-2021,942.18,952.20,927.96,930.65,17421165
24-03-2021,924.04,938.68,920.92,938.68,16822814
25-03-2021,898.83,927.06,895.92,927.06,22001648
26-03-2021,900.27,908.87,890.82,908.10,20180202
30-03-2021,915.91,924.76,898.87,906.30,20441701
31-03-2021,904.09,925.21,902.24,910.81,16250796
01-04-2021,912.55,916.23,904.11,910.81,11723312
05-04-2021,899.35,913.97,885.58,913.95,14875099
06-04-2021,895.60,904.92,888.70,904.49,14009194
07-04-2021,903.98,923.86,899.66,902.69,24266353
08-04-2021,905.10,912.62,899.53,907.65,15369188
09-04-2021,894.59,905.55,893.66,901.99,14037885
12-04-2021,862.59,885.27,857.67,884.18,20901482
13-04-2021,871.91,875.88,865.61,868.39,19411189
15-04-2021,877.55,885.09,863.42,869.42,19723716
16-04-2021,872.04,880.08,869.49,874.07,15656948
19-04-2021,858.32,864.96,853.04,859.36,18478808
20-04-2021,858.07,866.13,853.24,862.29,17203668
22-04-2021,860.44,864.08,847.04,854.06,14490954
23-04-2021,859.52,866.08,855.46,860.26,11828857
26-04-2021,874.64,885.54,862.74,866.58,20846778
27-04-2021,897.57,901.43,874.82,875.61,19992524
28-04-2021,901.47,906.30,893.73,901.72,17122437
29-04-2021,913.54,922.77,905.98,913.02,17412606
30-04-2021,900.21,918.94,897.07,906.53,19828769
03-05-2021,884.21,893.21,877.01,887.34,23640186
04-05-2021,865.05,888.16,862.52,880.12,21849830
05-05-2021,866.63,874.93,861.19,868.09,12393609
06-05-2021,871.55,873.35,860.53,867.42,14624666
07-05-2021,871.88,882.67,869.29,874.59,12288548
10-05-2021,869.38,878.68,867.01,875.16,13941237
11-05-2021,872.52,874.95,862.07,864.32,13478264
12-05-2021,863.49,872.40,860.71,871.14,13177961
14-05-2021,874.39,876.51,860.26,870.21,13291616
17-05-2021,884.79,886.19,871.28,874.39,11873078
18-05-2021,897.25,903.86,890.28,894.11,12064918
19-05-2021,901.36,910.11,890.05,893.66,16317002
20-05-2021,896.10,907.61,894.11,901.74,11422532
21-05-2021,903.84,907.02,896.37,899.08,10785605
24-05-2021,896.21,907.11,894.56,906.30,8551760
25-05-2021,886.06,901.33,884.64,901.06,14780102
26-05-2021,889.17,893.44,887.03,891.41,7480204
27-05-2021,891.90,899.53,885.65,889.28,26819294
28-05-2021,945.48,950.08,898.18,898.18,56469931
31-05-2021,975.04,989.21,941.08,948.73,59124142
01-06-2021,978.92,993.86,968.81,977.61,28013832
02-06-2021,993.52,997.25,973.55,973.55,24630162
03-06-2021,997.31,1015.52,991.20,1002.44,23974257
04-06-2021,988.67,1000.38,985.85,999.64,14468646
07-06-2021,1005.32,1011.91,986.19,993.86,16336573
08-06-2021,999.55,1005.21,992.12,1004.96,9674735
09-06-2021,981.67,1002.44,973.98,1001.53,11409161
10-06-2021,985.28,1006.50,982.83,989.98,14155653
11-06-2021,1002.38,1009.10,987.41,988.67,13762778
14-06-2021,1016.76,1022.80,994.18,1003.21,20332436
15-06-2021,1019.07,1030.34,1014.67,1024.05,15174215
16-06-2021,1001.67,1017.73,999.07,1016.76,10797349
17-06-2021,1003.51,1012.27,987.32,996.42,15745975
18-06-2021,1008.04,1012.27,989.33,1007.97,29369026
21-06-2021,1013.29,1017.93,996.49,998.00,12186448
22-06-2021,1008.08,1024.05,1005.18,1020.88,12871913
23-06-2021,998.84,1019.34,997.19,1019.07,16653951
24-06-2021,975.36,1003.03,969.24,999.52,91461975
25-06-2021,953.14,975.36,942.57,975.36,55355022
28-06-2021,944.79,963.13,942.52,961.09,20277042
29-06-2021,945.60,955.20,943.93,946.37,27144063
30-06-2021,955.95,961.39,947.07,949.43,19762858
01-07-2021,950.20,961.61,948.86,959.28,12534407
02-07-2021,964.28,966.03,947.93,949.77,14086620
05-07-2021,973.86,975.38,965.39,967.64,11702287
06-07-2021,962.36,973.28,960.28,971.49,10070124
07-07-2021,955.68,963.70,950.22,963.70,10454892
08-07-2021,947.78,958.80,942.52,958.80,11185460
09-07-2021,938.08,947.37,935.77,945.69,9037675
12-07-2021,943.93,951.81,939.58,941.96,8585292
13-07-2021,950.99,952.51,945.72,951.13,6717133
14-07-2021,944.79,954.23,942.64,951.29,8532544
15-07-2021,943.13,948.86,941.39,948.86,9448356
16-07-2021,956.74,957.81,945.51,945.58,8828185
19-07-2021,950.65,962.00,947.62,951.13,8354449
20-07-2021,948.32,954.75,943.88,950.90,6741464
22-07-2021,960.50,961.95,950.29,959.73,7972397
23-07-2021,953.71,966.73,952.06,966.73,9937030
26-07-2021,940.64,960.64,938.04,954.75,12389668
27-07-2021,930.75,943.75,924.86,940.62,10824523
28-07-2021,922.75,932.11,913.20,932.11,12897848
29-07-2021,929.95,939.53,925.49,930.29,13765738
30-07-2021,921.82,936.61,919.92,932.11,11350608
02-08-2021,938.67,941.80,924.47,930.43,10925104
03-08-2021,945.58,947.05,934.91,946.60,11817299
04-08-2021,952.83,957.47,945.24,948.59,13169800
05-08-2021,966.64,975.95,953.05,957.60,21252078
06-08-2021,946.17,972.39,941.50,964.69,16620987
09-08-2021,940.78,946.51,935.95,942.52,7494143
10-08-2021,945.72,957.02,939.24,942.98,11919198
11-08-2021,958.96,960.19,943.61,949.75,9184963
12-08-2021,955.88,962.99,953.39,962.41,8137612
13-08-2021,971.80,973.73,955.18,958.96,12780901
16-08-2021,984.42,997.78,963.88,973.48,21935444
17-08-2021,980.23,989.72,972.80,982.31,12658169
18-08-2021,984.03,990.44,974.95,984.64,10075860
20-08-2021,972.98,983.74,967.89,970.60,9426282
23-08-2021,979.37,984.64,965.76,984.64,9854395
24-08-2021,989.04,992.80,976.31,980.59,11864472
25-08-2021,997.60,1005.48,987.41,989.81,13380559
26-08-2021,1010.21,1016.76,998.68,1000.04,18589616
27-08-2021,1008.83,1015.78,1003.69,1013.18,10480636
30-08-2021,1028.24,1030.77,1013.09,1019.07,14027062
31-08-2021,1022.76,1034.35,1015.56,1031.25,26485463
01-09-2021,1026.81,1038.50,1024.95,1029.48,11145486
02-09-2021,1039.17,1045.24,1021.33,1021.33,9956770
03-09-2021,1081.79,1084.74,1042.84,1046.24,30664428
06-09-2021,1098.60,1123.24,1092.44,1092.89,33641710
07-09-2021,1105.53,1113.27,1092.44,1100.59,17349882
08-09-2021,1101.20,1111.46,1090.01,1110.55,14301651
09-09-2021,1098.60,1104.15,1094.30,1099.64,8963249
13-09-2021,1074.12,1101.95,1072.53,1101.95,16311160
14-09-2021,1072.71,1084.29,1071.60,1075.68,8908356
15-09-2021,1077.17,1085.08,1072.74,1072.74,9071075
16-09-2021,1099.78,1103.65,1072.06,1078.65,13448882
17-09-2021,1082.72,1112.30,1075.95,1107.84,34882133
20-09-2021,1084.44,1095.31,1073.42,1074.37,11779819
21-09-2021,1089.13,1094.52,1079.76,1089.27,9915736
22-09-2021,1100.82,1106.03,1086.21,1090.63,10995912
23-09-2021,1127.72,1130.94,1107.61,1108.47,15748397
24-09-2021,1124.46,1134.76,1119.61,1133.90,15192163
27-09-2021,1143.37,1145.84,1121.11,1126.41,15373834
28-09-2021,1154.06,1161.69,1138.09,1147.69,18035258
29-09-2021,1144.91,1164.00,1141.38,1164.00,9719875
30-09-2021,1141.01,1147.97,1132.45,1143.62,13590654
01-10-2021,1143.03,1150.32,1130.03,1133.18,8958928
04-10-2021,1157.73,1166.20,1149.08,1156.30,10918552
05-10-2021,1181.75,1183.02,1153.74,1157.25,13533634
06-10-2021,1159.40,1186.62,1155.44,1186.62,10258881
07-10-2021,1165.09,1177.02,1162.96,1175.32,6336665
08-10-2021,1209.86,1215.81,1169.21,1170.91,15772493
11-10-2021,1201.43,1231.94,1198.13,1223.51,14768666
12-10-2021,1208.29,1215.18,1196.27,1197.97,6682011
13-10-2021,1220.59,1231.71,1208.97,1213.37,9959762
14-10-2021,1223.06,1230.78,1217.08,1223.04,8623469
18-10-2021,1226.32,1243.26,1205.80,1208.66,13594479
19-10-2021,1237.30,1246.14,1226.50,1233.66,8833409
20-10-2021,1223.06,1242.24,1219.03,1242.24,12710570
21-10-2021,1187.78,1235.56,1179.04,1235.29,20831669
22-10-2021,1190.00,1206.98,1182.80,1186.64,11027475
25-10-2021,1178.40,1213.82,1164.00,1213.82,17198417
26-10-2021,1205.24,1208.79,1179.01,1185.33,9750178
27-10-2021,1190.00,1212.37,1186.62,1201.14,9896298
28-10-2021,1176.95,1194.77,1173.28,1186.64,9886181
29-10-2021,1148.71,1175.84,1133.06,1175.84,14233025
01-11-2021,1149.42,1157.66,1129.62,1148.71,15481114
02-11-2021,1132.66,1154.03,1130.14,1152.68,10569130
03-11-2021,1124.87,1141.35,1114.63,1135.03,11989430
04-11-2021,1131.77,1134.51,1127.77,1129.10,1705656
08-11-2021,1133.18,1141.35,1112.55,1141.08,20337183
09-11-2021,1142.12,1145.38,1126.43,1134.56,15682497
10-11-2021,1154.90,1158.56,1133.95,1139.86,10253470
11-11-2021,1157.00,1164.23,1148.40,1150.43,10722478
12-11-2021,1174.46,1177.02,1158.11,1160.78,8712341
15-11-2021,1167.53,1178.58,1164.00,1177.59,4803269
16-11-2021,1140.40,1166.26,1130.03,1164.93,11337581
17-11-2021,1115.99,1131.82,1114.63,1131.82,10202029
18-11-2021,1120.20,1127.31,1109.67,1114.18,8505625
22-11-2021,1070.58,1109.20,1064.81,1103.35,24124307
23-11-2021,1080.59,1087.57,1045.79,1056.68,25326999
24-11-2021,1064.99,1091.49,1061.44,1077.94,16820296
25-11-2021,1129.10,1133.20,1067.60,1074.77,42401936
26-11-2021,1092.71,1122.15,1087.68,1117.71,15763138
29-11-2021,1105.80,1132.29,1086.60,1104.71,24325354
30-11-2021,1089.45,1121.38,1081.95,1117.80,32172299
01-12-2021,1117.35,1120.52,1098.37,1101.95,10104610
02-12-2021,1124.53,1130.57,1114.90,1118.57,12720411
03-12-2021,1090.74,1131.62,1087.00,1131.57,19222481
06-12-2021,1070.06,1098.33,1067.60,1094.25,10332254
07-12-2021,1078.78,1088.81,1068.89,1076.20,11235122
08-12-2021,1095.20,1101.41,1089.86,1097.92,8744178
09-12-2021,1112.57,1120.93,1098.33,1102.86,13213547
10-12-2021,1113.70,1116.90,1100.75,1105.23,8364414
13-12-2021,1091.37,1120.56,1088.81,1120.29,12901733
14-12-2021,1078.01,1089.72,1074.96,1077.94,12991523
15-12-2021,1074.86,1089.27,1069.38,1079.76,9366969
16-12-2021,1088.77,1094.02,1072.80,1089.58,9761279
17-12-2021,1060.03,1090.63,1050.77,1086.12,21049821
20-12-2021,1031.45,1049.80,1017.75,1049.80,14325846
21-12-2021,1046.81,1062.55,1038.18,1046.85,12836561
22-12-2021,1071.65,1074.28,1051.68,1052.99,17658543
23-12-2021,1071.26,1077.94,1068.00,1075.23,9072401
24-12-2021,1074.68,1083.38,1058.72,1073.42,7886494
27-12-2021,1073.53,1077.04,1063.50,1069.59,4017223
28-12-2021,1086.28,1089.20,1074.80,1075.95,6374613
29-12-2021,1088.14,1095.61,1078.90,1082.93,15425312
30-12-2021,1068.48,1089.24,1062.36,1087.00,29333171
31-12-2021,1072.58,1079.71,1068.89,1074.77,9477290
03-01-2022,1088.75,1090.60,1070.49,1071.15,5421611
04-01-2022,1113.32,1114.63,1088.81,1094.20,10847728
05-01-2022,1118.53,1121.88,1101.93,1115.08,11643813
06-01-2022,1094.48,1111.46,1091.08,1110.19,14447422
07-01-2022,1103.31,1113.30,1092.23,1101.02,13112115
10-01-2022,1104.21,1112.82,1094.27,1110.55,9246731
11-01-2022,1112.16,1120.95,1102.86,1103.31,16205164
12-01-2022,1141.85,1143.60,1116.44,1119.30,14800442
13-01-2022,1148.28,1150.86,1136.10,1141.92,11856712
14-01-2022,1149.96,1162.78,1144.00,1148.15,19930176
17-01-2022,1155.96,1161.73,1149.05,1149.51,8036453
18-01-2022,1142.17,1160.53,1139.43,1157.09,6215029
19-01-2022,1142.08,1151.32,1136.37,1145.88,9755485
20-01-2022,1122.08,1136.80,1111.91,1132.32,16494486
21-01-2022,1122.26,1133.31,1110.55,1110.55,13338594
24-01-2022,1076.99,1134.45,1066.67,1120.97,21868937
25-01-2022,1074.89,1081.86,1043.98,1064.15,24510205
27-01-2022,1058.97,1067.12,1046.72,1058.02,20020431
28-01-2022,1057.95,1076.09,1054.57,1071.15,14667727
31-01-2022,1080.93,1089.90,1067.17,1068.98,12143683
01-02-2022,1077.36,1096.33,1063.04,1090.63,13200509
02-02-2022,1079.55,1090.17,1075.73,1090.17,10017691
03-02-2022,1065.60,1087.66,1063.09,1083.38,9572839
04-02-2022,1055.89,1063.66,1051.27,1060.28,11061241
07-02-2022,1049.46,1067.44,1043.98,1060.73,10714467
08-02-2022,1067.10,1068.89,1046.24,1055.59,12060849
09-02-2022,1079.53,1081.21,1067.98,1073.94,11486225
10-02-2022,1078.42,1085.06,1071.20,1085.06,12464491
11-02-2022,1076.31,1079.98,1061.68,1074.89,15943370
14-02-2022,1059.17,1066.60,1047.60,1059.94,10719633
15-02-2022,1095.13,1097.83,1057.88,1064.90,11212671
16-02-2022,1092.87,1101.95,1085.17,1100.59,10392840
17-02-2022,1106.70,1111.87,1091.53,1096.11,12853252
18-02-2022,1098.05,1112.55,1096.13,1107.11,6775458
21-02-2022,1086.96,1103.99,1080.03,1092.44,11107193
22-02-2022,1082.02,1085.15,1063.07,1065.67,13494914
23-02-2022,1075.25,1089.97,1072.51,1087.50,7310110
24-02-2022,1021.67,1059.78,1016.08,1043.98,24846650
25-02-2022,1034.44,1045.31,1030.95,1032.70,14570089
28-02-2022,1068.68,1072.22,1015.89,1015.89,21297446
02-03-2022,1086.35,1087.46,1054.94,1057.31,21471786
03-03-2022,1077.17,1093.73,1073.44,1087.00,10186748
04-03-2022,1053.28,1070.83,1050.93,1065.72,10805667
07-03-2022,1014.33,1047.19,1006.38,1032.06,17983310
08-03-2022,1012.50,1017.25,987.36,1001.63,21289374
09-03-2022,1066.21,1072.06,1011.89,1012.72,20414228
10-03-2022,1083.49,1089.27,1068.89,1087.00,17980493
11-03-2022,1086.62,1091.99,1076.16,1076.16,12257423
14-03-2022,1095.54,1098.05,1075.23,1081.07,8340678
15-03-2022,1070.45,1099.66,1060.21,1099.66,15925769
16-03-2022,1088.52,1090.58,1076.63,1078.85,11149828
17-03-2022,1124.01,1131.12,1093.84,1101.84,21422098
21-03-2022,1117.53,1125.05,1104.67,1106.93,11999466
22-03-2022,1146.40,1148.12,1111.28,1114.22,22557065
23-03-2022,1150.05,1161.67,1142.71,1142.71,15462187
24-03-2022,1167.92,1170.41,1136.82,1136.82,13168266
25-03-2022,1175.71,1184.83,1167.17,1169.66,14222488
28-03-2022,1187.53,1191.06,1171.47,1182.12,9891424
29-03-2022,1187.80,1194.80,1180.94,1194.80,8684065
30-03-2022,1210.63,1217.44,1185.33,1195.66,15811550
31-03-2022,1193.33,1209.16,1190.54,1207.00,13223718
01-04-2022,1202.88,1207.09,1187.55,1193.89,7922880
04-04-2022,1206.44,1211.56,1196.45,1202.70,7929162
05-04-2022,1189.39,1209.25,1186.96,1200.73,13149870
06-04-2022,1186.21,1193.21,1171.74,1171.74,12257215
07-04-2022,1165.29,1180.30,1162.64,1175.37,15496499
08-04-2022,1184.67,1188.91,1159.47,1159.47,15152495
11-04-2022,1182.21,1195.05,1169.89,1177.59,9254209
12-04-2022,1159.95,1178.76,1157.39,1171.70,13217742
13-04-2022,1155.69,1174.23,1152.90,1166.04,10354235
18-04-2022,1152.16,1159.38,1142.17,1147.24,9974224
19-04-2022,1196.07,1208.39,1155.42,1158.56,26141820
20-04-2022,1231.23,1238.28,1199.82,1203.45,25072240
21-04-2022,1260.06,1263.19,1237.37,1245.93,21708633
22-04-2022,1249.51,1269.08,1242.90,1249.56,15054154
25-04-2022,1220.61,1249.33,1206.41,1242.08,17063215
26-04-2022,1257.14,1265.91,1226.37,1227.41,12227666
27-04-2022,1258.36,1280.85,1247.81,1248.17,19338945
28-04-2022,1277.16,1291.27,1261.87,1272.68,25614076
29-04-2022,1263.75,1293.60,1257.89,1293.60,18214862
02-05-2022,1259.32,1270.66,1249.17,1250.96,9467006
04-05-2022,1220.00,1263.64,1212.14,1261.38,19247660
05-05-2022,1196.11,1236.47,1192.08,1233.52,17210669
06-05-2022,1186.94,1204.31,1174.67,1183.11,19649948
09-05-2022,1140.58,1176.27,1135.47,1166.24,18083752
10-05-2022,1120.81,1144.34,1113.27,1130.03,19511677
11-05-2022,1109.33,1125.48,1096.94,1119.91,16643899
12-05-2022,1086.73,1102.79,1073.42,1099.46,20490321
13-05-2022,1099.05,1122.33,1093.96,1098.78,19308778
16-05-2022,1099.32,1123.69,1094.54,1102.61,13437911
17-05-2022,1145.50,1150.37,1101.50,1102.90,16551828
18-05-2022,1149.66,1164.00,1136.03,1150.25,17276788
19-05-2022,1123.17,1137.96,1116.92,1125.05,14699118
20-05-2022,1188.66,1197.70,1133.20,1137.96,21793091
23-05-2022,1180.71,1201.84,1174.42,1191.85,15252755
24-05-2022,1184.77,1194.80,1176.54,1180.76,13527818
25-05-2022,1183.02,1203.27,1178.27,1193.44,12714544
26-05-2022,1171.74,1193.39,1154.03,1188.64,17882023
27-05-2022,1166.31,1179.92,1150.46,1174.44,16521973
30-05-2022,1206.94,1211.10,1174.96,1184.38,13853398
31-05-2022,1192.37,1213.28,1184.70,1196.34,70620653
01-06-2022,1192.76,1202.59,1184.92,1193.12,9776989
02-06-2022,1233.88,1237.58,1192.99,1192.99,22126569
03-06-2022,1258.89,1276.03,1241.90,1242.81,23939791
06-06-2022,1253.47,1274.51,1246.34,1259.11,11093152
07-06-2022,1255.83,1264.14,1246.45,1254.54,12358255
08-06-2022,1233.77,1259.56,1230.26,1255.83,12479250
09-06-2022,1267.60,1269.53,1227.41,1227.41,17278305
10-06-2022,1229.33,1263.60,1223.56,1255.44,18093057
13-06-2022,1206.08,1210.56,1184.97,1200.23,17620803
14-06-2022,1190.31,1210.13,1183.68,1200.26,14714312
15-06-2022,1175.91,1194.48,1170.52,1185.54,11195535
16-06-2022,1159.47,1204.33,1156.75,1188.00,17111475
17-06-2022,1173.06,1188.84,1157.70,1159.47,24457187
20-06-2022,1151.79,1185.33,1141.85,1179.85,12066797
21-06-2022,1170.39,1174.60,1145.11,1159.47,11720049
22-06-2022,1134.83,1158.70,1132.75,1158.61,10617206
23-06-2022,1116.42,1143.62,1107.38,1139.11,19446323
24-06-2022,1132.32,1137.28,1117.80,1123.24,14240234
27-06-2022,1128.97,1152.65,1123.94,1152.65,15474529
28-06-2022,1144.84,1147.67,1124.19,1124.19,13572847
29-06-2022,1168.60,1176.23,1132.75,1135.56,19205146
30-06-2022,1175.62,1184.79,1162.19,1168.53,23112959
01-07-2022,1090.94,1173.96,1071.15,1166.22,81997149
04-07-2022,1093.21,1106.03,1071.65,1077.47,41857728
05-07-2022,1102.06,1116.40,1094.75,1097.42,17647327
06-07-2022,1092.37,1106.00,1081.57,1096.11,23943726
07-07-2022,1081.61,1102.06,1075.68,1098.73,23301033
08-07-2022,1083.11,1095.16,1079.10,1095.16,19010108
11-07-2022,1097.83,1100.05,1073.42,1076.36,13847467
12-07-2022,1096.27,1104.98,1088.81,1088.81,10778989
13-07-2022,1076.83,1102.40,1074.77,1099.37,14224132
14-07-2022,1085.71,1102.38,1076.56,1081.57,16970315
15-07-2022,1087.82,1093.80,1079.35,1093.80,9603210
18-07-2022,1097.08,1098.33,1083.52,1096.51,15160908
19-07-2022,1103.81,1108.29,1087.14,1087.14,16439888
20-07-2022,1133.65,1151.54,1126.07,1150.41,23924246
21-07-2022,1126.09,1132.29,1117.48,1129.58,16523230
22-07-2022,1133.70,1139.68,1130.03,1132.29,10969995
25-07-2022,1096.24,1117.55,1088.36,1117.55,23110452
26-07-2022,1096.74,1106.89,1092.14,1096.56,11303288
27-07-2022,1095.70,1099.23,1087.91,1096.04,8655086
28-07-2022,1112.86,1117.78,1096.51,1103.31,12496073
29-07-2022,1136.57,1140.04,1115.99,1120.84,15130683
01-08-2022,1166.20,1172.04,1135.74,1140.97,15700044
02-08-2022,1170.63,1181.12,1160.17,1165.13,13917913
03-08-2022,1180.46,1182.12,1162.84,1177.59,14250977
04-08-2022,1164.86,1185.63,1148.15,1182.12,14467127
05-08-2022,1147.69,1167.98,1144.50,1166.72,13942438
08-08-2022,1162.71,1170.14,1146.34,1146.34,10165178
10-08-2022,1169.66,1173.01,1158.13,1167.12,10724688
11-08-2022,1173.56,1182.07,1168.62,1178.99,8198226
12-08-2022,1192.53,1196.31,1169.52,1173.19,12650587
16-08-2022,1200.82,1203.54,1189.95,1198.51,6607378
17-08-2022,1207.09,1212.42,1202.75,1207.03,6595965
18-08-2022,1209.28,1212.78,1199.70,1208.69,7410035
19-08-2022,1187.72,1209.46,1183.68,1204.15,9460724
22-08-2022,1184.43,1195.65,1175.07,1189.15,9471680
23-08-2022,1202.69,1205.60,1177.50,1178.70,9678484
24-08-2022,1199.49,1213.24,1197.49,1199.65,10369622
25-08-2022,1195.99,1210.01,1191.70,1203.67,7871946
26-08-2022,1189.61,1204.15,1184.61,1196.42,10742038
29-08-2022,1180.36,1206.42,1171.45,1174.61,19838975
30-08-2022,1198.67,1201.99,1170.80,1187.79,23139054
01-09-2022,1163.43,1183.68,1159.03,1173.55,19909939
02-09-2022,1149.85,1170.23,1147.67,1163.43,12999345
05-09-2022,1167.71,1173.02,1150.08,1150.08,11327815
06-09-2022,1180.00,1184.16,1168.71,1169.16,10899618
07-09-2022,1173.14,1179.11,1167.80,1170.07,7488501
08-09-2022,1174.79,1180.52,1168.25,1176.09,7057077
09-09-2022,1167.48,1185.97,1165.07,1185.97,8314850
12-09-2022,1180.54,1186.88,1168.05,1168.05,7435419
13-09-2022,1190.40,1194.92,1181.88,1189.61,8888657
14-09-2022,1176.13,1185.97,1169.05,1170.07,8678219
15-09-2022,1164.48,1183.04,1161.78,1173.70,10365600
16-09-2022,1135.63,1160.07,1131.90,1155.87,20217708
19-09-2022,1137.10,1146.30,1127.51,1135.63,7580254
20-09-2022,1137.28,1153.12,1133.58,1146.19,8411448
21-09-2022,1140.42,1150.98,1133.72,1134.51,9207309
22-09-2022,1129.67,1137.35,1123.31,1129.63,10308170
23-09-2022,1108.50,1134.15,1106.95,1129.17,9528051
26-09-2022,1080.26,1098.64,1079.26,1087.85,12479523
27-09-2022,1088.85,1102.36,1072.42,1087.82,16154822
28-09-2022,1059.86,1080.55,1057.42,1072.53,16997059
29-09-2022,1056.61,1075.78,1051.02,1072.37,14671827
30-09-2022,1080.44,1091.46,1050.11,1050.11,18613024
03-10-2022,1076.69,1098.25,1073.74,1086.69,11852723
04-10-2022,1096.55,1098.73,1086.07,1089.55,8948850
06-10-2022,1100.59,1113.27,1098.80,1103.73,13352162
07-10-2022,1105.25,1110.50,1097.21,1097.21,7714340
10-10-2022,1093.19,1098.55,1085.10,1092.82,6329527
11-10-2022,1071.42,1096.91,1068.33,1096.91,9215177
12-10-2022,1079.30,1082.23,1064.69,1068.74,7417103
13-10-2022,1082.73,1087.82,1072.42,1077.55,7328492
14-10-2022,1077.24,1097.98,1076.51,1097.37,9106089
17-10-2022,1094.53,1096.91,1064.92,1070.10,16729355
18-10-2022,1113.84,1119.18,1099.71,1100.55,12415820
19-10-2022,1133.22,1148.64,1109.50,1115.31,19247142
20-10-2022,1136.26,1144.62,1129.17,1129.17,8717053
21-10-2022,1123.08,1143.62,1120.99,1139.49,8243452
24-10-2022,1126.83,1137.13,1115.68,1117.81,3370033
25-10-2022,1109.43,1135.53,1107.82,1135.53,12233241
27-10-2022,1113.79,1121.65,1105.45,1116.90,12513059
28-10-2022,1147.87,1151.89,1117.56,1120.09,17609592
31-10-2022,1158.53,1163.68,1150.62,1154.62,12419943
01-11-2022,1149.55,1181.43,1139.62,1181.43,13963166
02-11-2022,1156.73,1158.80,1142.81,1150.67,8981896
03-11-2022,1161.05,1163.05,1147.37,1149.55,6693449
04-11-2022,1178.13,1181.43,1159.21,1160.48,12575815
07-11-2022,1184.43,1186.11,1169.61,1177.34,11789748
09-11-2022,1183.25,1191.40,1176.91,1186.11,11254205
10-11-2022,1168.93,1179.86,1164.62,1176.88,5966242
11-11-2022,1195.88,1197.79,1175.98,1181.43,12310132
14-11-2022,1190.09,1200.51,1183.77,1195.40,9043112
15-11-2022,1184.75,1193.42,1176.88,1191.56,7086433
16-11-2022,1177.95,1188.68,1172.95,1185.97,9716161
17-11-2022,1181.00,1187.34,1172.34,1174.59,6661451
18-11-2022,1180.36,1185.52,1168.30,1184.50,5303197
21-11-2022,1159.12,1175.98,1155.57,1175.98,6390268
22-11-2022,1165.55,1167.12,1152.57,1156.44,6611488
23-11-2022,1161.91,1171.39,1159.73,1170.07,6413408
24-11-2022,1171.93,1178.70,1157.89,1165.98,9389439
25-11-2022,1189.43,1192.74,1173.29,1176.43,7349922
28-11-2022,1230.30,1236.43,1136.90,1185.47,31527484
29-11-2022,1232.41,1241.25,1224.14,1228.66,11058913
30-11-2022,1241.11,1247.52,1226.05,1232.55,26164986
01-12-2022,1237.46,1251.86,1234.14,1245.86,9485801
02-12-2022,1236.93,1248.68,1227.14,1240.50,11589592
05-12-2022,1218.89,1234.48,1216.87,1232.32,14828536
06-12-2022,1222.42,1225.51,1209.15,1211.01,8594245
07-12-2022,1204.38,1224.60,1200.58,1220.05,8462111
08-12-2022,1203.81,1210.96,1199.65,1208.69,7757008
09-12-2022,1185.56,1208.69,1182.27,1202.33,12655763
12-12-2022,1187.38,1191.88,1174.61,1174.84,9479842
13-12-2022,1192.79,1196.42,1184.47,1187.38,8333348
14-12-2022,1188.47,1199.13,1186.43,1198.54,7268947
15-12-2022,1171.59,1188.24,1168.25,1182.56,8688551
16-12-2022,1165.80,1189.97,1162.41,1168.25,15837349
19-12-2022,1181.11,1183.25,1166.30,1172.80,7729933
20-12-2022,1191.33,1193.24,1165.98,1174.11,7467588
21-12-2022,1174.39,1196.42,1170.57,1190.97,8527550
22-12-2022,1171.34,1183.54,1166.32,1180.52,7451122
23-12-2022,1136.99,1177.11,1132.47,1164.75,10257115
26-12-2022,1146.92,1155.07,1132.54,1142.69,5990242
27-12-2022,1156.30,1158.16,1142.92,1149.62,5763271
28-12-2022,1156.19,1158.62,1145.76,1153.26,7459393
29-12-2022,1155.66,1158.21,1147.58,1148.26,6930648
30-12-2022,1157.44,1170.98,1154.66,1156.48,7289476
02-01-2023,1170.48,1171.89,1157.89,1158.71,5316175
03-01-2023,1161.91,1169.16,1157.71,1165.55,7658932
04-01-2023,1144.42,1163.73,1142.35,1161.89,9264891
05-01-2023,1142.37,1152.53,1137.81,1146.67,13637099
06-01-2023,1152.76,1157.78,1144.30,1148.10,6349597
09-01-2023,1179.97,1182.34,1155.69,1156.57,10722753
10-01-2023,1162.53,1184.16,1156.89,1184.16,8047142
11-01-2023,1147.87,1162.34,1145.58,1159.85,11509553
12-01-2023,1123.08,1150.76,1120.09,1147.28,17688773
13-01-2023,1121.27,1123.68,1106.27,1117.09,20618583
16-01-2023,1110.59,1126.74,1102.82,1123.58,13623855
17-01-2023,1126.36,1128.26,1113.54,1116.90,10751000
18-01-2023,1124.49,1131.95,1117.97,1123.95,13448286
19-01-2023,1123.29,1127.42,1116.29,1123.68,11940054
20-01-2023,1109.93,1124.63,1107.48,1124.63,14930286
23-01-2023,1104.32,1120.63,1101.91,1112.82,10954118
24-01-2023,1097.80,1110.38,1084.80,1108.73,16488755
25-01-2023,1082.62,1097.23,1081.46,1096.21,12385018
27-01-2023,1062.08,1084.80,1050.40,1083.46,25830975
30-01-2023,1072.26,1077.78,1045.56,1059.51,21772103
31-01-2023,1069.58,1084.94,1063.74,1082.37,22691594
01-02-2023,1063.24,1081.44,1047.38,1081.44,19347800
02-02-2023,1057.36,1066.92,1050.11,1053.29,13662663
03-02-2023,1058.29,1067.38,1041.93,1067.38,24699575
06-02-2023,1050.31,1054.65,1047.75,1051.93,14837879
07-02-2023,1047.79,1057.56,1041.93,1050.56,15135435
08-02-2023,1068.72,1072.33,1048.29,1051.02,21160332
09-02-2023,1070.58,1077.30,1060.56,1069.40,13172763
10-02-2023,1061.76,1070.06,1054.79,1070.06,10790445
13-02-2023,1055.72,1067.83,1051.27,1063.38,10352493
14-02-2023,1080.60,1082.33,1055.86,1058.72,14321920
15-02-2023,1105.07,1107.45,1078.28,1079.64,33503591
16-02-2023,1104.20,1119.54,1101.93,1113.02,17264487
17-02-2023,1108.82,1112.13,1095.37,1099.64,11809520
20-02-2023,1097.09,1113.16,1095.14,1111.00,8836937
21-02-2023,1106.04,1111.82,1096.16,1101.46,13311592
22-02-2023,1080.96,1104.18,1079.21,1102.34,11024335
23-02-2023,1075.78,1088.16,1072.99,1080.55,9851910
24-02-2023,1083.14,1088.80,1076.01,1077.83,9434053
27-02-2023,1075.94,1085.85,1068.60,1082.37,11199715
28-02-2023,1055.36,1075.55,1051.31,1070.60,21994038
01-03-2023,1065.06,1065.78,1055.67,1065.10,11551145
02-03-2023,1056.95,1068.58,1054.93,1061.92,9333535
03-03-2023,1083.92,1087.57,1063.99,1067.44,14643807
06-03-2023,1094.50,1101.73,1090.55,1090.55,10171916
08-03-2023,1098.43,1099.18,1083.73,1094.50,15782657
09-03-2023,1072.03,1098.23,1070.15,1097.82,16235128
10-03-2023,1055.43,1065.10,1051.95,1063.97,13334091
13-03-2023,1038.07,1065.10,1033.75,1058.29,12771592
14-03-2023,1034.18,1047.36,1031.05,1036.02,16027522
15-03-2023,1016.51,1044.34,1012.12,1037.89,21728555
16-03-2023,1011.44,1024.21,1000.67,1019.21,18363159
17-03-2023,1010.17,1023.28,1005.44,1020.00,34014213
20-03-2023,1000.24,1008.76,990.58,1006.49,19524589
21-03-2023,1031.34,1033.30,1007.40,1008.28,21400360
22-03-2023,1034.48,1041.22,1031.48,1038.29,10920094
23-03-2023,1021.39,1031.43,1019.23,1030.57,16249370
24-03-2023,1001.17,1022.39,998.76,1020.23,12375945
27-03-2023,1016.73,1024.21,999.76,1007.62,14054323
28-03-2023,1021.48,1025.34,1016.48,1020.12,12576424
29-03-2023,1015.44,1020.03,1004.71,1017.39,18804065
31-03-2023,1059.22,1064.85,1024.53,1024.66,28171201
03-04-2023,1059.40,1067.38,1051.93,1065.56,10293043
05-04-2023,1056.86,1066.92,1049.00,1066.92,16262928
06-04-2023,1063.94,1069.65,1053.36,1053.36,18435046
10-04-2023,1056.40,1068.01,1054.90,1067.83,12961408
11-04-2023,1061.63,1063.74,1056.04,1060.56,10542367
12-04-2023,1066.31,1075.92,1058.76,1061.63,18179087
13-04-2023,1070.33,1075.01,1064.19,1069.19,12378208
17-04-2023,1075.76,1101.89,1067.40,1101.89,17929479
18-04-2023,1063.44,1080.10,1056.92,1080.10,10405576
19-04-2023,1068.74,1071.42,1059.74,1062.85,12273475
20-04-2023,1066.03,1071.92,1059.70,1069.69,7007330
21-04-2023,1067.38,1072.83,1061.65,1068.13,7647317
24-04-2023,1071.47,1081.87,1066.92,1079.19,12936186
25-04-2023,1079.67,1081.73,1068.06,1075.10,9236126
26-04-2023,1073.33,1084.23,1069.67,1081.01,8617834
27-04-2023,1080.12,1083.28,1074.19,1079.19,9167125
28-04-2023,1099.86,1101.41,1082.26,1082.37,15565210
02-05-2023,1109.20,1111.36,1103.32,1107.00,12981805
03-05-2023,1099.68,1111.00,1096.48,1111.00,7061872
04-05-2023,1112.36,1114.56,1097.18,1100.16,8635233
05-05-2023,1109.52,1118.43,1106.91,1109.18,8746585
08-05-2023,1123.22,1128.56,1110.61,1113.27,9153782
09-05-2023,1126.70,1129.99,1119.29,1124.63,6464721
10-05-2023,1134.44,1135.92,1127.45,1131.45,10872255
11-05-2023,1127.04,1140.31,1125.33,1135.51,10557860
12-05-2023,1128.88,1130.26,1116.22,1122.27,6955341
15-05-2023,1131.10,1138.06,1123.79,1131.40,6833343
16-05-2023,1115.00,1135.81,1113.34,1133.26,8717229
17-05-2023,1108.41,1120.09,1103.73,1119.18,8798967
18-05-2023,1106.02,1116.45,1102.89,1113.06,10525531
19-05-2023,1109.61,1111.43,1099.12,1106.02,8050447
22-05-2023,1115.54,1120.54,1105.25,1106.45,7434906
23-05-2023,1115.34,1121.45,1113.93,1118.11,6092034
24-05-2023,1108.84,1119.63,1105.75,1111.41,8112254
25-05-2023,1108.70,1112.82,1097.84,1105.95,11487863
26-05-2023,1138.94,1140.08,1113.61,1116.90,12626260
29-05-2023,1145.35,1149.62,1139.26,1145.53,10010304
30-05-2023,1145.05,1153.12,1142.51,1145.35,11342504
31-05-2023,1122.31,1140.46,1118.27,1135.99,27107927
01-06-2023,1119.29,1129.13,1116.90,1126.97,14592692
02-06-2023,1115.63,1128.20,1113.72,1122.81,15800644
05-06-2023,1125.65,1128.61,1117.11,1121.09,10908682
06-06-2023,1126.61,1130.40,1118.72,1128.47,7493309
07-06-2023,1135.15,1135.99,1123.54,1130.08,10312545
08-06-2023,1135.83,1143.65,1131.90,1138.72,12071109
09-06-2023,1127.79,1139.87,1125.99,1139.17,5877018
12-06-2023,1128.79,1131.08,1120.09,1124.86,6391969
13-06-2023,1145.46,1146.64,1129.74,1133.72,11248016
14-06-2023,1159.55,1160.98,1143.71,1145.53,13277380
15-06-2023,1159.87,1164.41,1152.12,1159.53,11813494
16-06-2023,1171.16,1173.43,1163.34,1163.34,24171579
19-06-2023,1159.53,1174.16,1155.37,1174.16,6798554
20-06-2023,1161.94,1165.07,1151.89,1157.60,6921096
21-06-2023,1165.21,1167.73,1157.80,1161.89,6961603
22-06-2023,1152.12,1169.30,1150.53,1161.44,7619166
23-06-2023,1142.69,1151.17,1141.44,1149.12,6628570
26-06-2023,1133.97,1142.99,1130.85,1139.17,12641159
27-06-2023,1134.38,1140.31,1129.92,1134.42,9689466
28-06-2023,1149.39,1153.19,1135.01,1141.90,11354006
30-06-2023,1158.82,1161.73,1151.19,1157.07,11151555
03-07-2023,1188.56,1191.43,1161.14,1162.37,12154387
04-07-2023,1176.32,1192.79,1169.27,1192.79,8061643
05-07-2023,1174.39,1185.52,1170.43,1185.52,10248062
06-07-2023,1199.04,1201.63,1170.55,1170.55,19117987
07-07-2023,1196.70,1210.94,1194.15,1197.33,13375267
10-07-2023,1242.79,1252.31,1215.51,1221.82,33240016
11-07-2023,1256.27,1258.68,1243.95,1250.91,20069348
12-07-2023,1257.65,1273.22,1254.88,1256.99,18733835
13-07-2023,1246.41,1271.85,1243.79,1264.99,14682934
14-07-2023,1245.36,1254.54,1238.27,1249.59,15124144
17-07-2023,1270.81,1279.15,1239.59,1248.23,22220040
18-07-2023,1281.60,1289.33,1269.13,1280.03,25867313
19-07-2023,1291.32,1297.75,1270.94,1285.94,39122156
20-07-2023,1289.76,1295.23,1270.14,1270.14,38717624
21-07-2023,1249.83,1287.32,1242.38,1284.42,30249238
24-07-2023,1224.55,1238.12,1215.64,1221.40,23727866
25-07-2023,1223.77,1233.32,1220.91,1227.80,12026020
26-07-2023,1243.66,1253.90,1223.37,1223.37,12911012
27-07-2023,1232.09,1249.29,1226.01,1247.52,17226898
28-07-2023,1244.47,1251.85,1231.03,1236.69,20827852
31-07-2023,1255.00,1257.29,1239.59,1244.47,8551174
01-08-2023,1237.26,1259.80,1233.37,1257.83,9536632
02-08-2023,1224.04,1236.67,1212.84,1235.29,12748214
03-08-2023,1218.89,1231.20,1210.11,1218.60,10168350
04-08-2023,1235.46,1238.63,1216.78,1230.17,22885610
07-08-2023,1242.50,1244.74,1233.22,1241.10,5982870
08-08-2023,1235.02,1247.72,1230.54,1244.54,9844072
09-08-2023,1243.16,1245.03,1221.45,1233.15,11486586
10-08-2023,1248.70,1255.37,1234.92,1243.04,15470598
11-08-2023,1253.97,1259.73,1236.84,1246.73,22179330
14-08-2023,1268.79,1271.27,1243.07,1249.96,9575812
16-08-2023,1267.75,1271.52,1255.87,1255.87,10203112
17-08-2023,1249.47,1269.21,1246.93,1263.79,13673744
18-08-2023,1258.72,1268.96,1234.97,1246.14,18639978
21-08-2023,1244.99,1262.50,1242.84,1254.84,9221746
22-08-2023,1244.69,1253.85,1234.61,1243.45,7713044
23-08-2023,1246.07,1256.28,1243.48,1247.06,9517952
24-08-2023,1225.13,1254.82,1220.78,1254.82,14140020
25-08-2023,1219.47,1237.58,1206.75,1213.37,22222400
28-08-2023,1207.32,1227.20,1201.07,1221.27,12580826
29-08-2023,1195.76,1212.11,1189.73,1211.42,16876644
30-08-2023,1194.62,1206.95,1193.11,1201.51,12168946
31-08-2023,1189.16,1198.05,1185.65,1197.06,21638600
01-09-2023,1191.95,1198.37,1186.52,1188.94,18112842
04-09-2023,1190.99,1197.39,1188.32,1191.95,9347626
05-09-2023,1197.36,1202.47,1191.85,1195.58,8675876
06-09-2023,1199.88,1203.56,1194.22,1196.13,8200370
07-09-2023,1201.51,1204.60,1191.14,1196.42,13652572
08-09-2023,1209.51,1213.37,1197.04,1205.46,23109288
11-09-2023,1222.56,1223.67,1211.39,1211.39,13271074
12-09-2023,1204.89,1226.71,1203.46,1226.71,16255666
13-09-2023,1210.92,1216.65,1198.67,1205.46,12803338
14-09-2023,1212.03,1218.21,1207.93,1215.34,9209636
15-09-2023,1214.28,1219.30,1210.16,1219.30,25468592
18-09-2023,1203.71,1210.90,1201.54,1205.49,7516300
20-09-2023,1176.88,1199.34,1163.47,1197.09,57081884
21-09-2023,1168.31,1180.81,1165.94,1173.33,12226182
22-09-2023,1163.44,1177.03,1161.00,1173.84,19176786
25-09-2023,1156.28,1166.29,1153.64,1161.20,14254884
26-09-2023,1157.29,1161.10,1153.89,1155.34,10087782
27-09-2023,1170.34,1171.77,1155.32,1157.79,11722778
28-09-2023,1153.14,1177.30,1148.65,1177.30,14518346
29-09-2023,1158.53,1170.44,1153.14,1156.95,12342014
03-10-2023,1145.26,1153.89,1144.20,1151.09,8859056
04-10-2023,1143.29,1145.68,1133.88,1140.74,10286386
05-10-2023,1143.26,1150.82,1140.74,1145.81,10953682
06-10-2023,1145.19,1148.55,1142.25,1144.72,5431026
09-10-2023,1135.43,1142.20,1133.83,1140.30,7576878
10-10-2023,1140.45,1145.14,1138.15,1139.53,10236032
11-10-2023,1158.55,1160.85,1142.72,1143.44,9814118
12-10-2023,1160.70,1165.62,1155.14,1157.96,12554450
13-10-2023,1160.65,1164.70,1150.70,1156.06,10150316
16-10-2023,1158.06,1163.25,1154.08,1158.53,5929036
17-10-2023,1163.59,1165.79,1156.70,1163.96,7928180
18-10-2023,1148.15,1169.40,1146.67,1163.59,8918320
19-10-2023,1139.34,1147.07,1136.79,1142.23,12032556
20-10-2023,1135.85,1143.56,1134.47,1136.30,8913312
23-10-2023,1118.12,1139.38,1114.19,1131.36,7853962
25-10-2023,1115.52,1127.01,1108.14,1111.62,11620688
26-10-2023,1099.98,1115.55,1096.92,1112.09,15222534
27-10-2023,1119.40,1123.20,1104.65,1106.65,11771084
30-10-2023,1142.47,1148.65,1121.45,1123.45,16813304
31-10-2023,1130.32,1150.13,1127.85,1150.13,12808438
01-11-2023,1135.01,1144.94,1124.04,1130.94,10309190
02-11-2023,1146.28,1148.30,1140.22,1143.19,10562104
03-11-2023,1146.03,1153.56,1144.08,1149.73,8850156
06-11-2023,1155.56,1156.06,1148.94,1152.25,10647304
07-11-2023,1148.06,1155.61,1145.96,1153.12,6960204
08-11-2023,1154.03,1156.55,1147.04,1152.11,7884494
09-11-2023,1141.51,1154.03,1138.37,1154.01,14513610
10-11-2023,1143.66,1144.37,1135.33,1139.04,7734954
13-11-2023,1143.51,1148.45,1142.08,1147.61,3854810
15-11-2023,1164.19,1166.90,1149.64,1156.06,12220648
16-11-2023,1166.29,1172.93,1159.49,1161.54,13134910
17-11-2023,1163.74,1172.49,1162.01,1162.43,7758634
20-11-2023,1160.68,1165.15,1154.28,1160.28,4490186
21-11-2023,1175.28,1179.77,1166.04,1168.90,8214450
22-11-2023,1179.87,1182.96,1171.97,1173.35,8534814
23-11-2023,1183.48,1185.70,1179.87,1179.87,8531542
24-11-2023,1182.69,1186.99,1181.28,1181.55,6749486
28-11-2023,1182.93,1185.55,1173.47,1182.69,13792174
29-11-2023,1186.05,1191.61,1184.74,1189.65,12531306
30-11-2023,1174.56,1186.05,1170.83,1183.08,28439984
01-12-2023,1182.89,1183.92,1174.63,1174.83,14342842
04-12-2023,1195.68,1210.40,1185.01,1210.40,15590990
05-12-2023,1204.35,1205.88,1196.40,1204.97,12693624
06-12-2023,1215.89,1221.74,1202.99,1208.97,16422442
07-12-2023,1213.89,1215.81,1206.45,1215.34,8142096
08-12-2023,1213.24,1223.59,1207.93,1217.25,10204894
11-12-2023,1215.02,1219.10,1211.59,1213.37,7066138
12-12-2023,1197.58,1217.79,1195.66,1215.34,9197124
13-12-2023,1202.47,1204.65,1188.81,1196.57,10031182
14-12-2023,1217.39,1222.73,1206.77,1212.38,16972354
15-12-2023,1232.93,1235.11,1220.31,1224.24,15932152
18-12-2023,1245.48,1252.35,1230.63,1232.93,14165188
19-12-2023,1263.81,1271.62,1247.56,1262.28,16820604
20-12-2023,1248.52,1283.94,1244.99,1270.21,17736722
21-12-2023,1266.01,1271.42,1244.12,1248.44,13765454
22-12-2023,1267.24,1275.07,1258.65,1264.55,16541784
26-12-2023,1273.67,1280.53,1266.08,1268.70,7465664
27-12-2023,1278.01,1284.46,1271.22,1275.62,9204156
28-12-2023,1287.25,1290.44,1278.01,1279.47,12302636
29-12-2023,1277.07,1291.43,1274.28,1289.99,10864584
01-01-2024,1279.69,1287.89,1271.24,1274.90,4030540
02-01-2024,1290.29,1291.92,1271.17,1277.10,7448800
03-01-2024,1276.26,1301.31,1273.25,1289.45,9037536
04-01-2024,1282.85,1289.38,1274.18,1278.58,9612778
05-01-2024,1288.31,1294.32,1283.52,1285.94,8086406
08-01-2024,1278.26,1300.29,1269.17,1289.45,7734652
09-01-2024,1274.88,1287.87,1273.25,1284.51,5403074
10-01-2024,1309.26,1313.66,1272.18,1273.15,11102740
11-01-2024,1343.70,1346.27,1312.67,1313.66,23725852
12-01-2024,1354.39,1356.96,1329.71,1343.70,15012164
15-01-2024,1377.51,1379.81,1349.72,1358.62,8610594
16-01-2024,1358.25,1379.66,1354.17,1373.41,9069024
17-01-2024,1345.35,1369.76,1338.88,1343.30,12197382
18-01-2024,1351.65,1354.66,1335.15,1335.30,10279438
19-01-2024,1351.16,1359.60,1342.81,1359.60,10422704
23-01-2024,1312.74,1355.40,1306.79,1355.40,20055420
24-01-2024,1327.86,1333.42,1308.15,1319.31,21919128
25-01-2024,1336.95,1347.90,1319.29,1326.95,11808872
29-01-2024,1430.80,1435.19,1343.97,1348.24,23893438
30-01-2024,1390.85,1442.58,1387.69,1442.55,14093978
31-01-2024,1409.63,1417.16,1385.79,1387.27,15130226
01-02-2024,1409.65,1426.15,1401.15,1417.90,13349362
02-02-2024,1440.33,1457.33,1416.10,1416.10,19652588
05-02-2024,1421.88,1452.98,1414.47,1443.34,8814432
06-02-2024,1410.79,1424.67,1402.91,1424.67,9047984
07-02-2024,1424.97,1432.23,1412.22,1418.82,9296568
08-02-2024,1432.85,1442.08,1410.52,1432.72,14694634
09-02-2024,1443.34,1454.44,1433.66,1436.67,12556798
12-02-2024,1435.04,1443.59,1425.16,1443.34,6674430
13-02-2024,1447.64,1461.38,1436.67,1438.16,7715594
14-02-2024,1463.72,1465.97,1440.13,1440.13,7117888
15-02-2024,1453.08,1467.03,1449.05,1465.67,10006782
16-02-2024,1443.17,1459.40,1441.17,1458.88,9767498
19-02-2024,1456.44,1461.87,1436.21,1444.63,6729828
20-02-2024,1453.50,1457.92,1444.38,1457.45,7117496
21-02-2024,1450.21,1470.79,1440.18,1456.44,12720292
22-02-2024,1464.09,1467.26,1440.63,1450.66,18493728
23-02-2024,1475.83,1479.71,1465.68,1471.75,14438584
26-02-2024,1469.60,1476.72,1464.84,1475.75,7513106
27-02-2024,1467.95,1482.08,1460.44,1465.35,10826044
28-02-2024,1438.28,1473.51,1432.90,1465.33,8647950
29-02-2024,1443.39,1461.35,1437.19,1447.54,23628976
01-03-2024,1474.35,1482.13,1445.07,1446.06,12132926
04-03-2024,1489.44,1494.43,1469.50,1472.72,10024420
05-03-2024,1482.32,1489.44,1468.34,1487.83,7107668
06-03-2024,1485.09,1491.02,1460.88,1475.65,7805676
07-03-2024,1461.30,1485.19,1457.97,1485.07,8315726
11-03-2024,1449.12,1471.26,1446.06,1471.26,11277130
12-03-2024,1457.84,1470.27,1447.57,1449.12,9432678
13-03-2024,1415.11,1465.43,1410.76,1462.14,13522134
14-03-2024,1414.42,1431.27,1408.51,1422.55,18571102
15-03-2024,1401.33,1416.15,1396.06,1408.96,19223818
18-03-2024,1422.32,1424.55,1399.65,1403.08,9169392
19-03-2024,1408.27,1420.47,1400.36,1411.73,8275764
20-03-2024,1426.55,1427.78,1407.06,1410.94,8488806
21-03-2024,1433.69,1440.53,1427.46,1435.22,13006936
22-03-2024,1437.69,1442.60,1430.10,1432.70,19527608
26-03-2024,1424.40,1435.09,1421.85,1427.78,11415906
27-03-2024,1475.06,1482.13,1429.76,1430.75,16326644
28-03-2024,1468.15,1488.01,1461.03,1475.09,21854364
01-04-2024,1467.08,1476.17,1464.84,1474.69,5013880
02-04-2024,1469.23,1476.20,1457.42,1466.32,8910166
03-04-2024,1454.07,1466.76,1451.40,1464.42,7008292
04-04-2024,1445.49,1462.12,1432.72,1462.12,14490272
05-04-2024,1442.70,1453.27,1438.65,1443.47,7442298
08-04-2024,1468.27,1473.21,1443.59,1445.54,8357118
09-04-2024,1446.21,1472.05,1445.07,1471.26,7071414
10-04-2024,1461.95,1469.28,1448.88,1448.88,9138330
12-04-2024,1449.67,1468.76,1445.64,1458.29,15551012
15-04-2024,1447.37,1464.46,1429.09,1443.59,12902062
16-04-2024,1448.28,1453.65,1433.64,1436.03,9366184
18-04-2024,1446.88,1468.29,1441.96,1446.06,19005692
19-04-2024,1452.61,1456.44,1425.83,1439.42,15741778
22-04-2024,1462.22,1465.16,1450.31,1454.90,10350362
23-04-2024,1441.94,1475.70,1438.21,1461.38,14605554
24-04-2024,1432.90,1451.05,1432.23,1446.06,10462776
25-04-2024,1442.58,1450.48,1424.32,1425.31,15943926
26-04-2024,1435.24,1447.54,1432.72,1446.51,9413848
29-04-2024,1447.57,1450.41,1432.72,1432.72,7247974
30-04-2024,1449.52,1465.40,1445.44,1450.51,11474262
02-05-2024,1449.08,1459.72,1446.68,1454.46,14512646
03-05-2024,1416.91,1457.38,1399.28,1453.47,17226958
06-05-2024,1402.61,1422.84,1401.10,1418.40,7394208
07-05-2024,1384.78,1403.82,1375.41,1399.10,14517472
08-05-2024,1401.65,1415.88,1380.85,1380.85,9439002
09-05-2024,1377.51,1406.79,1373.44,1396.16,11009612
10-05-2024,1390.65,1393.20,1371.54,1380.11,10505096
13-05-2024,1385.99,1390.21,1367.51,1383.22,8456620
14-05-2024,1403.15,1410.07,1383.34,1384.28,7188300
15-05-2024,1399.40,1412.94,1396.19,1403.57,5046534
16-05-2024,1408.37,1410.49,1381.37,1401.65,14711774
17-05-2024,1418.59,1420.07,1396.41,1406.09,10916476
21-05-2024,1419.01,1424.64,1408.61,1408.61,11176128
22-05-2024,1443.25,1451.27,1419.16,1419.16,10281604
23-05-2024,1468.34,1474.44,1437.66,1441.17,14608260
24-05-2024,1462.61,1470.76,1458.51,1465.95,7094776
27-05-2024,1448.78,1467.21,1444.13,1462.59,6629010
28-05-2024,1438.85,1460.88,1435.44,1450.51,7820162
29-05-2024,1423.61,1440.63,1421.31,1429.26,7383556
30-05-2024,1407.87,1423.24,1403.18,1418.40,13206858
31-05-2024,1413.36,1425.06,1405.30,1414.25,31069832
03-06-2024,1492.33,1496.45,1441.62,1465.33,21527942
04-06-2024,1380.63,1480.20,1343.10,1480.20,36709098
05-06-2024,1403.82,1414.10,1367.61,1405.06,17464890
06-06-2024,1414.54,1426.50,1404.41,1417.90,17855722
07-06-2024,1452.43,1454.46,1409.50,1411.48,18558696
10-06-2024,1453.87,1475.56,1450.58,1452.43,9251760
11-06-2024,1439.32,1456.12,1437.34,1451.50,11774902
12-06-2024,1445.89,1458.41,1437.84,1440.13,10081742
13-06-2024,1447.79,1454.71,1442.70,1454.46,9181160
14-06-2024,1459.94,1462.04,1439.86,1452.48,8157998
18-06-2024,1463.38,1469.68,1453.82,1469.63,7196766
19-06-2024,1441.27,1469.78,1438.65,1469.78,8725874
20-06-2024,1456.14,1465.18,1432.82,1441.62,16113776
21-06-2024,1436.87,1457.13,1423.41,1456.07,31170360
24-06-2024,1424.30,1432.23,1420.37,1428.30,8878386
25-06-2024,1436.82,1438.58,1423.83,1425.81,7045386
26-06-2024,1495.98,1500.88,1427.91,1428.82,22014882
27-06-2024,1512.31,1519.18,1488.06,1495.71,28383030
28-06-2024,1546.75,1562.16,1512.78,1512.78,28957336
01-07-2024,1541.56,1560.58,1537.14,1543.91,7724306
02-07-2024,1546.53,1554.75,1538.45,1550.80,7749246
03-07-2024,1533.93,1556.23,1524.39,1547.66,9049620
04-07-2024,1535.51,1548.82,1532.32,1538.45,6837176
05-07-2024,1569.70,1579.45,1529.55,1535.31,12269710
08-07-2024,1581.82,1589.63,1563.67,1570.07,9500806
09-07-2024,1571.33,1581.43,1561.67,1578.56,6960002
10-07-2024,1565.35,1578.46,1544.52,1575.99,7134578
11-07-2024,1561.82,1585.13,1551.79,1568.58,11940946
12-07-2024,1577.70,1586.02,1555.74,1565.62,12924784
15-07-2024,1578.19,1586.72,1566.61,1585.33,5329688
16-07-2024,1557.47,1580.94,1550.43,1574.51,9386838
18-07-2024,1567.77,1574.91,1539.26,1557.22,12298374
19-07-2024,1536.62,1571.03,1534.30,1567.10,13140390
22-07-2024,1482.79,1519.18,1481.41,1518.93,19674376
23-07-2024,1470.17,1487.81,1445.57,1483.11,18052044
24-07-2024,1477.88,1491.51,1458.81,1467.31,11913362
25-07-2024,1474.62,1482.60,1459.47,1463.35,12519876
26-07-2024,1491.04,1494.40,1472.59,1474.62,9859940
29-07-2024,1501.99,1509.30,1493.76,1493.93,7538550
30-07-2024,1495.12,1506.83,1492.01,1498.95,8228208
31-07-2024,1487.49,1492.45,1483.26,1486.08,10057346
01-08-2024,1497.24,1499.91,1486.38,1493.98,10764222
02-08-2024,1481.46,1491.34,1475.48,1487.07,10268248
05-08-2024,1430.08,1466.22,1416.17,1462.36,17046704
06-08-2024,1438.70,1459.89,1434.03,1437.81,10236186
07-08-2024,1447.37,1454.95,1444.09,1451.50,8174568
08-08-2024,1431.86,1447.54,1428.70,1440.16,12387192
09-08-2024,1456.73,1458.91,1438.65,1442.60,6249776
12-08-2024,1443.22,1455.45,1440.38,1452.48,8184584
13-08-2024,1446.19,1452.56,1440.63,1443.34,6265064
14-08-2024,1444.43,1454.46,1436.38,1446.11,6267466
16-08-2024,1460.59,1462.76,1440.68,1451.15,9416902
19-08-2024,1475.66,1485.47,1467.82,1469.81,13797742
20-08-2024,1483.14,1491.05,1477.27,1484.41,8411808
21-08-2024,1485.84,1494.96,1477.24,1480.46,7769996
22-08-2024,1485.30,1493.60,1477.89,1490.13,10445782
23-08-2024,1487.13,1498.38,1485.60,1490.87,9249654
26-08-2024,1499.65,1509.96,1490.13,1494.07,8816114
27-08-2024,1487.60,1500.52,1486.61,1497.57,6251156
28-08-2024,1485.47,1494.57,1480.22,1492.11,9610286
29-08-2024,1507.90,1523.84,1481.21,1490.23,38335358
30-08-2024,1496.70,1526.54,1490.45,1520.87,41620730
02-09-2024,1503.27,1513.73,1493.73,1497.94,11240852
03-09-2024,1496.20,1509.96,1494.59,1508.23,10923800
04-09-2024,1501.58,1504.51,1486.66,1487.85,11983304
05-09-2024,1480.19,1512.71,1474.32,1506.04,16264168
06-09-2024,1452.28,1484.18,1449.11,1479.72,19394228
09-09-2024,1449.93,1457.34,1443.14,1453.94,9010298
10-09-2024,1449.01,1459.45,1445.10,1448.00,10768260
11-09-2024,1439.07,1456.17,1435.16,1450.52,9760202
12-09-2024,1467.13,1473.28,1433.50,1444.53,22349376
13-09-2024,1460.02,1470.45,1456.92,1463.76,8711328
16-09-2024,1458.75,1468.22,1452.21,1464.90,5481774
17-09-2024,1459.69,1464.82,1454.07,1461.38,5935328
18-09-2024,1450.92,1469.31,1448.04,1457.41,8574714
19-09-2024,1457.09,1463.86,1443.09,1453.70,16955902
20-09-2024,1473.20,1482.20,1458.78,1461.38,30897320
23-09-2024,1480.59,1488.64,1476.20,1478.23,8832314
24-09-2024,1476.62,1487.65,1475.14,1475.76,17137444
25-09-2024,1481.16,1483.69,1467.53,1471.19,7069002
26-09-2024,1485.12,1491.12,1475.31,1477.89,18818998
27-09-2024,1513.11,1520.35,1479.23,1486.17,20597478
30-09-2024,1463.93,1511.92,1461.78,1506.39,27008814
01-10-2024,1452.28,1475.21,1450.30,1467.97,16431642
03-10-2024,1394.93,1436.99,1390.07,1424.28,37757294
04-10-2024,1374.65,1405.21,1369.94,1391.90,37072876
07-10-2024,1358.99,1384.54,1349.72,1381.57,22181340
08-10-2024,1385.39,1389.00,1353.41,1361.22,17020808
09-10-2024,1362.83,1388.98,1360.75,1385.56,14310610
10-10-2024,1359.31,1374.13,1357.70,1368.21,22358646
11-10-2024,1360.35,1371.43,1357.11,1358.27,7980122
14-10-2024,1360.77,1368.26,1356.54,1367.64,12221432
15-10-2024,1332.52,1359.96,1329.22,1346.89,33762794
16-10-2024,1342.48,1352.32,1326.17,1328.53,20034438
17-10-2024,1344.81,1356.73,1340.47,1354.01,15543660
18-10-2024,1347.66,1356.71,1329.84,1340.60,12082452
21-10-2024,1357.48,1362.24,1346.10,1355.42,14067408
22-10-2024,1331.85,1364.22,1328.75,1357.48,15831960
23-10-2024,1327.06,1345.85,1323.57,1326.05,17214742
24-10-2024,1328.33,1332.20,1311.80,1323.84,22155934
25-10-2024,1316.48,1332.84,1310.68,1332.00,18597496
28-10-2024,1322.93,1341.42,1310.78,1325.55,10824350
29-10-2024,1328.53,1331.70,1309.00,1316.73,12008361
30-10-2024,1332.39,1338.44,1314.00,1323.57,11984423
31-10-2024,1320.65,1331.50,1314.80,1328.53,9331650
01-11-2024,1327.19,1330.46,1321.59,1321.64,2127335
04-11-2024,1291.00,1328.53,1274.10,1326.40,19796890
05-11-2024,1294.12,1298.34,1275.14,1281.93,16267479
06-11-2024,1314.00,1316.93,1289.07,1298.78,21625209
07-11-2024,1294.47,1312.66,1291.45,1312.66,9611974
08-11-2024,1272.76,1290.51,1264.08,1286.54,19814406
11-11-2024,1261.80,1274.99,1256.15,1268.00,9056552
12-11-2024,1263.34,1278.26,1256.65,1264.63,10671091
13-11-2024,1241.33,1264.53,1238.80,1259.37,14633633
14-11-2024,1256.75,1261.70,1240.39,1242.87,12612633
18-11-2024,1249.96,1262.00,1233.25,1256.75,13620611
19-11-2024,1231.02,1270.53,1224.57,1249.96,14183746
21-11-2024,1212.53,1233.30,1206.83,1231.02,19433843
22-11-2024,1254.57,1257.99,1211.98,1218.87,20471957
25-11-2024,1275.98,1293.28,1271.47,1278.95,28923341
26-11-2024,1284.61,1286.74,1273.20,1283.86,9247557
27-11-2024,1282.13,1292.69,1274.99,1282.43,9572746
28-11-2024,1259.92,1285.50,1258.18,1278.91,15027412
29-11-2024,1281.14,1288.37,1264.33,1269.04,13202307
02-12-2024,1297.94,1300.12,1266.12,1276.97,11024152
03-12-2024,1311.97,1315.44,1295.81,1305.72,16869482
04-12-2024,1297.74,1317.03,1292.88,1314.65,19608540
05-12-2024,1310.73,1318.56,1294.97,1303.10,16858723
06-12-2024,1300.32,1312.56,1298.78,1312.56,9037514
09-12-2024,1284.06,1303.74,1282.03,1291.84,14650002
10-12-2024,1273.85,1283.81,1269.24,1278.21,16043729
11-12-2024,1267.26,1278.95,1265.12,1274.00,11724373
12-12-2024,1252.09,1267.26,1249.81,1259.13,20906813
13-12-2024,1261.95,1264.28,1228.99,1249.21,28630222
16-12-2024,1257.44,1270.03,1255.71,1264.08,9486781
17-12-2024,1234.64,1253.08,1232.16,1250.25,17462791
18-12-2024,1242.52,1249.16,1230.03,1230.03,12670179
19-12-2024,1219.91,1234.24,1218.48,1228.39,14244653
20-12-2024,1194.98,1228.89,1191.21,1213.52,20312896
23-12-2024,1211.83,1216.69,1202.81,1204.60,10052824
24-12-2024,1212.28,1222.99,1210.55,1211.83,6734917
26-12-2024,1206.13,1217.19,1203.85,1213.77,10016178
27-12-2024,1210.60,1217.39,1206.58,1207.87,7000397
30-12-2024,1200.33,1212.73,1197.76,1205.99,8818766
31-12-2024,1205.04,1208.66,1195.82,1197.66,6405475
01-01-2025,1210.79,1215.80,1201.23,1204.45,5892590
02-01-2025,1231.17,1233.79,1209.55,1210.79,15486276
03-01-2025,1240.44,1251.24,1224.92,1233.25,15521102
06-01-2025,1207.57,1251.19,1204.60,1243.21,14816766
07-01-2025,1230.23,1233.84,1210.79,1211.54,10070505
08-01-2025,1254.66,1260.17,1234.69,1238.31,19346579
09-01-2025,1244.01,1258.88,1237.36,1256.15,12794704
10-01-2025,1231.27,1245.99,1225.42,1243.11,8120332
13-01-2025,1229.23,1234.59,1215.90,1219.47,13764861
14-01-2025,1228.14,1242.62,1216.74,1233.45,13095266
15-01-2025,1241.48,1246.24,1231.22,1234.29,9578856
16-01-2025,1255.61,1264.08,1240.59,1248.12,14117603
17-01-2025,1291.20,1314.65,1274.00,1310.93,29366277
20-01-2025,1294.27,1304.73,1289.12,1304.73,14040244
21-01-2025,1262.79,1301.76,1259.32,1299.28,14562976
22-01-2025,1266.17,1271.92,1257.84,1267.36,10273590
23-01-2025,1252.83,1266.41,1250.80,1259.13,8720682
24-01-2025,1235.63,1262.10,1232.85,1255.16,14235970
27-01-2025,1218.82,1229.83,1209.55,1228.49,9536019
28-01-2025,1223.83,1234.09,1208.07,1227.40,10568025
29-01-2025,1224.92,1232.11,1217.54,1225.42,5928156
30-01-2025,1242.32,1246.24,1221.85,1224.97,9269259
31-01-2025,1254.27,1256.15,1238.31,1245.10,6584612
01-02-2025,1253.77,1259.67,1230.37,1254.27,7118453
03-02-2025,1235.23,1245.25,1226.95,1240.29,9252345
04-02-2025,1274.20,1277.77,1235.93,1237.36,16691069
05-02-2025,1267.26,1279.45,1265.77,1271.67,10112028
06-02-2025,1270.58,1276.97,1259.47,1262.79,9956001
07-02-2025,1255.85,1272.71,1251.19,1265.22,8764283
10-02-2025,1242.92,1255.66,1234.89,1253.67,6970972
11-02-2025,1224.28,1253.72,1219.57,1253.72,8859714
12-02-2025,1206.13,1216.40,1183.13,1209.01,21131654
13-02-2025,1205.69,1217.49,1201.62,1206.63,8511216
14-02-2025,1206.83,1213.52,1195.13,1208.56,10298145
17-02-2025,1214.41,1216.99,1194.19,1200.73,8166683
18-02-2025,1214.91,1219.37,1205.69,1214.36,6673250
19-02-2025,1216.94,1222.20,1207.13,1209.06,6217338
20-02-2025,1222.44,1228.74,1211.54,1213.47,7795582
21-02-2025,1217.63,1229.38,1211.69,1218.18,6904025
24-02-2025,1204.15,1212.78,1200.14,1206.13,7172498
25-02-2025,1193.69,1210.55,1191.21,1200.63,11552182
27-02-2025,1196.76,1204.60,1190.37,1202.42,11509215
28-02-2025,1189.82,1206.93,1183.08,1191.71,23007298
03-03-2025,1161.22,1196.12,1146.10,1193.69,17944938
04-03-2025,1151.95,1163.95,1149.62,1152.25,11377373
05-03-2025,1165.53,1172.87,1147.09,1151.06,8664095
06-03-2025,1199.24,1203.56,1175.00,1186.75,14468014
07-03-2025,1239.10,1244.06,1201.62,1205.59,16474965
10-03-2025,1227.80,1247.23,1224.82,1234.34,11931051
11-03-2025,1236.62,1238.80,1219.22,1229.38,10089838
12-03-2025,1246.29,1252.19,1233.35,1247.23,11977555
13-03-2025,1237.22,1253.33,1233.20,1249.26,9505270
17-03-2025,1228.24,1246.63,1222.54,1231.51,16640917
18-03-2025,1228.24,1228.24,1228.24,1228.24,0
19-03-2025,1236.47,1242.52,1228.19,1230.42,16162399
20-03-2025,1258.28,1262.10,1239.35,1241.13,15971477
21-03-2025,1265.42,1270.03,1259.23,1264.08,21780769
24-03-2025,1290.95,1294.82,1273.25,1279.95,20299319
25-03-2025,1274.44,1296.50,1271.62,1296.50,13713899
26-03-2025,1262.15,1282.72,1257.89,1279.95,12074747
27-03-2025,1267.26,1274.00,1260.42,1267.21,15028056
28-03-2025,1264.18,1284.66,1258.13,1269.04,18147129
01-04-2025,1241.88,1266.96,1238.60,1253.77,12099648
02-04-2025,1240.44,1244.80,1233.25,1236.87,10142590
03-04-2025,1238.01,1241.08,1222.49,1222.49,7434366
04-04-2025,1194.39,1234.79,1182.93,1230.47,17908652
07-04-2025,1155.72,1161.22,1105.30,1122.51,22156106
08-04-2025,1172.08,1186.35,1153.34,1161.97,19555040
09-04-2025,1175.20,1179.61,1158.00,1159.49,10223104
11-04-2025,1208.51,1212.18,1184.92,1184.92,11224242
15-04-2025,1229.48,1240.29,1226.51,1240.29,13378535
16-04-2025,1228.69,1230.28,1218.48,1223.53,8248464
17-04-2025,1263.59,1269.24,1217.09,1229.58,15398401
21-04-2025,1284.41,1289.76,1256.15,1259.13,10429964
22-04-2025,1280.14,1292.74,1275.29,1288.87,13051707
23-04-2025,1288.87,1294.82,1274.39,1285.90,10480888
24-04-2025,1290.46,1293.33,1279.25,1281.33,10468940
25-04-2025,1289.27,1313.85,1277.07,1292.34,14431012
28-04-2025,1357.08,1362.83,1308.90,1328.53,31104496
29-04-2025,1387.72,1398.82,1358.27,1359.26,32538970
30-04-2025,1392.97,1400.31,1357.28,1390.00,25480745
02-05-2025,1407.64,1414.48,1397.04,1401.89,13007841
05-05-2025,1419.05,1427.18,1414.68,1418.75,12685649
06-05-2025,1408.73,1419.74,1398.52,1418.75,14084117
07-05-2025,1393.96,1412.20,1390.69,1408.73,13440169
08-05-2025,1394.95,1408.64,1386.03,1392.08,16106175
09-05-2025,1365.41,1382.86,1362.73,1373.64,13668904
12-05-2025,1424.20,1426.68,1388.01,1388.01,10674081
13-05-2025,1403.58,1435.30,1400.31,1421.23,11407896
14-05-2025,1412.20,1417.66,1403.38,1407.84,5570160
15-05-2025,1441.75,1448.89,1400.60,1412.80,20177211
16-05-2025,1443.93,1448.49,1434.91,1440.76,9036695
19-05-2025,1428.46,1442.15,1425.89,1439.67,6195791
20-05-2025,1412.40,1432.63,1409.63,1425.89,11270560
21-05-2025,1416.96,1423.90,1405.96,1411.71,6136364
22-05-2025,1397.33,1411.61,1384.94,1409.03,12134466
23-05-2025,1414.58,1421.52,1394.56,1394.56,6474883
26-05-2025,1422.52,1428.66,1412.90,1419.74,4842944
27-05-2025,1409.92,1424.70,1401.79,1413.89,12640414
28-05-2025,1400.80,1410.42,1398.62,1407.94,5944611
29-05-2025,1405.66,1407.84,1396.54,1400.01,13771917
30-05-2025,1408.73,1418.35,1397.63,1405.86,13788484
02-06-2025,1401.60,1405.36,1383.65,1400.01,8098668
03-06-2025,1393.47,1414.29,1391.38,1410.12,11252626
04-06-2025,1411.31,1413.49,1394.06,1402.59,8126827
05-06-2025,1430.05,1442.24,1411.41,1415.77,13716817
06-06-2025,1431.14,1439.07,1424.70,1428.66,8182161
09-06-2025,1436.40,1445.02,1432.93,1444.53,7885125
10-06-2025,1426.18,1441.45,1423.70,1437.59,7913181
11-06-2025,1436.49,1456.03,1430.74,1433.42,8195700
12-06-2025,1429.26,1444.53,1422.12,1441.06,8828114
13-06-2025,1415.67,1423.21,1402.19,1411.81,9757276
16-06-2025,1425.49,1430.05,1412.20,1414.68,8458093
17-06-2025,1418.95,1435.60,1413.59,1435.60,10366599
18-06-2025,1417.86,1430.45,1413.49,1417.76,6681735
19-06-2025,1421.03,1427.57,1413.49,1417.86,10007230
20-06-2025,1453.65,1458.41,1415.87,1418.75,29010635
23-06-2025,1444.33,1451.27,1429.65,1440.56,5989078
24-06-2025,1438.38,1462.37,1430.74,1452.46,16402744
25-06-2025,1454.74,1459.79,1448.00,1451.47,7525851
26-06-2025,1482.50,1485.97,1452.56,1456.52,14657893
27-06-2025,1502.43,1508.97,1484.08,1486.56,11117052
30-06-2025,1487.75,1511.74,1483.19,1500.84,8409527
01-07-2025,1515.31,1518.29,1487.26,1487.75,10368523
02-07-2025,1505.80,1516.90,1495.78,1515.31,6361002
03-07-2025,1504.80,1518.78,1500.05,1507.78,11283291
04-07-2025,1514.22,1516.90,1504.21,1510.95,6603501
07-07-2025,1528.30,1531.57,1511.94,1513.53,7251074
08-07-2025,1524.43,1531.67,1517.10,1522.85,7171261
09-07-2025,1505.99,1537.72,1497.17,1523.54,8870660
10-07-2025,1504.21,1511.65,1494.59,1506.69,10047129
11-07-2025,1482.40,1502.03,1477.54,1499.05,7234991
14-07-2025,1471.00,1487.16,1466.44,1479.42,10311846
15-07-2025,1472.68,1483.69,1469.71,1473.48,8132454
16-07-2025,1472.88,1478.23,1458.90,1460.39,10409983
17-07-2025,1463.76,1476.85,1461.28,1474.66,11854613
18-07-2025,1463.36,1472.09,1456.52,1472.09,10296318
21-07-2025,1416.37,1463.36,1410.92,1452.46,22442744
22-07-2025,1400.70,1419.64,1398.62,1415.18,20396320
23-07-2025,1412.40,1413.79,1402.29,1413.79,8354596
24-07-2025,1390.89,1410.82,1384.05,1407.05,14740507
25-07-2025,1379.78,1389.00,1372.25,1386.92,11854722
28-07-2025,1375.72,1395.75,1373.14,1380.38,7748361
29-07-2025,1404.97,1408.04,1371.16,1371.16,10750072
30-07-2025,1398.03,1411.11,1389.30,1405.96,7209849
31-07-2025,1378.30,1390.59,1370.37,1376.22,17065827
01-08-2025,1381.77,1393.86,1372.45,1375.03,10321171
04-08-2025,1399.41,1403.98,1379.78,1383.16,6312820
05-08-2025,1379.78,1398.92,1376.22,1398.92,9315972
06-08-2025,1380.87,1383.95,1371.46,1379.98,5834312
07-08-2025,1377.50,1381.77,1354.30,1375.82,9976705
08-08-2025,1356.09,1385.24,1353.31,1373.14,8793606
11-08-2025,1374.33,1376.12,1349.55,1358.27,9997486
12-08-2025,1368.58,1389.90,1363.43,1370.07,12244664
13-08-2025,1370.76,1379.88,1365.71,1376.12,7457021
14-08-2025,1367.48,1374.35,1363.79,1370.96,7126128
18-08-2025,1375.34,1388.48,1370.66,1383.60,11785109
19-08-2025,1413.56,1414.46,1382.71,1383.60,14384719
20-08-2025,1406.50,1418.34,1403.51,1406.50,8725641
21-08-2025,1418.24,1425.31,1413.76,1418.44,11021323
22-08-2025,1402.71,1416.85,1401.42,1413.46,5818868
25-08-2025,1406.10,1412.97,1399.23,1408.19,5979407
26-08-2025,1378.53,1403.51,1375.24,1401.52,12145259
28-08-2025,1379.52,1385.79,1360.21,1383.50,13161813
29-08-2025,1350.95,1397.04,1343.79,1374.74,18758842
01-09-2025,1347.67,1356.93,1334.43,1349.76,11232238
02-09-2025,1360.21,1378.13,1348.27,1348.56,11517006
03-09-2025,1366.28,1370.16,1354.24,1363.40,7847563
04-09-2025,1353.04,1367.68,1350.85,1365.49,13223177
05-09-2025,1368.67,1374.64,1353.04,1356.73,5777575
08-09-2025,1372.16,1379.62,1366.08,1373.65,6986720
09-09-2025,1369.87,1374.84,1362.40,1370.26,9754452
10-09-2025,1370.66,1382.11,1367.78,1377.53,7790815
11-09-2025,1376.93,1379.12,1368.67,1369.67,9766072
12-09-2025,1388.58,1389.87,1374.15,1376.93,7403368
15-09-2025,1392.86,1394.35,1382.21,1386.59,5396697
16-09-2025,1398.83,1401.52,1391.76,1398.24,8686961
17-09-2025,1407.29,1409.68,1400.43,1400.52,7519417
18-09-2025,1408.49,1415.46,1404.21,1413.86,9332642
19-09-2025,1400.92,1410.48,1397.14,1408.39,13461373
22-09-2025,1384.20,1404.21,1381.61,1397.44,7757970
23-09-2025,1383.40,1388.58,1370.46,1384.60,14014702
24-09-2025,1376.64,1389.58,1374.05,1378.92,5922759
25-09-2025,1366.08,1378.13,1362.70,1374.94,11411143
26-09-2025,1371.26,1376.34,1359.71,1365.69,9879109
29-09-2025,1366.48,1382.61,1361.70,1375.24,14231999
30-09-2025,1357.72,1370.76,1356.53,1370.76,14604684
01-10-2025,1362.40,1372.26,1356.43,1360.71,12045916
03-10-2025,1357.13,1365.29,1350.66,1356.93,12842347
06-10-2025,1368.67,1371.06,1352.75,1353.74,12396580
07-10-2025,1378.43,1389.48,1369.57,1369.67,11244040
08-10-2025,1361.11,1382.61,1358.22,1378.43,8525081
09-10-2025,1371.46,1373.65,1362.80,1367.68,8826633
10-10-2025,1375.34,1381.61,1368.77,1371.46,6373084
13-10-2025,1368.67,1371.36,1361.51,1370.56,7600682
14-10-2025,1369.57,1381.61,1363.79,1373.65,9768174
15-10-2025,1367.98,1377.63,1366.38,1376.64,10882743
16-10-2025,1391.86,1394.05,1368.67,1368.77,12315932
17-10-2025,1410.28,1416.75,1392.66,1394.55,19335561
20-10-2025,1460.05,1467.02,1426.70,1433.37,24721978
21-10-2025,1458.46,1467.22,1453.28,1461.24,2066169
23-10-2025,1441.73,1476.08,1437.95,1468.21,18707090
24-10-2025,1444.92,1453.08,1434.37,1443.33,9700837
27-10-2025,1477.27,1478.17,1451.29,1456.27,14113867
28-10-2025,1480.06,1485.13,1470.80,1477.27,17631577
29-10-2025,1497.28,1501.36,1481.25,1483.14,11884745
30-10-2025,1481.65,1496.18,1477.17,1493.10,9318663
31-10-2025,1479.56,1490.61,1475.48,1483.54,8758053
03-11-2025,1477.87,1488.12,1472.49,1479.16,8452085
04-11-2025,1466.32,1485.93,1463.33,1477.07,10007806
06-11-2025,1489.21,1494.69,1469.41,1477.17,16772678
07-11-2025,1471.20,1491.50,1469.11,1487.72,7821765
10-11-2025,1482.45,1494.09,1468.71,1471.10,7068438
11-11-2025,1486.53,1491.90,1473.39,1490.11,7127506
12-11-2025,1504.54,1517.68,1493.10,1498.07,12384459
13-11-2025,1503.95,1515.09,1499.87,1508.03,7196443
14-11-2025,1511.91,1513.90,1498.57,1498.57,7682823
17-11-2025,1511.31,1516.69,1504.54,1513.90,5871416
18-11-2025,1512.41,1520.77,1503.55,1514.70,11045042
19-11-2025,1511.91,1515.29,1505.04,1510.42,5692366
20-11-2025,1541.97,1543.76,1519.67,1522.96,18171724
21-11-2025,1539.48,1550.63,1533.01,1533.91,9615271
24-11-2025,1528.83,1542.87,1524.75,1542.87,18433951
25-11-2025,1532.61,1552.42,1518.08,1528.83,15033482
26-11-2025,1562.67,1564.37,1533.41,1535.20,14054299
27-11-2025,1556.20,1568.25,1548.84,1567.75,9794643
28-11-2025,1560.29,1574.02,1555.81,1560.78,8959508
01-12-2025,1558.89,1570.24,1556.40,1567.75,8920233
02-12-2025,1539.18,1560.29,1534.90,1553.92,11389150
03-12-2025,1531.72,1545.26,1525.94,1538.09,6090883
04-12-2025,1528.53,1553.32,1510.62,1528.93,11867930
05-12-2025,1533.51,1538.69,1513.60,1523.36,10183266
08-12-2025,1535.90,1543.86,1527.94,1532.12,11301491
09-12-2025,1522.36,1535.40,1513.10,1533.21,11503971
10-12-2025,1529.83,1540.38,1524.35,1526.94,7991629
11-12-2025,1537.89,1542.87,1516.99,1529.83,4706197
12-12-2025,1549.34,1552.62,1538.98,1543.66,5106655
15-12-2025,1549.04,1551.43,1539.38,1544.06,5774543
16-12-2025,1535.20,1544.56,1531.72,1537.89,11731856
17-12-2025,1537.29,1542.87,1532.22,1542.87,7116649
18-12-2025,1537.29,1544.36,1528.13,1528.13,6580829
19-12-2025,1557.90,1566.95,1543.86,1547.25,13937275
22-12-2025,1568.15,1570.24,1558.10,1566.26,10184852
23-12-2025,1563.47,1573.62,1560.88,1573.62,7506564
24-12-2025,1551.03,1568.45,1546.45,1565.46,8815745
26-12-2025,1552.02,1553.82,1547.15,1547.54,2311495
29-12-2025,1538.49,1550.93,1536.50,1547.74,5972105
30-12-2025,1532.71,1546.45,1530.72,1539.88,8815884
31-12-2025,1563.17,1569.74,1533.91,1533.91,5771830
01-01-2026,1568.35,1585.17,1563.87,1566.46,6408128
02-01-2026,1584.97,1587.26,1570.94,1572.73,6602230
05-01-2026,1570.84,1604.38,1568.05,1585.67,8704973
06-01-2026,1500.66,1561.78,1489.41,1561.78,27417125
07-01-2026,1497.28,1513.00,1491.11,1503.05,11199340
08-01-2026,1463.83,1496.98,1462.04,1493.10,16518684
09-01-2026,1468.51,1473.09,1458.26,1458.26,8335311
12-01-2026,1476.37,1478.46,1444.32,1468.51,8883745
13-01-2026,1446.11,1478.96,1438.05,1478.17,13499760
14-01-2026,1452.09,1460.25,1433.57,1437.35,8321764
15-01-2026,1452.09,1452.09,1452.09,1452.09,0
16-01-2026,1451.19,1473.19,1448.40,1452.09,17167161
19-01-2026,1407.09,1443.92,1396.84,1443.92,20392765
20-01-2026,1387.58,1409.48,1383.60,1404.21,13189498
21-01-2026,1398.14,1406.40,1366.68,1383.11,17352720
22-01-2026,1396.05,1412.97,1388.58,1403.61,15721693
23-01-2026,1379.72,1400.52,1374.64,1395.35,9837802
27-01-2026,1374.15,1385.20,1361.70,1373.65,26302396
28-01-2026,1390.27,1403.41,1378.53,1378.63,11121657
29-01-2026,1384.60,1396.44,1377.63,1396.44,20846683
30-01-2026,1388.98,1391.57,1372.16,1376.24,11239835
02-02-2026,1384.00,1386.49,1329.35,1333.83,15711165
03-02-2026,1430.49,1482.64,1423.62,1467.12,25456171
04-02-2026,1450.10,1457.26,1433.67,1437.35,8333387
05-02-2026,1436.76,1454.77,1432.88,1450.29,11763658
06-02-2026,1444.12,1446.11,1426.90,1434.87,8277304
09-02-2026,1454.87,1459.15,1446.31,1451.29,5775864
10-02-2026,1451.79,1464.23,1445.52,1464.23,10259630
11-02-2026,1461.94,1463.23,1446.91,1452.88,7106877
12-02-2026,1442.23,1466.22,1438.85,1463.23,11135399
13-02-2026,1413.07,1444.02,1409.78,1438.85,10755693
16-02-2026,1430.49,1432.97,1402.81,1413.56,5896514
17-02-2026,1416.45,1425.21,1412.07,1424.51,10731630
18-02-2026,1434.67,1435.46,1412.67,1420.43,5521096
19-02-2026,1403.01,1436.36,1393.56,1436.36,11884664
20-02-2026,1412.87,1420.83,1399.63,1403.01,8177670
23-02-2026,1421.43,1428.30,1411.77,1418.44,7758856
24-02-2026,1422.22,1426.70,1408.49,1418.74,12529409
25-02-2026,1392.06,1433.87,1387.09,1428.40,10728792
26-02-2026,1400.33,1406.40,1385.49,1392.06,16683858
27-02-2026,1387.48,1403.91,1381.71,1391.57,12031440
02-03-2026,1351.75,1372.26,1335.33,1369.17,23728722
04-03-2026,1338.81,1346.57,1300.98,1323.88,32495007
05-03-2026,1383.01,1392.56,1346.87,1346.87,25957532
06-03-2026,1398.33,1417.74,1383.90,1390.07,19311971
09-03-2026,1417.45,1422.82,1363.69,1368.67,24870822
10-03-2026,1402.32,1424.91,1394.15,1424.02,18071259
11-03-2026,1383.80,1427.40,1377.23,1418.34,21848087
12-03-2026,1385.79,1404.41,1374.74,1383.60,20939959
13-03-2026,1374.35,1394.35,1372.06,1378.82,17265090
16-03-2026,1388.68,1390.87,1357.22,1373.65,22837802
17-03-2026,1391.17,1399.43,1381.81,1392.56,19007744
18-03-2026,1401.62,1406.40,1390.77,1390.77,9559327
19-03-2026,1378.43,1409.18,1369.77,1381.61,16498373
20-03-2026,1407.89,1423.42,1389.67,1391.57,22994918
23-03-2026,1401.32,1409.08,1384.60,1393.56,18979554
24-03-2026,1405.30,1415.85,1400.13,1413.46,18620893
25-03-2026,1406.60,1423.92,1401.92,1413.46,19041331
27-03-2026,1341.90,1398.24,1338.81,1394.55,23266517
30-03-2026,1337.71,1358.72,1327.96,1328.86,24393861
01-04-2026,1362.90,1378.03,1356.63,1377.83,14404619
02-04-2026,1344.28,1351.95,1321.89,1350.75,21280051
06-04-2026,1298.70,1352.75,1284.06,1352.75,29274881
07-04-2026,1298.60,1302.28,1285.06,1289.04,28388922
08-04-2026,1341.60,1344.38,1320.10,1342.79,21817543
09-04-2026,1323.88,1343.79,1320.20,1339.81,20725390
10-04-2026,1343.99,1346.08,1325.37,1330.85,19364461
13-04-2026,1309.05,1321.49,1303.97,1315.12,28753269
15-04-2026,1337.91,1340.80,1328.06,1330.85,15313779
16-04-2026,1337.12,1347.57,1323.88,1345.78,30211012
17-04-2026,1358.72,1362.10,1333.83,1333.83,13869105
20-04-2026,1357.03,1366.68,1346.57,1356.93,13614733
21-04-2026,1347.07,1363.50,1343.89,1352.75,27293629
22-04-2026,1355.83,1359.71,1342.89,1344.09,9525953
23-04-2026,1337.22,1349.26,1334.53,1339.81,16385079
24-04-2026,1321.69,1339.71,1318.90,1333.83,11744802
27-04-2026,1359.51,1365.29,1304.97,1306.96,24673098
28-04-2026,1382.51,1388.78,1350.75,1351.75,41027699
29-04-2026,1418.84,1427.20,1384.90,1385.59,30542143
30-04-2026,1424.22,1430.39,1386.69,1402.52,30957881
01-05-2026,1424.22,1424.22,1424.22,1424.22,0
04-05-2026,1456.37,1460.65,1426.80,1426.80,24035700
05-05-2026,1456.86,1466.62,1443.33,1453.28,23543341
06-05-2026,1431.28,1466.52,1420.93,1456.27,14221786
07-05-2026,1429.59,1442.83,1423.72,1432.18,19816903
08-05-2026,1428.59,1436.16,1410.98,1419.44,8663105
11-05-2026,1381.81,1421.43,1375.64,1413.46,15261787
12-05-2026,1357.72,1387.09,1354.04,1385.59,24357500
13-05-2026,1352.55,1366.08,1346.18,1355.13,13797989
14-05-2026,1355.53,1371.66,1352.15,1358.92,17303059
15-05-2026,1330.25,1358.52,1323.08,1350.56,19976192
18-05-2026,1329.75,1335.82,1312.63,1327.86,13022473
19-05-2026,1316.61,1337.81,1312.33,1332.54,21665501
20-05-2026,1353.44,1356.63,1306.56,1312.63,13248515
21-05-2026,1343.39,1364.59,1339.01,1360.91,17150630
22-05-2026,1348.27,1361.11,1342.89,1343.79,7105813
25-05-2026,1360.71,1364.79,1350.75,1360.51,6750071
26-05-2026,1350.06,1362.20,1346.18,1353.84,13769747
27-05-2026,1344.28,1354.74,1342.39,1346.77,13215138
28-05-2026,1344.28,1344.28,1344.28,1344.28,0
29-05-2026,1315.12,1362.70,1310.94,1357.72,42634247
01-06-2026,1313.92,1329.35,1312.43,1326.37,10700603
02-06-2026,1308.55,1321.69,1294.32,1301.68,23302785
03-06-2026,1307.16,1317.91,1295.01,1308.95,20012293
04-06-2026,1297.70,1305.17,1287.15,1295.01,23474327
05-06-2026,1291.00,1306.00,1288.00,1304.50,17785223
08-06-2026,1263.30,1282.60,1259.20,1277.00,16494759
09-06-2026,1269.20,1274.20,1257.50,1269.00,23620214
10-06-2026,1258.80,1300.50,1254.40,1275.00,21012796
11-06-2026,1263.00,1276.00,1253.20,1258.00,13117486
12-06-2026,1293.00,1297.00,1262.50,1277.00,11988785
15-06-2026,1307.00,1325.00,1303.30,1315.30,18633321
16-06-2026,1328.80,1333.40,1306.40,1313.40,18513223
17-06-2026,1332.70,1334.00,1317.00,1333.00,10029170
18-06-2026,1328.10,1333.90,1322.00,1330.00,15494549
19-06-2026,1309.50,1338.20,1305.30,1328.00,24887034
22-06-2026,1326.50,1344.90,1314.10,1316.70,12931213
23-06-2026,1309.50,1333.00,1304.00,1328.90,15400184
24-06-2026,1313.60,1322.00,1297.50,1305.70,11030917
25-06-2026,1318.10,1328.00,1314.60,1318.00,12694362
26-06-2026,1318.10,1318.10,1318.10,1318.10,0
29-06-2026,1301.00,1313.70,1292.60,1308.00,13757656
30-06-2026,1293.90,1306.90,1290.00,1306.90,15695263
01-07-2026,1308.00,1312.20,1296.50,1298.90,7001401
02-07-2026,1303.50,1313.20,1299.00,1310.00,17795024
03-07-2026,1304.00,1312.00,1302.00,1312.00,7839550
06-07-2026,1321.30,1325.60,1299.40,1304.00,7610709
07-07-2026,1308.40,1328.00,1304.10,1323.50,14335554
08-07-2026,1275.90,1302.30,1271.60,1297.00,19960868
09-07-2026,1279.80,1296.50,1274.20,1277.10,14651963
10-07-2026,1307.80,1311.10,1287.80,1291.90,8412537
13-07-2026,1296.90,1306.40,1295.00,1300.00,9488352
14-07-2026,1293.00,1308.00,1286.90,1290.00,13511284
15-07-2026,1295.50,1310.90,1294.10,1294.10,9577965
16-07-2026,1296.60,1309.40,1291.80,1295.50,15631046
17-07-2026,1327.20,1330.30,1296.10,1300.00,18302218
20-07-2026,1323.10,1345.90,1314.90,1317.20,14305844
21-07-2026,1303.70,1326.90,1302.70,1321.00,12753410
22-07-2026,1288.60,1304.60,1280.70,1302.00,10840383
23-07-2026,1272.20,1287.30,1268.00,1283.00,12580741
24-07-2026,1278.00,1283.40,1249.80,1265.00,9817000
27-07-2026,1280.00,1288.70,1278.00,1288.20,7163132
28-07-2026,1267.70,1279.20,1265.90,1275.00,9312184
29-07-2026,1275.90,1282.40,1268.70,1275.00,9448307
30-07-2026,1292.90,1297.00,1275.30,1279.80,12158451
