Price,Close,High,Low,Open,Volume
Ticker,SUNPHARMA.NS,SUNPHARMA.NS,SUNPHARMA.NS,SUNPHARMA.NS,SUNPHARMA.NS
Date,,,,,
01-01-2018,530.28,540.77,527.70,527.93,5314142
02-01-2018,528.53,537.63,523.96,533.01,3839130
03-01-2018,525.66,534.81,523.77,531.16,2182632
04-01-2018,536.89,539.43,517.40,528.39,6246746
05-01-2018,534.63,542.57,531.44,540.40,4600683
08-01-2018,546.50,558.50,541.46,543.17,10475190
09-01-2018,541.78,552.41,539.80,551.48,4025566
10-01-2018,540.49,548.71,537.07,545.76,2929462
11-01-2018,543.12,552.87,536.24,541.09,5930449
12-01-2018,538.97,546.36,535.41,545.02,2842683
15-01-2018,532.50,542.06,530.70,542.06,4456611
16-01-2018,533.66,539.43,528.53,533.33,4868363
17-01-2018,539.24,541.23,532.73,538.55,4812606
18-01-2018,532.73,544.51,530.51,541.32,3679687
19-01-2018,528.48,536.38,524.33,535.78,4693971
22-01-2018,532.22,534.76,525.48,529.31,3072409
23-01-2018,535.18,541.18,531.62,534.86,4790590
24-01-2018,541.83,551.02,531.25,533.01,7168397
25-01-2018,535.64,550.56,533.93,545.94,4213982
29-01-2018,543.12,548.90,534.26,536.75,6006564
30-01-2018,546.82,549.41,535.83,541.05,3542190
31-01-2018,535.69,549.54,531.21,545.02,4781423
01-02-2018,512.04,535.78,507.65,535.78,8789899
02-02-2018,509.18,524.09,503.13,509.91,10873325
05-02-2018,514.95,517.72,492.87,497.72,4734366
06-02-2018,509.73,512.22,490.70,496.06,6325143
07-02-2018,507.61,514.95,501.23,513.61,5110233
08-02-2018,539.57,542.25,493.10,498.88,13707589
09-02-2018,538.27,541.32,526.63,526.63,3796079
12-02-2018,544.23,562.52,540.40,541.32,10261511
14-02-2018,530.98,546.68,527.65,545.90,6630066
15-02-2018,531.85,540.35,522.29,522.29,10715444
16-02-2018,531.39,533.52,520.40,531.53,6640151
19-02-2018,518.60,533.24,511.35,531.16,3518880
20-02-2018,516.84,523.45,514.53,521.60,2481944
21-02-2018,485.67,520.08,472.32,517.35,21898950
22-02-2018,500.17,505.30,484.05,487.28,12473655
23-02-2018,526.22,531.39,504.37,508.07,30844893
26-02-2018,513.56,528.30,511.16,526.54,8083731
27-02-2018,503.26,520.49,500.72,513.56,6920945
28-02-2018,494.53,510.24,492.04,501.60,8366660
01-03-2018,494.58,500.22,492.59,496.94,4264631
05-03-2018,506.73,510.56,486.87,494.30,7343286
06-03-2018,491.21,520.08,489.59,518.23,9825945
07-03-2018,484.83,493.43,480.45,491.44,6282066
08-03-2018,475.37,490.05,470.65,489.31,9316674
09-03-2018,468.16,480.26,466.50,474.81,4996423
12-03-2018,473.56,476.66,467.93,472.04,4632925
13-03-2018,483.40,485.43,473.56,473.56,4795084
14-03-2018,480.45,483.40,476.75,483.40,2469628
15-03-2018,477.08,488.67,475.50,480.35,3013808
16-03-2018,464.70,482.20,463.08,473.01,8924919
19-03-2018,459.71,469.78,458.18,468.16,5580228
20-03-2018,469.96,472.04,456.11,458.88,4615574
21-03-2018,466.04,476.29,464.23,474.77,3986735
22-03-2018,469.64,481.28,466.59,480.35,8691889
23-03-2018,464.10,468.11,459.62,463.54,5098042
26-03-2018,464.84,468.25,458.28,464.10,4203954
27-03-2018,466.59,473.20,464.84,467.42,4458072
28-03-2018,457.35,466.22,454.49,465.57,6856832
02-04-2018,469.13,471.12,458.23,462.71,2924481
03-04-2018,471.12,473.15,466.04,467.42,2709038
04-04-2018,463.96,475.69,462.80,475.69,3120925
05-04-2018,468.85,473.89,466.59,467.42,2409577
06-04-2018,473.52,476.01,468.35,469.27,2772128
09-04-2018,471.90,478.28,468.67,472.96,2395291
10-04-2018,469.50,476.57,468.81,473.33,2645876
11-04-2018,481.69,483.03,471.39,472.04,5693850
12-04-2018,476.57,481.74,470.75,481.74,3619891
13-04-2018,473.89,480.17,471.39,475.37,2130074
16-04-2018,479.80,481.28,472.50,473.89,2687330
17-04-2018,473.10,482.11,471.58,482.11,3104869
18-04-2018,472.96,477.95,471.72,475.14,2412444
19-04-2018,470.38,475.74,467.75,475.74,1936774
20-04-2018,466.78,470.19,463.73,470.19,4431085
23-04-2018,475.04,476.20,466.50,466.50,2424057
24-04-2018,478.32,483.59,473.43,476.57,3432552
25-04-2018,474.86,481.69,472.23,475.27,2112975
26-04-2018,473.52,482.85,472.32,474.81,3304748
27-04-2018,484.19,486.27,475.97,478.05,3998704
30-04-2018,488.11,490.47,485.07,487.74,1689385
02-05-2018,475.92,490.28,471.53,489.59,5805988
03-05-2018,495.13,498.18,472.64,477.58,7457111
04-05-2018,478.46,492.36,477.03,489.59,5429919
07-05-2018,474.53,480.35,467.88,478.51,3837196
08-05-2018,472.46,479.66,469.82,474.81,2519096
09-05-2018,467.56,475.55,466.68,472.46,2477607
10-05-2018,459.29,470.42,457.54,469.27,4218689
11-05-2018,436.06,458.32,432.09,456.34,9906203
14-05-2018,437.68,450.61,436.01,436.94,6746471
15-05-2018,432.92,443.40,424.01,437.86,5493167
16-05-2018,435.74,436.94,427.24,430.47,4675165
17-05-2018,443.27,448.95,432.64,436.94,5939278
18-05-2018,429.46,451.67,427.56,451.67,8722402
21-05-2018,409.92,429.55,406.73,428.81,5809871
22-05-2018,418.46,421.23,401.83,410.93,4466739
23-05-2018,417.77,426.31,415.18,419.39,4549341
24-05-2018,427.56,433.89,417.03,420.22,6237036
25-05-2018,430.89,433.61,421.23,430.01,4971624
28-05-2018,461.60,466.45,443.40,448.02,16007675
29-05-2018,461.42,471.07,452.69,458.74,8258927
30-05-2018,456.84,465.30,454.81,457.17,3851368
31-05-2018,443.73,458.18,436.85,457.17,18790216
01-06-2018,447.42,452.23,442.57,448.02,3793797
04-06-2018,442.11,453.38,440.45,448.95,2995860
05-06-2018,437.40,446.41,434.30,439.85,3076737
06-06-2018,452.50,454.67,437.03,440.54,4126448
07-06-2018,451.49,456.24,448.53,453.24,2197858
08-06-2018,487.98,492.96,449.18,449.87,29224236
11-06-2018,494.86,502.52,486.04,489.59,16452353
12-06-2018,499.25,503.40,490.84,494.86,8140874
13-06-2018,504.65,518.18,501.00,510.10,20167822
14-06-2018,516.61,519.15,500.68,504.37,12154425
15-06-2018,527.74,530.10,518.23,519.15,15166730
18-06-2018,526.63,534.21,520.91,528.39,6090932
19-06-2018,517.26,532.55,515.78,526.54,6719183
20-06-2018,521.09,522.57,510.93,516.38,4435880
21-06-2018,512.22,524.19,510.47,521.92,3243433
22-06-2018,533.24,537.44,505.90,510.84,9935404
25-06-2018,528.21,546.86,524.65,532.92,14303449
26-06-2018,529.27,532.55,522.66,527.79,4726890
27-06-2018,532.92,537.35,525.16,533.01,8539318
28-06-2018,524.05,538.74,521.18,533.70,5516028
29-06-2018,521.00,528.30,517.44,525.62,4416940
02-07-2018,520.21,529.18,515.92,523.12,4132132
03-07-2018,529.87,532.82,517.95,521.74,5950013
04-07-2018,535.13,543.96,529.36,532.08,9406196
05-07-2018,523.72,536.70,521.83,536.70,3833300
06-07-2018,515.55,529.54,512.69,524.14,5609846
09-07-2018,525.43,528.94,517.86,517.86,4117856
10-07-2018,520.95,528.39,515.46,525.62,4594276
11-07-2018,518.00,526.27,516.94,521.88,3519985
12-07-2018,521.42,527.19,515.46,520.08,3736611
13-07-2018,517.07,523.77,514.58,523.59,2012823
16-07-2018,493.24,517.30,490.24,516.84,4267330
17-07-2018,506.82,509.68,492.36,494.21,3699579
18-07-2018,507.97,516.57,501.46,512.64,5720388
19-07-2018,503.40,511.58,500.91,510.28,2767826
20-07-2018,517.40,520.08,503.45,503.45,2702091
23-07-2018,518.92,523.77,515.00,519.80,2459719
24-07-2018,519.80,525.16,516.43,519.24,2480730
25-07-2018,515.60,524.09,513.15,523.22,2161490
26-07-2018,513.06,520.82,509.45,511.72,3113443
27-07-2018,514.58,518.23,511.07,513.52,2638153
30-07-2018,519.80,523.54,509.87,512.96,3441224
31-07-2018,525.16,531.85,517.44,519.61,5998010
01-08-2018,530.84,532.82,520.81,526.54,3672172
02-08-2018,536.15,542.75,531.44,531.99,5898107
03-08-2018,541.18,544.46,539.34,539.38,3298774
06-08-2018,532.22,548.16,531.25,541.78,3867267
07-08-2018,526.27,538.09,524.93,536.20,3076068
08-08-2018,530.24,534.26,521.28,526.54,2970652
09-08-2018,527.88,540.31,520.12,531.35,4595269
10-08-2018,511.76,526.27,507.00,522.94,6086714
13-08-2018,520.91,524.23,510.47,514.44,3254839
14-08-2018,555.92,563.49,517.40,522.39,25001972
16-08-2018,572.45,574.30,556.29,563.49,25169096
17-08-2018,575.96,585.11,571.81,575.50,14161255
20-08-2018,578.60,582.85,572.96,577.35,9494515
21-08-2018,586.96,590.70,573.19,579.10,7752348
23-08-2018,590.88,596.29,585.94,591.11,8942755
24-08-2018,581.78,591.02,571.53,589.59,7909136
27-08-2018,574.39,588.06,573.33,584.09,8253456
28-08-2018,573.84,585.15,571.90,577.35,4181613
29-08-2018,573.88,582.89,569.77,576.33,4435825
30-08-2018,591.16,593.05,574.72,575.96,9022572
31-08-2018,603.08,609.13,594.25,594.39,12972927
03-09-2018,606.17,622.15,601.60,608.57,12185947
04-09-2018,605.39,612.87,595.96,607.83,7989190
05-09-2018,613.14,620.58,603.91,604.23,9140409
06-09-2018,625.75,627.51,612.68,617.07,7815292
07-09-2018,613.61,618.92,591.21,600.44,22074525
10-09-2018,589.36,616.38,586.91,606.45,9930755
11-09-2018,582.34,599.89,579.70,593.98,8273963
12-09-2018,600.35,604.51,572.82,577.35,11215125
14-09-2018,614.53,619.75,607.83,614.30,7444874
17-09-2018,598.73,619.16,596.88,612.45,6264996
18-09-2018,595.30,607.53,593.45,598.92,5780144
19-09-2018,601.19,608.97,594.47,604.06,7659788
21-09-2018,588.26,606.89,569.36,602.25,9635852
24-09-2018,578.16,595.72,570.75,591.13,5305739
25-09-2018,594.01,597.62,578.21,578.26,7213759
26-09-2018,592.85,602.07,586.09,602.07,4850782
27-09-2018,584.88,596.65,579.28,594.56,4070395
28-09-2018,577.47,589.61,570.84,583.72,6693066
01-10-2018,588.08,592.06,565.19,578.16,5527208
03-10-2018,575.24,593.68,573.07,589.75,4723773
04-10-2018,555.05,575.15,547.45,572.60,4851894
05-10-2018,554.03,571.08,547.63,551.29,6804502
08-10-2018,559.86,564.03,545.83,548.51,4400199
09-10-2018,564.96,571.96,553.70,563.34,4516779
10-10-2018,558.66,573.99,549.44,565.19,5566798
11-10-2018,543.60,558.94,539.90,546.66,4591533
12-10-2018,547.22,553.84,539.85,547.68,5795641
15-10-2018,555.88,559.12,543.56,550.09,3422475
16-10-2018,558.43,567.04,549.30,557.73,3557343
17-10-2018,549.86,564.64,547.59,564.64,2629035
19-10-2018,565.15,566.58,546.75,548.42,4841857
22-10-2018,562.32,571.49,559.12,565.84,4362446
23-10-2018,533.55,561.11,530.68,560.56,4538253
24-10-2018,528.78,541.10,520.21,540.18,5820242
25-10-2018,517.71,530.40,511.54,523.73,6105402
26-10-2018,513.35,520.25,509.60,517.71,4002009
29-10-2018,531.47,535.17,513.72,513.77,3640433
30-10-2018,520.76,533.60,518.54,529.89,2783468
31-10-2018,537.63,539.25,519.28,521.23,5896444
01-11-2018,529.84,541.56,526.28,538.55,2779373
02-11-2018,529.84,537.16,526.55,531.84,2688591
05-11-2018,529.61,541.06,522.80,529.06,2962317
06-11-2018,536.79,542.86,532.76,533.74,3500726
07-11-2018,539.53,540.73,537.40,540.18,298414
09-11-2018,553.56,560.37,540.27,544.53,6848765
12-11-2018,546.20,556.85,543.88,556.30,4284490
13-11-2018,520.49,549.35,515.39,546.20,9176639
14-11-2018,481.90,517.75,478.10,516.27,25499010
15-11-2018,477.26,489.22,470.78,483.66,11390206
16-11-2018,481.57,486.95,475.69,480.32,5732203
19-11-2018,492.50,493.85,481.52,486.44,5239761
20-11-2018,486.85,493.48,483.01,491.07,3084743
21-11-2018,493.71,496.91,486.90,486.90,4029454
22-11-2018,487.32,493.38,486.20,493.38,2263069
26-11-2018,473.23,489.35,469.20,488.29,5189359
27-11-2018,457.57,481.20,439.65,480.78,39588964
28-11-2018,450.30,465.50,446.13,453.08,11393583
29-11-2018,448.82,455.35,443.54,453.08,7391256
30-11-2018,456.42,457.67,446.36,451.18,6544665
03-12-2018,421.95,427.14,408.74,416.94,61492013
04-12-2018,410.37,430.57,409.12,424.13,36233775
05-12-2018,382.62,412.54,372.01,410.46,48891969
06-12-2018,389.29,399.80,382.66,385.44,56087131
07-12-2018,381.04,394.71,378.17,393.78,23905860
10-12-2018,369.69,379.19,367.88,375.25,24690744
11-12-2018,391.28,393.60,361.91,361.91,24688467
12-12-2018,399.76,401.84,392.02,395.36,16244450
13-12-2018,391.09,397.77,387.30,391.00,16853821
14-12-2018,389.75,394.71,386.46,390.96,8144364
17-12-2018,390.03,394.15,389.15,390.82,6151952
18-12-2018,401.61,402.95,388.08,390.07,14402058
19-12-2018,392.67,402.49,391.74,401.61,7882841
20-12-2018,397.53,399.34,390.63,391.00,6156074
21-12-2018,394.06,401.19,391.93,397.95,7315242
24-12-2018,393.18,402.12,391.28,395.68,7052582
26-12-2018,383.26,392.35,379.88,392.35,8406699
27-12-2018,380.95,392.21,379.88,391.93,12839897
28-12-2018,393.97,397.21,383.13,384.52,12805576
31-12-2018,398.88,400.54,394.24,396.65,6368707
01-01-2019,401.70,406.57,398.09,400.73,8487116
02-01-2019,407.73,408.79,397.72,398.88,9656878
03-01-2019,404.07,411.01,402.12,409.58,9479511
04-01-2019,401.93,407.59,400.45,406.85,6228693
07-01-2019,399.16,405.83,397.77,404.99,4118235
08-01-2019,415.14,416.02,400.59,401.93,12368631
09-01-2019,415.79,420.33,411.11,417.41,9034282
10-01-2019,411.94,415.09,408.10,412.40,3672333
11-01-2019,411.76,416.71,409.16,412.36,3778103
14-01-2019,417.73,418.80,411.15,414.17,5784064
15-01-2019,419.21,421.11,416.48,419.96,4291873
16-01-2019,420.47,423.80,414.30,418.24,5879148
17-01-2019,395.22,421.95,391.46,421.58,8343750
18-01-2019,362.05,392.95,343.01,392.90,82906214
21-01-2019,369.04,376.69,361.40,361.44,48936782
22-01-2019,388.18,392.39,379.33,380.81,38255365
23-01-2019,399.34,402.49,381.41,387.02,26921274
24-01-2019,391.93,405.83,386.46,399.34,18446490
25-01-2019,391.37,398.18,388.55,394.15,8720973
28-01-2019,381.50,393.55,380.02,392.85,5809082
29-01-2019,391.37,393.55,376.41,380.35,7472930
30-01-2019,387.25,394.71,385.63,392.85,4351530
31-01-2019,392.35,399.66,383.31,388.22,16672076
01-02-2019,392.16,396.56,386.37,390.26,3950126
04-02-2019,384.33,391.93,379.14,391.28,3679517
05-02-2019,379.79,387.76,376.69,384.33,3523707
06-02-2019,386.00,388.22,373.68,379.88,5638849
07-02-2019,402.95,413.05,390.17,391.93,18187249
08-02-2019,399.39,403.88,393.32,402.12,6133747
11-02-2019,397.07,401.75,389.94,400.50,4945054
12-02-2019,404.53,411.39,392.90,395.82,8559968
14-02-2019,408.51,412.22,397.16,400.27,9040227
15-02-2019,391.84,408.37,385.86,408.37,10206627
18-02-2019,384.19,396.56,382.94,393.32,6210412
19-02-2019,383.26,391.37,382.06,386.51,4742270
20-02-2019,391.33,393.27,385.49,387.30,4385350
21-02-2019,398.14,400.27,391.65,393.97,4736317
22-02-2019,398.88,404.67,396.98,399.34,4373261
25-02-2019,404.07,406.52,396.10,399.71,4849697
26-02-2019,403.74,407.68,391.79,398.88,5255113
27-02-2019,410.18,418.47,403.97,404.44,12232682
28-02-2019,412.45,418.33,409.63,413.79,10862473
01-03-2019,414.49,417.87,412.36,415.00,5608805
05-03-2019,422.41,423.34,412.64,414.95,5251255
06-03-2019,426.72,434.87,414.12,423.43,13004184
07-03-2019,417.78,428.99,415.83,425.75,10701581
08-03-2019,421.53,424.26,414.44,416.48,5040326
11-03-2019,425.70,427.55,420.65,422.50,4628360
12-03-2019,435.75,437.00,428.06,428.99,8660320
13-03-2019,422.97,440.11,419.26,438.26,7156428
14-03-2019,431.91,434.09,422.50,423.34,8039525
15-03-2019,430.24,435.43,428.34,431.95,5877969
18-03-2019,430.75,435.38,424.96,431.77,3785329
19-03-2019,434.50,440.34,432.37,433.16,6725926
20-03-2019,439.88,441.78,431.77,436.17,4235163
22-03-2019,438.49,444.46,434.87,440.85,6125288
25-03-2019,430.52,434.97,427.32,434.09,4043446
26-03-2019,435.29,436.87,428.16,432.70,3843580
27-03-2019,430.70,442.29,425.98,437.14,6016947
28-03-2019,440.53,444.56,430.84,430.84,10590187
01-04-2019,443.68,448.68,440.66,445.62,3583589
02-04-2019,435.20,448.35,432.79,446.59,4034802
03-04-2019,428.06,439.09,425.42,436.40,4715586
04-04-2019,431.40,435.38,425.75,428.99,4151406
05-04-2019,429.13,435.48,427.60,432.79,2205935
08-04-2019,428.48,432.88,426.63,430.47,2274003
09-04-2019,436.36,437.70,421.39,423.66,4345243
10-04-2019,437.28,444.65,433.02,433.62,3887388
11-04-2019,431.35,436.31,427.69,431.07,4429596
12-04-2019,430.89,434.09,428.34,432.70,3332732
15-04-2019,424.96,432.51,423.89,431.12,3770497
16-04-2019,428.57,430.38,424.96,425.70,2825105
18-04-2019,429.18,431.77,423.15,429.82,3567327
22-04-2019,421.11,430.89,419.17,429.92,1828896
23-04-2019,434.13,437.70,419.72,419.72,5292341
24-04-2019,434.87,435.48,428.53,434.64,2821522
25-04-2019,427.14,439.74,425.75,431.07,5244937
26-04-2019,430.01,434.92,428.62,429.92,2903286
30-04-2019,424.03,429.92,413.24,429.92,6586352
02-05-2019,418.98,427.79,417.41,423.38,3732218
03-05-2019,419.96,422.69,415.88,421.58,2585548
06-05-2019,419.86,422.41,413.66,415.09,3104707
07-05-2019,415.28,422.50,413.66,422.50,4189396
08-05-2019,406.89,416.81,401.61,414.86,4885249
09-05-2019,407.08,410.18,399.85,403.97,3550114
10-05-2019,405.59,410.13,402.54,404.90,3482485
13-05-2019,368.86,405.59,319.24,405.59,24079258
14-05-2019,388.64,393.32,373.63,376.22,18797497
15-05-2019,379.65,393.32,377.20,389.15,7581005
16-05-2019,382.11,388.78,351.21,381.27,25156049
17-05-2019,379.05,385.44,372.19,379.00,7747301
20-05-2019,383.13,397.49,380.07,389.15,3809738
21-05-2019,378.82,392.62,375.85,383.77,6228488
22-05-2019,390.26,392.44,378.03,378.96,7277731
23-05-2019,382.62,395.63,380.07,393.78,5906044
24-05-2019,385.21,387.30,381.41,386.09,3010407
27-05-2019,384.38,390.54,381.32,386.32,3886561
28-05-2019,382.43,389.61,380.07,386.37,7987111
29-05-2019,392.67,396.38,373.91,387.34,28086149
30-05-2019,382.43,391.65,380.99,390.31,9082367
31-05-2019,379.74,386.46,376.22,384.33,5643400
03-06-2019,386.18,387.85,377.57,380.81,4611475
04-06-2019,380.95,387.20,379.05,384.33,3279047
06-06-2019,374.46,383.13,373.03,381.04,3483633
07-06-2019,369.92,377.01,366.08,375.25,4668474
10-06-2019,372.52,375.99,365.10,372.47,4966075
11-06-2019,361.31,368.58,355.79,366.91,13833555
12-06-2019,362.65,367.84,356.95,362.28,7739283
13-06-2019,361.12,364.83,357.09,362.28,4090663
14-06-2019,363.71,365.85,348.89,361.35,9786375
17-06-2019,354.77,365.52,351.95,362.93,6558933
18-06-2019,350.65,357.28,346.81,353.38,3761637
19-06-2019,347.64,354.03,341.11,352.09,7197444
20-06-2019,361.82,363.39,340.97,340.97,8109029
21-06-2019,354.68,362.93,353.06,360.33,5389874
24-06-2019,355.28,357.09,349.77,353.75,3702836
25-06-2019,357.41,359.04,349.82,354.40,4480306
26-06-2019,370.11,373.91,356.40,356.72,9571797
27-06-2019,373.21,375.62,365.75,369.74,7651785
28-06-2019,371.50,379.70,368.90,375.16,7283442
01-07-2019,375.57,376.64,372.01,372.47,2254468
02-07-2019,366.49,377.10,362.42,375.11,5539613
03-07-2019,366.63,369.83,364.22,368.21,2683086
04-07-2019,363.30,368.81,362.46,367.56,3308295
05-07-2019,347.69,365.43,345.97,364.60,5446432
08-07-2019,339.86,352.92,338.56,347.45,7355520
09-07-2019,358.02,365.98,340.04,340.04,15428006
10-07-2019,363.39,368.16,352.64,357.65,10202064
11-07-2019,368.90,370.94,361.63,365.89,7759443
12-07-2019,377.75,381.27,368.16,371.08,13549864
15-07-2019,391.88,396.28,383.26,385.67,18269604
16-07-2019,401.47,403.05,387.90,389.89,8630766
17-07-2019,398.46,404.25,396.65,401.19,6500759
18-07-2019,394.89,401.10,393.46,398.46,4711395
19-07-2019,390.40,397.86,385.49,395.63,5104476
22-07-2019,398.65,410.74,388.22,388.31,10420113
23-07-2019,398.65,403.51,395.73,399.34,6698368
24-07-2019,394.29,400.68,390.72,398.41,5319256
25-07-2019,405.04,407.40,394.29,394.52,11412685
26-07-2019,407.63,409.72,401.29,404.90,5094438
29-07-2019,399.39,409.25,397.67,407.68,4448863
30-07-2019,380.21,408.88,375.25,398.41,9461831
31-07-2019,395.40,397.30,378.96,379.88,7746831
01-08-2019,393.87,396.33,387.30,393.60,3635110
02-08-2019,389.75,395.17,386.69,391.84,3490912
05-08-2019,386.51,392.62,380.86,386.97,4784904
06-08-2019,387.48,391.42,384.05,385.44,3204070
07-08-2019,390.12,397.49,387.39,390.07,5431353
08-08-2019,395.12,396.75,387.43,392.85,3157083
09-08-2019,391.00,398.74,387.71,396.56,3434604
13-08-2019,406.98,411.85,389.84,390.54,13211835
14-08-2019,386.51,408.61,378.08,407.68,16173302
16-08-2019,384.24,390.45,379.88,388.59,6536156
19-08-2019,394.71,402.31,390.07,393.55,11584821
20-08-2019,392.52,397.74,389.16,397.27,5151625
21-08-2019,388.88,397.13,385.71,392.61,5120294
22-08-2019,386.59,392.38,380.95,388.60,5299316
23-08-2019,398.95,400.96,381.33,387.01,5479802
26-08-2019,391.07,400.82,387.11,399.14,6258106
27-08-2019,388.65,396.76,387.11,395.45,6738413
28-08-2019,385.24,393.26,383.75,388.79,3441725
29-08-2019,405.34,409.02,392.70,399.14,19967263
30-08-2019,420.03,422.82,400.77,403.75,12308149
03-09-2019,409.72,425.25,405.01,419.65,9396440
04-09-2019,397.69,400.49,374.24,395.92,33952423
05-09-2019,402.68,404.69,394.80,399.14,8793166
06-09-2019,396.43,398.39,386.50,388.60,12513040
09-09-2019,399.88,403.33,397.27,397.27,5488753
11-09-2019,393.73,405.67,392.84,402.87,7742635
12-09-2019,398.95,410.14,391.16,396.11,9896642
13-09-2019,394.33,403.66,392.70,401.42,6847742
16-09-2019,398.02,400.54,391.63,392.61,5239616
17-09-2019,392.28,398.72,390.88,397.93,3367950
18-09-2019,388.69,395.97,386.31,395.31,3728621
19-09-2019,383.42,390.65,380.67,388.69,4238714
20-09-2019,385.80,392.42,380.49,385.99,11785529
23-09-2019,381.84,395.69,378.06,389.81,7342291
24-09-2019,382.02,391.40,378.95,380.49,5860106
25-09-2019,379.32,384.87,374.66,381.98,5031063
26-09-2019,384.17,385.15,377.97,379.32,5309789
27-09-2019,374.61,384.68,373.26,384.22,3835936
30-09-2019,363.19,375.82,360.48,375.73,6674624
01-10-2019,360.48,369.67,354.47,362.30,4308157
03-10-2019,361.97,365.05,352.18,356.24,5216456
04-10-2019,360.02,367.43,358.29,362.77,4024033
07-10-2019,354.28,361.51,347.47,360.02,5151963
09-10-2019,358.06,361.60,348.97,352.51,4991946
10-10-2019,360.95,363.51,353.16,359.04,4581317
11-10-2019,360.25,363.09,355.77,361.28,4273739
14-10-2019,368.04,372.09,360.90,360.90,4372357
15-10-2019,370.04,373.03,365.80,370.41,2892153
16-10-2019,372.75,375.08,367.66,371.21,5503380
17-10-2019,374.42,375.40,370.04,374.52,2934902
18-10-2019,374.56,379.09,370.69,373.96,4647037
22-10-2019,378.11,380.49,373.91,374.89,2944611
23-10-2019,377.87,383.61,375.82,378.25,3374975
24-10-2019,378.57,380.25,371.81,377.69,3017220
25-10-2019,389.35,391.21,374.00,377.69,4845146
27-10-2019,389.58,391.49,387.99,387.99,359071
29-10-2019,393.50,396.81,386.08,389.53,3863059
30-10-2019,400.68,403.38,389.91,398.16,3511610
31-10-2019,404.17,410.84,399.88,400.63,6710116
01-11-2019,408.04,411.17,403.89,405.34,3545584
04-11-2019,408.42,412.57,404.41,410.28,4646694
05-11-2019,400.91,410.14,395.45,406.13,6719996
06-11-2019,399.04,422.36,393.64,403.24,15917528
07-11-2019,410.89,414.06,394.85,402.59,14294406
08-11-2019,393.64,412.66,392.47,412.19,11902470
11-11-2019,393.03,394.75,379.65,387.01,10249882
13-11-2019,384.22,398.11,382.35,391.68,6033467
14-11-2019,382.54,389.21,380.07,385.34,4750176
15-11-2019,387.06,390.65,382.49,384.92,5416931
18-11-2019,395.92,401.00,388.93,389.81,7710740
19-11-2019,397.18,400.91,393.17,396.34,4163853
20-11-2019,419.65,429.54,395.27,398.39,23107507
21-11-2019,417.00,423.80,413.69,419.65,7480460
22-11-2019,421.61,430.75,415.08,419.65,12114721
25-11-2019,428.00,432.62,419.65,422.45,8251208
26-11-2019,420.35,435.88,416.39,432.52,11278843
27-11-2019,427.81,429.91,417.37,419.61,6481012
28-11-2019,426.51,431.22,424.46,425.44,4005893
29-11-2019,419.51,429.49,417.28,427.49,3198828
02-12-2019,410.33,419.28,407.53,418.72,4933088
03-12-2019,404.36,412.38,401.47,411.63,3602073
04-12-2019,413.78,414.71,402.59,404.27,4318531
05-12-2019,407.25,412.15,404.03,410.33,4096921
06-12-2019,399.70,414.24,398.20,410.61,5805588
09-12-2019,398.20,405.29,395.03,402.73,4959765
10-12-2019,398.81,406.36,396.62,400.63,5578960
11-12-2019,400.82,402.77,396.48,400.16,3322986
12-12-2019,404.87,408.37,401.24,401.84,2794856
13-12-2019,409.63,412.10,396.90,408.09,5386394
16-12-2019,405.81,407.72,397.65,402.17,8290756
17-12-2019,400.12,408.00,397.51,404.73,6407264
18-12-2019,410.10,411.63,398.48,401.00,5341984
19-12-2019,404.36,410.89,398.67,410.14,6465219
20-12-2019,401.28,407.25,399.18,400.21,7157364
23-12-2019,399.51,402.87,397.83,398.30,4534617
24-12-2019,400.82,403.29,396.71,399.14,4210004
26-12-2019,393.68,402.31,392.28,401.84,5296867
27-12-2019,397.27,398.34,392.98,393.54,3413181
30-12-2019,401.14,404.27,397.93,400.02,4758825
31-12-2019,403.38,406.04,399.79,401.10,2957369
01-01-2020,405.01,407.02,402.17,403.75,2321850
02-01-2020,405.62,412.75,402.87,404.73,4555670
03-01-2020,414.62,420.03,403.85,405.34,9457180
06-01-2020,410.28,414.71,405.76,411.17,4794923
07-01-2020,416.30,417.79,408.04,411.63,4504083
08-01-2020,410.42,416.39,409.40,413.08,3881918
09-01-2020,410.19,414.85,409.40,412.85,3934566
10-01-2020,413.69,418.72,410.33,410.42,4334013
13-01-2020,414.62,423.06,412.71,416.86,4823348
14-01-2020,415.92,419.19,414.43,416.86,2708589
15-01-2020,418.77,420.31,413.73,417.42,3054107
16-01-2020,418.77,425.58,417.23,421.75,4416809
17-01-2020,423.94,425.48,415.92,417.98,3216737
20-01-2020,419.14,425.44,416.06,423.57,2824739
21-01-2020,417.23,421.29,415.92,417.79,2573651
22-01-2020,416.20,423.24,415.32,418.16,3412716
23-01-2020,419.51,421.71,414.99,417.04,1875787
24-01-2020,417.60,422.31,416.67,419.65,2153164
27-01-2020,418.16,421.29,412.38,416.86,3530914
28-01-2020,422.36,431.31,417.84,418.02,9487290
29-01-2020,419.75,425.95,419.14,424.18,3103817
30-01-2020,412.29,423.15,410.61,421.05,3486193
31-01-2020,405.01,415.36,403.47,412.75,3757229
03-02-2020,389.39,399.98,386.08,395.22,4032780
04-02-2020,396.95,398.11,385.01,388.83,4848610
05-02-2020,397.51,402.31,393.45,400.54,3826307
06-02-2020,401.61,408.46,395.41,399.32,7745520
07-02-2020,401.75,411.96,394.66,402.87,7402556
10-02-2020,391.96,403.57,390.09,399.65,3638523
11-02-2020,390.32,396.06,388.69,393.54,4683072
12-02-2020,386.64,392.89,386.08,390.56,4439987
13-02-2020,390.70,391.77,384.22,386.64,3924569
14-02-2020,390.32,396.11,388.41,391.68,2862205
17-02-2020,383.61,393.10,382.58,390.94,2625157
18-02-2020,383.84,385.91,374.83,382.29,4187206
19-02-2020,379.05,389.06,376.28,385.49,5910512
20-02-2020,380.37,386.52,379.05,379.33,4000525
24-02-2020,373.70,389.48,371.77,381.82,12668574
25-02-2020,365.29,377.97,361.91,377.97,10050971
26-02-2020,351.95,363.46,349.89,361.72,12146582
27-02-2020,364.92,366.98,347.02,352.24,15164166
28-02-2020,350.26,362.19,348.57,356.60,8439591
02-03-2020,347.07,360.36,341.29,355.05,6915567
03-03-2020,369.66,372.34,350.59,351.30,14474553
04-03-2020,380.84,387.84,363.84,373.84,26369149
05-03-2020,380.32,389.62,377.36,385.06,9874059
06-03-2020,376.56,378.72,366.37,366.37,6500912
09-03-2020,369.47,379.38,362.15,372.01,13151861
11-03-2020,362.52,371.26,356.98,370.46,9127352
12-03-2020,333.26,350.08,325.37,343.31,11662910
13-03-2020,360.88,378.49,305.27,320.30,15802632
16-03-2020,346.18,372.34,340.78,353.18,14480298
17-03-2020,347.68,371.59,342.09,353.18,12903597
18-03-2020,340.73,362.94,333.54,360.13,12342300
19-03-2020,338.52,351.72,326.55,330.35,8728092
20-03-2020,343.08,356.46,340.21,343.03,10630619
23-03-2020,304.80,333.17,295.93,324.06,8018903
24-03-2020,314.81,326.88,309.97,309.97,6408582
25-03-2020,326.55,329.51,309.55,311.85,6174391
26-03-2020,317.76,345.66,315.70,342.84,11670467
27-03-2020,317.72,331.10,312.79,325.94,7745135
30-03-2020,312.50,323.12,293.06,302.12,11648241
31-03-2020,330.91,333.45,308.32,319.45,9954142
01-04-2020,322.70,333.69,317.86,331.57,6702159
03-04-2020,353.13,366.14,319.36,323.07,28550430
07-04-2020,392.02,397.18,364.73,373.84,29675052
08-04-2020,410.19,421.51,388.07,393.57,27810872
09-04-2020,426.86,445.13,416.48,426.82,31862948
13-04-2020,434.28,448.89,416.20,434.85,30510226
15-04-2020,421.93,458.85,417.14,446.07,32508955
16-04-2020,435.55,439.22,421.93,422.68,16932965
17-04-2020,429.35,448.00,421.23,448.00,19774082
20-04-2020,444.66,446.17,423.20,429.59,17893064
21-04-2020,444.43,460.91,436.07,439.45,30021752
22-04-2020,445.56,453.12,440.53,446.12,13336137
23-04-2020,448.47,458.24,445.56,448.00,13748820
24-04-2020,456.08,466.83,444.80,448.00,23394027
27-04-2020,460.16,474.16,457.44,461.19,19310626
28-04-2020,445.18,465.33,441.75,464.95,12847910
29-04-2020,448.65,455.51,444.43,447.11,10166496
30-04-2020,436.26,455.56,430.57,454.62,18471206
04-05-2020,437.20,445.70,430.20,436.26,16097066
05-05-2020,428.60,443.82,426.44,441.28,7850482
06-05-2020,426.82,434.89,420.80,431.70,10829910
07-05-2020,424.75,437.43,422.87,433.95,11216033
08-05-2020,440.53,442.78,426.49,432.08,13693803
11-05-2020,435.69,446.68,433.30,444.94,10294818
12-05-2020,435.74,440.34,427.66,436.77,9507971
13-05-2020,424.89,440.95,422.87,440.53,10010310
14-05-2020,428.27,434.85,421.56,425.50,11764703
15-05-2020,421.37,431.04,418.50,428.27,7863358
18-05-2020,413.95,427.00,407.89,419.87,9067298
19-05-2020,414.89,428.32,411.98,416.86,10126393
20-05-2020,428.08,430.62,410.71,413.20,7967084
21-05-2020,438.13,440.53,425.50,427.85,8987658
22-05-2020,440.91,443.25,430.24,438.65,10194204
26-05-2020,431.28,446.64,429.26,442.41,9801056
27-05-2020,423.53,436.68,416.48,436.68,13253937
28-05-2020,431.23,433.63,417.71,426.35,12632972
29-05-2020,445.46,452.37,430.20,432.08,12662824
01-06-2020,437.15,454.34,430.48,454.15,18563612
02-06-2020,444.38,451.80,439.73,441.47,10978049
03-06-2020,447.25,452.37,444.29,446.12,7767457
04-06-2020,464.81,467.77,443.44,444.29,19100026
05-06-2020,464.25,479.98,462.32,470.59,22798341
08-06-2020,459.32,468.47,455.61,468.47,9176155
09-06-2020,470.35,481.58,462.13,462.13,25883378
10-06-2020,468.85,476.22,463.59,472.00,10636465
11-06-2020,444.90,463.82,440.62,460.26,18547382
12-06-2020,450.96,452.65,427.38,427.38,11498488
15-06-2020,456.31,459.69,444.01,451.80,10727187
16-06-2020,454.06,463.54,447.57,459.69,11247556
17-06-2020,456.17,460.02,450.02,454.76,8222223
18-06-2020,454.85,458.85,453.68,456.17,4077225
19-06-2020,458.47,462.09,455.75,457.25,8114839
22-06-2020,463.26,470.78,456.50,462.32,9203804
23-06-2020,470.07,472.47,459.79,463.26,10732649
24-06-2020,455.00,472.84,451.80,471.53,8567595
25-06-2020,458.05,462.60,448.04,451.14,6954147
26-06-2020,450.82,461.19,443.54,460.49,7489306
29-06-2020,452.74,457.77,446.17,446.64,5727377
30-06-2020,444.24,454.57,441.28,454.06,8339357
01-07-2020,439.73,446.92,437.85,444.76,5983810
02-07-2020,444.29,446.12,439.54,439.59,3731827
03-07-2020,447.90,450.25,443.35,448.04,4666364
06-07-2020,451.05,452.04,442.78,448.98,5995257
07-07-2020,450.16,456.50,447.25,450.86,6793452
08-07-2020,453.21,458.38,450.82,453.26,6279449
09-07-2020,452.69,457.63,451.19,455.14,3184268
10-07-2020,463.92,468.62,453.73,455.23,14898919
13-07-2020,469.37,471.25,462.42,464.95,7504299
14-07-2020,462.23,473.31,460.35,469.65,6996801
15-07-2020,465.05,469.08,462.32,464.20,4710170
16-07-2020,469.37,475.24,460.82,465.89,11263548
17-07-2020,473.03,478.62,467.16,469.27,9592466
20-07-2020,454.43,471.43,452.37,471.43,16111398
21-07-2020,448.28,458.56,446.17,458.38,8470749
22-07-2020,445.51,458.38,442.97,450.53,9848007
23-07-2020,447.11,452.60,445.27,448.94,5416291
24-07-2020,456.12,467.58,452.04,460.26,19812185
27-07-2020,446.64,458.00,440.53,455.42,6112617
28-07-2020,453.30,454.38,444.52,446.64,5917155
29-07-2020,463.07,466.17,454.76,456.22,8531803
30-07-2020,478.99,482.05,457.72,463.26,17534819
31-07-2020,499.42,508.16,476.69,483.03,41253676
03-08-2020,487.87,507.41,485.43,501.68,25348229
04-08-2020,496.84,500.08,485.85,490.31,11950138
05-08-2020,496.75,505.34,495.06,505.25,10928555
06-08-2020,499.94,508.58,494.21,501.49,10919796
07-08-2020,494.02,502.95,490.88,499.99,7275403
10-08-2020,510.84,517.36,494.07,494.07,16271180
11-08-2020,508.21,516.24,502.62,514.73,7774058
12-08-2020,499.85,507.92,497.59,507.92,7405695
13-08-2020,489.19,503.42,487.54,499.85,8729438
14-08-2020,499.10,503.46,490.31,491.72,11787355
17-08-2020,496.28,504.87,495.01,503.56,6657699
18-08-2020,494.07,501.49,492.33,499.42,5555588
19-08-2020,494.45,501.50,493.46,498.78,5414452
20-08-2020,491.53,498.68,490.35,493.60,4886692
21-08-2020,500.99,506.96,493.41,495.53,9833484
24-08-2020,502.02,506.92,496.94,506.92,5675533
25-08-2020,494.16,503.62,492.61,502.16,4414315
26-08-2020,494.21,498.78,491.48,495.06,5205745
27-08-2020,500.89,505.36,493.51,497.79,8564601
28-08-2020,523.01,531.48,503.25,506.40,29017731
31-08-2020,489.60,527.95,483.77,527.62,20056792
01-09-2020,490.73,496.56,476.38,490.49,13860865
02-09-2020,484.19,494.63,479.20,492.66,9636136
03-09-2020,492.61,495.81,482.35,488.00,10052098
04-09-2020,482.26,499.15,478.31,487.48,12380025
07-09-2020,483.01,487.67,474.54,485.60,6320017
08-09-2020,472.33,487.15,469.27,481.84,8519561
09-09-2020,479.29,482.59,464.52,467.72,10532163
10-09-2020,478.02,486.26,473.98,482.49,8572739
11-09-2020,475.77,482.17,472.99,477.13,5189670
14-09-2020,466.59,479.01,464.90,475.77,8041379
15-09-2020,476.57,482.21,466.78,468.66,11686574
16-09-2020,487.95,489.36,473.74,480.09,10080107
17-09-2020,481.84,491.15,480.42,486.35,9959257
18-09-2020,492.52,503.48,484.66,486.96,25685130
21-09-2020,473.98,497.13,469.60,492.94,9977984
22-09-2020,478.87,484.66,464.52,479.48,9862141
23-09-2020,473.27,490.31,468.90,489.84,10846053
24-09-2020,457.18,471.72,454.54,468.19,8768744
25-09-2020,460.80,466.78,455.34,466.78,9665092
28-09-2020,480.05,481.84,459.72,465.84,12221177
29-09-2020,476.33,487.34,474.78,487.34,8592449
30-09-2020,470.97,485.79,468.94,478.07,12981899
01-10-2020,477.04,480.42,471.77,475.34,6733075
05-10-2020,492.28,494.16,474.12,477.13,8831627
06-10-2020,490.35,496.52,488.42,495.01,8537178
07-10-2020,481.60,492.09,479.20,485.69,8346531
08-10-2020,493.22,495.01,481.60,484.28,9392711
09-10-2020,482.68,498.12,480.94,494.07,11468529
12-10-2020,483.62,486.87,479.29,484.56,7092628
13-10-2020,473.51,489.32,472.05,483.72,8851580
14-10-2020,472.61,477.60,464.24,473.51,7640368
15-10-2020,461.41,474.97,460.19,474.97,6605127
16-10-2020,458.21,465.60,456.66,462.07,9085611
19-10-2020,455.16,461.98,452.57,461.08,5158764
20-10-2020,457.70,459.77,452.10,456.38,5550859
21-10-2020,461.32,463.20,453.13,460.19,7269981
22-10-2020,456.94,462.45,453.32,462.26,6428694
23-10-2020,455.96,465.37,454.45,459.25,6578265
26-10-2020,446.55,458.69,443.35,458.69,6499259
27-10-2020,442.73,448.66,439.72,446.64,7693069
28-10-2020,436.10,447.72,434.22,445.13,7723679
29-10-2020,429.46,436.66,425.61,435.72,8297097
30-10-2020,438.31,441.37,428.99,431.63,8680701
02-11-2020,441.75,443.25,432.01,440.33,7737909
03-11-2020,456.99,461.70,438.31,444.24,16853462
04-11-2020,474.92,487.72,465.98,470.45,48182254
05-11-2020,482.31,483.72,472.90,478.07,14095319
06-11-2020,479.15,485.36,476.90,484.66,9251548
09-11-2020,480.09,487.48,474.73,482.31,9718357
10-11-2020,461.98,483.95,460.19,480.89,12767338
11-11-2020,476.24,478.40,463.01,465.84,11754997
12-11-2020,479.25,487.20,472.61,474.26,10911897
13-11-2020,478.49,485.41,474.82,481.79,9501329
14-11-2020,483.72,485.13,480.14,480.89,1766237
17-11-2020,487.86,492.56,483.77,486.54,12411197
18-11-2020,482.78,487.81,479.01,483.72,6483702
19-11-2020,477.46,485.74,475.25,481.84,6843207
20-11-2020,473.60,482.31,466.78,479.95,7594535
23-11-2020,482.64,485.98,471.48,474.31,8931512
24-11-2020,489.51,491.95,478.26,483.25,9096230
25-11-2020,476.38,495.01,474.45,490.49,10673809
26-11-2020,481.55,482.78,472.71,476.19,7494355
27-11-2020,481.51,490.12,479.20,483.72,12954065
01-12-2020,507.57,510.77,482.45,487.48,25388623
02-12-2020,512.56,514.77,504.42,509.03,14234038
03-12-2020,515.95,518.96,509.13,517.60,9345458
04-12-2020,535.52,539.15,513.08,517.60,16177536
07-12-2020,547.99,556.65,533.64,536.75,21232768
08-12-2020,535.20,547.71,532.47,547.71,10673103
09-12-2020,536.00,549.55,533.31,537.36,11144200
10-12-2020,531.90,540.89,527.10,536.42,6755693
11-12-2020,534.63,539.20,528.89,534.44,6968494
14-12-2020,542.30,544.56,534.87,534.87,8582193
15-12-2020,537.97,545.83,535.48,541.12,5896090
16-12-2020,542.63,544.42,537.36,537.36,5135499
17-12-2020,537.69,551.76,536.14,545.36,9025916
18-12-2020,541.12,542.91,534.54,540.18,4940687
21-12-2020,520.00,551.38,507.90,539.99,12715463
22-12-2020,534.82,537.45,508.56,520.42,8012096
23-12-2020,540.75,542.58,532.75,536.42,4958783
24-12-2020,555.66,559.95,538.44,540.75,7486583
28-12-2020,552.37,564.13,550.11,563.71,12299793
29-12-2020,555.81,560.89,548.79,555.05,7430043
30-12-2020,549.59,559.95,547.24,559.95,5589703
31-12-2020,557.45,559.85,547.76,550.21,8835267
01-01-2021,561.12,564.42,551.34,557.59,8229768
04-01-2021,568.79,573.54,560.13,564.65,11329298
05-01-2021,567.90,572.84,564.65,572.60,7790158
06-01-2021,569.64,574.96,561.03,568.51,6422080
07-01-2021,566.44,572.18,562.77,570.34,4555702
08-01-2021,584.23,586.11,568.42,571.24,11451416
11-01-2021,584.41,591.00,577.87,586.96,7516087
12-01-2021,573.73,587.14,571.29,584.41,6747035
13-01-2021,566.82,578.30,562.06,575.00,6186661
14-01-2021,571.29,575.62,561.26,566.82,6730284
15-01-2021,568.70,580.46,562.86,573.12,8389544
18-01-2021,547.19,571.57,544.37,568.51,7414570
19-01-2021,561.40,567.47,548.98,552.32,5500391
20-01-2021,559.66,568.04,558.02,565.78,5182972
21-01-2021,548.56,563.48,546.44,562.77,4546393
22-01-2021,541.31,552.37,536.98,548.56,5591688
25-01-2021,551.85,559.00,533.60,543.10,8149590
27-01-2021,536.23,551.38,530.54,551.38,8534047
28-01-2021,531.10,540.65,517.97,522.21,9863454
29-01-2021,551.66,564.65,521.46,534.54,22539938
01-02-2021,555.38,564.09,545.45,560.89,12621971
02-02-2021,573.54,580.56,556.65,561.78,15788247
03-02-2021,592.13,610.20,574.53,576.42,23788455
04-02-2021,594.30,603.24,589.35,595.24,7926593
05-02-2021,597.35,606.29,586.44,596.18,10981738
08-02-2021,597.26,606.86,595.28,603.14,6479801
09-02-2021,591.99,606.85,589.52,599.87,5794015
10-02-2021,595.31,599.54,582.97,591.47,6902162
11-02-2021,611.03,615.87,590.47,590.47,11433578
12-02-2021,595.36,621.23,590.80,621.23,15471776
15-02-2021,595.69,605.00,591.71,599.97,7310676
16-02-2021,599.16,602.34,591.42,599.02,6137454
17-02-2021,589.76,600.35,588.38,596.83,4700733
18-02-2021,584.82,595.46,582.97,590.47,5633766
19-02-2021,576.52,590.76,570.73,584.68,7301975
22-02-2021,565.13,579.89,560.47,577.18,5330343
23-02-2021,573.43,577.51,561.99,564.84,7564187
24-02-2021,570.96,578.46,565.65,576.33,3296243
25-02-2021,578.65,587.53,572.15,575.66,6261754
26-02-2021,564.46,589.86,560.09,574.29,15404415
01-03-2021,573.81,579.84,566.79,569.59,5274758
02-03-2021,583.07,585.11,573.86,578.13,4776776
03-03-2021,592.70,593.70,581.22,585.25,6626297
04-03-2021,587.58,604.47,584.78,590.47,11530735
05-03-2021,580.22,588.05,576.14,588.05,6127488
08-03-2021,583.64,590.38,580.31,580.50,4554461
09-03-2021,581.55,589.43,576.71,586.68,4035628
10-03-2021,594.27,596.07,584.16,586.68,5825924
12-03-2021,582.50,597.26,580.50,596.17,4264170
15-03-2021,574.81,582.88,566.26,582.88,4030762
16-03-2021,571.77,579.03,568.88,575.28,4189930
17-03-2021,555.11,573.38,552.50,573.38,7667561
18-03-2021,545.43,561.57,543.01,557.63,5537584
19-03-2021,548.99,553.12,533.61,542.06,6186643
22-03-2021,561.04,563.51,549.27,549.27,7033955
23-03-2021,558.05,564.56,553.45,561.23,5341729
24-03-2021,555.63,566.74,553.64,555.35,7299582
25-03-2021,546.57,558.15,542.53,554.78,4710869
26-03-2021,557.44,560.38,545.47,551.41,5761818
30-03-2021,567.40,568.64,557.48,564.79,4637718
31-03-2021,567.50,575.28,565.51,567.88,5269919
01-04-2021,579.79,581.64,567.07,569.59,6033653
05-04-2021,577.94,580.93,562.70,580.69,5353987
06-04-2021,589.00,590.38,572.91,577.89,7444994
07-04-2021,589.57,596.55,584.92,589.52,4757224
08-04-2021,583.12,594.27,582.21,589.10,3222479
09-04-2021,604.47,609.46,578.61,581.93,16755446
12-04-2021,587.96,613.11,584.02,606.61,15229597
13-04-2021,595.55,603.34,584.87,592.37,7399207
15-04-2021,601.15,608.98,594.74,601.48,8588761
16-04-2021,613.30,617.05,594.60,601.15,9804095
19-04-2021,608.18,618.38,602.81,611.36,11340358
20-04-2021,612.45,626.07,606.75,611.17,13831258
22-04-2021,607.51,624.65,605.76,617.72,11295290
23-04-2021,605.61,613.07,598.21,604.24,7668180
26-04-2021,602.53,611.36,599.02,611.36,6527947
27-04-2021,606.85,609.89,599.97,600.63,5112384
28-04-2021,610.79,614.49,605.95,608.46,6069155
29-04-2021,611.83,618.95,608.60,616.06,5676290
30-04-2021,621.28,632.81,607.65,609.46,10874266
03-05-2021,625.79,630.30,617.15,620.80,6567597
04-05-2021,612.45,631.20,609.46,628.44,5604638
05-05-2021,648.76,653.03,609.70,609.70,25296369
06-05-2021,644.96,661.39,639.22,654.88,11153908
07-05-2021,645.01,655.98,643.25,646.48,6466334
10-05-2021,662.81,667.84,648.95,653.13,10924222
11-05-2021,672.21,685.26,660.91,663.09,14760511
12-05-2021,667.22,678.71,664.52,678.71,7250661
14-05-2021,656.40,674.96,652.18,667.37,6851035
17-05-2021,652.32,663.09,645.58,653.13,6318234
18-05-2021,655.79,660.58,650.04,655.98,4080423
19-05-2021,667.75,670.93,655.79,659.11,7745431
20-05-2021,652.04,666.09,650.28,664.52,6226376
21-05-2021,655.41,659.30,653.13,656.69,3434231
24-05-2021,655.93,663.00,654.65,655.98,3722957
25-05-2021,660.82,662.05,655.97,659.77,2800233
26-05-2021,668.13,670.36,660.91,664.04,6235460
27-05-2021,664.04,673.77,659.30,671.40,9875654
28-05-2021,635.80,659.30,632.53,658.82,28316552
31-05-2021,634.43,641.45,625.60,637.94,13947126
01-06-2021,637.04,639.17,630.63,636.13,6443084
02-06-2021,643.11,643.73,636.18,636.99,4978457
03-06-2021,641.26,646.34,639.36,643.63,3604574
04-06-2021,639.79,644.82,638.70,644.49,3747803
07-06-2021,641.12,643.44,636.89,639.79,2793705
08-06-2021,644.35,645.49,631.39,638.89,5695920
09-06-2021,638.74,649.99,633.76,646.53,4492551
10-06-2021,641.78,646.48,638.89,638.93,3099864
11-06-2021,646.77,651.56,639.88,640.98,3822099
14-06-2021,642.78,649.05,637.51,647.43,3640962
15-06-2021,639.08,646.86,637.70,642.78,3862284
16-06-2021,634.66,646.01,633.05,640.79,4842448
17-06-2021,631.34,639.41,628.11,637.75,2776147
18-06-2021,634.62,638.89,619.62,633.19,4158743
21-06-2021,637.32,640.60,628.44,628.44,2932177
22-06-2021,633.00,645.77,632.10,643.63,4577152
23-06-2021,631.53,638.27,630.58,633.00,2631031
24-06-2021,631.10,636.99,627.97,630.53,3460776
25-06-2021,638.18,643.06,631.10,631.10,3010243
28-06-2021,642.02,645.44,635.61,640.79,3342385
29-06-2021,643.25,646.96,638.98,639.12,2937766
30-06-2021,641.21,648.81,640.07,643.68,3768943
01-07-2021,649.47,651.04,639.55,640.79,4102748
02-07-2021,646.72,654.55,643.92,650.75,5071894
05-07-2021,645.72,650.23,644.20,649.33,1600769
06-07-2021,639.12,648.38,638.32,643.63,2682423
07-07-2021,645.63,647.43,632.34,634.14,2576763
08-07-2021,633.10,646.39,631.39,642.68,2548016
09-07-2021,634.05,638.22,630.53,632.72,1994075
12-07-2021,634.66,638.75,632.62,634.71,1555035
13-07-2021,648.38,654.41,635.09,636.32,7744032
14-07-2021,651.18,657.30,646.48,647.38,2663467
15-07-2021,648.38,653.32,646.77,651.23,1905193
16-07-2021,653.70,660.39,648.05,650.18,3479357
19-07-2021,654.31,656.45,643.68,643.68,1940882
20-07-2021,642.16,656.54,639.74,654.08,2724983
22-07-2021,652.46,653.32,641.31,645.53,2047831
23-07-2021,658.82,663.52,647.05,651.42,3956261
26-07-2021,667.75,669.27,659.96,659.96,4715053
27-07-2021,653.41,669.93,639.69,669.27,5327355
28-07-2021,652.94,656.88,638.46,653.41,3332667
29-07-2021,667.37,670.17,646.20,652.94,4397443
30-07-2021,734.72,744.02,660.86,667.32,35893710
02-08-2021,735.72,761.25,725.37,745.21,18661462
03-08-2021,754.51,763.58,726.46,734.72,14678219
04-08-2021,745.92,757.46,740.18,750.91,5796169
05-08-2021,746.30,754.13,743.60,745.69,5026619
06-08-2021,745.40,756.08,741.94,746.63,4064324
09-08-2021,748.82,752.80,742.36,749.15,2873586
10-08-2021,753.14,758.31,742.55,749.91,5656020
11-08-2021,740.04,754.70,734.10,753.75,4275776
12-08-2021,739.18,741.65,733.96,740.46,2821380
13-08-2021,738.85,748.53,728.74,730.02,4319920
16-08-2021,741.22,743.31,731.97,735.91,2310304
17-08-2021,744.40,752.99,738.76,743.31,5686055
18-08-2021,743.22,751.29,739.80,748.06,4036305
20-08-2021,722.57,744.69,705.67,735.72,6238261
23-08-2021,722.76,732.90,714.62,728.14,2375417
24-08-2021,734.18,740.46,717.91,723.19,2732537
25-08-2021,731.99,738.61,723.00,732.90,2254852
26-08-2021,723.90,733.94,722.66,728.28,1735864
27-08-2021,734.61,739.56,721.57,724.09,2432862
30-08-2021,749.27,756.64,731.14,731.94,3617125
31-08-2021,755.79,762.40,745.94,749.51,7435465
01-09-2021,750.51,765.16,749.08,756.74,2811619
02-09-2021,751.89,757.31,750.31,752.22,2679549
03-09-2021,751.36,758.79,746.22,754.79,2860730
06-09-2021,746.46,754.88,742.18,751.36,4613445
07-09-2021,732.80,745.27,729.66,744.32,3851664
08-09-2021,739.99,741.42,726.76,730.33,2548562
09-09-2021,738.89,744.56,734.28,734.99,2008287
13-09-2021,742.70,745.27,734.47,738.89,1935832
14-09-2021,743.75,750.03,739.84,746.89,1996844
15-09-2021,743.03,747.89,741.27,746.89,1393824
16-09-2021,743.41,746.75,740.80,742.41,1353677
17-09-2021,732.80,749.93,729.71,747.17,4052622
20-09-2021,720.05,737.42,715.38,729.76,2206369
21-09-2021,727.66,729.42,714.86,720.05,2123997
22-09-2021,732.99,736.70,727.66,728.14,1817865
23-09-2021,732.75,739.75,729.18,733.94,2109768
24-09-2021,733.32,739.23,725.28,731.94,1777859
27-09-2021,726.28,737.18,723.47,734.28,2862731
28-09-2021,737.75,752.88,718.57,729.76,4938824
29-09-2021,772.21,780.25,734.18,746.22,18565413
30-09-2021,778.82,792.81,767.73,775.54,10478553
01-10-2021,786.77,790.67,766.50,772.87,5730355
04-10-2021,791.91,798.48,786.63,790.01,4007435
05-10-2021,780.96,794.19,775.68,788.10,2987134
06-10-2021,762.02,784.29,758.88,780.92,2910453
07-10-2021,783.58,786.53,765.35,769.11,4089061
08-10-2021,781.82,793.62,779.15,785.34,2753935
11-10-2021,792.43,795.91,778.39,786.20,2988841
12-10-2021,789.72,802.14,784.01,793.34,2407031
13-10-2021,801.95,806.00,787.39,788.05,4113083
14-10-2021,800.76,809.04,797.86,803.24,2300231
18-10-2021,795.62,809.99,792.05,809.04,2632795
19-10-2021,787.48,801.62,785.86,796.67,2029762
20-10-2021,775.63,794.57,768.59,785.29,2089252
21-10-2021,778.96,789.05,771.02,783.39,3155655
22-10-2021,773.40,787.01,761.59,785.34,1709523
25-10-2021,774.01,781.68,757.22,770.97,2129988
26-10-2021,774.30,784.20,767.45,777.63,1628608
27-10-2021,785.34,798.05,776.49,776.49,3569869
28-10-2021,768.68,789.20,764.35,784.25,1647229
29-10-2021,756.69,777.20,741.80,761.45,4321416
01-11-2021,772.68,774.63,749.08,760.45,1935341
02-11-2021,776.11,795.72,745.03,775.39,17608860
03-11-2021,749.98,782.39,743.70,780.49,9452138
04-11-2021,757.12,758.60,750.51,758.60,485870
08-11-2021,761.45,764.31,745.27,759.55,4280584
09-11-2021,762.74,772.87,758.60,761.45,3232291
10-11-2021,772.02,775.73,758.60,761.21,2900645
11-11-2021,756.55,771.40,753.93,769.97,2107377
12-11-2021,767.64,769.59,757.74,765.21,2076523
15-11-2021,771.64,780.15,767.78,769.35,2109222
16-11-2021,759.98,778.06,757.31,773.16,1512946
17-11-2021,753.22,766.21,749.46,761.45,1662900
18-11-2021,752.55,756.07,742.51,751.93,3177648
22-11-2021,733.61,755.74,728.18,753.69,2894426
23-11-2021,747.36,753.60,724.85,732.90,2739763
24-11-2021,741.42,758.55,738.18,745.75,2404041
25-11-2021,745.17,749.32,737.04,738.23,1861259
26-11-2021,730.33,760.40,725.28,737.66,5432649
29-11-2021,714.86,737.66,712.96,735.75,4664270
30-11-2021,717.29,724.95,710.10,714.81,5505266
01-12-2021,709.43,726.47,704.68,720.28,3687799
02-12-2021,729.33,733.61,710.15,716.72,4896650
03-12-2021,715.57,734.70,712.81,734.70,3135454
06-12-2021,701.63,716.29,698.35,715.00,2577704
07-12-2021,707.86,714.81,699.58,705.39,2583462
08-12-2021,721.05,726.71,711.34,714.05,2530785
09-12-2021,723.14,729.85,719.71,721.67,2604449
10-12-2021,724.66,737.66,717.86,717.86,2950388
13-12-2021,725.85,736.09,722.43,727.04,2491218
14-12-2021,719.62,731.71,717.29,720.76,3224172
15-12-2021,737.75,741.32,709.39,716.24,6231786
16-12-2021,727.61,748.60,723.38,748.60,6186549
17-12-2021,731.90,735.13,717.19,725.28,7171030
20-12-2021,727.14,737.37,716.76,730.99,7474026
21-12-2021,741.03,746.17,727.23,727.23,5599344
22-12-2021,759.07,762.40,740.04,747.17,5871235
23-12-2021,754.26,765.21,751.93,763.21,4277384
24-12-2021,747.55,756.50,740.13,755.17,3076272
27-12-2021,755.84,758.21,743.51,746.22,3598487
28-12-2021,775.82,780.39,755.93,757.64,5477769
29-12-2021,798.38,803.00,777.16,782.87,8748856
30-12-2021,794.24,801.38,787.48,796.33,5179861
31-12-2021,804.95,809.95,793.81,794.24,3346523
03-01-2022,808.04,818.61,800.38,804.28,3726756
04-01-2022,797.33,812.85,792.29,811.42,3027262
05-01-2022,794.86,803.85,790.62,799.52,2436343
06-01-2022,789.62,804.19,782.39,797.43,2423850
07-01-2022,789.01,795.72,785.44,789.62,1475374
10-01-2022,786.86,794.76,778.16,792.00,4837873
11-01-2022,792.29,800.95,788.39,790.86,4950526
12-01-2022,795.91,804.28,787.63,804.28,3953446
13-01-2022,823.79,829.03,794.05,795.91,7395140
14-01-2022,818.32,827.03,815.51,823.79,2351963
17-01-2022,812.09,821.80,809.52,818.32,1750754
18-01-2022,805.90,825.41,804.28,813.80,3354708
19-01-2022,798.10,807.14,793.81,807.14,1677779
20-01-2022,780.49,802.14,776.35,798.86,2886894
21-01-2022,769.78,780.20,762.50,777.16,3218477
24-01-2022,762.26,785.25,753.46,765.26,5300160
25-01-2022,769.11,772.59,746.98,752.88,3779497
27-01-2022,772.97,778.01,753.17,763.35,3593525
28-01-2022,787.48,802.28,772.97,776.68,5073701
31-01-2022,794.29,808.80,780.53,790.10,8041517
01-02-2022,848.78,851.87,799.38,806.57,12337459
02-02-2022,847.73,855.16,839.50,847.11,4404741
03-02-2022,840.97,848.26,838.02,846.50,2292825
04-02-2022,850.87,859.34,838.88,840.36,4222492
07-02-2022,844.31,858.01,837.31,858.01,3494623
08-02-2022,851.02,852.78,839.50,843.31,4766558
09-02-2022,850.39,858.16,849.34,857.54,2874380
10-02-2022,857.92,859.79,844.21,855.14,3159839
11-02-2022,844.30,859.36,839.07,858.21,2682532
14-02-2022,829.67,850.58,827.13,834.61,5163415
15-02-2022,841.14,844.21,824.11,827.42,3219287
16-02-2022,833.51,845.31,831.83,840.37,2136415
17-02-2022,827.47,836.87,826.27,836.87,2275289
18-02-2022,827.80,832.60,821.57,827.46,1797851
21-02-2022,809.53,828.86,805.35,820.70,2305713
22-02-2022,811.40,814.47,791.06,802.00,3171552
23-02-2022,806.07,818.30,803.96,815.28,1979574
24-02-2022,784.97,802.91,781.85,796.81,3679222
25-02-2022,797.73,801.04,783.82,787.13,2098988
28-02-2022,809.57,812.55,787.61,787.61,4123139
02-03-2022,787.51,810.58,782.52,810.01,3807036
03-03-2022,787.51,798.93,783.77,798.93,2657776
04-03-2022,795.90,805.45,776.43,783.10,4082674
07-03-2022,789.19,795.28,776.19,784.73,3065234
08-03-2022,820.22,826.65,792.59,792.59,4864275
09-03-2022,832.93,849.77,825.02,828.28,7276355
10-03-2022,834.18,846.03,831.35,834.52,2899758
11-03-2022,865.31,870.11,833.70,836.53,7194497
14-03-2022,855.96,874.71,853.75,865.26,3861194
15-03-2022,855.38,871.07,845.50,857.35,4039746
16-03-2022,853.03,863.39,844.64,863.39,3134307
17-03-2022,874.52,877.78,855.91,855.91,5484100
21-03-2022,876.63,893.13,874.23,875.38,3878744
22-03-2022,876.92,884.50,865.79,876.63,2174495
23-03-2022,864.16,888.33,859.36,880.66,2578669
24-03-2022,871.88,877.49,849.48,849.96,3141478
25-03-2022,865.65,877.73,859.84,874.76,1571676
28-03-2022,869.05,873.85,862.72,871.93,1545077
29-03-2022,881.95,884.50,864.45,871.11,3177777
30-03-2022,883.15,884.50,871.45,884.50,2084073
31-03-2022,877.54,889.29,873.75,883.15,1901705
01-04-2022,871.74,881.62,867.33,876.82,1184766
04-04-2022,888.38,891.02,865.89,871.07,1876408
05-04-2022,891.31,902.44,886.56,890.25,2911697
06-04-2022,890.35,900.61,887.37,890.06,1881754
07-04-2022,893.08,909.44,889.15,890.35,2728625
08-04-2022,886.99,899.17,881.91,898.89,1453271
11-04-2022,887.76,895.58,881.24,882.58,1102625
12-04-2022,883.83,890.40,874.33,882.58,1420380
13-04-2022,898.65,904.64,883.83,883.83,1825531
18-04-2022,889.77,902.77,881.86,889.87,1287320
19-04-2022,884.50,899.61,877.83,893.08,2001066
20-04-2022,885.94,893.13,878.79,880.66,1455897
21-04-2022,905.70,907.52,883.15,893.13,2410164
22-04-2022,887.18,903.92,881.00,902.72,1745381
25-04-2022,863.39,884.83,860.13,878.31,1146270
26-04-2022,880.71,887.14,867.28,868.19,3142879
27-04-2022,869.24,884.21,866.85,873.03,1586283
28-04-2022,883.54,889.63,872.31,882.58,3150038
29-04-2022,890.88,927.71,882.15,886.42,4290688
02-05-2022,885.84,887.37,865.84,884.93,2119174
04-05-2022,864.26,883.44,858.60,882.67,3925917
05-05-2022,842.43,881.81,837.11,868.19,4462293
06-05-2022,847.37,849.67,826.46,826.94,2350532
09-05-2022,849.39,855.14,832.74,832.74,2522123
10-05-2022,826.79,854.61,812.07,849.00,6975331
11-05-2022,820.03,831.73,816.38,818.30,2768829
12-05-2022,815.43,821.04,801.23,818.21,2700591
13-05-2022,846.60,852.84,825.16,827.85,4870689
16-05-2022,849.58,858.36,839.46,846.08,2739020
17-05-2022,855.48,859.17,842.96,844.35,2317400
18-05-2022,862.58,872.03,851.88,854.76,2878378
19-05-2022,848.62,863.39,842.62,849.00,2715634
20-05-2022,878.41,880.37,852.89,856.68,2877917
23-05-2022,884.54,893.42,879.32,882.58,2195036
24-05-2022,872.89,892.99,870.11,890.25,2911410
25-05-2022,874.14,885.12,870.35,877.78,2405811
26-05-2022,863.34,884.93,857.16,881.43,4113170
27-05-2022,867.13,875.67,859.55,865.26,2374509
30-05-2022,852.17,878.26,850.44,868.19,3541617
31-05-2022,825.59,846.89,816.58,831.97,24360628
01-06-2022,805.11,839.41,798.73,839.41,5999099
02-06-2022,824.59,827.80,798.93,802.71,3553217
03-06-2022,829.91,839.41,820.08,827.08,2618353
06-06-2022,824.83,838.40,823.10,829.82,2095566
07-06-2022,813.75,822.52,804.49,820.22,3031449
08-06-2022,812.79,819.26,803.53,810.72,3208941
09-06-2022,823.92,827.03,801.47,811.59,2297715
10-06-2022,811.30,819.22,807.75,815.43,2124778
13-06-2022,795.76,816.38,786.41,805.83,2191412
14-06-2022,791.49,801.66,788.42,792.40,2461692
15-06-2022,788.85,796.29,785.83,791.68,2008725
16-06-2022,781.47,792.40,773.74,789.14,2327414
17-06-2022,761.13,777.34,757.77,772.45,5719089
20-06-2022,772.54,780.41,762.18,768.42,2745302
21-06-2022,784.20,786.93,772.59,773.79,1342717
22-06-2022,776.38,787.61,770.58,780.89,2032073
23-06-2022,791.35,792.88,775.61,776.57,1778752
24-06-2022,791.06,799.88,788.08,794.22,1404748
27-06-2022,801.66,813.51,794.32,794.32,2980249
28-06-2022,794.90,803.43,791.49,802.95,2823691
29-06-2022,804.59,809.38,790.34,790.48,2975927
30-06-2022,796.81,813.65,790.15,802.00,3809670
01-07-2022,795.52,802.91,791.44,796.14,2316527
04-07-2022,795.66,805.50,788.47,791.73,2097164
05-07-2022,801.80,812.36,793.03,795.66,2682730
06-07-2022,803.63,808.37,797.44,805.83,2364840
07-07-2022,814.90,818.21,807.89,808.76,2327906
08-07-2022,822.81,824.54,815.19,818.78,2927832
11-07-2022,822.38,827.90,816.48,821.95,1768048
12-07-2022,816.96,825.02,814.47,818.30,1695338
13-07-2022,825.16,828.14,814.80,819.84,2663538
14-07-2022,844.11,847.04,829.05,832.12,4934156
15-07-2022,842.67,848.95,837.35,848.91,1413559
18-07-2022,846.89,859.17,842.81,852.46,2866600
19-07-2022,839.70,855.05,837.97,844.21,1604458
20-07-2022,832.21,848.71,826.99,848.71,2885666
21-07-2022,834.28,842.19,828.57,836.53,2321107
22-07-2022,838.93,840.51,831.25,835.57,1939758
25-07-2022,833.03,842.29,821.57,834.61,2419358
26-07-2022,832.36,841.71,826.94,833.84,1560211
27-07-2022,857.64,860.51,830.82,832.21,2797789
28-07-2022,858.45,860.37,843.01,859.55,3183169
29-07-2022,904.83,913.23,843.25,860.51,11315800
01-08-2022,881.33,901.72,872.99,901.72,4219890
02-08-2022,879.94,888.91,874.95,881.33,2043767
03-08-2022,860.51,880.47,857.20,877.78,2863168
04-08-2022,881.14,882.58,859.17,864.35,3151481
05-08-2022,878.69,891.21,874.81,882.10,3317738
08-08-2022,873.37,882.39,871.45,882.39,2677742
10-08-2022,882.29,889.29,876.05,876.05,3077870
11-08-2022,883.59,889.20,880.13,885.46,1526395
12-08-2022,876.29,885.26,870.25,883.59,1384417
16-08-2022,877.40,882.05,869.44,870.11,1635836
17-08-2022,883.35,888.33,877.78,881.62,1828327
18-08-2022,879.46,881.62,858.79,872.99,2989998
19-08-2022,867.53,886.25,864.30,881.63,1708425
22-08-2022,847.51,869.55,845.20,866.71,2860170
23-08-2022,855.06,858.53,839.85,841.35,2314528
24-08-2022,847.94,866.18,845.10,858.53,3223687
25-08-2022,844.38,857.23,842.16,854.68,5016244
26-08-2022,847.12,857.08,845.15,849.19,1542618
29-08-2022,846.26,847.94,832.54,839.28,2068888
30-08-2022,859.54,861.90,848.90,849.86,3672052
01-09-2022,839.13,868.06,837.74,859.49,2939235
02-09-2022,836.92,845.05,833.50,840.14,1963435
05-09-2022,851.40,852.90,832.01,836.39,2808538
06-09-2022,854.44,857.28,849.43,853.71,2252661
07-09-2022,860.21,862.76,846.50,846.50,1698682
08-09-2022,860.74,866.95,853.71,864.54,1772605
09-09-2022,856.60,868.06,853.43,860.93,1405210
12-09-2022,854.39,861.56,851.89,857.76,1571387
13-09-2022,856.75,859.78,850.35,856.46,2216354
14-09-2022,850.59,864.01,847.03,851.40,1889322
15-09-2022,841.49,854.82,838.41,849.86,1780723
16-09-2022,835.48,857.08,833.31,845.73,5625488
19-09-2022,842.02,844.04,824.65,839.66,1920725
20-09-2022,877.73,880.42,843.90,844.62,4408042
21-09-2022,871.33,887.88,868.78,884.08,4153228
22-09-2022,873.93,877.05,861.70,866.13,2317690
23-09-2022,886.53,891.92,868.73,868.73,4802181
26-09-2022,866.90,891.59,865.31,883.50,3760536
27-09-2022,863.48,875.71,860.84,871.28,3096645
28-09-2022,883.41,891.25,858.57,860.45,5559336
29-09-2022,895.77,919.64,890.38,890.38,8519098
30-09-2022,913.05,915.26,895.10,898.90,4182345
03-10-2022,909.06,931.53,907.37,917.19,4444578
04-10-2022,909.10,920.41,907.66,919.84,1856830
06-10-2022,918.10,925.90,911.99,918.87,3449485
07-10-2022,919.31,925.47,910.69,917.24,1762328
10-10-2022,910.55,918.44,900.15,910.45,1683827
11-10-2022,909.30,916.18,904.73,915.12,2426935
12-10-2022,919.69,923.97,905.74,910.50,2875040
13-10-2022,932.06,937.21,915.79,920.94,4498223
14-10-2022,939.66,943.13,927.82,939.37,3307000
17-10-2022,943.22,948.04,936.78,939.66,2647369
18-10-2022,941.64,948.04,936.25,946.83,2065146
19-10-2022,940.24,943.90,928.84,938.99,2424533
20-10-2022,943.56,945.97,930.28,933.60,1669666
21-10-2022,941.01,954.68,939.13,944.19,1791608
24-10-2022,949.96,952.80,945.25,949.00,191840
25-10-2022,954.34,959.92,948.52,954.73,2119595
27-10-2022,973.69,975.37,955.26,961.51,4379157
28-10-2022,952.85,965.84,950.49,964.40,3934980
31-10-2022,978.74,988.75,954.00,957.61,3546309
01-11-2022,997.70,1009.64,980.91,983.60,5264069
02-11-2022,1012.47,1030.76,993.90,999.82,5923662
03-11-2022,1005.02,1015.99,1000.54,1005.79,2386317
04-11-2022,1000.88,1007.13,992.74,1006.07,1576349
07-11-2022,989.76,1010.55,982.69,1005.79,2853521
09-11-2022,975.52,997.75,972.10,981.77,2268760
10-11-2022,972.72,983.94,968.97,972.10,2419991
11-11-2022,975.52,992.74,971.95,977.63,2390487
14-11-2022,978.74,983.07,964.40,980.42,1764788
15-11-2022,977.92,983.65,966.76,983.65,1703050
16-11-2022,980.42,984.42,969.31,969.31,1485506
17-11-2022,975.32,991.83,972.53,984.90,1758031
18-11-2022,971.71,979.65,968.25,977.15,1130682
21-11-2022,965.51,974.79,956.22,965.36,1108922
22-11-2022,972.19,974.41,958.86,968.39,1723123
23-11-2022,979.46,980.86,971.57,977.10,1311376
24-11-2022,996.26,998.47,975.76,982.35,1994268
25-11-2022,995.05,999.00,988.41,999.00,1948596
28-11-2022,995.92,1002.42,989.37,994.24,1427648
29-11-2022,1010.45,1011.75,995.20,996.16,1179559
30-11-2022,1006.80,1018.59,1000.35,1013.48,3060171
01-12-2022,1007.18,1018.15,1000.59,1015.41,1878374
02-12-2022,1000.97,1010.45,995.97,1008.96,2284133
05-12-2022,1000.40,1006.70,992.07,1003.04,2294634
06-12-2022,994.76,1000.97,984.85,1000.40,1321211
07-12-2022,979.56,998.23,977.25,997.65,2954262
08-12-2022,943.99,979.80,938.41,976.91,10021644
09-12-2022,955.59,959.59,943.22,943.99,4231753
12-12-2022,950.35,957.66,943.37,957.57,1875104
13-12-2022,957.32,958.96,943.03,943.22,1863361
14-12-2022,962.71,965.36,957.23,961.51,1570685
15-12-2022,964.59,969.21,960.65,963.44,1304660
16-12-2022,956.36,967.38,950.54,960.69,2618988
19-12-2022,950.88,955.88,937.16,950.54,1547342
20-12-2022,951.26,953.47,942.65,950.88,1352408
21-12-2022,967.86,971.62,951.31,954.77,2043630
22-12-2022,972.72,995.25,969.26,981.68,5163443
23-12-2022,963.97,989.28,960.98,974.02,3612433
26-12-2022,962.52,973.83,951.60,972.10,2307374
27-12-2022,962.62,977.63,955.74,962.71,1870105
28-12-2022,957.66,972.68,955.74,961.42,1686511
29-12-2022,963.00,967.00,951.98,961.08,2162872
30-12-2022,963.82,969.02,956.46,966.32,1629162
02-01-2023,959.59,963.82,950.15,963.82,1616012
03-01-2023,971.23,974.79,950.92,955.74,1810117
04-01-2023,966.42,987.40,963.20,974.02,2573870
05-01-2023,978.07,983.55,970.41,971.23,2246533
06-01-2023,970.85,983.46,966.42,976.91,1773153
09-01-2023,978.69,984.95,972.58,976.91,1567316
10-01-2023,973.88,985.57,972.15,977.87,1607654
11-01-2023,989.42,994.28,970.51,974.02,3258157
12-01-2023,994.09,996.59,982.83,993.22,1641398
13-01-2023,992.89,996.16,981.87,992.45,1491367
16-01-2023,996.59,1000.49,987.59,992.89,1437532
17-01-2023,993.95,997.12,988.27,996.59,1245848
18-01-2023,1001.07,1002.42,991.49,993.95,1238451
19-01-2023,1001.50,1004.82,997.12,999.14,824263
20-01-2023,991.68,1008.19,978.69,1004.87,2963571
23-01-2023,1009.92,1015.31,984.13,996.16,2106604
24-01-2023,1001.65,1011.51,995.73,1010.60,2088556
25-01-2023,1001.02,1006.41,991.64,991.64,1753333
27-01-2023,1004.25,1011.56,995.20,1005.74,3448013
30-01-2023,1012.23,1031.92,1001.17,1002.85,3320916
31-01-2023,995.68,1020.51,987.55,1015.41,5265462
01-02-2023,976.81,1004.77,967.38,997.56,4717887
02-02-2023,969.79,977.58,955.74,972.05,2117181
03-02-2023,989.57,993.71,964.06,969.21,2332076
06-02-2023,984.95,987.45,974.75,981.72,1215157
07-02-2023,968.63,989.90,964.40,987.74,2360600
08-02-2023,982.31,986.09,967.18,974.35,1815142
09-02-2023,976.29,990.26,971.06,972.61,1474402
10-02-2023,976.10,983.62,966.50,976.29,1530150
13-02-2023,984.49,986.52,971.64,977.70,1355766
14-02-2023,976.25,987.20,972.85,987.15,1832842
15-02-2023,965.24,975.91,960.54,971.64,2251350
16-02-2023,965.00,979.40,961.17,968.63,1678410
17-02-2023,954.67,966.31,952.25,962.14,1847026
20-02-2023,954.57,961.60,945.41,960.15,2157871
21-02-2023,942.16,960.78,939.79,960.00,1771813
22-02-2023,939.20,948.37,936.73,942.11,2605147
23-02-2023,943.03,947.64,934.84,943.52,2835983
24-02-2023,941.09,953.55,934.50,941.19,1823835
27-02-2023,935.81,943.08,930.96,941.09,1548675
28-02-2023,927.62,946.43,925.09,939.64,3819644
01-03-2023,930.23,936.78,922.19,922.19,1862513
02-03-2023,936.05,937.70,922.28,930.91,1510195
03-03-2023,937.60,940.37,929.12,937.75,2215832
06-03-2023,936.00,949.82,934.60,940.61,1989152
08-03-2023,928.49,935.76,918.31,930.91,4734482
09-03-2023,923.83,930.33,918.45,928.49,2994556
10-03-2023,926.60,928.49,917.43,917.82,2001392
13-03-2023,925.19,930.82,918.84,926.16,1412106
14-03-2023,928.20,934.55,921.51,924.61,1879695
15-03-2023,922.57,935.66,920.58,923.15,2189113
16-03-2023,938.09,940.61,922.86,926.31,2228093
17-03-2023,928.68,939.35,923.88,939.20,2218687
20-03-2023,932.08,933.48,918.65,921.22,1955757
21-03-2023,927.23,935.76,924.37,935.76,1687239
22-03-2023,942.60,944.88,927.62,928.00,1626129
23-03-2023,948.03,953.17,942.55,945.46,1857923
24-03-2023,943.37,949.34,938.67,947.98,1534322
27-03-2023,953.65,960.92,933.82,950.31,2473222
28-03-2023,954.38,957.87,946.72,957.09,1394675
29-03-2023,961.85,966.31,949.34,955.79,3045795
31-03-2023,953.31,965.05,951.66,965.05,1822710
03-04-2023,949.39,958.06,946.62,951.28,1671570
05-04-2023,966.94,968.73,945.75,955.15,1544121
06-04-2023,981.43,983.28,963.30,966.94,1423990
10-04-2023,978.04,986.14,976.15,984.25,1110974
11-04-2023,978.67,991.28,977.02,978.04,1786844
12-04-2023,985.89,989.29,974.79,984.73,3246327
13-04-2023,973.09,992.83,971.64,991.32,1445693
17-04-2023,968.44,979.30,964.90,969.17,1768817
18-04-2023,974.35,975.76,958.35,968.73,1217390
19-04-2023,965.34,978.82,962.91,973.09,2174563
20-04-2023,957.82,971.74,953.94,968.83,1638094
21-04-2023,959.47,964.17,955.11,964.17,1216575
24-04-2023,949.48,952.73,930.19,945.46,3485350
25-04-2023,943.03,953.12,937.70,950.31,2377746
26-04-2023,941.82,947.20,934.02,946.23,2911028
27-04-2023,949.05,951.86,934.35,938.67,2777173
28-04-2023,957.72,962.43,949.48,955.11,2009995
02-05-2023,943.57,958.94,940.90,957.72,3152556
03-05-2023,934.40,942.94,930.43,941.09,3087472
04-05-2023,944.49,946.33,935.91,938.33,1197830
05-05-2023,941.05,947.64,938.52,944.49,1062645
08-05-2023,932.71,939.64,931.88,932.85,2676958
09-05-2023,928.44,937.55,920.73,932.75,6902170
10-05-2023,924.90,930.86,922.77,928.00,2180917
11-05-2023,931.93,934.69,923.15,924.90,1296607
12-05-2023,927.03,933.92,923.15,931.88,2014927
15-05-2023,924.12,926.79,919.32,924.12,1814239
16-05-2023,912.44,933.39,909.58,924.12,2625163
17-05-2023,907.59,916.66,900.71,912.73,2956985
18-05-2023,901.48,914.43,894.50,914.43,3014019
19-05-2023,897.80,906.09,896.29,903.76,1309343
22-05-2023,909.05,914.18,894.89,897.80,1382485
23-05-2023,903.37,927.23,900.95,909.09,3057684
24-05-2023,923.30,925.87,904.34,907.15,2953574
25-05-2023,916.37,922.86,914.14,920.92,2331464
26-05-2023,940.51,947.11,908.61,915.35,4137189
29-05-2023,939.11,943.76,917.72,940.56,5344765
30-05-2023,930.52,938.14,927.32,935.76,2624815
31-05-2023,945.80,949.63,931.64,935.76,5595631
01-06-2023,957.77,960.44,945.46,950.11,3261906
02-06-2023,969.31,973.29,951.28,956.66,3734815
05-06-2023,978.19,986.86,968.25,974.89,3629780
06-06-2023,983.08,985.17,973.58,978.33,1632644
07-06-2023,983.86,986.67,979.40,984.25,1608613
08-06-2023,957.09,985.22,953.46,984.25,3395935
09-06-2023,954.14,960.68,951.28,954.19,2306206
12-06-2023,955.59,959.91,951.32,957.97,593319
13-06-2023,958.16,965.82,955.69,960.00,2413311
14-06-2023,956.80,964.85,954.43,961.55,2139387
15-06-2023,958.45,964.66,955.83,958.55,2731724
16-06-2023,961.94,964.51,957.29,960.00,3611214
19-06-2023,971.45,976.20,963.64,965.00,1327862
20-06-2023,961.89,977.22,959.62,977.12,1445688
21-06-2023,961.85,963.74,953.80,961.89,1396686
22-06-2023,960.29,966.02,957.19,957.19,5384143
23-06-2023,961.41,965.77,947.69,963.88,1218237
26-06-2023,964.80,973.39,961.41,963.88,2066932
27-06-2023,971.45,972.95,956.12,969.65,4647465
28-06-2023,990.84,994.48,964.85,964.85,5296330
30-06-2023,1019.74,1023.03,989.14,990.79,4765060
03-07-2023,1001.41,1021.72,998.79,1021.09,2338356
04-07-2023,1017.02,1021.97,998.69,1008.49,1549174
05-07-2023,1013.05,1025.65,1011.06,1023.03,1840716
06-07-2023,1010.91,1024.59,1008.49,1008.49,2551103
07-07-2023,1004.32,1019.35,997.58,1002.19,1721224
10-07-2023,1013.34,1019.16,999.86,1004.61,1221769
11-07-2023,1039.76,1042.19,1017.26,1020.12,4369937
12-07-2023,1046.06,1050.91,1037.58,1042.43,5088473
13-07-2023,1043.06,1049.12,1039.23,1049.12,1541690
14-07-2023,1040.44,1047.28,1032.73,1047.23,2641580
17-07-2023,1044.95,1048.29,1038.06,1041.17,1254025
18-07-2023,1034.82,1046.21,1032.10,1045.77,2238739
19-07-2023,1049.07,1053.09,1031.62,1034.82,2311282
20-07-2023,1064.39,1071.03,1049.51,1053.14,5218991
21-07-2023,1063.91,1070.74,1057.31,1069.97,1879610
24-07-2023,1067.06,1073.80,1059.40,1060.85,2130036
25-07-2023,1061.87,1076.37,1057.75,1076.37,1702900
26-07-2023,1078.31,1080.63,1060.95,1063.81,1321572
27-07-2023,1100.56,1120.34,1082.48,1093.82,6366612
28-07-2023,1107.96,1113.16,1091.51,1099.59,2677679
31-07-2023,1112.68,1114.23,1096.72,1109.37,1718336
01-08-2023,1112.73,1121.68,1105.48,1112.68,1448567
02-08-2023,1104.75,1113.55,1096.18,1113.21,1731918
03-08-2023,1110.34,1138.27,1092.19,1099.88,8460399
04-08-2023,1108.35,1114.23,1090.93,1098.66,3527805
07-08-2023,1129.61,1135.40,1103.04,1108.35,3353219
08-08-2023,1117.79,1133.31,1109.32,1130.97,3073468
09-08-2023,1121.82,1128.15,1109.66,1120.22,1306791
10-08-2023,1119.39,1126.79,1112.87,1119.68,1443067
11-08-2023,1101.92,1120.07,1100.12,1119.15,1756630
14-08-2023,1103.77,1111.31,1090.39,1100.61,1824622
16-08-2023,1112.92,1114.72,1091.71,1104.45,1224080
17-08-2023,1114.04,1118.08,1106.94,1112.92,1964341
18-08-2023,1104.41,1118.42,1098.66,1110.34,1473774
21-08-2023,1106.84,1113.16,1096.86,1099.59,941384
22-08-2023,1106.98,1116.18,1099.64,1104.50,1438879
23-08-2023,1093.51,1100.07,1080.76,1097.69,3050418
24-08-2023,1088.25,1102.65,1083.29,1093.41,1575291
25-08-2023,1076.57,1093.12,1070.69,1087.96,1515282
28-08-2023,1086.99,1093.94,1075.45,1080.22,1959645
29-08-2023,1081.73,1094.82,1076.72,1094.82,1749707
30-08-2023,1084.94,1089.08,1080.66,1087.47,1543173
31-08-2023,1081.73,1088.79,1072.10,1088.79,4782404
01-09-2023,1079.20,1087.47,1076.04,1082.12,2715249
04-09-2023,1079.10,1084.07,1072.39,1084.07,1205294
05-09-2023,1101.49,1105.48,1077.45,1080.17,1698118
06-09-2023,1111.66,1118.13,1098.71,1106.45,2960249
07-09-2023,1102.60,1110.78,1098.27,1109.37,1863837
08-09-2023,1100.07,1107.47,1098.18,1102.56,1789037
11-09-2023,1106.35,1109.37,1095.45,1100.07,2032253
12-09-2023,1114.48,1122.80,1106.55,1111.36,3989578
13-09-2023,1117.88,1125.62,1111.61,1118.13,2115524
14-09-2023,1113.07,1119.98,1108.15,1117.88,2065163
15-09-2023,1118.91,1122.80,1113.26,1113.26,2404169
18-09-2023,1116.81,1125.91,1111.85,1118.13,962842
20-09-2023,1122.16,1124.94,1108.40,1117.15,2303191
21-09-2023,1115.35,1125.86,1110.49,1118.13,2088934
22-09-2023,1101.92,1117.15,1097.98,1111.80,1585418
25-09-2023,1093.85,1106.25,1091.51,1095.94,1009279
26-09-2023,1095.60,1099.64,1088.45,1094.77,1966198
27-09-2023,1109.32,1115.11,1093.02,1095.89,2332018
28-09-2023,1101.88,1121.05,1098.52,1112.24,2685663
29-09-2023,1127.52,1136.03,1103.82,1103.82,2288577
03-10-2023,1110.78,1130.73,1108.64,1128.39,1946966
04-10-2023,1093.60,1108.40,1083.09,1107.52,1803871
05-10-2023,1089.03,1098.32,1081.93,1094.43,2348562
06-10-2023,1097.01,1101.73,1092.92,1097.69,1056281
09-10-2023,1092.87,1103.33,1079.20,1081.15,1080276
10-10-2023,1096.23,1100.03,1089.71,1091.85,1092093
11-10-2023,1098.42,1103.97,1092.19,1097.69,1456045
12-10-2023,1100.03,1102.12,1091.07,1098.66,1221965
13-10-2023,1114.53,1116.37,1091.85,1095.84,1934884
16-10-2023,1104.79,1116.42,1102.61,1110.83,1144308
17-10-2023,1106.25,1113.26,1103.53,1108.05,798807
18-10-2023,1122.41,1130.58,1103.58,1106.45,2178517
19-10-2023,1110.83,1119.10,1104.50,1116.57,1765065
20-10-2023,1111.51,1114.23,1102.65,1107.42,957910
23-10-2023,1092.29,1118.32,1087.96,1104.50,702730
25-10-2023,1090.20,1099.34,1082.90,1094.77,1800673
26-10-2023,1074.04,1087.91,1068.01,1085.96,2223975
27-10-2023,1081.44,1089.71,1077.89,1082.12,1250965
30-10-2023,1085.23,1089.86,1074.19,1085.72,1078813
31-10-2023,1059.35,1089.52,1039.64,1089.37,6475786
01-11-2023,1086.21,1102.12,1053.51,1062.66,3973264
02-11-2023,1102.41,1106.98,1080.76,1097.54,3454692
03-11-2023,1110.44,1114.91,1101.10,1107.91,1741756
06-11-2023,1119.10,1120.07,1109.37,1109.47,1428537
07-11-2023,1139.49,1142.02,1115.74,1118.13,1811831
08-11-2023,1145.08,1151.12,1139.54,1143.43,1702301
09-11-2023,1144.60,1151.46,1135.50,1149.27,1849169
10-11-2023,1147.66,1149.75,1138.66,1142.50,957539
13-11-2023,1146.15,1155.64,1142.21,1148.39,816825
15-11-2023,1149.17,1152.58,1139.54,1147.81,2246320
16-11-2023,1157.59,1162.79,1147.90,1150.24,2205723
17-11-2023,1162.50,1166.20,1156.03,1157.83,891965
20-11-2023,1156.08,1166.05,1153.40,1163.86,1054810
21-11-2023,1169.12,1172.62,1154.38,1157.05,999135
22-11-2023,1171.75,1182.16,1166.78,1172.62,1401782
23-11-2023,1166.59,1177.39,1162.65,1171.21,1177434
24-11-2023,1163.33,1177.10,1160.75,1167.76,1376695
28-11-2023,1159.34,1168.10,1157.78,1164.98,886708
29-11-2023,1169.90,1177.00,1152.67,1159.92,1813462
30-11-2023,1192.91,1198.07,1160.31,1160.31,4672807
01-12-2023,1198.17,1208.48,1192.08,1199.92,1749751
04-12-2023,1198.07,1206.68,1187.71,1204.01,1615837
05-12-2023,1206.24,1210.18,1187.75,1192.96,930042
06-12-2023,1207.02,1224.20,1200.16,1215.00,1704590
07-12-2023,1206.00,1208.53,1195.88,1197.92,1478355
08-12-2023,1202.59,1214.08,1197.58,1202.84,1612113
11-12-2023,1208.04,1212.86,1182.45,1202.79,1172972
12-12-2023,1185.27,1216.41,1180.07,1215.44,2832873
13-12-2023,1199.97,1206.29,1180.07,1185.56,2448178
14-12-2023,1198.21,1206.58,1191.35,1205.71,2341190
15-12-2023,1202.55,1213.01,1199.87,1207.65,3474624
18-12-2023,1219.09,1233.83,1200.84,1202.55,2135393
19-12-2023,1211.50,1233.88,1203.28,1230.81,2187458
20-12-2023,1199.04,1221.28,1195.44,1221.28,1837031
21-12-2023,1200.36,1204.69,1176.08,1191.21,1916222
22-12-2023,1210.23,1217.39,1202.84,1206.68,2058127
26-12-2023,1213.98,1216.41,1206.00,1210.23,1796483
27-12-2023,1218.80,1221.67,1207.90,1216.41,2005268
28-12-2023,1228.24,1230.67,1215.97,1221.23,2043365
29-12-2023,1225.61,1237.77,1218.89,1228.19,1840160
01-01-2024,1226.39,1229.99,1218.85,1227.12,733452
02-01-2024,1261.37,1264.10,1223.37,1227.12,3174447
03-01-2024,1263.71,1269.59,1256.46,1261.37,1699057
04-01-2024,1277.67,1292.80,1262.20,1268.96,2851729
05-01-2024,1265.26,1282.59,1252.42,1282.59,2960339
08-01-2024,1270.23,1274.75,1264.39,1270.32,1678133
09-01-2024,1288.42,1297.62,1271.73,1279.62,1712486
10-01-2024,1289.25,1297.67,1277.87,1294.31,1278475
11-01-2024,1280.88,1296.11,1274.99,1292.32,1320281
12-01-2024,1290.32,1294.26,1270.47,1283.56,1538242
15-01-2024,1293.63,1303.99,1286.09,1293.48,1475983
16-01-2024,1278.16,1295.77,1272.42,1294.31,824502
17-01-2024,1264.10,1284.97,1259.57,1276.75,2544642
18-01-2024,1299.86,1307.30,1255.34,1264.05,2842572
19-01-2024,1299.71,1308.28,1293.44,1303.99,1605745
23-01-2024,1341.27,1357.13,1280.64,1280.64,4129729
24-01-2024,1344.96,1352.65,1323.80,1342.92,1719845
25-01-2024,1331.53,1352.75,1312.27,1346.37,1870910
29-01-2024,1363.21,1382.67,1318.79,1328.32,3413149
30-01-2024,1334.89,1371.33,1332.36,1364.23,1935332
31-01-2024,1380.34,1400.24,1330.17,1334.84,5796356
01-02-2024,1370.12,1392.01,1361.31,1388.66,2442481
02-02-2024,1378.58,1395.32,1367.39,1371.14,1775449
05-02-2024,1424.47,1426.61,1385.35,1388.46,3481964
06-02-2024,1435.46,1438.29,1407.68,1411.04,1893995
07-02-2024,1456.00,1460.13,1440.62,1443.15,2259235
08-02-2024,1459.31,1466.99,1445.44,1460.72,2213750
09-02-2024,1502.07,1506.18,1460.43,1468.90,6343881
12-02-2024,1501.73,1521.94,1488.67,1507.02,4059288
13-02-2024,1509.32,1517.93,1492.92,1504.72,4687838
14-02-2024,1487.98,1512.84,1475.89,1512.84,2105672
15-02-2024,1477.70,1496.45,1473.45,1496.45,2161691
16-02-2024,1477.75,1489.55,1472.76,1482.70,3480879
19-02-2024,1497.47,1500.07,1475.26,1482.55,777823
20-02-2024,1505.89,1509.12,1480.00,1499.33,2230669
21-02-2024,1510.49,1516.46,1500.31,1507.21,1993748
22-02-2024,1524.83,1527.72,1502.27,1516.56,1981678
23-02-2024,1527.96,1535.01,1517.34,1524.78,1340283
26-02-2024,1523.75,1533.49,1515.68,1528.69,974892
27-02-2024,1549.00,1551.64,1516.02,1523.56,2140963
28-02-2024,1540.29,1553.60,1529.33,1552.67,578316
29-02-2024,1544.30,1553.94,1523.31,1541.42,2350244
01-03-2024,1526.00,1548.17,1515.04,1546.31,4069161
04-03-2024,1519.01,1535.64,1515.87,1517.49,2298105
05-03-2024,1540.63,1542.79,1502.66,1520.67,1408172
06-03-2024,1569.80,1572.49,1533.00,1541.42,1761032
07-03-2024,1571.46,1585.41,1566.28,1576.40,2440999
11-03-2024,1559.62,1592.31,1552.57,1580.71,2994345
12-03-2024,1550.52,1569.60,1546.46,1558.25,1294598
13-03-2024,1525.37,1558.25,1511.08,1547.48,2881503
14-03-2024,1536.72,1540.73,1513.28,1533.83,3062556
15-03-2024,1515.19,1539.95,1508.34,1535.30,3421374
18-03-2024,1537.75,1542.64,1510.54,1515.24,2281873
19-03-2024,1515.43,1546.07,1507.55,1540.44,3692624
20-03-2024,1516.31,1526.69,1488.08,1526.69,3412218
21-03-2024,1531.83,1537.36,1509.66,1531.43,2567975
22-03-2024,1574.59,1586.44,1532.71,1535.45,4941447
26-03-2024,1564.02,1580.27,1559.13,1561.04,3649049
27-03-2024,1569.95,1591.48,1558.15,1567.84,2530169
28-03-2024,1586.00,1599.16,1573.66,1575.62,4427587
01-04-2024,1594.51,1598.91,1583.99,1596.81,1148498
02-04-2024,1587.66,1598.18,1575.57,1594.51,1921533
03-04-2024,1585.31,1594.22,1560.21,1574.69,2098379
04-04-2024,1584.82,1593.29,1553.31,1586.34,2439461
05-04-2024,1574.69,1603.91,1571.85,1576.65,1548980
08-04-2024,1565.59,1584.38,1562.95,1576.65,1170390
09-04-2024,1568.38,1574.55,1558.01,1566.86,1389391
10-04-2024,1569.85,1574.20,1549.98,1568.87,1928878
12-04-2024,1507.16,1560.99,1501.29,1560.99,8258068
15-04-2024,1507.21,1511.18,1471.73,1485.24,2474028
16-04-2024,1504.77,1510.39,1492.63,1502.27,2058697
18-04-2024,1484.07,1512.59,1474.33,1512.59,3266796
19-04-2024,1490.33,1495.71,1471.64,1472.91,2536516
22-04-2024,1507.26,1514.99,1489.50,1495.86,1680307
23-04-2024,1452.99,1529.13,1446.19,1528.69,9160422
24-04-2024,1454.07,1470.95,1447.81,1452.99,4652803
25-04-2024,1487.74,1494.73,1456.91,1458.23,3846327
26-04-2024,1474.43,1499.33,1468.06,1498.35,1794350
29-04-2024,1489.16,1495.22,1477.85,1483.67,1091667
30-04-2024,1470.07,1496.54,1465.08,1494.44,1991646
02-05-2024,1486.61,1497.38,1469.97,1470.95,2494925
03-05-2024,1478.93,1504.23,1469.48,1494.44,3183226
06-05-2024,1496.54,1501.29,1476.58,1485.63,1240626
07-05-2024,1483.04,1510.25,1477.90,1503.20,1532550
08-05-2024,1489.30,1493.27,1470.22,1477.80,1026357
09-05-2024,1462.78,1497.33,1458.03,1488.76,1477007
10-05-2024,1474.43,1493.90,1459.21,1462.78,1528487
13-05-2024,1492.53,1497.38,1469.97,1480.74,1628326
14-05-2024,1512.30,1514.94,1483.72,1492.48,2206236
15-05-2024,1494.83,1517.19,1487.93,1512.30,1207536
16-05-2024,1503.54,1508.29,1476.14,1496.40,2684392
17-05-2024,1498.75,1504.52,1487.74,1503.25,1341676
21-05-2024,1508.09,1525.07,1491.50,1497.38,1791791
22-05-2024,1506.48,1530.65,1473.30,1514.01,3948239
23-05-2024,1463.22,1477.80,1435.72,1477.80,11618479
24-05-2024,1455.00,1473.59,1445.60,1471.93,5307322
27-05-2024,1434.79,1468.99,1429.41,1455.00,3474806
28-05-2024,1433.66,1447.56,1424.91,1437.63,2616438
29-05-2024,1447.41,1463.12,1434.40,1436.80,2843365
30-05-2024,1427.99,1445.90,1418.59,1444.53,3133423
31-05-2024,1428.67,1447.86,1409.30,1433.76,5503924
03-06-2024,1422.07,1466.06,1420.06,1464.59,1855318
04-06-2024,1399.36,1444.82,1347.83,1430.43,5055952
05-06-2024,1455.59,1458.23,1401.47,1418.79,2487724
06-06-2024,1441.30,1462.14,1424.02,1462.14,3004955
07-06-2024,1474.72,1477.90,1440.76,1448.34,3404664
10-06-2024,1480.84,1489.25,1473.01,1486.61,1433942
11-06-2024,1467.77,1492.48,1465.42,1491.50,1441589
12-06-2024,1474.72,1482.26,1463.95,1468.02,994784
13-06-2024,1478.59,1482.30,1466.06,1482.30,1412477
14-06-2024,1483.67,1485.63,1473.45,1481.57,937490
18-06-2024,1488.52,1490.38,1478.00,1490.13,1478241
19-06-2024,1471.93,1497.23,1468.02,1492.43,1537367
20-06-2024,1439.63,1456.22,1435.72,1456.22,4168375
21-06-2024,1435.96,1456.27,1429.75,1448.54,4426556
24-06-2024,1462.63,1470.85,1443.60,1443.60,3726155
25-06-2024,1473.10,1475.85,1460.48,1466.11,1833311
26-06-2024,1488.72,1496.30,1463.37,1469.97,2563493
27-06-2024,1483.92,1495.47,1472.91,1492.48,3881458
28-06-2024,1488.42,1506.14,1483.28,1487.59,2634599
01-07-2024,1487.69,1497.38,1471.78,1488.42,1451094
02-07-2024,1491.55,1502.17,1476.09,1481.72,1336816
03-07-2024,1501.24,1503.49,1466.35,1486.95,1061099
04-07-2024,1524.68,1537.50,1493.46,1502.27,2630823
05-07-2024,1534.96,1541.17,1523.80,1528.69,2481046
08-07-2024,1523.21,1541.22,1517.88,1537.11,1120204
09-07-2024,1551.59,1556.00,1516.75,1531.43,1492840
10-07-2024,1564.46,1567.01,1534.17,1558.84,1899956
11-07-2024,1548.02,1568.33,1538.77,1566.86,1707500
12-07-2024,1548.56,1558.43,1521.76,1553.18,1426598
15-07-2024,1557.30,1565.65,1548.56,1551.16,832804
16-07-2024,1550.53,1565.94,1546.26,1560.05,688481
18-07-2024,1565.20,1567.51,1541.64,1546.30,1665636
19-07-2024,1540.07,1560.79,1536.63,1555.83,1649335
22-07-2024,1558.43,1560.54,1526.72,1526.72,826636
23-07-2024,1572.42,1576.40,1545.62,1558.09,1502677
24-07-2024,1589.94,1595.34,1563.00,1572.81,2923358
25-07-2024,1635.45,1650.67,1573.01,1585.43,5329712
26-07-2024,1683.02,1692.39,1634.67,1640.02,4591049
29-07-2024,1691.85,1697.25,1661.91,1684.00,3187339
30-07-2024,1670.60,1694.01,1666.08,1684.83,1525840
31-07-2024,1688.02,1699.41,1664.31,1671.09,1594881
01-08-2024,1683.95,1714.63,1650.67,1694.06,5258291
02-08-2024,1700.10,1710.07,1653.17,1669.03,2992406
05-08-2024,1689.01,1725.97,1683.75,1693.57,5165558
06-08-2024,1676.44,1702.41,1672.91,1693.57,1710278
07-08-2024,1702.85,1705.21,1678.26,1688.66,1922313
08-08-2024,1705.40,1716.79,1696.86,1703.39,2480113
09-08-2024,1703.68,1717.92,1698.53,1717.92,751683
12-08-2024,1702.26,1716.64,1698.53,1703.39,1526788
13-08-2024,1708.40,1719.93,1694.16,1708.30,2076963
14-08-2024,1709.92,1721.06,1701.03,1715.66,2207250
16-08-2024,1711.00,1719.25,1697.16,1717.72,2180718
19-08-2024,1715.96,1720.91,1708.94,1720.91,1363446
20-08-2024,1734.17,1738.54,1713.35,1719.88,1766597
21-08-2024,1732.50,1739.67,1725.28,1737.75,1184193
22-08-2024,1718.75,1737.26,1716.55,1737.26,1369554
23-08-2024,1743.40,1748.99,1719.98,1721.80,3515492
26-08-2024,1740.16,1747.57,1732.35,1747.57,933372
27-08-2024,1756.80,1759.94,1734.95,1745.61,1231023
28-08-2024,1778.84,1789.79,1753.80,1764.16,1768949
29-08-2024,1766.42,1793.57,1757.63,1776.93,3205924
30-08-2024,1788.46,1794.84,1758.66,1765.39,3036374
02-09-2024,1782.86,1803.53,1772.31,1796.61,1617946
03-09-2024,1778.50,1806.03,1772.21,1786.84,2148689
04-09-2024,1799.46,1801.57,1768.48,1778.50,2473477
05-09-2024,1793.22,1810.31,1786.84,1799.80,1902919
06-09-2024,1791.31,1816.29,1772.11,1786.40,1701134
09-09-2024,1788.66,1801.96,1779.82,1791.31,1544883
10-09-2024,1802.89,1808.69,1792.44,1796.66,1460472
11-09-2024,1812.07,1823.66,1797.74,1802.94,1701900
12-09-2024,1831.41,1837.40,1806.87,1821.35,2744070
13-09-2024,1819.98,1831.02,1817.67,1831.02,1322430
16-09-2024,1829.01,1839.22,1817.18,1828.08,1284085
17-09-2024,1832.10,1835.59,1825.38,1829.06,738265
18-09-2024,1802.55,1833.97,1796.27,1833.97,1202676
19-09-2024,1812.42,1822.19,1801.57,1811.58,1675819
20-09-2024,1831.76,1836.91,1808.34,1817.37,4229991
23-09-2024,1828.76,1840.84,1823.66,1832.98,812520
24-09-2024,1834.06,1846.39,1822.19,1822.19,2528953
25-09-2024,1836.47,1841.82,1824.69,1839.86,956893
26-09-2024,1863.81,1870.29,1833.03,1836.47,2452807
27-09-2024,1913.20,1923.60,1880.36,1883.01,3809008
30-09-2024,1891.60,1924.63,1886.05,1913.49,2608461
01-10-2024,1884.97,1899.50,1867.69,1889.78,1275678
03-10-2024,1876.04,1901.02,1861.51,1866.17,2492195
04-10-2024,1875.25,1916.68,1868.97,1876.04,2798189
07-10-2024,1870.54,1883.01,1853.65,1875.25,1691999
08-10-2024,1882.22,1886.44,1866.91,1869.31,2309881
09-10-2024,1895.67,1911.53,1859.98,1860.03,1597182
10-10-2024,1853.36,1902.64,1849.58,1894.44,2383012
11-10-2024,1867.30,1874.56,1856.06,1864.40,1019117
14-10-2024,1874.96,1880.85,1860.57,1868.33,676879
15-10-2024,1863.86,1885.41,1860.13,1883.06,1383203
16-10-2024,1863.91,1879.82,1852.62,1874.17,1401914
17-10-2024,1855.12,1888.60,1845.40,1888.50,1447059
18-10-2024,1875.54,1882.96,1838.58,1865.38,1203693
21-10-2024,1862.44,1885.56,1856.11,1883.84,660583
22-10-2024,1853.16,1871.27,1846.73,1857.53,1192915
23-10-2024,1805.84,1855.12,1798.62,1845.80,1673366
24-10-2024,1815.21,1825.67,1796.12,1796.66,1739776
25-10-2024,1826.51,1841.43,1816.39,1822.97,2148004
28-10-2024,1868.23,1881.09,1801.57,1829.25,2445724
29-10-2024,1837.50,1887.67,1828.08,1886.98,2295542
30-10-2024,1818.36,1846.63,1786.84,1834.46,1900203
31-10-2024,1815.21,1838.38,1808.54,1826.11,2572932
01-11-2024,1824.54,1830.97,1798.18,1826.11,107596
04-11-2024,1775.94,1811.39,1728.03,1811.39,5031861
05-11-2024,1770.74,1799.60,1766.67,1772.11,1658010
06-11-2024,1794.16,1806.48,1769.37,1782.47,2060619
07-11-2024,1758.32,1811.39,1746.39,1811.39,1909269
08-11-2024,1776.63,1781.98,1758.32,1767.01,1644075
11-11-2024,1761.90,1784.53,1759.30,1784.29,1069649
12-11-2024,1768.04,1791.75,1762.39,1769.07,2471888
13-11-2024,1746.59,1764.55,1738.19,1758.37,1810332
14-11-2024,1735.98,1763.28,1731.03,1747.28,1473358
18-11-2024,1715.91,1766.22,1711.44,1766.22,1533025
19-11-2024,1744.87,1773.83,1698.48,1698.53,1933316
21-11-2024,1747.57,1758.81,1726.02,1739.72,2014349
22-11-2024,1762.59,1781.88,1735.84,1752.48,1420813
25-11-2024,1766.13,1796.66,1751.64,1773.10,3137448
26-11-2024,1729.51,1773.83,1721.26,1773.83,1589883
27-11-2024,1717.58,1746.20,1708.54,1728.03,1982546
28-11-2024,1702.65,1728.62,1692.00,1717.58,3071758
29-11-2024,1748.45,1763.08,1707.51,1711.15,2427677
02-12-2024,1775.60,1780.95,1759.50,1767.21,1948045
03-12-2024,1767.25,1798.62,1755.77,1797.89,1543970
04-12-2024,1767.40,1781.78,1752.48,1777.51,2320116
05-12-2024,1780.41,1792.68,1743.05,1775.75,2742263
06-12-2024,1771.97,1790.72,1768.19,1782.77,1590478
09-12-2024,1773.73,1786.79,1763.97,1781.74,1528215
10-12-2024,1776.97,1789.79,1763.28,1787.82,2043634
11-12-2024,1780.95,1793.08,1772.16,1791.06,1745911
12-12-2024,1772.56,1786.84,1765.29,1785.86,1082394
13-12-2024,1780.41,1783.70,1741.73,1771.87,1391111
16-12-2024,1776.83,1789.30,1759.69,1785.56,1483330
17-12-2024,1756.45,1782.67,1750.61,1777.02,1608164
18-12-2024,1768.24,1789.25,1760.14,1765.24,1732860
19-12-2024,1790.08,1796.07,1758.17,1768.19,1924091
20-12-2024,1775.89,1792.68,1761.41,1790.08,2513418
23-12-2024,1781.54,1794.70,1763.92,1778.01,1299181
24-12-2024,1785.86,1798.38,1770.30,1781.83,1121058
26-12-2024,1807.80,1811.43,1781.34,1786.84,1402706
27-12-2024,1827.34,1832.00,1803.29,1811.88,1668898
30-12-2024,1849.58,1861.21,1821.20,1828.13,6021550
31-12-2024,1851.98,1875.20,1834.75,1842.61,1844944
01-01-2025,1855.52,1868.28,1844.42,1855.47,1338092
02-01-2025,1843.78,1861.46,1830.97,1857.53,2507223
03-01-2025,1815.95,1849.67,1810.40,1843.78,1515825
06-01-2025,1813.74,1822.68,1792.39,1816.79,1397724
07-01-2025,1819.63,1831.02,1812.02,1814.87,1615649
08-01-2025,1804.27,1828.66,1795.87,1828.66,1298188
09-01-2025,1793.08,1807.46,1780.95,1807.46,1199181
10-01-2025,1752.28,1801.18,1740.45,1792.19,857827
13-01-2025,1715.07,1753.02,1710.70,1752.09,1645287
14-01-2025,1738.59,1751.55,1710.36,1723.03,1962645
15-01-2025,1724.84,1742.66,1715.86,1740.50,857867
16-01-2025,1731.17,1743.25,1709.08,1742.71,2180496
17-01-2025,1754.00,1759.30,1735.40,1746.59,1163986
20-01-2025,1745.85,1767.65,1736.08,1756.75,1341246
21-01-2025,1730.58,1772.85,1727.44,1739.81,2489267
22-01-2025,1766.17,1770.74,1741.53,1744.62,2262270
23-01-2025,1800.19,1806.23,1753.51,1755.52,1974760
24-01-2025,1789.00,1809.52,1775.26,1795.68,1277935
27-01-2025,1754.30,1791.01,1741.97,1784.98,1452975
28-01-2025,1674.43,1747.57,1662.25,1747.37,5972497
29-01-2025,1703.73,1712.23,1665.10,1674.43,1433336
30-01-2025,1707.42,1728.23,1693.87,1708.74,2017991
31-01-2025,1712.18,1737.60,1674.97,1710.26,4275269
01-02-2025,1710.46,1756.41,1701.72,1708.30,1477972
03-02-2025,1708.89,1753.36,1679.39,1748.99,2210231
04-02-2025,1733.09,1743.89,1708.94,1717.43,2796294
05-02-2025,1720.82,1741.48,1703.59,1741.48,1787905
06-02-2025,1720.57,1746.60,1714.94,1731.43,3421791
07-02-2025,1728.27,1731.43,1706.05,1729.85,1371545
10-02-2025,1710.79,1728.47,1702.49,1719.83,1237839
11-02-2025,1678.84,1712.87,1674.20,1703.98,2779274
12-02-2025,1673.01,1693.85,1667.28,1685.46,1757284
13-02-2025,1724.87,1731.19,1679.04,1679.09,2750390
14-02-2025,1679.58,1727.43,1664.27,1725.85,2123774
17-02-2025,1693.11,1714.00,1675.18,1679.58,2277889
18-02-2025,1680.67,1708.47,1677.51,1693.11,2163972
19-02-2025,1655.97,1678.10,1626.84,1644.62,2576319
20-02-2025,1648.76,1657.31,1642.54,1646.64,1670915
21-02-2025,1623.53,1663.68,1611.92,1657.41,2244190
24-02-2025,1619.33,1649.36,1607.03,1609.70,2357441
25-02-2025,1593.75,1627.53,1586.49,1619.33,2836717
27-02-2025,1627.23,1632.76,1585.30,1608.91,2744489
28-02-2025,1573.65,1650.44,1566.88,1650.44,3549979
03-03-2025,1565.60,1587.63,1562.74,1565.80,1425492
04-03-2025,1547.23,1570.44,1536.86,1565.50,1717135
05-03-2025,1562.98,1566.78,1533.94,1545.35,2428171
06-03-2025,1594.14,1598.00,1553.20,1578.59,2458676
07-03-2025,1589.50,1608.71,1585.90,1604.02,980890
10-03-2025,1591.67,1621.26,1583.03,1602.00,1600589
11-03-2025,1634.94,1643.13,1585.60,1596.22,3325416
12-03-2025,1656.22,1659.58,1637.65,1641.55,2389362
13-03-2025,1662.74,1666.39,1642.99,1651.43,1666929
17-03-2025,1683.33,1698.99,1667.58,1673.21,2588408
18-03-2025,1683.33,1683.33,1683.33,1683.33,0
19-03-2025,1711.04,1726.50,1705.06,1726.30,2167448
20-03-2025,1728.72,1735.53,1701.70,1714.30,1602232
21-03-2025,1762.55,1770.74,1728.72,1737.36,2483162
24-03-2025,1762.84,1797.61,1755.73,1772.42,1182084
25-03-2025,1743.04,1773.86,1736.87,1762.84,1471028
26-03-2025,1737.31,1749.02,1724.62,1746.20,1762361
27-03-2025,1710.15,1730.74,1698.84,1729.46,3279881
28-03-2025,1713.36,1719.93,1684.22,1710.15,1956781
01-04-2025,1677.46,1712.62,1660.91,1709.70,4142445
02-04-2025,1692.57,1697.31,1665.16,1674.15,3369489
03-04-2025,1748.22,1790.40,1728.47,1733.41,5715573
04-04-2025,1688.32,1756.97,1637.65,1756.97,5345276
07-04-2025,1645.85,1671.18,1600.17,1600.17,5715334
08-04-2025,1667.58,1688.81,1624.76,1624.76,2807382
09-04-2025,1631.87,1659.09,1619.82,1629.70,3481864
11-04-2025,1666.79,1715.63,1661.41,1688.96,3801939
15-04-2025,1684.02,1703.28,1675.93,1698.84,1993085
16-04-2025,1672.27,1681.75,1661.41,1670.30,2205374
17-04-2025,1729.95,1736.37,1666.64,1674.15,2683908
21-04-2025,1723.43,1739.34,1710.00,1739.34,1539511
22-04-2025,1725.90,1733.41,1713.16,1729.46,961907
23-04-2025,1766.79,1769.26,1720.67,1732.62,1471029
24-04-2025,1781.71,1785.66,1752.08,1767.98,2101177
25-04-2025,1765.41,1793.17,1742.50,1783.78,2036801
28-04-2025,1818.94,1823.29,1759.29,1765.41,3216482
29-04-2025,1783.29,1823.29,1774.89,1822.30,2886160
30-04-2025,1809.76,1816.28,1781.12,1787.73,2667314
02-05-2025,1802.15,1828.43,1791.49,1809.76,1885257
05-05-2025,1814.01,1820.62,1798.99,1805.31,1219830
06-05-2025,1796.72,1805.41,1776.87,1797.61,1414772
07-05-2025,1759.39,1803.93,1756.82,1795.54,2015237
08-05-2025,1745.46,1766.89,1733.41,1759.39,2647871
09-05-2025,1723.33,1744.57,1710.40,1730.35,1148956
12-05-2025,1665.46,1691.33,1603.63,1674.84,9221075
13-05-2025,1679.09,1726.99,1670.49,1689.95,6988329
14-05-2025,1687.19,1690.35,1671.28,1681.06,1639324
15-05-2025,1718.69,1722.94,1663.38,1680.17,3880385
16-05-2025,1713.56,1720.17,1697.85,1718.59,1448249
19-05-2025,1708.91,1743.29,1705.36,1723.53,2074023
20-05-2025,1686.79,1726.50,1682.35,1722.35,2706777
21-05-2025,1710.49,1737.06,1686.79,1695.28,2754306
22-05-2025,1697.56,1718.59,1686.20,1712.87,2670554
23-05-2025,1662.89,1668.72,1616.47,1637.60,8339783
26-05-2025,1655.48,1681.46,1646.49,1672.27,2282131
27-05-2025,1662.69,1671.18,1640.66,1655.48,2800622
28-05-2025,1645.90,1666.15,1642.54,1662.69,2657712
29-05-2025,1678.89,1682.35,1649.85,1654.39,2377583
30-05-2025,1656.96,1692.52,1648.57,1681.06,3640641
02-06-2025,1654.00,1662.79,1640.07,1658.34,1819538
03-06-2025,1646.99,1674.15,1637.21,1674.15,2556920
04-06-2025,1644.42,1648.47,1628.71,1635.63,1700482
05-06-2025,1662.39,1673.46,1641.55,1641.55,2037073
06-06-2025,1658.54,1668.22,1648.47,1664.27,2500047
09-06-2025,1673.55,1677.90,1652.71,1659.23,2589656
10-06-2025,1668.02,1685.90,1657.06,1680.86,2369135
11-06-2025,1669.80,1674.15,1658.64,1673.95,1999978
12-06-2025,1666.64,1706.25,1660.42,1674.05,3588365
13-06-2025,1667.04,1679.09,1640.66,1646.29,2404272
16-06-2025,1664.57,1669.01,1635.33,1644.52,2249326
17-06-2025,1629.90,1661.01,1620.91,1659.33,5408285
18-06-2025,1627.73,1640.86,1618.34,1624.76,1455885
19-06-2025,1627.33,1634.94,1615.87,1627.82,1696525
20-06-2025,1644.62,1649.46,1625.36,1627.33,2567882
23-06-2025,1642.05,1646.49,1626.94,1642.74,840643
24-06-2025,1641.26,1665.65,1638.39,1649.95,2066326
25-06-2025,1649.06,1658.15,1637.70,1641.26,1372945
26-06-2025,1649.26,1658.25,1630.10,1654.20,2102627
27-06-2025,1666.84,1674.84,1647.68,1649.65,5313904
30-06-2025,1655.08,1683.53,1651.04,1675.14,2160184
01-07-2025,1646.69,1663.58,1637.11,1655.08,3298070
02-07-2025,1656.86,1661.31,1635.63,1635.63,1611046
03-07-2025,1659.04,1671.97,1653.90,1656.86,1553777
04-07-2025,1655.68,1665.95,1651.04,1665.95,1264399
07-07-2025,1664.70,1667.17,1647.95,1659.54,1550620
08-07-2025,1657.36,1666.78,1634.17,1664.79,1860328
09-07-2025,1654.29,1665.59,1632.09,1644.98,2178705
10-07-2025,1647.45,1655.48,1632.29,1646.96,1741718
11-07-2025,1656.87,1664.70,1647.16,1650.72,1298302
14-07-2025,1667.37,1681.54,1660.34,1665.19,1309704
15-07-2025,1711.86,1715.23,1672.62,1689.57,3332578
16-07-2025,1685.60,1715.63,1682.63,1714.34,2285143
17-07-2025,1687.98,1701.46,1680.65,1688.58,1461039
18-07-2025,1678.27,1693.93,1671.43,1693.53,1253929
21-07-2025,1676.98,1686.00,1662.32,1665.88,2390289
22-07-2025,1662.81,1677.78,1657.66,1670.84,1244491
23-07-2025,1667.27,1674.31,1656.27,1663.31,1229173
24-07-2025,1676.69,1680.65,1664.89,1667.27,1079045
25-07-2025,1683.62,1686.60,1666.97,1674.70,1088592
28-07-2025,1686.79,1694.62,1678.57,1686.69,2168507
29-07-2025,1695.02,1702.45,1681.74,1682.63,1325544
30-07-2025,1718.11,1724.75,1696.60,1704.43,2318723
31-07-2025,1691.25,1732.18,1678.67,1699.97,3233087
01-08-2025,1614.95,1679.66,1593.45,1674.70,8774548
04-08-2025,1626.74,1632.49,1599.00,1615.05,1898762
05-08-2025,1617.33,1629.71,1605.44,1626.05,1622897
06-08-2025,1580.76,1614.95,1576.60,1614.95,2376257
07-08-2025,1583.93,1590.87,1556.78,1566.69,3435674
08-08-2025,1572.54,1587.50,1566.59,1575.61,1654424
11-08-2025,1593.84,1644.98,1569.86,1572.54,1140902
12-08-2025,1607.52,1621.89,1595.53,1597.11,1679088
13-08-2025,1624.96,1628.62,1602.66,1609.50,1313668
14-08-2025,1626.54,1636.16,1617.43,1624.96,1738094
18-08-2025,1617.92,1634.67,1610.69,1634.67,3080173
19-08-2025,1611.88,1623.17,1604.45,1618.02,2656391
20-08-2025,1618.32,1621.69,1601.37,1619.21,1831706
21-08-2025,1625.35,1637.54,1609.20,1616.04,1727099
22-08-2025,1626.94,1636.45,1620.30,1627.14,2098310
25-08-2025,1641.71,1645.47,1619.21,1634.27,1904984
26-08-2025,1585.82,1632.49,1581.75,1630.11,4502371
28-08-2025,1571.35,1585.52,1553.41,1578.68,4993739
29-08-2025,1580.07,1587.20,1561.54,1566.69,3176534
01-09-2025,1549.15,1585.72,1542.11,1584.53,9366820
02-09-2025,1551.03,1556.09,1543.90,1551.83,2855840
03-09-2025,1564.41,1566.79,1544.20,1547.96,2091370
04-09-2025,1567.98,1582.55,1546.87,1582.55,2298657
05-09-2025,1579.18,1584.82,1561.24,1568.08,1814479
08-09-2025,1566.69,1589.98,1563.92,1583.14,1369139
09-09-2025,1577.29,1582.55,1563.22,1565.70,1709406
10-09-2025,1578.98,1587.10,1568.08,1577.69,2408379
11-09-2025,1595.13,1602.36,1576.60,1578.09,1762484
12-09-2025,1601.97,1607.81,1588.59,1595.43,1878894
15-09-2025,1587.50,1602.46,1580.96,1601.97,2005917
16-09-2025,1595.92,1600.38,1585.52,1588.00,1480567
17-09-2025,1605.54,1607.42,1592.85,1598.00,2128406
18-09-2025,1633.68,1636.35,1612.97,1620.30,1832386
19-09-2025,1641.01,1653.00,1628.23,1633.68,3191406
22-09-2025,1629.12,1642.89,1620.50,1635.07,1785320
23-09-2025,1616.44,1629.12,1610.39,1628.33,1967731
24-09-2025,1612.37,1621.09,1610.29,1615.25,1131058
25-09-2025,1612.67,1627.93,1608.01,1613.17,2762750
26-09-2025,1572.34,1588.39,1533.99,1570.65,7256759
29-09-2025,1574.92,1604.25,1565.70,1566.69,4180922
30-09-2025,1579.87,1589.78,1571.65,1574.72,2257443
01-10-2025,1621.39,1636.55,1597.31,1597.31,3109095
03-10-2025,1616.44,1630.61,1585.52,1585.52,4041865
06-10-2025,1639.72,1644.68,1605.34,1615.25,1756916
07-10-2025,1638.14,1647.95,1632.09,1634.47,2174852
08-10-2025,1616.83,1640.02,1614.26,1630.11,1846507
09-10-2025,1643.49,1647.25,1617.63,1630.11,2197566
10-10-2025,1655.78,1661.43,1634.07,1640.02,1454056
13-10-2025,1653.30,1659.84,1640.81,1647.45,1375179
14-10-2025,1639.43,1654.79,1631.30,1652.51,2108287
15-10-2025,1640.12,1653.60,1635.16,1637.54,2088737
16-10-2025,1643.98,1647.85,1628.33,1639.03,2895957
17-10-2025,1663.90,1676.69,1641.71,1643.19,1594147
20-10-2025,1673.32,1681.54,1667.57,1669.65,1647622
21-10-2025,1675.20,1680.65,1668.76,1674.70,74296
23-10-2025,1674.60,1696.50,1666.97,1689.57,2687094
24-10-2025,1683.62,1686.50,1670.74,1674.70,994307
27-10-2025,1678.27,1693.04,1674.70,1685.60,2067904
28-10-2025,1671.73,1687.29,1664.00,1676.69,2440939
29-10-2025,1700.37,1706.41,1672.03,1674.70,1016738
30-10-2025,1687.98,1701.36,1664.89,1700.27,1986233
31-10-2025,1675.40,1689.57,1671.53,1684.61,1560918
03-11-2025,1690.96,1697.30,1665.98,1672.92,1099955
04-11-2025,1674.70,1695.71,1666.97,1691.55,1597993
06-11-2025,1670.64,1708.30,1651.91,1683.62,3389867
07-11-2025,1676.09,1694.52,1667.87,1678.67,1512908
10-11-2025,1682.43,1687.69,1670.54,1682.14,1235665
11-11-2025,1700.57,1703.44,1679.66,1686.20,1315353
12-11-2025,1716.42,1728.31,1694.72,1705.82,1833097
13-11-2025,1721.67,1731.98,1709.78,1718.80,1727602
14-11-2025,1741.20,1744.17,1719.00,1721.67,1667322
17-11-2025,1747.94,1752.00,1731.88,1749.82,1430618
18-11-2025,1742.88,1748.53,1734.16,1748.03,1429522
19-11-2025,1767.95,1774.10,1735.25,1746.05,2131124
20-11-2025,1761.31,1775.78,1757.05,1773.80,1513894
21-11-2025,1763.59,1771.22,1757.65,1761.91,2199311
24-11-2025,1764.68,1769.74,1755.76,1769.74,3434492
25-11-2025,1760.72,1775.88,1750.12,1768.84,1848114
26-11-2025,1788.56,1790.55,1757.55,1759.43,1158948
27-11-2025,1793.92,1798.47,1785.79,1785.79,2902053
28-11-2025,1815.02,1816.41,1791.14,1793.92,1623103
01-12-2025,1791.04,1832.26,1784.70,1824.34,1869293
02-12-2025,1783.21,1798.47,1772.41,1787.67,2948688
03-12-2025,1790.35,1799.56,1766.37,1788.66,2114510
04-12-2025,1801.84,1806.70,1782.02,1792.03,1713961
05-12-2025,1788.96,1803.73,1783.91,1802.54,1777401
08-12-2025,1779.94,1789.65,1769.54,1788.96,2410074
09-12-2025,1759.93,1784.90,1755.96,1779.74,2401728
10-12-2025,1769.34,1775.48,1751.90,1771.72,2321746
11-12-2025,1790.84,1794.11,1759.03,1761.91,1280916
12-12-2025,1777.27,1795.40,1774.79,1791.64,1442309
15-12-2025,1780.83,1788.27,1761.51,1762.90,1396948
16-12-2025,1765.18,1775.68,1762.20,1773.80,1533979
17-12-2025,1776.67,1781.33,1755.47,1764.88,1910628
18-12-2025,1730.10,1768.84,1720.29,1768.84,3461351
19-12-2025,1729.11,1744.07,1725.44,1731.19,2768986
22-12-2025,1753.78,1757.15,1727.32,1729.11,1467257
23-12-2025,1740.01,1758.54,1735.85,1755.96,1124853
24-12-2025,1721.28,1743.08,1703.44,1740.01,2224786
26-12-2025,1703.94,1721.28,1692.54,1721.28,2507337
29-12-2025,1701.66,1711.86,1694.82,1703.94,1800816
30-12-2025,1704.63,1707.50,1691.55,1707.50,2639497
31-12-2025,1704.14,1709.98,1699.97,1704.63,1428439
01-01-2026,1705.52,1710.38,1693.43,1704.43,877515
02-01-2026,1712.36,1716.32,1703.84,1705.52,974123
05-01-2026,1713.25,1730.20,1707.80,1712.36,1416698
06-01-2026,1744.27,1746.65,1710.08,1710.08,1658801
07-01-2026,1766.47,1790.25,1732.67,1739.12,3059500
08-01-2026,1744.76,1762.50,1741.79,1750.02,1910656
09-01-2026,1714.24,1749.22,1711.37,1749.22,1585689
12-01-2026,1720.29,1728.51,1698.59,1716.42,2327272
13-01-2026,1713.05,1728.02,1696.60,1727.22,1770082
14-01-2026,1685.31,1721.38,1673.91,1721.38,2479677
15-01-2026,1685.31,1685.31,1685.31,1685.31,0
16-01-2026,1653.79,1692.54,1644.28,1692.54,3697596
19-01-2026,1660.24,1672.03,1585.52,1635.07,2975272
20-01-2026,1599.19,1658.95,1588.29,1658.95,5019166
21-01-2026,1598.30,1630.11,1593.15,1622.18,3947877
22-01-2026,1619.41,1631.60,1598.60,1599.49,2279862
23-01-2026,1617.13,1633.98,1610.69,1625.16,1678658
27-01-2026,1624.07,1643.19,1607.62,1643.19,2666522
28-01-2026,1596.02,1634.37,1585.52,1625.06,4124391
29-01-2026,1574.92,1610.29,1569.37,1610.29,5796513
30-01-2026,1580.86,1591.96,1570.75,1574.92,3962196
02-02-2026,1613.17,1619.21,1583.73,1619.21,2721280
03-02-2026,1686.69,1709.39,1655.88,1694.42,8520586
04-02-2026,1688.97,1713.35,1679.96,1699.38,3952775
05-02-2026,1698.15,1705.53,1679.90,1694.56,3074842
06-02-2026,1690.67,1704.53,1685.18,1704.53,1277116
09-02-2026,1700.14,1708.92,1691.57,1702.24,2647031
10-02-2026,1703.34,1715.30,1697.65,1705.13,1869988
11-02-2026,1706.63,1712.21,1698.05,1710.52,1175501
12-02-2026,1710.42,1714.51,1696.75,1710.32,1359444
13-02-2026,1693.06,1714.51,1690.17,1710.42,1148165
16-02-2026,1696.05,1710.52,1688.97,1693.06,1247403
17-02-2026,1712.61,1714.51,1689.47,1691.57,1053855
18-02-2026,1719.89,1726.08,1712.61,1715.90,1262429
19-02-2026,1708.92,1722.49,1705.53,1717.70,1143429
20-02-2026,1719.89,1722.49,1703.64,1705.63,1203988
23-02-2026,1727.77,1731.26,1715.70,1728.37,1550400
24-02-2026,1727.27,1741.34,1719.19,1727.47,2769363
25-02-2026,1759.59,1765.77,1728.87,1737.45,1200997
26-02-2026,1781.03,1787.52,1755.70,1759.59,2076586
27-02-2026,1732.46,1783.43,1726.38,1774.35,3041489
02-03-2026,1747.92,1755.30,1707.52,1707.52,3919270
04-03-2026,1745.92,1752.61,1716.50,1716.70,4914857
05-03-2026,1779.84,1790.21,1743.43,1745.43,3600895
06-03-2026,1794.70,1800.88,1767.17,1779.84,3669921
09-03-2026,1802.68,1810.26,1765.37,1768.27,4112775
10-03-2026,1808.06,1820.33,1798.59,1805.27,3298680
11-03-2026,1821.13,1838.18,1813.35,1818.23,2510495
12-03-2026,1820.53,1828.81,1803.67,1823.22,2606057
13-03-2026,1796.89,1828.51,1792.30,1817.24,2554627
16-03-2026,1778.54,1813.25,1764.18,1796.89,2452391
17-03-2026,1789.71,1801.38,1776.44,1789.41,1979497
18-03-2026,1773.65,1800.28,1768.56,1794.90,2436459
19-03-2026,1739.84,1779.34,1733.36,1755.90,2301164
20-03-2026,1772.45,1776.64,1749.71,1750.51,3591446
23-03-2026,1753.80,1770.36,1736.55,1770.16,2783613
24-03-2026,1748.72,1775.25,1740.54,1770.36,2040152
25-03-2026,1790.71,1804.77,1750.91,1762.08,1900794
27-03-2026,1788.91,1814.25,1780.33,1780.33,2975423
30-03-2026,1752.61,1785.32,1745.53,1782.13,4182503
01-04-2026,1723.98,1783.33,1708.72,1757.49,3245628
02-04-2026,1689.17,1695.56,1615.77,1660.65,3937824
06-04-2026,1690.17,1694.56,1650.57,1679.90,3533715
07-04-2026,1713.51,1719.39,1676.91,1685.38,2471378
08-04-2026,1710.12,1744.63,1681.09,1725.48,4859877
09-04-2026,1712.61,1726.38,1698.25,1698.25,3276165
10-04-2026,1650.57,1695.56,1626.14,1694.76,8089531
13-04-2026,1647.88,1664.34,1635.81,1650.57,3751005
15-04-2026,1692.17,1694.76,1653.37,1670.62,3760449
16-04-2026,1688.67,1709.42,1662.24,1709.42,4512633
17-04-2026,1671.12,1692.46,1666.13,1692.46,3146482
20-04-2026,1664.24,1675.61,1660.65,1675.61,1834532
21-04-2026,1660.85,1678.50,1655.56,1662.84,3631490
22-04-2026,1665.44,1669.52,1648.08,1660.85,2169514
23-04-2026,1675.71,1708.52,1656.86,1664.64,3245164
24-04-2026,1616.16,1668.93,1609.38,1666.03,9606128
27-04-2026,1728.97,1762.28,1617.66,1620.75,26995361
28-04-2026,1742.73,1759.29,1709.82,1719.49,16599167
29-04-2026,1774.05,1785.12,1745.43,1751.41,9809449
30-04-2026,1803.57,1810.26,1756.80,1766.37,4749798
01-05-2026,1803.57,1803.57,1803.57,1803.57,0
04-05-2026,1818.73,1836.19,1805.27,1815.24,4206373
05-05-2026,1816.04,1826.91,1793.90,1823.72,3011421
06-05-2026,1845.36,1852.94,1813.65,1832.20,3247156
07-05-2026,1829.60,1852.25,1821.53,1845.36,2201070
08-05-2026,1843.07,1852.64,1814.44,1817.24,2837885
11-05-2026,1867.80,1880.87,1820.23,1822.42,2564978
12-05-2026,1840.88,1874.49,1835.19,1870.10,3263351
13-05-2026,1820.03,1855.14,1815.24,1840.88,1972365
14-05-2026,1858.33,1862.62,1824.92,1847.16,2429220
15-05-2026,1873.29,1882.97,1858.33,1869.10,2756465
18-05-2026,1900.82,1906.00,1860.12,1873.29,3456331
19-05-2026,1877.38,1911.59,1875.09,1895.53,2200951
20-05-2026,1875.39,1887.95,1867.11,1875.09,1376695
21-05-2026,1886.36,1894.63,1863.22,1887.05,1605806
22-05-2026,1839.78,1898.03,1828.31,1898.03,3610732
25-05-2026,1835.79,1844.17,1820.23,1835.19,3049028
26-05-2026,1835.99,1840.08,1811.15,1825.22,2337759
27-05-2026,1839.48,1877.08,1825.22,1860.12,1385752
28-05-2026,1839.48,1839.48,1839.48,1839.48,0
29-05-2026,1794.50,1847.96,1780.63,1839.48,10058572
01-06-2026,1791.80,1807.36,1772.45,1807.26,2051152
02-06-2026,1785.22,1795.29,1761.88,1789.51,2885899
03-06-2026,1783.82,1791.60,1752.21,1776.34,4209769
04-06-2026,1775.45,1788.71,1763.98,1782.33,2343536
05-06-2026,1777.54,1798.19,1774.35,1784.32,2495159
08-06-2026,1784.12,1798.79,1768.86,1776.05,3098542
09-06-2026,1774.35,1791.90,1761.48,1783.03,3756570
10-06-2026,1781.73,1792.90,1766.37,1774.95,1882009
11-06-2026,1789.51,1800.28,1774.05,1775.35,1858093
12-06-2026,1802.97,1809.76,1787.81,1802.28,1243362
15-06-2026,1801.28,1813.25,1793.10,1813.25,2188933
16-06-2026,1795.99,1805.17,1787.91,1803.27,1373638
17-06-2026,1815.64,1818.63,1797.89,1809.26,1771990
18-06-2026,1820.03,1825.22,1807.76,1812.75,2054738
19-06-2026,1833.49,1837.88,1816.14,1819.23,2126703
22-06-2026,1858.03,1860.32,1829.21,1840.18,1588758
23-06-2026,1863.12,1897.43,1856.33,1865.11,2812236
24-06-2026,1869.50,1877.18,1860.03,1863.12,1406231
25-06-2026,1857.93,1882.07,1853.14,1865.11,1816438
26-06-2026,1857.93,1857.93,1857.93,1857.93,0
29-06-2026,1869.90,1892.14,1851.05,1871.89,1655869
30-06-2026,1857.63,1887.95,1854.54,1880.07,2352774
01-07-2026,1861.32,1882.47,1855.34,1872.99,1230360
02-07-2026,1866.11,1877.08,1863.42,1871.10,1485296
03-07-2026,1899.82,1920.07,1866.71,1875.09,2168491
06-07-2026,1907.80,1911.99,1895.03,1899.02,1213635
07-07-2026,1903.40,1924.90,1898.60,1900.60,2060613
08-07-2026,1888.20,1929.50,1875.10,1904.00,2785926
09-07-2026,1938.70,1952.00,1888.20,1889.90,4446201
10-07-2026,1935.50,1953.90,1926.60,1942.80,1478172
13-07-2026,1921.40,1933.10,1911.00,1925.90,1573176
14-07-2026,1942.60,1950.80,1910.00,1910.00,2822124
15-07-2026,1951.50,1962.70,1943.30,1955.00,2283494
16-07-2026,1950.10,1957.70,1943.00,1950.00,1396189
17-07-2026,1932.60,1952.60,1922.50,1948.70,2475664
20-07-2026,1956.40,1958.80,1935.00,1942.00,1676034
21-07-2026,1961.90,1966.50,1938.20,1952.10,1412579
22-07-2026,1943.00,1951.80,1925.20,1938.00,1718430
23-07-2026,1954.00,1958.50,1926.80,1929.10,2057288
24-07-2026,1941.10,1959.80,1934.80,1945.00,1578929
27-07-2026,1973.70,1977.00,1933.00,1948.50,5414380
28-07-2026,1976.70,1993.00,1970.90,1978.80,4579529
29-07-2026,1989.90,1992.70,1960.40,1977.00,2682295
30-07-2026,2001.10,2017.30,1988.00,1993.10,2224264
