Price,Close,High,Low,Open,Volume
Ticker,TCS.NS,TCS.NS,TCS.NS,TCS.NS,TCS.NS
Date,,,,,
01-01-2018,1063.44,1083.22,1059.18,1078.19,1351760
02-01-2018,1057.65,1073.09,1053.23,1069.23,1920290
03-01-2018,1060.65,1072.85,1057.65,1057.98,1257120
04-01-2018,1068.06,1070.03,1061.19,1065.21,913082
05-01-2018,1080.97,1085.11,1065.21,1065.21,1153706
08-01-2018,1091.10,1096.10,1078.01,1085.31,1242220
09-01-2018,1088.93,1093.75,1075.88,1091.34,2149396
10-01-2018,1128.16,1131.94,1083.16,1089.73,3365850
11-01-2018,1121.69,1134.31,1118.35,1129.53,2520744
12-01-2018,1116.00,1127.52,1101.61,1127.52,3360314
15-01-2018,1103.84,1128.72,1099.40,1116.32,1457214
16-01-2018,1145.95,1150.29,1105.63,1107.82,4267752
17-01-2018,1161.26,1175.75,1150.49,1153.64,4280806
18-01-2018,1173.02,1178.97,1152.86,1164.50,2209478
19-01-2018,1189.54,1198.66,1167.17,1177.98,1820000
22-01-2018,1255.66,1263.03,1177.33,1193.04,4367110
23-01-2018,1249.86,1266.11,1245.04,1255.07,3239610
24-01-2018,1279.11,1313.13,1242.06,1245.02,5621538
25-01-2018,1257.53,1281.20,1241.40,1279.27,3833844
29-01-2018,1288.88,1299.42,1257.91,1261.70,3141060
30-01-2018,1270.34,1290.87,1266.66,1281.28,1574758
31-01-2018,1254.03,1269.20,1248.49,1263.96,3043214
01-02-2018,1264.60,1285.31,1244.54,1258.72,2400630
02-02-2018,1270.67,1285.31,1250.44,1257.11,2456490
05-02-2018,1250.34,1284.51,1239.72,1253.08,2757742
06-02-2018,1207.65,1239.84,1202.71,1212.79,2657306
07-02-2018,1190.65,1221.25,1187.58,1219.64,2180324
08-02-2018,1198.36,1219.88,1192.24,1200.60,2755004
09-02-2018,1197.36,1206.34,1167.12,1188.61,2102458
12-02-2018,1195.58,1218.17,1190.85,1200.01,1974562
14-02-2018,1173.22,1198.46,1165.45,1196.67,2847532
15-02-2018,1178.88,1185.79,1170.52,1181.34,2465236
16-02-2018,1181.78,1208.60,1177.73,1177.73,2515756
19-02-2018,1177.98,1189.94,1166.53,1186.60,1568224
20-02-2018,1186.50,1202.73,1179.71,1179.75,1889068
21-02-2018,1225.80,1233.98,1192.66,1198.28,3089228
22-02-2018,1228.99,1240.59,1217.82,1229.71,3463010
23-02-2018,1239.30,1244.62,1205.58,1228.90,3362500
26-02-2018,1221.53,1245.00,1217.30,1238.98,1363882
27-02-2018,1225.82,1240.41,1221.65,1225.28,1717800
28-02-2018,1222.88,1234.53,1217.40,1222.86,2706864
01-03-2018,1223.95,1233.42,1216.82,1228.50,1718124
05-03-2018,1251.41,1254.55,1222.03,1228.50,2858168
06-03-2018,1226.00,1259.93,1220.91,1257.91,1906764
07-03-2018,1219.82,1244.62,1216.21,1236.96,1917772
08-03-2018,1210.35,1230.88,1203.72,1230.88,1951826
09-03-2018,1222.50,1234.22,1199.57,1210.77,1872436
12-03-2018,1229.77,1242.56,1223.06,1226.08,2091340
13-03-2018,1163.15,1184.46,1157.18,1178.50,88067154
14-03-2018,1163.19,1177.75,1158.41,1165.63,3668668
15-03-2018,1156.26,1169.49,1150.58,1166.45,2348906
16-03-2018,1138.53,1157.18,1130.19,1155.90,7197482
19-03-2018,1140.66,1147.51,1136.23,1139.86,3489940
20-03-2018,1154.30,1157.67,1135.83,1136.23,4024984
21-03-2018,1151.04,1162.14,1148.32,1157.39,3907678
22-03-2018,1140.81,1158.78,1137.26,1152.33,2326094
23-03-2018,1135.49,1141.91,1127.39,1128.98,3654122
26-03-2018,1135.02,1139.21,1120.74,1135.83,2964210
27-03-2018,1147.39,1153.56,1137.46,1138.25,2494574
28-03-2018,1147.98,1158.39,1138.25,1142.64,6865654
02-04-2018,1172.35,1174.11,1144.29,1144.29,1662988
03-04-2018,1173.00,1180.51,1165.28,1165.28,1937290
04-04-2018,1172.86,1182.17,1165.24,1180.33,2841820
05-04-2018,1191.82,1194.15,1176.67,1179.16,1809424
06-04-2018,1188.73,1192.64,1179.16,1190.22,1129018
09-04-2018,1178.10,1194.05,1174.51,1184.46,1235866
10-04-2018,1183.62,1191.53,1178.82,1178.82,1184532
11-04-2018,1214.46,1218.83,1186.84,1188.85,3124416
12-04-2018,1264.86,1269.20,1211.96,1212.79,6114360
13-04-2018,1270.53,1305.78,1261.98,1269.20,8179118
16-04-2018,1284.37,1289.32,1253.38,1255.50,6270274
17-04-2018,1275.88,1287.31,1268.07,1284.37,3301724
18-04-2018,1272.86,1286.70,1267.52,1275.64,2433066
19-04-2018,1285.78,1296.27,1275.54,1281.24,4820952
20-04-2018,1370.91,1378.93,1305.46,1309.49,18465662
23-04-2018,1373.41,1433.55,1365.72,1379.60,15185910
24-04-2018,1364.14,1387.31,1346.76,1373.96,8314336
25-04-2018,1398.23,1403.37,1355.84,1363.88,8196574
26-04-2018,1426.03,1434.39,1396.92,1396.92,12135034
27-04-2018,1390.86,1427.95,1377.98,1420.29,4501330
30-04-2018,1423.15,1429.96,1385.08,1390.86,3458558
02-05-2018,1410.12,1423.19,1398.65,1422.51,3158046
03-05-2018,1402.91,1420.69,1398.29,1414.17,3761550
04-05-2018,1402.46,1409.01,1398.13,1407.00,2347244
07-05-2018,1378.37,1406.19,1374.32,1406.19,3484426
08-05-2018,1386.53,1404.78,1368.60,1383.91,2992820
09-05-2018,1405.91,1408.10,1386.12,1386.12,2615050
10-05-2018,1390.58,1414.71,1386.12,1411.41,3858678
11-05-2018,1392.87,1404.17,1387.05,1391.76,2627876
14-05-2018,1383.44,1398.53,1374.28,1392.89,2433894
15-05-2018,1403.13,1408.53,1383.50,1390.07,1952890
16-05-2018,1407.76,1413.84,1400.25,1402.14,1648450
17-05-2018,1406.91,1423.57,1400.55,1415.44,2968048
18-05-2018,1411.04,1417.35,1393.30,1402.48,1874996
21-05-2018,1433.08,1447.29,1417.49,1421.78,3446178
22-05-2018,1413.80,1440.42,1407.68,1433.59,1857416
23-05-2018,1408.24,1428.35,1402.56,1420.29,1507298
24-05-2018,1452.00,1456.55,1411.17,1414.25,2962316
25-05-2018,1444.79,1480.65,1439.45,1460.58,3769772
28-05-2018,1411.04,1457.16,1404.58,1457.16,3716798
29-05-2018,1419.69,1427.95,1405.38,1422.27,3525312
30-05-2018,1415.90,1423.51,1403.17,1413.86,3779106
31-05-2018,1414.68,1429.31,1402.53,1408.95,5049371
01-06-2018,1407.69,1428.05,1394.57,1425.20,1603856
04-06-2018,1417.28,1421.14,1391.56,1417.89,1681483
05-06-2018,1398.88,1423.50,1390.39,1417.08,2449568
06-06-2018,1402.25,1409.68,1393.68,1400.01,2236512
07-06-2018,1410.21,1421.14,1400.66,1401.64,2414762
08-06-2018,1419.60,1427.88,1409.76,1409.76,2582138
11-06-2018,1421.71,1432.52,1416.27,1419.60,2179378
12-06-2018,1447.14,1450.39,1424.39,1427.64,4608875
13-06-2018,1482.16,1488.30,1460.95,1475.58,5370983
14-06-2018,1452.46,1488.83,1449.58,1486.96,3819998
15-06-2018,1495.12,1500.85,1453.32,1462.58,9183574
18-06-2018,1486.14,1517.79,1480.58,1517.79,4674987
19-06-2018,1482.49,1494.27,1479.64,1480.58,3245034
20-06-2018,1480.82,1492.08,1477.69,1488.58,3107695
21-06-2018,1478.30,1488.58,1476.88,1488.58,2910659
22-06-2018,1470.54,1484.52,1462.21,1484.52,2949458
25-06-2018,1478.22,1480.74,1467.46,1472.25,2083217
26-06-2018,1504.83,1512.14,1479.64,1481.27,4679712
27-06-2018,1509.71,1531.77,1504.22,1511.33,4081208
28-06-2018,1497.28,1520.27,1483.95,1515.40,4888125
29-06-2018,1501.38,1517.35,1496.95,1499.06,3506276
02-07-2018,1504.30,1509.55,1495.98,1504.83,2650290
03-07-2018,1522.75,1527.50,1508.94,1511.29,3242233
04-07-2018,1516.33,1527.50,1509.02,1527.50,2700614
05-07-2018,1527.83,1533.68,1513.04,1521.90,2472571
06-07-2018,1554.36,1560.90,1528.92,1529.90,3713781
09-07-2018,1530.02,1563.66,1524.74,1563.34,6151747
10-07-2018,1523.60,1542.94,1520.07,1542.21,5303302
11-07-2018,1608.76,1623.46,1539.08,1543.83,22903802
12-07-2018,1601.81,1617.69,1592.99,1612.09,6921701
13-07-2018,1609.73,1623.38,1603.96,1604.78,4148185
16-07-2018,1616.31,1621.84,1606.77,1616.96,2582159
17-07-2018,1630.11,1635.69,1612.89,1619.41,3315492
18-07-2018,1628.57,1637.89,1622.70,1632.43,2013869
19-07-2018,1613.22,1636.87,1603.94,1630.07,1746318
20-07-2018,1625.60,1628.36,1615.34,1616.07,1934995
23-07-2018,1632.96,1636.46,1616.97,1629.18,2086201
24-07-2018,1627.55,1640.58,1615.46,1640.58,2038423
25-07-2018,1613.30,1629.99,1602.63,1629.91,1535492
26-07-2018,1599.62,1616.15,1591.81,1607.97,3503036
27-07-2018,1582.57,1599.58,1579.76,1596.49,2033977
30-07-2018,1583.26,1591.48,1572.63,1581.96,1579251
31-07-2018,1579.67,1585.21,1569.74,1581.14,2204803
01-08-2018,1609.23,1613.34,1587.49,1587.61,2425180
02-08-2018,1586.35,1616.15,1583.58,1612.08,1509287
03-08-2018,1611.63,1613.75,1592.95,1592.95,1505131
06-08-2018,1608.46,1627.51,1605.77,1625.92,1532249
07-08-2018,1601.78,1611.39,1596.20,1610.61,1353521
08-08-2018,1607.19,1610.70,1597.42,1605.57,1315062
09-08-2018,1607.48,1612.73,1600.68,1612.08,2060297
10-08-2018,1622.75,1625.51,1605.61,1612.85,2784105
13-08-2018,1628.49,1631.82,1620.22,1626.57,3559575
14-08-2018,1631.25,1648.39,1614.03,1621.85,3311765
16-08-2018,1635.28,1644.69,1624.29,1628.61,2152065
17-08-2018,1638.74,1646.19,1631.62,1639.64,1213731
20-08-2018,1636.46,1647.90,1631.38,1647.90,1587032
21-08-2018,1642.73,1647.90,1631.62,1636.63,1376866
23-08-2018,1656.94,1659.30,1644.89,1646.93,3046791
24-08-2018,1663.37,1665.82,1653.60,1656.94,1570533
27-08-2018,1669.80,1676.40,1656.86,1663.37,1532702
28-08-2018,1684.70,1686.98,1670.70,1673.14,1987983
29-08-2018,1686.98,1690.73,1665.49,1687.39,1525867
30-08-2018,1695.45,1697.57,1681.69,1683.73,2408020
31-08-2018,1692.20,1703.27,1688.61,1695.37,2504554
03-09-2018,1671.43,1701.64,1667.77,1697.41,1439711
04-09-2018,1708.89,1713.65,1674.73,1677.05,4420803
05-09-2018,1692.89,1715.68,1689.47,1709.78,1681106
06-09-2018,1689.67,1694.72,1677.46,1689.43,2238097
07-09-2018,1693.38,1696.75,1681.61,1692.93,1312182
10-09-2018,1694.11,1704.41,1688.82,1697.08,1530539
11-09-2018,1666.02,1700.83,1662.72,1700.83,3679745
12-09-2018,1664.15,1684.46,1660.93,1670.99,2307661
14-09-2018,1681.61,1686.62,1643.14,1664.19,3642038
17-09-2018,1688.73,1691.71,1672.78,1685.36,1033857
18-09-2018,1685.97,1692.52,1675.26,1687.80,1456507
19-09-2018,1691.79,1700.83,1682.79,1686.90,1301268
21-09-2018,1712.35,1726.88,1669.19,1691.06,4508530
24-09-2018,1789.94,1799.75,1708.28,1721.99,3032226
25-09-2018,1777.52,1800.89,1753.58,1795.19,2868778
26-09-2018,1744.10,1790.39,1738.36,1780.62,1970951
27-09-2018,1782.12,1799.10,1738.93,1743.90,3311802
28-09-2018,1777.93,1783.06,1757.70,1773.29,2904371
01-10-2018,1836.43,1853.04,1783.34,1783.79,3772208
03-10-2018,1760.95,1835.98,1755.05,1832.15,3902322
04-10-2018,1681.12,1755.90,1674.24,1755.86,4762419
05-10-2018,1711.94,1726.07,1645.38,1669.07,3417624
08-10-2018,1691.50,1727.86,1667.57,1711.94,2010154
09-10-2018,1703.10,1716.01,1671.68,1693.78,1867130
10-10-2018,1663.86,1714.63,1651.97,1709.78,2749573
11-10-2018,1612.04,1638.95,1580.33,1616.15,4700256
12-10-2018,1561.85,1610.45,1549.39,1610.45,9373289
15-10-2018,1587.25,1592.17,1563.23,1579.51,2638151
16-10-2018,1597.67,1605.48,1575.44,1594.17,2815425
17-10-2018,1570.88,1619.41,1563.23,1603.94,2779207
19-10-2018,1557.69,1570.56,1522.56,1570.56,3428776
22-10-2018,1549.39,1559.97,1536.32,1558.34,1778496
23-10-2018,1504.23,1548.57,1498.80,1540.41,2752811
24-10-2018,1508.19,1528.99,1477.67,1511.08,2735913
25-10-2018,1511.86,1531.36,1489.05,1504.51,2507233
26-10-2018,1467.88,1512.59,1461.35,1512.59,2285970
29-10-2018,1526.54,1532.21,1455.85,1475.71,2609483
30-10-2018,1545.96,1557.87,1505.33,1523.28,2404883
31-10-2018,1581.33,1586.02,1530.17,1550.20,2769190
01-11-2018,1579.37,1586.39,1551.26,1585.82,2769759
02-11-2018,1561.18,1594.75,1554.28,1578.11,1818635
05-11-2018,1542.74,1572.52,1537.76,1558.36,1713366
06-11-2018,1576.88,1580.80,1542.86,1545.31,1398710
07-11-2018,1584.59,1590.18,1580.39,1582.84,144530
09-11-2018,1557.71,1600.75,1554.28,1599.97,2570479
12-11-2018,1562.32,1587.82,1557.14,1557.14,2552008
13-11-2018,1578.72,1582.02,1552.65,1562.44,1418432
14-11-2018,1534.42,1574.60,1525.73,1570.60,2422318
15-11-2018,1528.05,1549.39,1515.61,1520.83,1829123
16-11-2018,1539.27,1550.04,1525.93,1541.23,1829729
19-11-2018,1552.20,1556.20,1521.08,1549.39,1740628
20-11-2018,1532.46,1551.84,1529.15,1551.84,1190182
21-11-2018,1478.40,1526.58,1467.43,1526.54,3840461
22-11-2018,1478.85,1507.45,1476.73,1484.93,3194219
26-11-2018,1506.23,1517.57,1455.97,1484.12,4333177
27-11-2018,1542.25,1548.49,1497.46,1512.67,3344839
28-11-2018,1618.66,1622.82,1535.93,1541.23,5313249
29-11-2018,1599.61,1629.35,1584.92,1629.35,4035441
30-11-2018,1605.89,1624.45,1599.04,1604.05,5268901
03-12-2018,1617.43,1623.63,1605.93,1618.74,1610576
04-12-2018,1640.65,1647.62,1608.13,1617.92,3270615
05-12-2018,1637.30,1646.48,1619.55,1636.69,2501539
06-12-2018,1625.84,1645.66,1615.15,1630.16,2321216
07-12-2018,1627.88,1634.98,1609.76,1619.60,1680420
10-12-2018,1612.05,1640.77,1599.16,1611.40,2010786
11-12-2018,1631.79,1639.95,1599.97,1607.32,2942014
12-12-2018,1645.50,1649.74,1619.51,1632.69,2219993
13-12-2018,1617.60,1656.03,1610.99,1651.37,3748429
14-12-2018,1623.43,1630.94,1611.60,1617.92,2473761
17-12-2018,1627.14,1635.79,1619.56,1630.98,1227921
18-12-2018,1621.88,1633.43,1612.54,1625.18,1768742
19-12-2018,1606.05,1619.39,1599.20,1619.39,2498833
20-12-2018,1594.30,1611.31,1587.73,1594.10,1940277
21-12-2018,1546.78,1591.00,1539.23,1589.37,3729956
24-12-2018,1565.30,1581.94,1554.28,1554.94,1864116
26-12-2018,1541.39,1567.99,1525.93,1567.99,2446614
27-12-2018,1557.51,1584.23,1527.44,1557.55,4968201
28-12-2018,1546.98,1566.52,1544.49,1562.44,2239130
31-12-2018,1544.53,1557.55,1538.90,1556.73,1879740
01-01-2019,1552.49,1558.36,1537.97,1546.94,1094883
02-01-2019,1569.21,1578.31,1550.20,1554.28,2100463
03-01-2019,1550.16,1586.88,1544.57,1565.71,2611668
04-01-2019,1531.32,1551.18,1502.07,1550.20,4280862
07-01-2019,1548.49,1557.38,1534.70,1543.51,1856423
08-01-2019,1544.94,1555.43,1536.58,1554.61,1691756
09-01-2019,1539.56,1565.71,1523.03,1556.24,2414376
10-01-2019,1540.86,1554.28,1527.44,1542.05,3053461
11-01-2019,1503.33,1529.81,1497.17,1525.73,9209862
14-01-2019,1479.42,1510.22,1476.77,1509.41,3615370
15-01-2019,1523.93,1525.20,1475.14,1476.77,7711653
16-01-2019,1525.85,1529.81,1506.96,1525.73,2359280
17-01-2019,1548.87,1551.89,1530.06,1535.54,2625816
18-01-2019,1554.06,1556.96,1533.90,1537.99,1683728
21-01-2019,1560.64,1579.69,1549.81,1555.16,2409803
22-01-2019,1555.08,1568.45,1545.35,1559.33,2457093
23-01-2019,1533.58,1558.51,1529.00,1554.34,2578169
24-01-2019,1554.79,1557.82,1533.09,1541.10,1962927
25-01-2019,1570.53,1582.14,1554.34,1555.16,2327080
28-01-2019,1598.50,1604.22,1574.38,1580.51,2769033
29-01-2019,1621.19,1626.34,1583.49,1604.22,2557626
30-01-2019,1620.08,1626.71,1598.21,1618.61,2429575
31-01-2019,1646.82,1651.44,1623.03,1624.66,4094319
01-02-2019,1659.78,1663.70,1633.74,1643.06,3064163
04-02-2019,1676.38,1680.63,1654.10,1659.78,1590764
05-02-2019,1671.72,1680.26,1658.19,1676.17,1111404
06-02-2019,1696.45,1706.30,1668.86,1676.09,1789812
07-02-2019,1703.07,1715.38,1690.07,1696.41,1339945
08-02-2019,1685.49,1708.47,1676.99,1696.61,1684474
11-02-2019,1689.17,1713.79,1675.27,1684.35,1778730
12-02-2019,1677.48,1692.53,1650.01,1692.53,2422903
14-02-2019,1671.76,1696.61,1662.31,1684.39,1724085
15-02-2019,1659.57,1677.81,1644.24,1675.36,1930065
18-02-2019,1611.01,1669.59,1604.75,1666.03,2942184
19-02-2019,1557.45,1611.58,1546.99,1610.76,4408554
20-02-2019,1565.59,1581.16,1538.24,1565.79,4645778
21-02-2019,1565.14,1586.23,1551.11,1565.59,4683919
22-02-2019,1574.50,1578.06,1557.70,1567.59,2271955
25-02-2019,1623.15,1627.11,1578.46,1580.10,2934880
26-02-2019,1666.93,1672.21,1612.60,1622.21,6453309
27-02-2019,1682.80,1696.57,1653.28,1668.00,4732082
28-02-2019,1621.76,1693.63,1616.98,1684.35,8454295
01-03-2019,1631.53,1639.38,1619.22,1631.24,4148548
05-03-2019,1625.56,1641.01,1616.16,1639.38,2449622
06-03-2019,1634.96,1647.56,1623.07,1626.54,2635047
07-03-2019,1646.17,1654.96,1635.45,1639.38,2539884
08-03-2019,1653.85,1662.27,1643.51,1655.73,2031071
11-03-2019,1647.39,1662.27,1638.28,1658.92,3111689
12-03-2019,1645.47,1655.57,1637.74,1646.78,2658550
13-03-2019,1635.70,1648.29,1617.79,1645.92,1833163
14-03-2019,1624.99,1641.67,1619.76,1639.34,1905495
15-03-2019,1667.96,1691.67,1627.93,1634.39,5184318
18-03-2019,1653.93,1688.11,1644.29,1670.45,2349915
19-03-2019,1653.93,1659.82,1631.28,1659.82,2373993
20-03-2019,1647.60,1671.92,1635.29,1658.19,3091165
22-03-2019,1639.91,1648.37,1621.64,1647.56,3148149
25-03-2019,1622.41,1641.67,1616.65,1641.67,2429205
26-03-2019,1621.10,1631.16,1600.99,1622.21,2316539
27-03-2019,1609.04,1633.66,1603.40,1630.39,2266166
28-03-2019,1635.54,1647.23,1613.05,1618.94,4054489
01-04-2019,1661.17,1667.96,1642.04,1643.47,2095740
02-04-2019,1700.13,1705.61,1665.54,1665.63,3719663
03-04-2019,1700.13,1708.55,1682.80,1704.79,2939886
04-04-2019,1647.15,1700.46,1641.34,1699.19,4397518
05-04-2019,1674.78,1679.77,1650.66,1658.72,3152103
08-04-2019,1693.14,1696.61,1662.03,1683.53,2194294
09-04-2019,1710.11,1715.42,1682.43,1692.53,2690970
10-04-2019,1668.20,1705.20,1664.73,1703.16,3313062
11-04-2019,1651.24,1680.26,1646.45,1672.09,3422442
12-04-2019,1647.15,1667.18,1641.01,1666.36,3198471
15-04-2019,1727.93,1733.25,1668.81,1692.53,9189201
16-04-2019,1743.06,1762.80,1729.77,1733.41,5771952
18-04-2019,1757.98,1762.03,1728.67,1757.86,3413728
22-04-2019,1767.30,1779.20,1754.34,1756.30,2007135
23-04-2019,1762.07,1770.61,1744.90,1768.57,2163524
24-04-2019,1785.29,1794.73,1762.93,1764.48,3003071
25-04-2019,1794.73,1802.91,1772.70,1778.38,4211526
26-04-2019,1830.34,1834.75,1793.22,1801.27,2716958
30-04-2019,1848.17,1853.56,1823.43,1830.34,3488395
02-05-2019,1811.41,1847.39,1807.90,1843.79,2457699
03-05-2019,1743.22,1787.41,1737.50,1786.56,3780886
06-05-2019,1764.36,1770.20,1724.01,1725.23,2891422
07-05-2019,1759.53,1786.02,1748.78,1766.16,2201698
08-05-2019,1760.27,1772.66,1741.91,1758.76,1824895
09-05-2019,1776.38,1785.82,1746.57,1753.85,2264162
10-05-2019,1746.33,1792.28,1738.19,1778.38,2039633
13-05-2019,1740.56,1771.84,1734.76,1744.04,1701744
14-05-2019,1710.80,1765.95,1694.45,1745.67,2456110
15-05-2019,1713.29,1736.68,1704.38,1714.60,2346876
16-05-2019,1724.21,1736.68,1698.29,1713.78,1946529
17-05-2019,1713.33,1745.67,1708.88,1727.36,1947908
20-05-2019,1752.99,1759.08,1676.17,1737.50,2625116
21-05-2019,1725.03,1756.87,1719.14,1756.34,1863157
22-05-2019,1702.13,1735.00,1696.61,1725.23,2595795
23-05-2019,1679.48,1729.61,1676.17,1715.42,2541294
24-05-2019,1674.54,1692.53,1661.66,1692.53,2274208
27-05-2019,1680.38,1691.67,1668.08,1680.10,2329820
28-05-2019,1695.59,1715.01,1672.09,1684.35,5872979
29-05-2019,1723.23,1736.43,1698.33,1700.70,3281320
30-05-2019,1754.91,1763.29,1728.83,1735.86,4971725
31-05-2019,1796.00,1802.87,1759.78,1766.11,4265370
03-06-2019,1833.41,1837.78,1787.09,1799.64,3682419
04-06-2019,1799.45,1833.16,1792.77,1833.16,2408658
06-06-2019,1785.43,1812.55,1773.81,1812.55,3735467
07-06-2019,1798.33,1804.97,1765.65,1791.95,2659446
10-06-2019,1839.34,1842.93,1801.43,1810.66,2080593
11-06-2019,1856.90,1866.09,1838.93,1843.88,3048937
12-06-2019,1863.57,1868.52,1829.04,1850.47,2404448
13-06-2019,1857.97,1883.44,1848.86,1866.13,3320916
14-06-2019,1858.30,1865.39,1841.40,1860.57,2131408
17-06-2019,1853.93,1864.48,1847.54,1859.54,1489497
18-06-2019,1855.29,1862.83,1839.09,1849.64,1877447
19-06-2019,1862.75,1876.02,1848.94,1858.71,1652817
20-06-2019,1877.63,1882.61,1823.27,1838.10,2199377
21-06-2019,1854.47,1889.62,1848.00,1883.44,3871804
24-06-2019,1875.61,1879.32,1855.25,1858.01,1382424
25-06-2019,1869.26,1874.74,1855.00,1871.08,1386077
26-06-2019,1858.05,1868.44,1854.59,1866.95,1762224
27-06-2019,1856.69,1866.13,1847.42,1858.71,2813464
28-06-2019,1835.80,1864.44,1831.92,1862.83,2372928
01-07-2019,1845.98,1858.71,1818.82,1842.23,2769940
02-07-2019,1856.32,1860.36,1826.94,1850.39,1771746
03-07-2019,1844.41,1861.84,1839.75,1856.40,1656881
04-07-2019,1848.53,1856.24,1838.19,1841.40,984140
05-07-2019,1782.96,1854.59,1763.92,1852.12,4088470
08-07-2019,1793.10,1804.15,1757.41,1771.34,2788062
09-07-2019,1758.44,1792.28,1734.70,1791.95,3977224
10-07-2019,1737.71,1753.91,1707.29,1714.47,6343581
11-07-2019,1733.05,1754.85,1719.45,1754.03,2400346
12-07-2019,1737.21,1747.23,1725.26,1732.68,1560725
15-07-2019,1768.62,1775.13,1729.30,1751.56,2900415
16-07-2019,1739.95,1761.84,1734.99,1756.47,2735399
17-07-2019,1749.24,1755.65,1728.47,1741.60,1802969
18-07-2019,1706.86,1748.38,1701.95,1748.38,3072096
19-07-2019,1715.95,1732.52,1704.01,1715.99,1953177
22-07-2019,1743.17,1749.41,1709.22,1715.99,1920167
23-07-2019,1745.28,1759.78,1736.98,1758.04,3538588
24-07-2019,1732.35,1752.18,1715.58,1743.26,2413196
25-07-2019,1758.04,1763.91,1728.84,1742.35,2544464
26-07-2019,1742.47,1759.61,1730.86,1759.61,1720592
29-07-2019,1759.78,1769.69,1737.72,1743.92,1647090
30-07-2019,1800.39,1805.22,1751.89,1759.78,2851672
31-07-2019,1822.32,1827.28,1773.95,1794.27,3000677
01-08-2019,1801.13,1832.07,1789.73,1817.61,2375236
02-08-2019,1821.99,1825.87,1789.11,1795.31,2500816
05-08-2019,1857.76,1860.78,1813.98,1817.53,3039682
06-08-2019,1829.92,1860.53,1827.07,1844.71,2885467
07-08-2019,1828.72,1849.42,1823.60,1842.40,2165362
08-08-2019,1865.61,1884.53,1833.23,1841.49,2073298
09-08-2019,1855.82,1873.71,1851.78,1867.18,1744550
13-08-2019,1817.16,1855.82,1812.90,1854.79,1647281
14-08-2019,1821.25,1832.36,1790.68,1802.00,1945002
16-08-2019,1788.78,1851.82,1770.73,1851.82,3755507
19-08-2019,1787.04,1806.05,1782.66,1801.09,974884
20-08-2019,1806.67,1821.74,1789.93,1794.48,1843611
21-08-2019,1806.21,1819.26,1802.95,1805.18,1214408
22-08-2019,1830.83,1847.07,1792.83,1806.87,2131601
23-08-2019,1857.02,1867.10,1829.10,1829.96,2826425
26-08-2019,1880.65,1885.36,1838.27,1856.44,2345475
27-08-2019,1847.77,1879.45,1841.57,1875.45,3432106
28-08-2019,1850.04,1860.70,1830.83,1850.66,1294621
29-08-2019,1845.25,1857.43,1835.95,1835.95,1670652
30-08-2019,1866.85,1872.14,1832.48,1851.49,2583625
03-09-2019,1860.24,1897.09,1848.14,1875.45,2545060
04-09-2019,1855.12,1875.45,1844.88,1871.31,2228092
05-09-2019,1830.25,1861.94,1823.64,1852.48,2055943
06-09-2019,1815.55,1845.29,1811.50,1830.83,1890550
09-09-2019,1803.44,1819.97,1800.92,1817.61,1703945
11-09-2019,1779.61,1813.48,1773.45,1806.05,2627440
12-09-2019,1762.75,1788.70,1751.81,1780.43,2118859
13-09-2019,1769.65,1782.87,1747.84,1763.91,2291174
16-09-2019,1776.30,1795.64,1756.80,1784.52,2597948
17-09-2019,1753.71,1781.71,1739.62,1780.39,2796530
18-09-2019,1766.84,1770.48,1745.86,1756.80,1454663
19-09-2019,1736.60,1764.57,1727.56,1763.91,1652691
20-09-2019,1706.45,1759.28,1699.47,1739.04,6941979
23-09-2019,1665.43,1734.17,1631.72,1734.17,6323401
24-09-2019,1689.31,1702.77,1663.12,1664.77,4620978
25-09-2019,1725.45,1728.38,1701.99,1706.08,4002232
26-09-2019,1724.75,1740.78,1704.42,1733.26,4234281
27-09-2019,1698.77,1722.77,1694.84,1722.60,2046795
30-09-2019,1734.42,1738.30,1701.95,1703.47,2620039
01-10-2019,1701.90,1731.65,1685.17,1731.65,3342877
03-10-2019,1702.15,1719.42,1690.50,1710.21,2317618
04-10-2019,1717.93,1725.04,1697.77,1702.44,2163251
07-10-2019,1691.78,1730.45,1686.25,1718.47,2177916
09-10-2019,1668.98,1701.95,1665.18,1701.95,2066920
10-10-2019,1656.05,1684.64,1649.98,1675.51,2881452
11-10-2019,1641.51,1648.24,1590.41,1595.37,12593069
14-10-2019,1669.72,1679.43,1625.94,1648.24,3510704
15-10-2019,1683.19,1691.21,1671.13,1678.81,2261310
16-10-2019,1690.71,1698.64,1665.59,1683.77,3034082
17-10-2019,1715.67,1721.63,1688.94,1701.35,3818774
18-10-2019,1737.97,1743.51,1710.65,1721.21,3087901
22-10-2019,1732.95,1783.72,1723.36,1757.11,5552505
23-10-2019,1748.75,1760.36,1733.88,1740.21,2348134
24-10-2019,1758.80,1773.16,1741.31,1760.49,2798671
25-10-2019,1795.08,1799.35,1752.93,1768.94,3954245
27-10-2019,1787.27,1798.50,1781.44,1798.50,224405
29-10-2019,1854.13,1859.92,1792.17,1792.17,5064173
30-10-2019,1903.08,1909.17,1838.92,1879.60,5195136
31-10-2019,1917.32,1930.24,1889.74,1900.72,4879261
01-11-2019,1859.24,1921.84,1854.26,1912.55,4172620
04-11-2019,1853.37,1883.15,1842.34,1864.39,2646411
05-11-2019,1860.04,1867.77,1832.29,1855.95,2693475
06-11-2019,1848.77,1867.60,1840.74,1858.48,2540719
07-11-2019,1846.10,1862.28,1837.53,1862.28,1915598
08-11-2019,1799.30,1849.69,1794.28,1849.69,2788759
11-11-2019,1774.81,1806.95,1766.40,1803.57,2983768
13-11-2019,1840.40,1844.79,1789.21,1789.21,3823365
14-11-2019,1855.78,1858.48,1813.45,1847.92,2995915
15-11-2019,1836.90,1868.19,1832.08,1855.10,2724180
18-11-2019,1818.44,1848.13,1815.19,1840.23,1611089
19-11-2019,1781.44,1820.17,1778.23,1818.78,2975313
20-11-2019,1781.23,1803.57,1769.36,1792.55,2894129
21-11-2019,1789.29,1796.47,1780.26,1784.14,2052574
22-11-2019,1750.10,1779.92,1740.64,1771.47,3742049
25-11-2019,1758.38,1761.29,1733.62,1752.50,2737010
26-11-2019,1728.94,1772.23,1719.14,1765.43,6561580
27-11-2019,1735.40,1750.10,1728.85,1733.46,2907521
28-11-2019,1754.87,1769.27,1740.21,1746.17,2924429
29-11-2019,1734.51,1761.33,1728.22,1761.33,2064271
02-12-2019,1707.31,1746.72,1703.04,1740.21,3809860
03-12-2019,1732.61,1741.90,1697.97,1712.93,4664774
04-12-2019,1755.84,1758.80,1727.96,1734.30,3334301
05-12-2019,1792.00,1796.64,1747.27,1759.64,3902721
06-12-2019,1793.94,1797.66,1774.85,1794.28,1829461
09-12-2019,1740.59,1797.61,1734.72,1797.61,2244747
10-12-2019,1700.38,1740.93,1692.27,1740.21,4520045
11-12-2019,1724.92,1730.08,1695.23,1710.98,4943024
12-12-2019,1707.18,1760.19,1676.01,1732.69,7137306
13-12-2019,1749.72,1754.91,1695.44,1708.96,5711133
16-12-2019,1796.60,1804.42,1757.36,1770.62,5574177
17-12-2019,1828.87,1832.29,1790.05,1796.39,6059673
18-12-2019,1831.24,1861.39,1818.78,1836.52,8251081
19-12-2019,1883.02,1889.31,1831.07,1841.42,6251505
20-12-2019,1877.82,1897.93,1865.45,1875.37,5548338
23-12-2019,1885.26,1893.92,1866.93,1866.93,2247329
24-12-2019,1871.66,1895.27,1867.90,1891.43,1805896
26-12-2019,1860.13,1882.98,1854.43,1872.33,1880367
27-12-2019,1857.21,1880.78,1838.21,1865.24,2720261
30-12-2019,1844.29,1879.60,1839.14,1864.39,2288830
31-12-2019,1826.13,1855.95,1822.54,1849.19,1909289
01-01-2020,1831.11,1844.88,1819.62,1831.45,1354908
02-01-2020,1822.70,1841.54,1815.57,1841.54,2380752
03-01-2020,1859.03,1877.91,1828.07,1828.07,4655761
06-01-2020,1858.86,1880.40,1848.26,1862.70,3023209
07-01-2020,1863.42,1870.86,1844.79,1858.90,2429317
08-01-2020,1905.15,1909.17,1860.21,1862.70,5197454
09-01-2020,1870.60,1902.37,1866.93,1899.66,3734173
10-01-2020,1869.93,1887.20,1865.24,1882.13,1915807
13-01-2020,1850.33,1874.49,1845.55,1873.56,2843893
14-01-2020,1864.31,1883.65,1854.26,1854.26,2948452
15-01-2020,1881.20,1884.67,1853.58,1869.46,2620681
16-01-2020,1891.26,1899.87,1871.15,1881.25,3117214
17-01-2020,1874.61,1903.72,1869.46,1892.90,3281059
20-01-2020,1833.43,1894.13,1821.48,1854.17,5817599
21-01-2020,1834.02,1847.12,1823.04,1833.09,1902980
22-01-2020,1864.31,1866.93,1836.26,1842.43,1773686
23-01-2020,1855.04,1877.73,1848.90,1871.00,2069866
24-01-2020,1848.65,1855.04,1837.30,1855.04,1319430
27-01-2020,1836.66,1857.15,1833.07,1853.98,1549101
28-01-2020,1848.94,1852.37,1822.06,1840.69,1743024
29-01-2020,1824.26,1851.65,1820.37,1850.00,2306761
30-01-2020,1810.08,1833.07,1799.20,1828.83,2098567
31-01-2020,1760.29,1815.58,1753.99,1811.39,3287223
03-02-2020,1780.15,1858.21,1772.27,1822.06,4728073
04-02-2020,1784.59,1809.11,1766.69,1802.59,3509339
05-02-2020,1817.45,1826.04,1781.67,1790.73,2439322
06-02-2020,1802.04,1840.86,1791.16,1816.13,2640065
07-02-2020,1808.98,1821.21,1794.12,1811.05,2083442
10-02-2020,1830.48,1834.76,1794.12,1812.66,2383032
11-02-2020,1823.24,1841.36,1818.33,1831.37,1335820
12-02-2020,1837.93,1850.00,1820.37,1821.30,1620407
13-02-2020,1855.88,1860.16,1838.15,1839.80,1645948
14-02-2020,1849.32,1872.86,1838.15,1852.54,1500115
17-02-2020,1865.45,1877.09,1854.40,1860.12,1774724
18-02-2020,1876.04,1880.48,1850.89,1862.66,2486223
19-02-2020,1859.61,1888.10,1854.66,1876.04,1760463
20-02-2020,1826.12,1874.89,1821.42,1866.51,2317278
24-02-2020,1791.03,1844.88,1783.70,1825.45,3092877
25-02-2020,1825.57,1842.93,1787.35,1791.16,2674567
26-02-2020,1798.01,1832.13,1789.00,1823.75,2686842
27-02-2020,1782.69,1794.92,1766.35,1794.92,2349001
28-02-2020,1693.49,1752.21,1684.90,1750.94,4298076
02-03-2020,1694.46,1739.04,1681.26,1723.00,2667076
03-03-2020,1724.01,1744.17,1703.52,1710.30,2757585
04-03-2020,1763.81,1773.33,1714.53,1740.78,3237002
05-03-2020,1799.24,1818.46,1764.53,1765.92,3937056
06-03-2020,1791.96,1798.06,1753.99,1776.34,2595027
09-03-2020,1669.95,1761.01,1638.33,1756.86,4940975
11-03-2020,1654.16,1682.61,1625.63,1636.64,6796449
12-03-2020,1498.50,1615.81,1488.76,1612.08,8728786
13-03-2020,1529.36,1540.96,1275.15,1429.11,8029720
16-03-2020,1436.31,1559.80,1418.91,1485.93,7844271
17-03-2020,1403.80,1465.61,1374.29,1464.76,5713248
18-03-2020,1400.75,1450.83,1378.19,1419.72,7258778
19-03-2020,1395.59,1437.47,1319.17,1330.22,5135111
20-03-2020,1532.99,1594.01,1387.62,1390.18,8547498
23-03-2020,1424.03,1492.52,1379.73,1381.65,7003490
24-03-2020,1452.56,1509.58,1392.61,1409.83,6350865
25-03-2020,1492.78,1543.69,1432.82,1449.88,2765520
26-03-2020,1527.44,1562.50,1469.11,1562.11,4556067
27-03-2020,1556.06,1577.81,1492.86,1552.22,4331250
30-03-2020,1516.83,1624.71,1504.08,1506.17,8513547
31-03-2020,1557.42,1582.07,1518.11,1567.06,3927593
01-04-2020,1457.34,1564.80,1451.58,1557.25,4941878
03-04-2020,1410.81,1483.99,1407.23,1483.99,5735369
07-04-2020,1514.01,1523.09,1454.14,1458.40,5427577
08-04-2020,1454.52,1540.28,1450.73,1501.05,6285615
09-04-2020,1506.29,1517.08,1476.49,1492.90,5307397
13-04-2020,1500.41,1524.08,1489.11,1501.90,2990438
15-04-2020,1479.85,1545.40,1473.59,1522.37,4761399
16-04-2020,1463.56,1505.23,1428.60,1458.36,6245533
17-04-2020,1540.45,1579.47,1495.08,1535.16,9895823
20-04-2020,1551.07,1560.75,1537.29,1560.75,3244282
21-04-2020,1481.99,1530.56,1473.50,1505.31,5122541
22-04-2020,1509.15,1526.63,1466.21,1481.99,3829836
23-04-2020,1601.90,1620.45,1501.77,1518.11,5934366
24-04-2020,1550.98,1579.47,1541.81,1569.87,2987102
27-04-2020,1566.38,1599.13,1556.48,1562.71,3374741
28-04-2020,1585.52,1593.16,1562.97,1590.60,2678505
29-04-2020,1625.27,1631.15,1577.85,1598.27,4241510
30-04-2020,1718.06,1733.03,1656.44,1688.68,5915544
04-05-2020,1646.42,1676.74,1632.09,1676.74,3729348
05-05-2020,1648.38,1686.12,1643.48,1667.44,2905528
06-05-2020,1623.52,1666.25,1614.99,1654.39,3517431
07-05-2020,1613.33,1649.83,1606.25,1628.98,3166754
08-05-2020,1614.82,1654.14,1608.72,1653.80,2686530
11-05-2020,1650.56,1664.29,1628.13,1628.13,2449841
12-05-2020,1662.67,1668.64,1629.19,1648.94,3256595
13-05-2020,1662.79,1700.62,1642.33,1700.62,2656665
14-05-2020,1622.45,1640.15,1612.86,1628.98,2263146
15-05-2020,1614.39,1635.29,1590.77,1634.10,3173682
18-05-2020,1659.34,1665.61,1596.65,1626.42,3727694
19-05-2020,1661.94,1677.12,1623.01,1623.01,3198693
20-05-2020,1666.16,1674.09,1647.49,1663.09,2778505
21-05-2020,1698.23,1704.03,1655.54,1659.68,3400908
22-05-2020,1723.09,1733.03,1672.69,1686.21,3663418
26-05-2020,1657.12,1726.20,1641.77,1718.53,4575317
27-05-2020,1710.26,1714.26,1655.63,1670.77,3482160
28-05-2020,1709.40,1717.68,1681.26,1695.93,3475681
29-05-2020,1682.15,1708.00,1673.67,1690.38,7237735
01-06-2020,1744.33,1756.91,1689.62,1697.21,3747773
02-06-2020,1745.95,1774.82,1739.89,1757.08,2443886
03-06-2020,1750.23,1765.28,1727.86,1755.10,3699799
04-06-2020,1789.06,1796.29,1750.74,1750.74,4048593
05-06-2020,1752.02,1794.58,1745.22,1789.10,3573289
08-06-2020,1772.12,1792.01,1763.87,1777.68,2957841
09-06-2020,1772.38,1792.44,1762.29,1764.72,2909439
10-06-2020,1803.77,1823.66,1773.62,1776.66,5168397
11-06-2020,1768.62,1800.56,1763.61,1796.29,2269513
12-06-2020,1744.54,1752.83,1720.16,1720.33,2842642
15-06-2020,1736.33,1761.22,1711.56,1744.20,2399022
16-06-2020,1749.93,1774.01,1737.27,1766.35,2146528
17-06-2020,1751.64,1761.09,1733.46,1750.10,2703527
18-06-2020,1743.34,1761.39,1732.31,1749.24,1944389
19-06-2020,1748.90,1787.73,1738.12,1746.68,5681758
22-06-2020,1734.66,1755.44,1727.13,1753.52,3196138
23-06-2020,1740.95,1748.39,1719.30,1733.85,4205944
24-06-2020,1746.85,1765.71,1737.78,1739.83,2560937
25-06-2020,1724.52,1762.07,1718.66,1740.69,3043931
26-06-2020,1812.41,1823.66,1727.82,1732.13,6300722
29-06-2020,1797.70,1819.90,1788.85,1803.13,3076341
30-06-2020,1781.02,1806.47,1774.95,1796.29,3071725
01-07-2020,1789.49,1808.22,1778.75,1778.92,2503466
02-07-2020,1845.17,1851.89,1794.58,1798.00,3758699
03-07-2020,1881.53,1886.10,1847.82,1850.73,4185208
06-07-2020,1935.89,1941.62,1886.10,1886.10,5190366
07-07-2020,1941.62,1969.67,1909.33,1945.98,5630055
08-07-2020,1897.99,1945.47,1888.33,1941.70,2793358
09-07-2020,1885.55,1919.89,1874.17,1906.63,3443998
10-07-2020,1900.94,1924.47,1861.30,1886.32,9610320
13-07-2020,1898.93,1920.27,1890.38,1898.93,2963503
14-07-2020,1857.83,1915.18,1851.89,1890.38,2976738
15-07-2020,1910.82,1933.15,1865.66,1868.99,5569321
16-07-2020,1915.84,2000.07,1903.28,1923.77,8582118
17-07-2020,1886.69,1923.68,1877.52,1917.77,4509135
20-07-2020,1892.82,1909.11,1878.16,1886.90,2952646
21-07-2020,1907.52,1919.18,1887.03,1911.77,2665286
22-07-2020,1878.29,1912.62,1872.50,1912.62,2861534
23-07-2020,1861.36,1878.29,1854.33,1878.29,2265766
24-07-2020,1849.53,1854.33,1821.84,1847.04,3665100
27-07-2020,1891.88,1898.91,1854.76,1856.04,4248480
28-07-2020,1980.13,1988.92,1898.91,1898.91,8092319
29-07-2020,1951.24,2007.78,1925.53,1964.92,6090431
30-07-2020,1954.20,2021.50,1947.99,1959.69,7098496
31-07-2020,1955.83,2001.61,1935.30,1974.48,4723290
03-08-2020,1932.47,1975.08,1912.37,1963.59,4012337
04-08-2020,1928.65,1945.76,1907.52,1937.44,2927928
05-08-2020,1937.06,1971.78,1931.48,1937.48,3800641
06-08-2020,1978.72,1988.49,1942.07,1950.34,4748047
07-08-2020,1967.79,1995.78,1960.63,1978.63,3165491
10-08-2020,1957.03,1993.21,1951.24,1987.21,2929353
11-08-2020,1954.54,1982.06,1950.86,1957.20,2774423
12-08-2020,1935.21,1968.69,1925.95,1961.79,3415751
13-08-2020,1932.73,1971.78,1929.34,1948.63,2695682
14-08-2020,1922.18,1955.74,1914.42,1952.06,2270405
17-08-2020,1931.83,1946.06,1918.84,1940.06,2625630
18-08-2020,1945.84,1962.35,1927.45,1939.88,3493374
19-08-2020,1934.57,1958.57,1931.05,1951.50,2843005
20-08-2020,1931.35,1951.67,1920.38,1934.91,2895164
21-08-2020,1927.71,1946.91,1921.24,1937.48,1975294
24-08-2020,1927.28,1937.44,1911.77,1929.43,2167966
25-08-2020,1922.61,1928.91,1914.81,1924.63,1663419
26-08-2020,1931.91,1937.40,1900.15,1922.05,2618149
27-08-2020,1927.54,1960.93,1921.84,1942.63,3579393
28-08-2020,1919.10,1954.59,1916.14,1944.69,2941136
31-08-2020,1935.13,1951.37,1910.05,1920.34,6018154
01-09-2020,1925.78,1952.92,1921.45,1945.20,3610908
02-09-2020,1941.90,1944.99,1921.75,1926.34,2084137
03-09-2020,1971.35,1992.35,1944.34,1944.34,4654146
04-09-2020,1962.17,1992.57,1940.01,1950.34,5231303
07-09-2020,1994.97,2009.07,1957.50,1962.35,4620401
08-09-2020,2013.10,2049.32,1994.97,2002.60,7453998
09-09-2020,1995.48,2022.36,1988.92,1993.21,3866535
10-09-2020,1998.48,2013.35,1992.61,2001.78,2308813
11-09-2020,2035.30,2042.93,1997.62,1998.31,4145424
14-09-2020,2135.86,2148.16,2041.95,2043.88,7512131
15-09-2020,2135.86,2175.81,2112.89,2135.86,7318770
16-09-2020,2145.81,2149.75,2123.77,2133.76,3074003
17-09-2020,2109.76,2139.59,2100.88,2126.09,4828176
18-09-2020,2100.28,2143.58,2088.71,2130.38,4183256
21-09-2020,2113.49,2147.44,2102.21,2113.23,4598809
22-09-2020,2162.91,2190.39,2107.23,2130.38,7499613
23-09-2020,2115.33,2160.25,2065.22,2151.81,7502280
24-09-2020,1999.42,2100.37,1974.01,2100.37,8424708
25-09-2020,2076.62,2091.80,2016.44,2030.07,8228267
28-09-2020,2080.05,2095.23,2028.36,2091.80,4347166
29-09-2020,2133.29,2152.71,2080.05,2087.38,6995811
30-09-2020,2136.63,2147.52,2108.94,2133.80,3917166
01-10-2020,2163.34,2177.53,2136.63,2151.81,2610337
05-10-2020,2319.67,2338.78,2231.58,2246.11,17412105
06-10-2020,2326.95,2345.56,2271.91,2345.56,9846367
07-10-2020,2345.51,2374.70,2317.27,2350.70,9656101
08-10-2020,2422.46,2473.29,2400.42,2400.42,19839329
09-10-2020,2411.53,2426.01,2383.28,2409.00,7739245
12-10-2020,2426.14,2446.72,2401.07,2413.71,4623203
13-10-2020,2423.18,2447.49,2410.88,2439.00,4209878
14-10-2020,2418.92,2446.82,2399.94,2446.82,4395936
15-10-2020,2359.52,2434.55,2347.81,2420.13,6629355
16-10-2020,2379.06,2386.25,2351.51,2367.70,5273773
19-10-2020,2334.51,2388.27,2330.25,2388.27,3331194
20-10-2020,2358.14,2376.13,2340.02,2346.09,3406273
21-10-2020,2303.38,2366.75,2292.75,2358.14,4570143
22-10-2020,2299.72,2313.07,2271.27,2290.99,5262294
23-10-2020,2313.20,2326.28,2298.82,2314.06,3499091
26-10-2020,2314.40,2333.13,2299.16,2315.91,2672752
27-10-2020,2264.43,2340.19,2259.22,2324.35,3537502
28-10-2020,2257.58,2286.64,2243.63,2281.51,3569445
29-10-2020,2266.58,2285.82,2238.68,2245.36,3105968
30-10-2020,2294.30,2302.48,2257.06,2269.55,3427003
02-11-2020,2242.43,2294.30,2238.51,2290.12,2571196
03-11-2020,2267.40,2294.43,2239.37,2241.91,2879269
04-11-2020,2284.23,2343.37,2247.08,2247.08,4893928
05-11-2020,2312.25,2333.17,2296.15,2311.65,2816502
06-11-2020,2330.98,2335.97,2308.46,2323.70,3884421
09-11-2020,2347.46,2362.44,2320.34,2351.34,3646592
10-11-2020,2281.17,2335.88,2271.49,2322.15,4760020
11-11-2020,2314.06,2318.36,2275.83,2296.97,3242441
12-11-2020,2299.64,2335.75,2291.63,2312.51,2437505
13-11-2020,2287.41,2294.34,2269.46,2286.47,2548093
14-11-2020,2299.03,2315.09,2290.17,2305.58,298819
17-11-2020,2295.33,2320.26,2281.56,2320.26,2827273
18-11-2020,2261.41,2293.74,2244.54,2290.99,2893762
19-11-2020,2270.24,2304.03,2265.03,2270.32,4167501
20-11-2020,2290.34,2303.90,2262.19,2285.82,2711471
23-11-2020,2345.44,2350.39,2294.43,2315.95,3706418
24-11-2020,2343.55,2361.58,2328.87,2354.18,3120516
25-11-2020,2325.68,2352.93,2314.40,2349.53,3302249
26-11-2020,2342.30,2351.21,2307.34,2312.51,2341099
27-11-2020,2307.04,2339.80,2297.92,2328.87,6086808
01-12-2020,2347.64,2355.47,2259.52,2306.48,3605017
02-12-2020,2367.22,2371.66,2326.67,2340.92,2509032
03-12-2020,2332.70,2388.19,2325.25,2388.19,2852548
04-12-2020,2348.28,2358.01,2323.70,2333.86,2686527
07-12-2020,2357.02,2362.44,2329.86,2337.48,1996400
08-12-2020,2408.33,2415.44,2352.50,2359.00,4277818
09-12-2020,2419.96,2445.10,2404.76,2423.57,3659996
10-12-2020,2397.14,2434.16,2393.65,2426.15,2127801
11-12-2020,2396.54,2417.29,2380.14,2404.37,1795408
14-12-2020,2408.68,2414.10,2372.99,2412.38,2483658
15-12-2020,2377.55,2406.09,2371.91,2398.60,2365509
16-12-2020,2422.88,2427.70,2376.61,2392.58,2565149
17-12-2020,2443.55,2456.89,2414.96,2420.13,2863460
18-12-2020,2463.18,2495.03,2450.43,2469.20,6076692
21-12-2020,2428.01,2485.13,2397.74,2463.18,2705195
22-12-2020,2473.08,2482.68,2426.71,2439.93,2881737
23-12-2020,2504.29,2513.11,2467.01,2476.13,2790988
24-12-2020,2504.80,2515.13,2482.29,2504.50,1807144
28-12-2020,2522.06,2539.54,2498.47,2505.36,2108994
29-12-2020,2523.01,2541.52,2513.97,2513.97,1994151
30-12-2020,2504.76,2537.82,2498.47,2526.37,2637968
31-12-2020,2464.68,2501.06,2449.40,2496.75,4040956
01-01-2021,2521.07,2531.19,2478.67,2479.53,2681440
04-01-2021,2616.81,2626.54,2532.01,2539.80,5113293
05-01-2021,2662.92,2681.21,2616.94,2616.94,5801309
06-01-2021,2627.19,2680.57,2614.87,2668.94,3726716
07-01-2021,2611.09,2652.46,2583.06,2647.42,3717827
08-01-2021,2686.94,2693.05,2634.50,2660.33,5879039
11-01-2021,2734.76,2780.87,2709.02,2780.87,9508039
12-01-2021,2733.38,2763.65,2711.99,2734.76,3611458
13-01-2021,2719.70,2735.24,2691.54,2733.51,3572801
14-01-2021,2804.01,2817.64,2691.62,2721.46,6931542
15-01-2021,2789.05,2824.11,2768.91,2790.47,4131692
18-01-2021,2779.04,2809.23,2749.41,2803.41,4160906
19-01-2021,2812.64,2828.42,2787.88,2788.75,2975735
20-01-2021,2854.13,2870.65,2818.16,2820.66,3453446
21-01-2021,2823.98,2854.43,2813.85,2850.85,2778546
22-01-2021,2849.21,2868.10,2796.42,2796.42,3052459
25-01-2021,2839.03,2880.87,2828.12,2854.26,2272887
27-01-2021,2812.94,2852.10,2783.57,2846.54,2786662
28-01-2021,2757.30,2824.97,2746.31,2786.16,3083938
29-01-2021,2683.81,2774.82,2674.02,2768.95,5445659
01-02-2021,2707.96,2730.09,2625.80,2674.02,3985846
02-02-2021,2763.26,2780.98,2717.15,2737.85,2881837
03-02-2021,2760.32,2791.33,2728.06,2771.49,2505866
04-02-2021,2750.32,2792.93,2739.58,2774.12,2057261
05-02-2021,2724.01,2765.33,2699.04,2759.37,2366135
08-02-2021,2772.44,2782.71,2721.59,2751.22,2526592
09-02-2021,2740.35,2799.79,2729.23,2755.97,2658751
10-02-2021,2771.75,2777.01,2723.45,2747.34,2127983
11-02-2021,2765.45,2776.93,2747.38,2773.22,1165882
12-02-2021,2752.34,2799.53,2744.75,2746.65,2777404
15-02-2021,2708.39,2768.04,2701.24,2768.04,2630853
16-02-2021,2681.61,2732.37,2674.02,2717.15,3435770
17-02-2021,2650.82,2702.36,2627.05,2678.42,3678426
18-02-2021,2637.23,2672.21,2614.50,2643.83,4189909
19-02-2021,2649.74,2662.94,2601.69,2637.79,3725028
22-02-2021,2551.92,2670.57,2538.72,2670.57,5366696
23-02-2021,2570.68,2611.92,2560.16,2561.88,3832829
24-02-2021,2542.99,2590.65,2519.75,2563.61,3774549
25-02-2021,2583.71,2613.55,2560.55,2565.33,4224073
26-02-2021,2496.59,2563.91,2484.25,2553.26,5553153
01-03-2021,2522.38,2557.57,2503.06,2523.93,3265871
02-03-2021,2593.24,2609.33,2542.91,2553.26,3306469
03-03-2021,2638.74,2642.97,2585.09,2617.95,3509857
04-03-2021,2630.63,2658.02,2601.61,2607.60,3916760
05-03-2021,2594.71,2642.28,2584.83,2601.65,3203686
08-03-2021,2593.76,2616.23,2584.31,2601.56,2003125
09-03-2021,2631.71,2645.47,2580.95,2593.76,1942397
10-03-2021,2648.96,2668.16,2639.52,2652.46,3053778
12-03-2021,2637.75,2688.69,2623.43,2652.46,2938317
15-03-2021,2644.82,2673.16,2623.13,2623.13,3097083
16-03-2021,2682.69,2709.39,2639.52,2639.52,4894756
17-03-2021,2685.19,2721.46,2661.34,2678.33,3838390
18-03-2021,2619.25,2714.09,2576.59,2696.40,3656306
19-03-2021,2631.06,2673.16,2592.07,2613.64,5776626
22-03-2021,2699.60,2708.05,2603.85,2629.77,2821646
23-03-2021,2710.77,2733.54,2693.73,2708.52,3305973
24-03-2021,2692.22,2719.13,2683.64,2683.68,2207104
25-03-2021,2643.70,2700.63,2630.89,2684.54,3179786
26-03-2021,2645.38,2689.55,2624.90,2665.96,3697370
30-03-2021,2724.53,2750.32,2640.29,2659.36,4694008
31-03-2021,2741.17,2764.59,2701.62,2721.46,3530069
01-04-2021,2730.09,2773.22,2712.84,2752.60,4285076
05-04-2021,2793.83,2814.62,2718.01,2735.27,5317862
06-04-2021,2816.09,2824.97,2786.16,2824.97,2291562
07-04-2021,2821.87,2827.17,2790.30,2811.17,2491268
08-04-2021,2861.50,2876.73,2817.25,2820.66,2578118
09-04-2021,2865.73,2893.42,2853.44,2893.12,2911129
12-04-2021,2800.43,2879.40,2771.67,2865.73,3791828
13-04-2021,2677.51,2772.36,2650.77,2772.36,8654596
15-04-2021,2776.63,2792.41,2663.20,2726.04,6062760
16-04-2021,2756.10,2800.82,2745.27,2785.29,3224657
19-04-2021,2727.33,2750.79,2704.30,2733.54,2679106
20-04-2021,2712.45,2782.15,2696.75,2781.84,3141893
22-04-2021,2690.24,2715.43,2678.55,2715.43,1988980
23-04-2021,2682.22,2690.41,2666.30,2678.33,1615309
26-04-2021,2674.71,2719.74,2663.71,2675.79,2490260
27-04-2021,2701.62,2705.16,2676.61,2679.20,1471417
28-04-2021,2694.81,2718.01,2684.37,2717.11,1639037
29-04-2021,2687.18,2723.49,2678.77,2713.36,1621395
30-04-2021,2618.51,2701.67,2605.01,2673.16,3072305
03-05-2021,2619.68,2635.20,2591.21,2609.24,1545831
04-05-2021,2630.68,2665.40,2617.95,2641.93,1990777
05-05-2021,2670.31,2673.50,2632.96,2648.14,1939289
06-05-2021,2683.90,2703.35,2651.59,2678.77,1791671
07-05-2021,2702.40,2725.65,2684.20,2702.49,1912540
10-05-2021,2713.27,2729.40,2695.59,2713.66,2137153
11-05-2021,2693.52,2698.26,2666.39,2695.59,2415625
12-05-2021,2663.32,2691.27,2648.66,2691.27,1978558
14-05-2021,2632.19,2672.73,2622.27,2672.73,2043935
17-05-2021,2647.93,2652.63,2618.82,2635.21,2890462
18-05-2021,2664.36,2694.72,2655.04,2674.02,2098538
19-05-2021,2658.49,2689.55,2645.64,2660.22,1986041
20-05-2021,2639.52,2664.36,2632.70,2645.64,2329027
21-05-2021,2657.20,2663.84,2635.29,2640.38,1685566
24-05-2021,2658.06,2678.33,2649.87,2658.06,1652260
25-05-2021,2699.24,2711.59,2671.59,2680.17,1841613
26-05-2021,2737.81,2743.44,2690.39,2704.44,1923753
27-05-2021,2756.45,2789.17,2740.67,2740.80,5959785
28-05-2021,2724.89,2772.05,2718.00,2764.68,1763701
31-05-2021,2738.37,2748.08,2711.89,2730.44,1652799
01-06-2021,2733.04,2747.73,2714.84,2746.56,1377441
02-06-2021,2712.63,2738.63,2700.10,2731.18,2240078
03-06-2021,2722.86,2734.39,2706.73,2734.39,1281706
04-06-2021,2725.02,2736.38,2708.77,2711.37,1836060
07-06-2021,2759.22,2765.50,2716.23,2726.11,2559821
08-06-2021,2773.91,2800.65,2762.69,2772.05,2574057
09-06-2021,2774.00,2791.12,2761.82,2775.52,1710925
10-06-2021,2788.34,2794.59,2767.71,2782.45,1874324
11-06-2021,2837.75,2868.26,2783.32,2783.79,3452954
14-06-2021,2839.96,2868.00,2834.76,2842.26,1847360
15-06-2021,2828.17,2858.73,2818.47,2858.73,1304985
16-06-2021,2838.23,2855.87,2819.72,2827.61,1635552
17-06-2021,2875.85,2891.71,2825.79,2830.56,2273413
18-06-2021,2858.12,2910.74,2838.79,2904.58,3380431
21-06-2021,2837.15,2848.33,2818.60,2830.12,1130569
22-06-2021,2861.50,2883.91,2847.46,2863.93,1708688
23-06-2021,2827.00,2885.60,2822.67,2885.60,1467104
24-06-2021,2924.26,2932.41,2841.83,2846.59,4155204
25-06-2021,2930.50,2946.84,2903.80,2925.69,2722861
28-06-2021,2892.32,2939.78,2889.07,2939.78,1355238
29-06-2021,2895.87,2917.93,2883.43,2896.87,1497322
30-06-2021,2900.12,2931.54,2893.83,2900.34,1693146
01-07-2021,2896.43,2914.20,2888.50,2910.74,990310
02-07-2021,2882.52,2894.87,2856.30,2887.33,1682274
05-07-2021,2878.67,2924.61,2862.20,2896.87,1972858
06-07-2021,2827.78,2884.73,2822.41,2871.73,2159420
07-07-2021,2838.75,2845.47,2809.84,2838.79,2640710
08-07-2021,2824.49,2858.73,2801.43,2858.73,2485811
09-07-2021,2780.85,2844.86,2774.65,2817.12,6365067
12-07-2021,2767.80,2804.99,2763.68,2804.12,1892226
13-07-2021,2762.99,2785.92,2752.11,2785.92,1809339
14-07-2021,2786.39,2792.85,2760.78,2762.51,2044279
15-07-2021,2782.40,2807.50,2774.62,2803.81,2232968
16-07-2021,2775.32,2797.08,2772.89,2791.13,1256526
19-07-2021,2766.46,2779.66,2758.99,2762.46,1597058
20-07-2021,2784.87,2792.87,2741.74,2766.46,1811945
22-07-2021,2794.04,2801.51,2771.15,2771.15,2859334
23-07-2021,2791.00,2815.93,2785.61,2805.90,1776193
26-07-2021,2777.71,2800.90,2771.89,2779.83,1259611
27-07-2021,2765.02,2788.52,2746.09,2779.83,1121367
28-07-2021,2777.92,2783.70,2721.11,2769.41,1660654
29-07-2021,2776.19,2801.94,2771.41,2780.05,1731997
30-07-2021,2751.56,2800.25,2747.13,2796.34,2999943
02-08-2021,2796.69,2801.47,2751.17,2762.46,2608669
03-08-2021,2853.59,2858.02,2796.30,2805.03,3804735
04-08-2021,2844.08,2871.22,2833.00,2866.71,2929598
05-08-2021,2852.76,2879.74,2834.13,2844.99,2534521
06-08-2021,2875.22,2887.55,2836.30,2842.86,2292362
09-08-2021,2886.42,2898.85,2875.39,2887.47,1510489
10-08-2021,2896.15,2910.05,2880.26,2880.26,2040777
11-08-2021,2905.10,2918.83,2890.25,2910.14,1929707
12-08-2021,2911.66,2925.78,2889.29,2889.29,1310205
13-08-2021,3008.65,3023.07,2916.66,2919.48,4363584
16-08-2021,3016.95,3035.54,2985.28,3005.70,2083489
17-08-2021,3086.53,3093.26,3008.30,3024.89,4336019
18-08-2021,3093.04,3122.97,3072.24,3104.60,2631309
20-08-2021,3092.13,3105.60,3040.44,3045.66,2836148
23-08-2021,3159.80,3190.73,3094.22,3109.94,3744176
24-08-2021,3138.78,3185.82,3122.45,3176.83,2511141
25-08-2021,3178.57,3212.23,3133.44,3136.00,2123263
26-08-2021,3189.73,3203.41,3168.93,3179.44,1902533
27-08-2021,3231.69,3239.81,3171.71,3184.65,3944728
30-08-2021,3215.31,3249.24,3203.41,3227.22,2033114
31-08-2021,3289.28,3304.62,3217.18,3222.35,3207480
01-09-2021,3227.17,3315.56,3220.27,3297.58,2643336
02-09-2021,3332.98,3352.44,3233.30,3243.72,3403717
03-09-2021,3337.58,3350.48,3305.01,3322.77,1746812
06-09-2021,3346.23,3368.47,3313.22,3344.23,1723693
07-09-2021,3314.87,3361.82,3308.22,3356.65,1585039
08-09-2021,3278.60,3314.08,3262.83,3309.74,4147175
09-09-2021,3293.58,3308.61,3270.65,3292.11,1441148
13-09-2021,3340.45,3346.57,3272.39,3272.39,1691473
14-09-2021,3375.68,3384.88,3322.77,3344.45,1991188
15-09-2021,3435.31,3457.42,3358.39,3372.37,2461369
16-09-2021,3390.79,3458.94,3381.06,3413.99,2946666
17-09-2021,3325.25,3427.02,3305.40,3405.30,6477148
20-09-2021,3321.47,3362.73,3307.87,3308.87,2002008
21-09-2021,3355.74,3363.21,3319.86,3351.44,1568129
22-09-2021,3355.04,3385.19,3346.62,3355.35,1744067
23-09-2021,3361.21,3369.68,3331.46,3361.86,2003869
24-09-2021,3362.99,3426.49,3348.83,3379.24,2320754
27-09-2021,3333.15,3391.40,3303.57,3387.92,1673362
28-09-2021,3282.94,3344.49,3258.71,3344.49,2253075
29-09-2021,3294.02,3306.27,3233.43,3266.13,2489161
30-09-2021,3279.81,3305.40,3257.71,3305.40,2252412
01-10-2021,3240.42,3309.74,3235.90,3285.20,1578374
04-10-2021,3277.86,3286.85,3220.66,3235.73,1356860
05-10-2021,3329.98,3335.80,3250.32,3261.09,1877966
06-10-2021,3310.52,3350.96,3296.71,3332.33,1678154
07-10-2021,3381.76,3387.06,3318.47,3327.12,1647233
08-10-2021,3418.89,3466.02,3387.92,3409.64,2934339
11-10-2021,3201.68,3264.14,3179.44,3261.96,11845402
12-10-2021,3173.23,3220.27,3153.90,3219.40,5752877
13-10-2021,3175.27,3192.86,3166.41,3170.75,3545655
14-10-2021,3143.28,3194.24,3140.45,3155.07,6442299
18-10-2021,3174.35,3179.18,3134.58,3136.32,3590107
19-10-2021,3163.04,3211.74,3155.25,3193.37,3135441
20-10-2021,3141.02,3159.43,3114.43,3143.76,2933693
21-10-2021,3074.57,3139.80,3056.07,3136.88,4871211
22-10-2021,3045.28,3099.89,3033.22,3098.50,2691670
25-10-2021,3040.14,3058.94,3002.76,3048.89,2595594
26-10-2021,3031.13,3071.52,3024.52,3041.49,3878763
27-10-2021,3037.36,3056.07,3031.48,3031.48,2510813
28-10-2021,2978.09,3061.95,2972.30,3061.95,2424942
29-10-2021,2957.28,3012.33,2947.01,2959.29,3960501
01-11-2021,3025.74,3034.96,2970.51,2992.27,2020718
02-11-2021,3032.53,3058.12,3019.95,3041.06,3087414
03-11-2021,3039.53,3063.60,3016.73,3049.93,1537639
04-11-2021,3053.81,3057.81,3050.63,3057.55,328991
08-11-2021,3048.67,3088.06,3029.92,3088.06,2526082
09-11-2021,3051.24,3076.74,3042.80,3053.24,1782692
10-11-2021,3032.61,3063.42,3029.05,3044.54,1516489
11-11-2021,3036.01,3055.03,2990.58,3028.87,1284514
12-11-2021,3068.95,3076.00,3033.83,3051.50,1747259
15-11-2021,3092.67,3106.86,3070.65,3070.65,1809157
16-11-2021,3095.37,3112.03,3082.83,3106.33,2013204
17-11-2021,3065.34,3100.98,3051.85,3090.32,1632914
18-11-2021,3025.13,3064.43,3004.15,3059.46,2136598
22-11-2021,3010.07,3060.16,2994.32,3027.48,3167936
23-11-2021,3015.16,3029.70,2966.03,2998.41,2153461
24-11-2021,2996.93,3040.23,2980.13,3022.08,2161746
25-11-2021,2999.19,3014.07,2988.88,2997.45,1849619
26-11-2021,3000.02,3037.58,2969.60,2981.00,1941251
29-11-2021,3048.02,3071.82,2964.86,3000.28,2981745
30-11-2021,3071.65,3101.76,3038.45,3038.45,5588446
01-12-2021,3113.99,3124.61,3076.74,3076.74,2102118
02-12-2021,3170.65,3175.09,3110.77,3123.92,3152938
03-12-2021,3168.52,3190.72,3160.17,3173.74,2486263
06-12-2021,3077.96,3183.80,3065.43,3168.52,1849642
07-12-2021,3119.82,3131.57,3067.43,3100.68,1484458
08-12-2021,3156.73,3173.74,3134.19,3134.19,1428660
09-12-2021,3134.84,3163.56,3103.72,3142.02,1567957
10-12-2021,3165.34,3169.87,3111.64,3120.26,1510718
13-12-2021,3141.71,3187.28,3134.79,3176.83,1883864
14-12-2021,3154.03,3163.78,3113.04,3137.67,1747007
15-12-2021,3107.51,3153.33,3096.89,3150.72,1603233
16-12-2021,3117.30,3140.67,3107.20,3117.65,2072320
17-12-2021,3119.69,3178.01,3110.42,3135.49,4333992
20-12-2021,3095.80,3138.54,3055.11,3123.74,2312310
21-12-2021,3140.54,3169.17,3104.07,3118.21,2340989
22-12-2021,3160.08,3165.34,3138.76,3154.20,1224328
23-12-2021,3187.89,3194.68,3159.43,3175.09,1792861
24-12-2021,3195.02,3224.70,3172.31,3207.30,2209923
27-12-2021,3216.96,3220.35,3179.53,3195.11,1534135
28-12-2021,3226.05,3242.11,3215.00,3229.06,1456218
29-12-2021,3215.74,3237.72,3207.30,3213.61,1456923
30-12-2021,3249.73,3255.17,3202.94,3204.12,1966475
31-12-2021,3253.73,3272.57,3247.59,3257.60,1207141
03-01-2022,3322.84,3333.50,3259.52,3263.87,2346158
04-01-2022,3381.15,3384.98,3317.57,3334.46,2488606
05-01-2022,3360.44,3368.31,3318.18,3363.96,1733031
06-01-2022,3313.87,3337.85,3283.02,3317.83,1810293
07-01-2022,3353.95,3363.87,3304.25,3324.80,2460591
10-01-2022,3376.89,3462.31,3360.48,3462.31,3937092
11-01-2022,3408.26,3416.18,3356.13,3356.13,1906106
12-01-2022,3359.52,3419.67,3339.20,3416.18,3203744
13-01-2022,3392.60,3414.44,3357.00,3410.09,6684507
14-01-2022,3453.74,3461.44,3359.65,3375.15,3348123
17-01-2022,3498.13,3518.89,3448.65,3475.11,3442604
18-01-2022,3473.28,3517.76,3464.05,3511.01,2389041
19-01-2022,3413.16,3498.04,3409.54,3498.04,3102539
20-01-2022,3336.35,3417.83,3322.79,3409.11,6176776
21-01-2022,3342.41,3358.15,3288.00,3319.30,3112358
24-01-2022,3288.22,3356.49,3260.97,3348.08,3258414
25-01-2022,3286.96,3321.40,3245.37,3286.61,3330501
27-01-2022,3181.76,3255.13,3160.71,3253.04,5718297
28-01-2022,3217.34,3251.99,3178.93,3178.93,3143862
31-01-2022,3257.62,3276.58,3244.67,3268.73,2739393
01-02-2022,3313.77,3320.18,3257.75,3287.04,2105169
02-02-2022,3362.20,3369.00,3313.77,3337.53,1984212
03-02-2022,3334.65,3385.13,3327.19,3357.67,1960538
04-02-2022,3326.19,3334.74,3286.17,3326.54,2307366
07-02-2022,3294.89,3340.93,3274.97,3305.35,1919149
08-02-2022,3263.89,3312.94,3244.32,3305.83,2946443
09-02-2022,3278.80,3293.97,3266.20,3269.61,1638721
10-02-2022,3287.35,3304.31,3276.58,3304.31,2112459
11-02-2022,3221.61,3271.78,3217.29,3271.78,3851488
14-02-2022,3255.44,3307.31,3234.73,3246.94,5951745
15-02-2022,3328.72,3343.72,3267.86,3300.99,3931683
16-02-2022,3324.62,3360.37,3318.43,3351.56,3256906
17-02-2022,3299.42,3343.72,3294.89,3335.00,3134372
18-02-2022,3307.88,3327.11,3276.23,3286.17,3688883
21-02-2022,3242.93,3337.44,3230.85,3321.92,7465922
22-02-2022,3126.96,3198.02,3112.66,3182.42,5408531
23-02-2022,3107.26,3158.79,3100.15,3148.41,2426203
24-02-2022,2965.88,3037.55,2956.68,3028.96,5039136
25-02-2022,3069.72,3077.79,3018.50,3023.73,2549723
28-02-2022,3098.89,3107.21,3013.18,3042.91,3288942
02-03-2022,3091.87,3114.36,3056.86,3097.41,2761341
03-03-2022,3090.34,3120.16,3077.88,3106.43,1928039
04-03-2022,3072.86,3104.99,3040.34,3052.94,2370257
07-03-2022,3038.47,3093.48,2991.95,3008.04,3054130
08-03-2022,3138.78,3146.67,3016.76,3016.76,3300992
09-03-2022,3167.24,3185.90,3136.25,3143.18,2719654
10-03-2022,3157.09,3212.06,3151.90,3212.06,2005441
11-03-2022,3138.08,3173.57,3132.59,3141.65,1623423
14-03-2022,3176.31,3180.98,3121.38,3121.38,1765688
15-03-2022,3133.50,3190.26,3126.09,3190.26,3651133
16-03-2022,3187.56,3198.11,3152.99,3174.13,3090475
17-03-2022,3202.25,3234.73,3191.40,3223.05,3600452
21-03-2022,3162.10,3238.17,3151.90,3222.52,2413831
22-03-2022,3226.84,3235.60,3160.62,3173.70,2907611
23-03-2022,3236.82,3251.99,3217.29,3232.99,1596195
24-03-2022,3269.47,3276.75,3221.65,3226.01,1879046
25-03-2022,3232.51,3295.33,3201.60,3278.24,1690133
28-03-2022,3232.72,3237.35,3192.18,3221.65,1760990
29-03-2022,3230.68,3245.19,3218.16,3221.43,2689063
30-03-2022,3253.52,3259.14,3231.42,3259.14,1583455
31-03-2022,3260.84,3273.66,3243.62,3260.89,2168110
01-04-2022,3277.23,3280.94,3250.47,3267.86,1387014
04-04-2022,3287.35,3295.76,3258.36,3280.07,1472994
05-04-2022,3326.10,3344.24,3288.79,3288.79,2314947
06-04-2022,3274.27,3321.31,3253.17,3321.31,2051729
07-04-2022,3212.19,3265.68,3207.70,3265.68,2494829
08-04-2022,3213.50,3230.37,3175.88,3217.29,2296773
11-04-2022,3222.87,3236.78,3187.73,3217.29,2291660
12-04-2022,3218.25,3260.01,3180.98,3211.19,4483476
13-04-2022,3192.83,3234.60,3187.25,3232.11,1621672
18-04-2022,3076.09,3147.54,3071.25,3147.54,3820792
19-04-2022,3027.13,3107.04,2998.58,3095.23,3170014
20-04-2022,3101.16,3111.92,3034.19,3051.63,2640370
21-04-2022,3163.80,3177.18,3110.40,3121.38,2280996
22-04-2022,3149.76,3153.64,3113.97,3122.34,1581465
25-04-2022,3093.66,3124.87,3080.49,3102.20,1960694
26-04-2022,3092.00,3128.27,3067.46,3117.15,1943469
27-04-2022,3104.99,3111.31,3057.12,3091.74,1727648
28-04-2022,3125.13,3142.66,3084.81,3128.36,1703660
29-04-2022,3092.35,3159.09,3083.76,3136.21,2051115
02-05-2022,3088.60,3093.44,3045.31,3068.98,1324161
04-05-2022,3033.98,3091.26,3021.38,3085.20,2305825
05-05-2022,3063.31,3080.40,3038.86,3062.18,1612262
06-05-2022,2992.87,3029.40,2985.80,3015.88,2010812
09-05-2022,3003.76,3013.27,2918.10,2962.70,2481830
10-05-2022,2998.23,3020.94,2983.62,2994.09,1622685
11-05-2022,2974.90,3006.69,2948.88,2994.96,1841769
12-05-2022,2971.98,3007.78,2920.93,2945.26,2807195
13-05-2022,2977.43,2999.23,2948.88,2994.96,2187823
16-05-2022,2944.21,2990.60,2935.32,2977.52,1195813
17-05-2022,3009.43,3022.86,2921.20,2938.29,1754076
18-05-2022,3006.99,3047.27,3001.98,3021.12,1866781
19-05-2022,2844.08,2968.80,2816.22,2961.83,4642963
20-05-2022,2871.15,2889.37,2851.14,2885.97,3065125
23-05-2022,2896.22,2911.17,2848.48,2881.44,2293690
24-05-2022,2866.79,2898.92,2855.98,2890.46,1711510
25-05-2022,2780.46,2890.36,2768.52,2890.36,3548046
26-05-2022,2832.51,2845.28,2791.78,2800.96,2813186
27-05-2022,2862.66,2878.11,2834.49,2855.55,3103153
30-05-2022,2962.69,2972.65,2884.65,2894.00,2094624
31-05-2022,2953.12,2969.84,2918.58,2944.16,4840965
01-06-2022,2945.09,2973.88,2931.79,2973.88,1493835
02-06-2022,3004.60,3012.50,2937.27,2944.91,2657939
03-06-2022,3019.65,3052.26,3011.80,3036.55,1913622
06-06-2022,3011.58,3030.93,2964.35,3000.21,1084210
07-06-2022,2951.67,3000.96,2945.79,2985.33,2308256
08-06-2022,2988.05,2996.66,2937.45,2966.99,2185707
09-06-2022,3008.20,3016.89,2943.24,2971.24,1279197
10-06-2022,2949.21,2978.27,2942.28,2968.61,1527582
13-06-2022,2826.06,2890.49,2802.23,2887.86,3030921
14-06-2022,2818.12,2843.00,2786.65,2800.08,2611493
15-06-2022,2814.39,2838.70,2809.74,2825.10,1404536
16-06-2022,2757.95,2848.23,2750.09,2843.97,2032028
17-06-2022,2711.34,2737.54,2654.24,2714.06,5240434
20-06-2022,2731.96,2755.09,2693.87,2715.81,1502769
21-06-2022,2819.35,2841.99,2743.38,2747.41,2964461
22-06-2022,2829.00,2853.23,2793.93,2808.77,3336315
23-06-2022,2904.36,2912.43,2829.00,2829.00,3692578
24-06-2022,2890.58,2936.13,2876.88,2930.87,2132118
27-06-2022,2909.54,2951.85,2902.34,2940.52,2037686
28-06-2022,2912.57,2922.97,2872.58,2902.78,1400046
29-06-2022,2888.30,2925.60,2871.18,2871.18,2133994
30-06-2022,2867.76,2906.20,2857.13,2872.06,2719603
01-07-2022,2909.89,2925.60,2854.55,2861.52,1502879
04-07-2022,2839.62,2912.39,2830.84,2907.17,2622535
05-07-2022,2823.17,2872.06,2814.96,2857.13,2170627
06-07-2022,2862.18,2868.98,2810.83,2825.10,2182144
07-07-2022,2885.97,2913.66,2865.96,2871.18,1989921
08-07-2022,2866.31,2901.02,2852.75,2896.63,2136916
11-07-2022,2733.19,2830.80,2726.35,2814.26,6974600
12-07-2022,2707.65,2752.86,2703.74,2734.16,3734815
13-07-2022,2667.32,2729.86,2664.03,2724.59,3863530
14-07-2022,2639.15,2690.42,2611.21,2689.54,4764908
15-07-2022,2635.50,2665.69,2598.89,2656.58,4574806
18-07-2022,2696.14,2707.98,2652.84,2660.50,3202795
19-07-2022,2705.60,2709.74,2666.70,2666.70,1865074
20-07-2022,2785.29,2791.59,2726.55,2735.13,3402251
21-07-2022,2796.29,2802.19,2767.03,2787.23,2420640
22-07-2022,2790.75,2813.63,2766.55,2803.07,2075886
25-07-2022,2787.01,2804.35,2771.48,2785.47,1797504
26-07-2022,2742.26,2788.90,2725.18,2785.21,2639367
27-07-2022,2806.46,2811.08,2737.06,2741.46,1389808
28-07-2022,2869.52,2872.60,2817.72,2830.35,2106333
29-07-2022,2905.95,2919.51,2882.28,2895.48,2430257
01-08-2022,2903.22,2928.04,2878.76,2928.04,1306913
02-08-2022,2897.06,2915.63,2879.33,2895.48,1269114
03-08-2022,2939.04,2947.40,2884.08,2886.68,2895824
04-08-2022,2952.64,2981.64,2910.75,2948.28,2150567
05-08-2022,2961.53,2972.05,2952.68,2958.14,1106933
08-08-2022,2969.80,2973.72,2935.96,2961.49,1068836
10-08-2022,2952.02,2979.09,2935.08,2979.09,1878359
11-08-2022,3012.09,3017.55,2970.33,2992.29,1449248
12-08-2022,2993.65,3009.01,2975.79,3009.01,1472354
16-08-2022,2985.86,3005.36,2981.29,3001.97,839942
17-08-2022,2993.26,3008.09,2966.85,2979.18,1622326
18-08-2022,2975.79,2985.25,2958.85,2983.49,1430659
19-08-2022,2979.75,3011.21,2966.99,2980.85,1398410
22-08-2022,2952.29,2978.30,2946.00,2961.49,1536532
23-08-2022,2890.73,2941.16,2877.88,2921.84,1849256
24-08-2022,2864.98,2911.32,2860.45,2897.24,1691923
25-08-2022,2832.29,2885.05,2829.25,2883.16,1946930
26-08-2022,2835.81,2866.44,2831.06,2846.46,1457962
29-08-2022,2756.91,2765.84,2711.54,2750.26,2539173
30-08-2022,2826.08,2839.59,2765.31,2776.67,3431525
01-09-2022,2756.16,2807.47,2746.74,2807.47,3546935
02-09-2022,2755.02,2783.71,2746.13,2783.71,2052900
05-09-2022,2757.66,2770.46,2739.04,2749.08,2147912
06-09-2022,2752.07,2764.21,2733.85,2759.51,1936453
07-09-2022,2771.92,2782.74,2730.02,2730.02,1291534
08-09-2022,2789.56,2801.75,2781.16,2789.87,1346113
09-09-2022,2831.81,2845.75,2788.55,2811.87,1561185
12-09-2022,2854.07,2877.70,2838.27,2851.39,1785928
13-09-2022,2842.10,2872.11,2838.27,2872.11,1972678
14-09-2022,2746.22,2764.70,2740.41,2759.07,5090269
15-09-2022,2732.09,2761.49,2728.26,2754.67,2138023
16-09-2022,2647.91,2723.29,2640.25,2707.14,5322221
19-09-2022,2665.60,2677.22,2629.52,2671.94,2072220
20-09-2022,2675.72,2710.62,2666.66,2684.26,1544295
21-09-2022,2641.31,2676.69,2638.63,2664.90,2253818
22-09-2022,2646.77,2666.61,2622.04,2631.45,2017983
23-09-2022,2624.46,2660.06,2621.77,2643.77,2652374
26-09-2022,2635.33,2663.01,2575.22,2604.92,2925489
27-09-2022,2655.61,2662.26,2619.13,2648.53,2227447
28-09-2022,2671.63,2684.21,2622.65,2622.65,2739767
29-09-2022,2637.88,2689.41,2631.45,2687.78,2493902
30-09-2022,2644.26,2657.59,2596.34,2632.20,2817353
03-10-2022,2627.01,2658.47,2617.37,2635.85,1763331
04-10-2022,2720.47,2726.50,2660.50,2666.61,2145875
06-10-2022,2729.98,2749.39,2721.62,2737.94,1790816
07-10-2022,2697.37,2732.66,2691.39,2725.97,1939879
10-10-2022,2744.59,2752.02,2644.65,2649.05,3064063
11-10-2022,2701.46,2767.87,2687.21,2728.26,4730645
12-10-2022,2728.92,2736.98,2694.86,2714.97,1665247
13-10-2022,2731.17,2737.06,2686.33,2728.92,2054781
14-10-2022,2727.51,2772.27,2702.74,2767.87,2245977
17-10-2022,2745.69,2760.38,2710.13,2711.19,1517005
18-10-2022,2774.77,2784.16,2760.52,2779.44,1793722
19-10-2022,2754.60,2787.38,2745.91,2787.38,1194289
20-10-2022,2785.88,2788.27,2739.74,2739.74,1587601
21-10-2022,2768.32,2788.62,2759.15,2786.32,1021913
24-10-2022,2789.77,2804.15,2783.85,2797.18,260949
25-10-2022,2790.12,2809.66,2780.46,2806.35,2069643
27-10-2022,2785.97,2800.62,2765.63,2788.88,2438421
28-10-2022,2791.13,2804.59,2775.03,2779.44,1355739
31-10-2022,2817.52,2822.68,2803.97,2822.68,1919414
01-11-2022,2876.24,2878.80,2826.60,2836.35,2991060
02-11-2022,2860.35,2885.33,2843.02,2885.33,1405955
03-11-2022,2829.52,2848.31,2819.15,2848.31,1422652
04-11-2022,2838.91,2841.25,2793.69,2838.56,1464013
07-11-2022,2853.30,2861.33,2819.24,2849.15,1474498
09-11-2022,2837.72,2867.50,2825.02,2867.50,1162267
10-11-2022,2828.55,2845.62,2797.09,2797.09,1573092
11-11-2022,2925.87,2948.50,2872.13,2884.97,3265394
14-11-2022,2943.12,2955.03,2919.74,2932.97,1342074
15-11-2022,2940.56,2947.05,2904.74,2930.33,1400708
16-11-2022,2960.64,2971.71,2930.72,2946.12,1748235
17-11-2022,2955.03,2964.74,2927.46,2947.09,1417986
18-11-2022,2950.14,2967.16,2930.33,2955.91,1164540
21-11-2022,2897.24,2941.53,2887.97,2931.65,1304194
22-11-2022,2924.99,2928.52,2872.31,2894.15,1149739
23-11-2022,2919.12,2938.27,2903.85,2938.27,1150011
24-11-2022,2982.52,2993.81,2919.12,2926.13,1296591
25-11-2022,2990.90,3002.99,2954.15,2985.03,1588981
28-11-2022,2995.84,3015.03,2969.64,2970.03,2195437
29-11-2022,2997.69,3025.62,2985.03,2985.03,1576028
30-11-2022,2991.91,3013.18,2977.97,2985.03,3410702
01-12-2022,3066.78,3070.62,3017.68,3022.09,2180856
02-12-2022,3034.58,3060.83,3011.50,3051.30,2411749
05-12-2022,3022.89,3034.58,3006.21,3029.15,1475065
06-12-2022,2987.11,3007.05,2971.80,3000.08,1166999
07-12-2022,2982.91,2994.47,2959.44,2972.06,1167505
08-12-2022,2956.40,2982.91,2946.61,2964.74,1285619
09-12-2022,2905.40,2977.18,2890.93,2977.18,1797896
12-12-2022,2899.84,2908.27,2855.41,2872.53,1527610
13-12-2022,2940.12,2943.96,2883.38,2891.68,1378016
14-12-2022,2969.46,2979.74,2947.89,2954.86,1213311
15-12-2022,2916.30,2968.93,2910.87,2963.68,1415694
16-12-2022,2859.08,2904.74,2845.80,2889.74,2703680
19-12-2022,2825.37,2863.71,2818.71,2847.38,2120965
20-12-2022,2862.34,2866.80,2791.49,2822.59,1529971
21-12-2022,2884.05,2896.84,2858.85,2866.80,1432566
22-12-2022,2876.24,2906.50,2863.35,2906.50,1384101
23-12-2022,2848.58,2882.55,2838.56,2838.56,1360281
26-12-2022,2870.24,2887.09,2845.66,2848.57,870157
27-12-2022,2876.06,2888.68,2851.35,2884.62,835883
28-12-2022,2873.94,2881.88,2846.50,2867.50,910795
29-12-2022,2884.22,2886.65,2848.27,2851.00,1037927
30-12-2022,2873.59,2910.91,2864.33,2899.49,1163131
02-01-2023,2877.78,2882.55,2854.62,2877.38,709547
03-01-2023,2921.81,2929.44,2863.53,2869.44,1245178
04-01-2023,2924.72,2935.93,2899.62,2917.71,1231668
05-01-2023,2921.59,2944.71,2895.87,2938.44,1826057
06-01-2023,2833.75,2913.16,2823.56,2911.80,2488376
09-01-2023,2929.40,2935.62,2842.22,2849.15,2885060
10-01-2023,2899.80,2910.03,2850.12,2898.56,3864655
11-01-2023,2937.12,2955.47,2886.34,2903.06,2720512
12-01-2023,2942.11,2955.91,2925.52,2937.38,2250391
13-01-2023,2977.58,2981.50,2916.21,2949.65,1742837
16-01-2023,3008.71,3025.81,2976.22,2993.32,1843607
17-01-2023,3048.73,3051.80,2996.93,3005.05,1688475
18-01-2023,3059.20,3076.30,3043.18,3050.18,2421189
19-01-2023,3043.95,3056.49,3033.03,3050.18,1585044
20-01-2023,3034.93,3063.40,3028.16,3036.64,1529349
23-01-2023,3081.67,3085.37,3028.16,3057.40,1067916
24-01-2023,3100.98,3115.10,3083.84,3090.78,1387863
25-01-2023,3095.07,3099.81,3072.74,3091.06,874110
27-01-2023,3078.20,3109.74,3052.25,3091.69,1785879
30-01-2023,3098.59,3120.97,3055.18,3086.27,1953798
31-01-2023,3030.95,3112.44,3024.01,3112.44,2820375
01-02-2023,3075.76,3085.37,3027.62,3034.83,2205161
02-02-2023,3122.73,3130.49,3086.36,3092.59,1813847
03-02-2023,3142.49,3162.08,3115.96,3162.08,1804469
06-02-2023,3122.32,3134.24,3101.48,3134.24,1138714
07-02-2023,3133.70,3152.15,3123.63,3130.40,1455647
08-02-2023,3176.60,3194.47,3138.66,3138.66,1986946
09-02-2023,3195.33,3201.42,3163.25,3172.00,1655427
10-02-2023,3192.35,3196.68,3165.82,3176.51,1187821
13-02-2023,3142.58,3202.69,3134.46,3202.69,1087939
14-02-2023,3158.56,3180.89,3153.95,3162.98,1579818
15-02-2023,3177.10,3181.93,3122.50,3146.74,1429449
16-02-2023,3210.85,3226.15,3182.83,3183.01,1618931
17-02-2023,3159.50,3193.57,3149.44,3182.06,1061369
20-02-2023,3147.01,3178.32,3135.95,3160.27,1296082
21-02-2023,3114.25,3166.50,3108.61,3153.05,1139541
22-02-2023,3069.62,3110.64,3063.71,3081.72,1218430
23-02-2023,3080.68,3115.51,3075.44,3087.18,1441570
24-02-2023,3068.63,3098.86,3052.25,3088.53,977592
27-02-2023,3006.72,3059.20,2992.42,3059.20,1128022
28-02-2023,2989.58,3061.01,2977.89,3003.70,4116217
01-03-2023,3055.32,3058.30,2991.52,2998.74,1669307
02-03-2023,2997.34,3041.06,2994.23,3033.03,1556538
03-03-2023,3016.02,3030.32,3006.05,3026.71,1043190
06-03-2023,3042.82,3072.69,3031.23,3033.84,1334132
08-03-2023,3059.56,3064.61,3005.82,3035.74,1844590
09-03-2023,3011.24,3054.69,3005.82,3054.69,1648500
10-03-2023,3005.96,3011.60,2968.96,2989.62,1024404
13-03-2023,2961.69,3040.97,2952.72,3007.76,1901233
14-03-2023,2901.23,2981.95,2896.22,2959.93,2670334
15-03-2023,2886.75,2942.20,2880.52,2932.86,1780522
16-03-2023,2874.20,2905.61,2862.47,2894.96,1901060
17-03-2023,2869.06,2907.05,2837.21,2843.07,6739966
20-03-2023,2836.57,2860.35,2793.03,2860.35,2289468
21-03-2023,2803.00,2848.71,2795.20,2836.57,1815297
22-03-2023,2825.29,2836.75,2803.00,2824.62,1123939
23-03-2023,2819.74,2839.33,2798.40,2810.94,1372218
24-03-2023,2816.00,2860.67,2802.91,2841.63,1329577
27-03-2023,2817.62,2845.10,2802.91,2829.08,1524217
28-03-2023,2811.85,2842.21,2806.66,2821.86,1303530
29-03-2023,2832.60,2842.62,2801.20,2823.67,1740616
31-03-2023,2893.06,2899.47,2844.42,2878.67,2382581
03-04-2023,2887.74,2910.26,2864.05,2910.26,1521830
05-04-2023,2923.66,2945.81,2874.66,2874.66,2655065
06-04-2023,2906.42,2939.49,2901.28,2910.30,1703464
10-04-2023,2944.95,2952.71,2901.28,2905.79,2203187
11-04-2023,2900.19,2953.57,2880.66,2945.50,2348779
12-04-2023,2925.33,2942.74,2886.84,2912.96,2417727
13-04-2023,2877.68,2914.81,2869.69,2896.76,4174070
17-04-2023,2833.14,2854.71,2770.65,2828.27,5505048
18-04-2023,2825.25,2848.80,2807.06,2847.09,2617302
19-04-2023,2788.11,2833.60,2771.78,2825.25,3298034
20-04-2023,2801.83,2809.23,2777.65,2788.47,2419999
21-04-2023,2852.41,2855.66,2798.22,2806.52,1929184
24-04-2023,2865.00,2870.55,2821.10,2843.61,1640676
25-04-2023,2866.08,2879.80,2840.36,2872.40,2024090
26-04-2023,2886.07,2895.32,2870.60,2870.60,2000029
27-04-2023,2876.87,2887.02,2861.25,2874.20,2434446
28-04-2023,2905.11,2912.33,2884.36,2888.10,2931312
02-05-2023,2905.25,2919.33,2896.77,2919.33,2321159
03-05-2023,2869.60,2902.18,2863.51,2902.18,2468285
04-05-2023,2906.42,2909.80,2867.89,2869.83,1953253
05-05-2023,2915.44,2927.45,2896.81,2905.79,1710027
08-05-2023,2933.40,2937.24,2915.99,2928.35,928235
09-05-2023,2962.87,2976.18,2929.25,2935.21,1107375
10-05-2023,2966.07,2983.85,2947.35,2968.96,1559987
11-05-2023,2961.87,2986.74,2952.71,2986.10,1719623
12-05-2023,2954.79,2968.96,2941.89,2959.17,1027479
15-05-2023,2937.42,2970.76,2931.37,2963.54,1150390
16-05-2023,2940.22,2964.45,2933.27,2938.46,986306
17-05-2023,2895.59,2959.93,2886.16,2938.23,1588815
18-05-2023,2887.61,2913.87,2883.23,2911.16,1369364
19-05-2023,2908.36,2918.87,2890.49,2896.76,1152449
22-05-2023,2976.81,2985.61,2903.13,2914.81,1333243
23-05-2023,2975.32,3003.20,2969.05,2983.40,1687418
24-05-2023,2981.01,2993.50,2956.32,2956.32,1016555
25-05-2023,2972.12,2983.40,2948.29,2972.57,1374917
26-05-2023,3004.06,3012.86,2969.86,2972.12,1791115
29-05-2023,2996.35,3042.96,2988.81,3032.85,1210372
30-05-2023,2992.60,3002.30,2979.20,2991.52,1344224
31-05-2023,2968.51,3002.98,2946.53,2986.10,5815424
01-06-2023,2999.64,3014.08,2975.73,2990.62,1177314
02-06-2023,2983.04,3010.38,2975.68,3001.67,2030661
05-06-2023,2967.97,3002.35,2964.49,2991.52,1861468
06-06-2023,2916.89,2967.92,2906.33,2959.93,2022849
07-06-2023,2955.33,2958.90,2924.74,2935.57,1567196
08-06-2023,2920.63,2950.91,2917.52,2942.79,1759366
09-06-2023,2896.13,2932.86,2892.57,2928.35,1775689
12-06-2023,2930.06,2936.83,2897.67,2901.28,2324605
13-06-2023,2927.18,2946.40,2922.94,2941.89,1371928
14-06-2023,2933.81,2938.14,2911.07,2927.18,1658544
15-06-2023,2924.04,2952.36,2918.31,2950.40,2273810
16-06-2023,2886.40,2908.67,2869.22,2906.49,4156189
19-06-2023,2918.67,2922.76,2886.49,2900.13,1468186
20-06-2023,2934.40,2938.76,2910.17,2921.95,1528452
21-06-2023,2962.13,2965.04,2930.99,2954.67,1645987
22-06-2023,2944.22,2970.72,2936.58,2963.76,1529603
23-06-2023,2924.08,2954.13,2917.54,2943.13,1119505
26-06-2023,2899.81,2921.85,2884.67,2913.76,1978803
27-06-2023,2906.81,2917.99,2893.13,2911.04,863542
28-06-2023,2923.26,2937.35,2903.22,2916.49,1575872
30-06-2023,3002.18,3009.22,2922.04,2927.40,2672406
03-07-2023,2974.95,3017.22,2971.72,3013.13,1687264
04-07-2023,3008.18,3013.77,2979.49,2991.04,1656681
05-07-2023,3018.27,3026.49,3004.68,3018.31,1453008
06-07-2023,3020.95,3025.99,3001.95,3006.09,1848238
07-07-2023,3026.72,3051.86,3001.95,3001.95,1789326
10-07-2023,2974.63,3022.63,2968.49,3022.63,1407431
11-07-2023,2975.04,2995.58,2964.49,2995.58,1110172
12-07-2023,2963.67,2990.27,2954.76,2982.81,1515240
13-07-2023,3037.00,3061.45,2975.36,2985.58,4585146
14-07-2023,3195.27,3204.55,3047.40,3059.22,6306101
17-07-2023,3174.41,3227.32,3161.09,3191.05,2743228
18-07-2023,3179.09,3203.78,3150.14,3160.14,2600090
19-07-2023,3154.73,3197.28,3132.55,3181.96,2405370
20-07-2023,3156.78,3171.00,3131.94,3147.48,1715404
21-07-2023,3070.19,3130.89,3061.76,3102.77,3770223
24-07-2023,3094.30,3111.34,3073.65,3081.76,1680132
25-07-2023,3098.31,3105.28,3081.03,3096.80,1272980
26-07-2023,3088.42,3118.09,3085.41,3099.40,1066803
27-07-2023,3096.26,3109.70,3085.45,3094.48,1701769
28-07-2023,3058.43,3093.34,3036.19,3085.41,2599831
31-07-2023,3118.63,3123.37,3063.44,3066.63,2743678
01-08-2023,3146.52,3153.77,3112.75,3112.75,1956167
02-08-2023,3136.13,3141.37,3111.48,3130.94,1914899
03-08-2023,3099.04,3129.39,3069.91,3117.31,2026351
04-08-2023,3138.78,3163.80,3100.22,3100.22,2248493
07-08-2023,3175.69,3179.29,3136.68,3148.26,1853889
08-08-2023,3163.43,3181.07,3150.67,3175.69,1634225
09-08-2023,3156.05,3160.15,3121.91,3158.24,1794589
10-08-2023,3137.46,3158.24,3126.47,3144.66,1096701
11-08-2023,3143.56,3159.83,3111.84,3133.81,1679974
14-08-2023,3144.52,3149.21,3109.11,3136.18,1190425
16-08-2023,3152.31,3159.24,3131.17,3144.66,1328445
17-08-2023,3131.67,3154.50,3111.11,3149.21,1843241
18-08-2023,3069.09,3108.20,3059.43,3108.20,2526749
21-08-2023,3100.59,3107.97,3073.56,3076.29,1375579
22-08-2023,3082.81,3109.11,3067.22,3099.08,1222012
23-08-2023,3097.49,3100.90,3077.21,3088.14,1330046
24-08-2023,3087.92,3110.98,3079.12,3106.37,1152881
25-08-2023,3082.04,3086.14,3053.73,3076.29,1158046
28-08-2023,3076.79,3093.61,3062.71,3093.61,1037485
29-08-2023,3077.34,3089.56,3067.18,3081.81,944517
30-08-2023,3090.83,3106.46,3083.63,3097.26,1188200
31-08-2023,3059.70,3114.94,3047.72,3099.99,3417652
01-09-2023,3080.12,3089.05,3059.70,3068.09,1277950
04-09-2023,3115.94,3129.02,3071.78,3079.03,1828332
05-09-2023,3125.83,3141.92,3103.77,3117.31,1501842
06-09-2023,3126.33,3139.10,3097.35,3130.07,1314818
07-09-2023,3149.44,3153.77,3119.41,3127.16,1885092
08-09-2023,3137.27,3158.33,3131.03,3149.44,1518917
11-09-2023,3172.59,3177.20,3140.10,3155.59,1783604
12-09-2023,3263.88,3272.17,3174.73,3182.94,4476016
13-09-2023,3252.08,3271.22,3231.25,3255.04,1754929
14-09-2023,3244.97,3279.28,3231.79,3254.08,2604721
15-09-2023,3279.83,3288.08,3247.15,3252.08,2952897
18-09-2023,3286.99,3298.97,3258.82,3263.20,1395753
20-09-2023,3286.90,3304.17,3263.15,3263.15,1649396
21-09-2023,3267.98,3285.94,3215.75,3270.94,2004073
22-09-2023,3284.71,3312.14,3249.52,3266.80,1989083
25-09-2023,3260.55,3299.61,3243.69,3283.66,1238778
26-09-2023,3268.35,3276.78,3223.04,3251.85,1726062
27-09-2023,3271.63,3294.14,3241.00,3272.27,1541134
28-09-2023,3223.73,3283.93,3215.16,3281.38,1755753
29-09-2023,3216.30,3252.62,3195.29,3224.14,2243791
03-10-2023,3202.85,3221.40,3172.09,3221.40,1948148
04-10-2023,3224.64,3233.98,3169.54,3177.74,1788138
05-10-2023,3271.67,3303.26,3236.90,3239.45,2990768
06-10-2023,3300.89,3313.24,3258.64,3273.18,2075691
09-10-2023,3316.34,3353.39,3309.64,3322.44,4233074
10-10-2023,3307.72,3325.13,3282.61,3317.89,1848148
11-10-2023,3290.40,3326.95,3285.94,3326.95,2426417
12-10-2023,3229.01,3271.03,3224.96,3258.59,4241281
13-10-2023,3254.81,3260.42,3213.02,3217.58,2890357
16-10-2023,3212.15,3258.27,3207.64,3250.39,1671104
17-10-2023,3196.66,3221.36,3193.28,3217.58,1672065
18-10-2023,3178.61,3210.92,3175.65,3200.26,1408245
19-10-2023,3157.96,3177.33,3154.53,3170.61,1514545
20-10-2023,3193.50,3198.03,3147.36,3153.16,1481211
23-10-2023,3116.38,3179.25,3108.29,3173.81,1106272
25-10-2023,3098.05,3129.95,3086.26,3098.42,1518537
26-10-2023,3049.30,3083.07,3043.13,3077.90,1984471
27-10-2023,3062.28,3072.37,3049.53,3061.41,1108851
30-10-2023,3087.50,3091.43,3046.56,3061.41,910972
31-10-2023,3078.54,3106.19,3061.45,3106.19,999811
01-11-2023,3043.72,3081.15,3025.77,3065.98,1563475
02-11-2023,3070.64,3085.12,3055.19,3055.19,1245384
03-11-2023,3062.23,3096.04,3056.20,3090.65,1402598
06-11-2023,3089.05,3100.06,3069.63,3084.25,1099852
07-11-2023,3080.10,3110.89,3076.03,3087.00,1191144
08-11-2023,3090.24,3108.88,3079.27,3081.01,992899
09-11-2023,3059.08,3099.33,3054.14,3098.05,2112352
10-11-2023,3046.28,3059.08,3036.14,3050.44,1338557
13-11-2023,3044.55,3066.89,3040.39,3066.89,1030990
15-11-2023,3111.03,3118.98,3066.94,3091.66,2059802
16-11-2023,3196.52,3225.31,3120.08,3134.56,3951984
17-11-2023,3200.72,3220.87,3191.68,3196.52,2021292
20-11-2023,3216.40,3229.46,3190.49,3190.49,1475621
21-11-2023,3207.81,3234.17,3199.40,3216.40,1807236
22-11-2023,3226.04,3228.32,3181.21,3198.49,1798051
23-11-2023,3206.02,3238.69,3198.49,3225.90,2729804
24-11-2023,3159.28,3202.64,3155.53,3193.23,1989733
28-11-2023,3171.21,3181.35,3137.26,3159.28,1689195
29-11-2023,3211.05,3214.93,3176.37,3181.12,1441634
30-11-2023,3187.15,3213.70,3181.12,3197.98,3266235
01-12-2023,3209.13,3213.98,3189.39,3198.49,1172141
04-12-2023,3209.86,3242.17,3196.66,3239.29,1625213
05-12-2023,3227.36,3233.21,3201.04,3233.21,1377656
06-12-2023,3293.62,3301.61,3221.47,3228.28,1896572
07-12-2023,3303.49,3317.79,3282.29,3294.44,1967653
08-12-2023,3314.27,3330.99,3291.74,3320.03,1641155
11-12-2023,3329.07,3338.30,3303.58,3310.80,1102503
12-12-2023,3355.76,3379.79,3318.20,3325.47,2236866
13-12-2023,3283.98,3335.56,3256.06,3329.67,3850968
14-12-2023,3351.33,3361.15,3315.09,3317.29,3290396
15-12-2023,3528.39,3560.33,3350.82,3350.82,8531230
18-12-2023,3526.74,3590.53,3500.19,3525.74,2521612
19-12-2023,3487.45,3522.99,3463.50,3513.76,2004435
20-12-2023,3454.41,3562.93,3442.07,3497.54,2586083
21-12-2023,3461.22,3478.76,3420.87,3432.66,1517562
22-12-2023,3494.57,3514.63,3437.91,3472.64,2413058
26-12-2023,3468.57,3503.71,3463.64,3490.78,1285231
27-12-2023,3482.88,3489.27,3443.40,3471.73,1293976
28-12-2023,3472.55,3507.37,3465.42,3494.57,1682889
29-12-2023,3466.61,3493.29,3441.02,3465.33,1574996
01-01-2024,3482.79,3501.88,3447.97,3463.50,825907
02-01-2024,3457.29,3482.78,3442.71,3482.78,1344068
03-01-2024,3373.72,3446.92,3369.42,3442.48,1803075
04-01-2024,3350.92,3398.62,3336.48,3382.85,3598144
05-01-2024,3415.89,3424.89,3358.27,3358.41,1963127
08-01-2024,3361.43,3417.58,3356.03,3415.89,1067805
09-01-2024,3372.03,3429.10,3365.49,3390.35,1370944
10-01-2024,3393.18,3407.99,3370.29,3372.12,1292227
11-01-2024,3413.74,3447.97,3387.65,3403.19,1777909
12-01-2024,3548.31,3568.82,3492.38,3516.51,6813450
15-01-2024,3567.50,3623.43,3550.32,3618.86,2801505
16-01-2024,3528.66,3563.11,3523.41,3563.11,1432672
17-01-2024,3549.95,3573.12,3484.11,3490.00,3458696
18-01-2024,3566.40,3572.07,3529.30,3562.20,2239110
19-01-2024,3628.47,3647.34,3602.71,3630.27,2941975
23-01-2024,3550.44,3620.05,3536.17,3588.86,2618854
24-01-2024,3535.30,3573.81,3501.99,3570.45,2657709
25-01-2024,3506.31,3552.97,3477.23,3533.55,2205154
29-01-2024,3497.75,3515.24,3479.21,3497.57,1646747
30-01-2024,3497.34,3540.82,3484.87,3503.69,1411621
31-01-2024,3511.51,3528.12,3493.57,3507.14,2459358
01-02-2024,3546.66,3593.37,3501.48,3515.24,2363107
02-02-2024,3649.87,3666.52,3563.09,3565.90,2826510
05-02-2024,3656.31,3701.12,3646.00,3665.23,1691523
06-02-2024,3806.03,3818.82,3671.68,3678.12,4474396
07-02-2024,3757.62,3823.51,3748.93,3821.67,2124267
08-02-2024,3804.28,3826.27,3760.06,3763.70,2345173
09-02-2024,3803.91,3850.89,3772.90,3806.53,2100596
12-02-2024,3791.95,3827.74,3778.01,3800.51,1013716
13-02-2024,3818.45,3837.32,3755.88,3796.32,1257415
14-02-2024,3772.99,3786.61,3726.43,3779.34,1391283
15-02-2024,3775.84,3815.51,3757.26,3798.67,1091582
16-02-2024,3798.94,3817.02,3772.99,3785.09,1307556
19-02-2024,3776.40,3798.94,3731.49,3794.11,772291
20-02-2024,3709.08,3771.06,3690.08,3756.43,1193648
21-02-2024,3673.06,3739.17,3663.03,3692.84,1885939
22-02-2024,3761.03,3768.25,3654.19,3654.19,2982052
23-02-2024,3728.82,3800.51,3723.58,3800.51,2538072
26-02-2024,3681.84,3726.89,3665.00,3714.01,1379284
27-02-2024,3776.95,3794.98,3679.96,3679.96,2960475
28-02-2024,3790.34,3823.42,3762.78,3768.85,1939225
29-02-2024,3768.39,3807.96,3740.28,3771.98,3772719
01-03-2024,3767.70,3809.71,3760.75,3779.53,2043265
04-03-2024,3755.14,3789.37,3750.72,3777.50,1749271
05-03-2024,3692.01,3739.77,3662.47,3737.93,2070859
06-03-2024,3740.05,3747.13,3642.64,3675.40,1744204
07-03-2024,3780.81,3794.99,3715.57,3740.69,2688905
11-03-2024,3793.47,3821.67,3762.78,3762.78,2304068
12-03-2024,3857.79,3892.48,3792.27,3793.47,4039801
13-03-2024,3817.99,3902.65,3802.26,3869.52,2837260
14-03-2024,3871.92,3887.93,3760.02,3822.09,2919608
15-03-2024,3882.64,3900.81,3843.76,3858.11,3373143
18-03-2024,3821.21,3915.30,3789.33,3878.96,1526904
19-03-2024,3659.99,3734.25,3650.14,3728.04,8931209
20-03-2024,3654.10,3697.44,3644.25,3667.99,1817913
21-03-2024,3655.99,3688.61,3633.03,3671.72,3829582
22-03-2024,3598.89,3623.82,3547.45,3586.10,5852485
26-03-2024,3568.15,3631.83,3562.58,3565.85,3440925
27-03-2024,3534.47,3584.26,3523.89,3578.27,1968575
28-03-2024,3567.05,3602.66,3534.10,3542.94,4311783
01-04-2024,3604.27,3619.50,3577.86,3586.74,1569676
02-04-2024,3573.95,3597.92,3564.01,3579.65,2142666
03-04-2024,3632.38,3663.39,3543.77,3543.77,3973090
04-04-2024,3683.91,3707.24,3621.29,3658.70,3394637
05-04-2024,3661.78,3682.72,3644.53,3660.63,1636819
08-04-2024,3655.62,3710.92,3644.07,3665.23,2302538
09-04-2024,3631.69,3695.46,3611.91,3666.15,1876992
10-04-2024,3666.75,3671.86,3605.42,3640.76,2101965
12-04-2024,3682.17,3693.16,3630.73,3654.19,4354821
15-04-2024,3626.77,3739.96,3606.39,3682.17,4200329
16-04-2024,3563.83,3615.27,3554.67,3590.70,3051420
18-04-2024,3553.89,3621.98,3542.85,3567.51,3476284
19-04-2024,3520.94,3545.19,3497.66,3531.80,2957749
22-04-2024,3556.28,3568.61,3507.88,3530.88,1728883
23-04-2024,3565.57,3584.26,3552.60,3567.74,1807586
24-04-2024,3525.41,3587.02,3519.33,3579.65,1317312
25-04-2024,3544.87,3564.61,3506.96,3507.14,2856271
26-04-2024,3516.48,3567.51,3499.18,3547.58,2039178
29-04-2024,3561.43,3568.43,3514.50,3531.80,1110693
30-04-2024,3515.84,3572.06,3506.04,3563.09,2203078
02-05-2024,3555.08,3562.26,3476.64,3476.64,2491044
03-05-2024,3536.77,3582.97,3494.63,3579.79,2962234
06-05-2024,3608.23,3625.62,3545.61,3545.61,2053831
07-05-2024,3661.51,3669.84,3601.28,3617.20,2062112
08-05-2024,3659.67,3666.43,3624.38,3644.99,1247685
09-05-2024,3644.25,3654.19,3598.10,3645.91,1726486
10-05-2024,3583.24,3656.58,3575.10,3646.46,1672489
13-05-2024,3632.84,3639.47,3561.25,3574.59,931326
14-05-2024,3589.96,3631.00,3582.32,3621.98,1058317
15-05-2024,3570.82,3613.66,3566.31,3593.00,1115021
16-05-2024,3615.82,3623.75,3562.57,3606.69,2599399
17-05-2024,3553.86,3633.48,3550.06,3632.55,2765804
21-05-2024,3540.97,3563.73,3531.57,3550.61,1908117
22-05-2024,3551.91,3560.48,3538.52,3554.69,1311168
23-05-2024,3608.87,3619.57,3545.89,3560.21,2095742
24-05-2024,3568.13,3599.92,3563.31,3594.78,1309452
27-05-2024,3565.86,3622.68,3560.58,3573.23,1841538
28-05-2024,3559.23,3587.13,3550.06,3576.01,1801993
29-05-2024,3525.63,3567.58,3522.25,3567.58,1568095
30-05-2024,3463.02,3517.06,3443.88,3500.93,2919230
31-05-2024,3402.63,3475.72,3386.69,3466.64,10956800
03-06-2024,3432.20,3477.34,3425.85,3459.96,2156773
04-06-2024,3443.46,3471.27,3328.99,3429.56,3395997
05-06-2024,3472.61,3507.23,3429.56,3444.39,2799670
06-06-2024,3550.43,3559.23,3468.03,3504.64,4328036
07-06-2024,3609.33,3628.84,3556.82,3556.82,4552445
10-06-2024,3576.66,3620.41,3561.09,3610.31,1734661
11-06-2024,3570.54,3596.36,3560.25,3563.96,1419898
12-06-2024,3551.59,3608.92,3547.69,3591.21,2177001
13-06-2024,3594.69,3605.67,3570.45,3574.90,1932323
14-06-2024,3551.96,3604.74,3548.20,3604.74,1860730
18-06-2024,3536.25,3561.18,3517.66,3546.40,1774045
19-06-2024,3523.83,3553.63,3515.71,3547.88,1509050
20-06-2024,3510.43,3531.47,3503.76,3518.54,2846526
21-06-2024,3532.21,3594.36,3520.44,3547.28,4642195
24-06-2024,3537.82,3575.08,3514.19,3530.36,1702154
25-06-2024,3557.89,3566.42,3515.67,3538.01,1338808
26-06-2024,3574.02,3584.31,3560.25,3563.50,1639845
27-06-2024,3646.59,3653.87,3539.03,3550.98,4526556
28-06-2024,3618.79,3670.56,3612.95,3631.44,2731571
01-07-2024,3687.42,3709.21,3600.11,3600.11,2658723
02-07-2024,3723.76,3729.32,3691.46,3701.70,2307449
03-07-2024,3675.42,3731.82,3665.92,3726.17,1821198
04-07-2024,3727.05,3751.52,3691.04,3707.49,2518001
05-07-2024,3718.57,3732.43,3696.51,3716.90,1668616
08-07-2024,3701.33,3736.60,3687.29,3728.02,1758882
09-07-2024,3694.19,3714.07,3684.55,3693.73,1305801
10-07-2024,3623.42,3710.69,3616.79,3692.52,2669716
11-07-2024,3636.91,3689.09,3610.86,3643.67,4872189
12-07-2024,3878.14,3892.97,3681.03,3689.09,13509164
15-07-2024,3864.46,3930.09,3853.20,3926.10,4848030
16-07-2024,3873.04,3887.96,3841.94,3867.06,2029521
18-07-2024,4000.12,4008.88,3855.94,3855.94,5613364
19-07-2024,3997.19,4049.54,3981.26,4011.13,3903354
22-07-2024,3983.21,4013.50,3962.44,3994.91,1896386
23-07-2024,3997.14,4052.28,3963.65,3979.17,2365208
24-07-2024,4000.77,4031.29,3965.32,3983.35,1809793
25-07-2024,4015.86,4034.91,3970.99,3990.32,2810342
26-07-2024,4076.58,4108.72,4029.38,4041.41,3552210
29-07-2024,4070.31,4116.67,4060.92,4101.80,1746803
30-07-2024,4055.67,4086.01,4020.32,4079.60,1797906
31-07-2024,4074.26,4100.87,4036.77,4041.41,2330091
01-08-2024,4085.17,4105.80,4055.40,4087.31,2202244
02-08-2024,3979.21,4086.01,3967.09,4055.35,2811282
05-08-2024,3860.29,3938.29,3818.90,3938.29,2787771
06-08-2024,3875.30,3956.17,3865.64,3875.07,2203067
07-08-2024,3902.47,3943.82,3883.75,3928.07,1237666
08-08-2024,3876.55,3931.78,3864.89,3884.40,2441283
09-08-2024,3928.77,3951.90,3907.21,3917.85,1302536
12-08-2024,3898.01,3938.29,3889.37,3929.93,936912
13-08-2024,3899.22,3933.64,3886.26,3914.13,1495593
14-08-2024,3990.55,4000.72,3891.05,3910.42,3226545
16-08-2024,4102.78,4112.95,4018.28,4041.41,3457058
19-08-2024,4171.48,4175.43,4078.90,4107.38,2055210
20-08-2024,4202.42,4241.16,4180.77,4185.42,2212298
21-08-2024,4228.62,4236.52,4173.85,4197.50,1896990
22-08-2024,4182.63,4237.40,4178.17,4236.52,1829872
23-08-2024,4147.23,4186.35,4138.96,4180.77,1809253
26-08-2024,4183.05,4229.22,4166.84,4170.55,1844164
27-08-2024,4178.13,4190.06,4168.51,4185.42,930697
28-08-2024,4186.39,4238.84,4141.10,4179.61,1848058
29-08-2024,4191.74,4232.80,4143.61,4143.61,2133641
30-08-2024,4230.71,4266.48,4169.44,4180.77,3637222
02-09-2024,4200.33,4262.53,4191.92,4251.38,1216500
03-09-2024,4192.25,4232.71,4176.96,4200.33,1717263
04-09-2024,4161.50,4168.70,4121.96,4159.36,1265505
05-09-2024,4158.43,4179.84,4138.18,4163.12,1688793
06-09-2024,4140.59,4198.38,4125.03,4156.57,1649179
09-09-2024,4133.90,4171.71,4116.20,4138.96,1184938
10-09-2024,4188.07,4217.89,4125.45,4127.30,1385591
11-09-2024,4161.59,4226.62,4154.06,4200.70,1325919
12-09-2024,4197.22,4211.06,4116.95,4190.30,2742216
13-09-2024,4201.77,4224.44,4185.42,4208.64,1458786
16-09-2024,4193.08,4223.56,4175.62,4205.86,1155120
17-09-2024,4186.02,4214.03,4149.19,4193.08,1699364
18-09-2024,4037.84,4178.03,4014.47,4178.03,2961779
19-09-2024,3991.38,4108.49,3978.05,4078.62,2927551
20-09-2024,3980.93,4023.48,3927.60,4010.66,5447908
23-09-2024,3965.70,4003.69,3951.30,3994.96,1702319
24-09-2024,3968.30,3986.60,3939.22,3950.04,3012026
25-09-2024,3971.50,3985.30,3939.22,3950.69,2713073
26-09-2024,3987.99,4010.57,3957.80,3957.80,3964251
27-09-2024,4003.04,4067.43,3995.01,4027.48,3012477
30-09-2024,3965.70,3993.80,3957.84,3982.79,2503416
01-10-2024,3983.72,3991.01,3941.96,3953.66,1823365
03-10-2024,3932.48,3975.45,3911.35,3960.21,3350119
04-10-2024,3950.60,3993.10,3924.40,3925.28,2965463
07-10-2024,3969.74,3992.41,3929.37,3970.71,1472619
08-10-2024,3951.53,3975.82,3905.72,3969.50,1541867
09-10-2024,3951.25,3990.31,3945.44,3957.80,1082504
10-10-2024,3927.51,3989.25,3900.75,3951.53,2378875
11-10-2024,3854.86,3941.03,3820.72,3849.10,5759183
14-10-2024,3843.20,3869.91,3829.77,3846.31,2137590
15-10-2024,3824.76,3874.14,3804.50,3838.00,2759474
16-10-2024,3804.46,3823.08,3778.68,3795.21,2359151
17-10-2024,3817.51,3836.97,3802.60,3821.04,2522659
18-10-2024,3839.91,3861.42,3799.81,3809.13,2361000
21-10-2024,3799.68,3855.65,3790.50,3848.80,1595450
22-10-2024,3739.74,3808.94,3731.22,3786.78,1928049
23-10-2024,3787.01,3831.06,3720.79,3724.94,1966476
24-10-2024,3769.92,3798.88,3729.03,3729.03,2676744
25-10-2024,3778.91,3810.99,3755.76,3778.44,1759676
28-10-2024,3809.92,3850.11,3772.81,3789.52,1532534
29-10-2024,3795.39,3821.70,3781.28,3814.58,1445885
30-10-2024,3804.15,3824.96,3781.24,3795.16,1935002
31-10-2024,3695.93,3798.23,3688.06,3790.50,3740372
01-11-2024,3710.59,3724.33,3703.00,3715.86,154895
04-11-2024,3691.92,3717.76,3644.52,3693.92,2269192
05-11-2024,3698.63,3712.27,3670.45,3670.45,967590
06-11-2024,3855.37,3864.82,3702.26,3728.66,3792017
07-11-2024,3865.85,3916.98,3804.52,3883.35,3724349
08-11-2024,3862.21,3883.40,3834.88,3869.66,1648039
11-11-2024,3910.36,3943.52,3834.88,3844.71,1406487
12-11-2024,3909.15,3928.34,3878.37,3926.47,1587640
13-11-2024,3865.33,3908.55,3847.36,3891.18,1098813
14-11-2024,3861.19,3874.32,3833.76,3851.04,1825432
18-11-2024,3743.47,3923.68,3716.18,3923.68,3313944
19-11-2024,3762.14,3848.38,3738.44,3743.84,1776233
21-11-2024,3793.16,3811.41,3747.66,3767.12,2384347
22-11-2024,3953.11,3962.75,3775.60,3791.43,3096553
25-11-2024,4018.77,4030.88,3960.19,3986.08,4052167
26-11-2024,4053.79,4066.73,4014.02,4024.31,2060669
27-11-2024,4035.02,4076.79,4027.10,4059.61,1558993
28-11-2024,3953.39,4041.91,3942.31,4022.40,2558544
29-11-2024,3977.56,4003.50,3907.52,3930.20,2017425
02-12-2024,3982.96,3993.72,3939.56,3976.77,1670944
03-12-2024,4007.27,4027.99,3972.53,4018.07,2010905
04-12-2024,4055.37,4085.69,3994.51,4017.33,3302642
05-12-2024,4157.49,4180.73,4060.59,4098.58,3746747
06-12-2024,4140.21,4158.38,4109.71,4147.20,1842087
09-12-2024,4146.41,4162.47,4112.32,4126.20,2066639
10-12-2024,4128.15,4185.20,4109.11,4122.19,2087828
11-12-2024,4123.40,4143.15,4104.36,4127.50,1635256
12-12-2024,4149.02,4177.00,4122.05,4125.83,1914642
13-12-2024,4166.66,4186.22,4092.62,4130.39,1967048
16-12-2024,4112.00,4167.69,4095.05,4152.79,1646224
17-12-2024,4031.25,4128.53,4021.47,4107.15,3225027
18-12-2024,4049.27,4062.45,3995.02,4015.60,1575404
19-12-2024,3978.54,4064.31,3969.32,3987.94,3015763
20-12-2024,3883.91,4081.08,3867.34,4031.71,4116989
23-12-2024,3872.74,3927.41,3832.32,3911.62,2195338
24-12-2024,3892.48,3928.34,3872.74,3872.74,1181886
26-12-2024,3882.80,3911.53,3858.63,3892.48,1208464
27-12-2024,3878.84,3893.83,3862.45,3877.12,858100
30-12-2024,3873.20,3910.92,3829.62,3865.94,1527169
31-12-2024,3813.60,3855.65,3755.16,3851.04,1555429
01-01-2025,3830.04,3850.11,3804.89,3813.23,763161
02-01-2025,3888.99,3895.74,3815.60,3837.07,1720835
03-01-2025,3818.35,3892.90,3811.27,3892.90,1791953
06-01-2025,3813.78,3864.68,3787.15,3823.56,2085593
07-01-2025,3751.66,3856.02,3736.07,3832.36,2669054
08-01-2025,3826.26,3842.66,3741.84,3757.81,2181277
09-01-2025,3761.49,3853.60,3748.87,3819.37,2392472
10-01-2025,3972.72,4001.91,3883.63,3911.57,7894300
13-01-2025,3996.42,4026.08,3937.09,3953.48,4003771
14-01-2025,3942.35,4017.65,3929.32,4006.57,3441709
15-01-2025,3957.77,3964.15,3918.51,3928.34,1653474
16-01-2025,3917.44,3999.12,3903.98,3967.45,2637705
17-01-2025,3911.75,3946.18,3888.75,3945.52,1761466
20-01-2025,3867.65,3932.14,3858.45,3932.14,1287799
21-01-2025,3827.86,3899.14,3822.31,3884.25,1971591
22-01-2025,3942.39,3948.60,3835.78,3841.28,2409223
23-01-2025,3931.81,3975.35,3926.69,3953.20,1822998
24-01-2025,3938.35,3962.68,3892.50,3892.50,1910099
27-01-2025,3855.65,3942.15,3832.79,3890.60,1551782
28-01-2025,3832.08,3890.60,3820.70,3861.01,2468272
29-01-2025,3888.51,3896.15,3845.07,3845.07,1217089
30-01-2025,3888.75,3917.06,3849.34,3888.61,1531251
31-01-2025,3900.46,3915.69,3874.71,3898.19,1492943
01-02-2025,3863.24,3922.75,3846.97,3901.03,437172
03-02-2025,3858.97,3866.89,3792.62,3823.16,1265713
04-02-2025,3895.39,3906.58,3856.50,3873.24,2547132
05-02-2025,3880.26,3936.13,3865.94,3936.13,1693912
06-02-2025,3872.34,3926.17,3842.75,3893.82,2284536
07-02-2025,3821.74,3879.22,3801.44,3879.22,1548940
10-02-2025,3828.90,3843.18,3807.47,3831.80,1339511
11-02-2025,3759.29,3831.80,3751.18,3811.31,1810908
12-02-2025,3746.58,3814.49,3737.09,3766.45,1678002
13-02-2025,3708.64,3779.11,3701.14,3763.51,2277310
14-02-2025,3732.06,3744.54,3699.01,3722.72,1681975
17-02-2025,3703.28,3731.26,3657.47,3657.75,1799806
18-02-2025,3673.59,3722.15,3665.34,3697.49,2149879
19-02-2025,3589.08,3675.25,3573.95,3672.64,4366672
20-02-2025,3584.63,3592.78,3557.97,3567.65,2888572
21-02-2025,3590.89,3620.29,3580.45,3581.50,1833931
24-02-2025,3486.17,3569.26,3480.86,3550.24,2508516
25-02-2025,3442.50,3469.48,3434.63,3438.18,4101954
27-02-2025,3426.37,3450.51,3415.13,3425.57,3823856
28-02-2025,3303.74,3414.47,3278.84,3400.20,7085018
03-03-2025,3313.03,3341.68,3297.00,3305.40,4990439
04-03-2025,3350.02,3368.00,3285.76,3294.96,2797737
05-03-2025,3364.25,3414.80,3339.40,3339.40,2501894
06-03-2025,3415.99,3423.43,3353.86,3373.69,2786513
07-03-2025,3425.09,3438.18,3390.19,3414.47,2051315
10-03-2025,3404.65,3435.43,3397.97,3420.64,1004626
11-03-2025,3391.04,3403.80,3355.33,3374.64,1995450
12-03-2025,3325.50,3385.31,3307.15,3381.27,3174167
13-03-2025,3330.10,3342.67,3304.54,3321.81,1693004
17-03-2025,3317.44,3348.50,3298.14,3309.19,2690906
18-03-2025,3317.44,3317.44,3317.44,3317.44,0
19-03-2025,3316.87,3364.20,3284.29,3364.20,3051244
20-03-2025,3379.52,3394.51,3331.01,3331.01,2845192
21-03-2025,3393.70,3429.88,3286.43,3295.91,4161925
24-03-2025,3441.93,3461.66,3382.79,3414.47,1834751
25-03-2025,3469.24,3518.80,3450.51,3457.15,3135390
26-03-2025,3448.43,3490.82,3438.99,3459.76,1734499
27-03-2025,3463.03,3474.22,3424.43,3428.56,2528474
28-03-2025,3420.30,3472.28,3406.79,3462.84,2051919
01-04-2025,3367.81,3399.30,3343.34,3388.58,2618493
02-04-2025,3361.31,3380.42,3348.13,3361.36,1764313
03-04-2025,3227.77,3321.52,3221.13,3311.09,4537821
04-04-2025,3129.36,3224.45,3125.66,3189.31,5317367
07-04-2025,3105.32,3121.77,2898.55,2940.24,6623955
08-04-2025,3123.24,3176.41,3087.54,3131.88,5557558
09-04-2025,3079.28,3101.48,3046.51,3092.51,2990265
11-04-2025,3064.96,3128.94,3040.78,3120.02,7108961
15-04-2025,3080.80,3143.59,3071.70,3143.59,3512160
16-04-2025,3105.08,3109.16,3062.59,3080.80,2384391
17-04-2025,3128.89,3133.35,3052.16,3078.24,2932346
21-04-2025,3150.42,3181.15,3114.85,3120.54,2432946
22-04-2025,3143.59,3162.08,3125.19,3151.37,2710498
23-04-2025,3237.11,3244.60,3165.31,3191.58,3543923
24-04-2025,3226.30,3236.63,3213.11,3225.82,2252175
25-04-2025,3270.30,3298.57,3229.52,3243.75,2742991
28-04-2025,3266.04,3279.60,3229.52,3257.97,1593296
29-04-2025,3293.54,3314.88,3253.61,3276.94,1578332
30-04-2025,3275.71,3329.01,3192.53,3293.07,2809332
02-05-2025,3254.18,3311.56,3243.75,3293.07,1721761
05-05-2025,3276.28,3323.89,3268.79,3272.20,1284443
06-05-2025,3281.69,3294.02,3259.87,3281.69,1324763
07-05-2025,3267.55,3281.21,3244.32,3244.32,1477128
08-05-2025,3271.16,3297.81,3252.00,3270.30,2543591
09-05-2025,3263.00,3268.60,3222.98,3223.83,2531757
12-05-2025,3433.82,3443.40,3321.71,3324.37,2228678
13-05-2025,3333.85,3436.29,3329.58,3433.82,3062887
14-05-2025,3365.81,3377.48,3327.78,3339.54,2119499
15-05-2025,3395.41,3414.47,3333.00,3380.33,3548330
16-05-2025,3377.77,3408.68,3363.35,3408.68,1666727
19-05-2025,3337.46,3367.05,3323.13,3367.05,2537377
20-05-2025,3318.01,3374.64,3313.93,3349.79,2038374
21-05-2025,3344.09,3354.72,3318.01,3327.21,1440153
22-05-2025,3297.81,3317.54,3273.43,3314.88,2034383
23-05-2025,3333.47,3352.82,3287.00,3297.81,1274331
26-05-2025,3355.00,3362.31,3329.20,3339.54,967470
27-05-2025,3318.39,3357.56,3303.60,3349.98,2467680
28-05-2025,3317.44,3347.13,3312.98,3338.59,1222933
29-05-2025,3317.82,3350.45,3306.82,3324.08,3188072
30-05-2025,3284.91,3325.98,3275.14,3310.14,3404365
02-06-2025,3272.01,3281.69,3242.42,3272.20,1877585
03-06-2025,3229.71,3294.49,3225.25,3268.41,2848125
04-06-2025,3235.16,3248.47,3224.73,3242.92,2544807
05-06-2025,3225.79,3262.05,3218.71,3262.05,3584683
06-06-2025,3238.32,3244.73,3213.92,3225.79,2070390
09-06-2025,3274.40,3285.98,3244.73,3253.44,1718678
10-06-2025,3313.63,3335.54,3275.64,3291.72,2419874
11-06-2025,3322.24,3338.60,3300.42,3320.42,2847013
12-06-2025,3286.17,3324.92,3275.64,3322.24,4060134
13-06-2025,3297.17,3301.76,3246.93,3246.93,2178493
16-06-2025,3345.59,3357.74,3278.51,3291.72,1934088
17-06-2025,3363.77,3368.27,3337.74,3358.70,2111940
18-06-2025,3302.63,3385.49,3294.68,3367.41,2696327
19-06-2025,3276.41,3302.24,3265.88,3301.29,2672768
20-06-2025,3287.60,3297.75,3263.87,3277.36,2351248
23-06-2025,3247.32,3277.36,3224.73,3267.79,3123421
24-06-2025,3244.25,3293.73,3236.22,3286.55,3403048
25-06-2025,3296.31,3301.29,3253.44,3260.43,1757699
26-06-2025,3293.44,3302.63,3268.08,3296.31,2879106
27-06-2025,3292.77,3316.98,3283.10,3306.07,1778433
30-06-2025,3312.77,3315.54,3282.15,3291.62,1468351
01-07-2025,3281.86,3334.78,3266.36,3306.07,2375183
02-07-2025,3275.74,3339.47,3272.58,3336.88,3090585
03-07-2025,3254.21,3287.22,3251.14,3282.15,2531870
04-07-2025,3272.39,3279.28,3243.97,3261.10,1109320
07-07-2025,3264.64,3278.42,3261.48,3270.95,1639174
08-07-2025,3259.37,3277.36,3247.13,3258.23,2325242
09-07-2025,3237.94,3266.84,3221.86,3263.01,2034938
10-07-2025,3236.22,3252.48,3211.34,3234.30,3035012
11-07-2025,3125.22,3191.24,3120.53,3157.66,7635550
14-07-2025,3083.78,3130.96,3062.06,3125.22,3924009
15-07-2025,3112.11,3118.90,3067.80,3067.80,2590889
16-07-2025,3104.23,3115.56,3092.23,3098.38,2540733
17-07-2025,3081.29,3112.78,3076.39,3095.59,2947640
18-07-2025,3062.76,3100.11,3059.97,3096.46,3432645
21-07-2025,3032.32,3070.15,3026.37,3062.85,3844346
22-07-2025,3033.66,3053.35,3028.86,3033.66,3198036
23-07-2025,3052.39,3055.17,3031.74,3033.66,1922875
24-07-2025,3022.53,3047.20,3014.85,3038.94,2934778
25-07-2025,3010.81,3031.07,3001.02,3014.85,2568917
28-07-2025,2956.56,2993.72,2947.54,2986.04,3374473
29-07-2025,2934.19,2951.48,2919.98,2938.03,4785312
30-07-2025,2931.89,2946.68,2925.74,2938.03,2880121
31-07-2025,2915.76,2937.84,2894.83,2920.46,2968371
01-08-2025,2883.31,2915.76,2880.43,2909.13,2053847
04-08-2025,2951.86,2956.66,2872.36,2889.16,2519252
05-08-2025,2941.78,2954.84,2920.75,2951.86,1927996
06-08-2025,2911.44,2944.56,2905.39,2940.91,1487081
07-08-2025,2925.55,2929.97,2890.89,2895.79,2543076
08-08-2025,2915.37,2937.84,2904.43,2926.61,2762140
11-08-2025,2919.60,2928.34,2900.88,2915.37,1884215
12-08-2025,2914.41,2972.98,2906.25,2919.79,3358232
13-08-2025,2915.18,2923.06,2907.89,2915.09,2148166
14-08-2025,2901.84,2934.10,2898.76,2913.07,3342174
18-08-2025,2891.18,2927.47,2883.69,2925.07,2945609
19-08-2025,2895.98,2904.43,2891.08,2891.18,2650784
20-08-2025,2975.10,2979.70,2890.89,2890.89,4952358
21-08-2025,2978.94,3005.24,2960.21,3005.24,3230726
22-08-2025,2932.27,2972.31,2928.43,2963.00,1593791
25-08-2025,3015.42,3026.37,2954.45,2964.25,3448370
26-08-2025,3031.36,3035.97,2995.64,3004.28,5522097
28-08-2025,2970.39,3021.09,2963.48,3019.65,3116051
29-08-2025,2961.75,2990.84,2954.55,2969.72,2271789
01-09-2025,2988.54,3006.30,2966.84,2966.84,1246862
02-09-2025,2987.48,3029.25,2979.42,2996.70,2185229
03-09-2025,2974.04,3016.67,2964.92,3005.15,1799774
04-09-2025,2972.31,2993.72,2967.61,2991.80,1481391
05-09-2025,2926.80,2979.70,2907.89,2973.66,2802055
08-09-2025,2898.67,2942.74,2895.79,2928.43,2626187
09-09-2025,2927.86,2938.03,2910.00,2911.25,2489301
10-09-2025,2986.04,2998.23,2931.70,2934.58,2079428
11-09-2025,2999.67,3013.88,2986.14,3013.88,2263446
12-09-2025,3008.51,3023.20,2996.60,3018.69,1447167
15-09-2025,2987.87,3009.08,2972.60,3009.08,1732539
16-09-2025,3020.32,3024.45,2985.18,3003.32,2573429
17-09-2025,3046.34,3055.56,3017.15,3026.37,2418271
18-09-2025,3050.08,3075.33,3035.39,3058.05,2633138
19-09-2025,3042.88,3053.73,3018.69,3043.65,4901694
22-09-2025,2951.28,2983.06,2942.83,2971.64,3634901
23-09-2025,2940.34,2957.91,2930.35,2947.64,3177741
24-09-2025,2914.41,2935.15,2912.11,2928.43,1625714
25-09-2025,2839.52,2908.85,2833.38,2901.55,4974361
26-09-2025,2783.55,2837.03,2776.06,2823.78,3934636
29-09-2025,2780.67,2812.54,2778.65,2799.77,3110035
30-09-2025,2773.27,2799.10,2770.11,2794.97,2253458
01-10-2025,2798.04,2808.22,2752.34,2775.77,1952902
03-10-2025,2786.24,2807.45,2775.87,2807.45,2899519
06-10-2025,2869.29,2874.28,2780.19,2786.33,2112774
07-10-2025,2855.17,2884.75,2837.70,2875.62,3062943
08-10-2025,2906.54,2921.71,2849.70,2856.42,4121889
09-10-2025,2939.67,2943.79,2899.63,2913.07,3211304
10-10-2025,2907.60,2947.64,2887.05,2928.43,8817365
13-10-2025,2887.34,2914.51,2878.70,2906.35,2866865
14-10-2025,2842.31,2906.54,2837.70,2900.59,3611416
15-10-2025,2862.06,2871.60,2843.95,2863.22,4282226
16-10-2025,2862.93,2867.08,2836.33,2862.16,3251495
17-10-2025,2854.74,2880.37,2848.19,2862.26,4374683
20-10-2025,2905.82,2913.33,2870.45,2877.19,3133039
21-10-2025,2897.63,2921.81,2887.31,2921.14,310644
23-10-2025,2961.71,2985.61,2925.96,2944.17,5564758
24-10-2025,2952.08,2977.90,2947.35,2968.27,2684318
27-10-2025,2972.99,2981.95,2949.18,2955.26,1946312
28-10-2025,2946.97,2978.10,2929.91,2964.41,3470737
29-10-2025,2946.68,2964.41,2935.60,2946.97,2895420
30-10-2025,2925.19,2952.65,2922.78,2938.49,2241536
31-10-2025,2947.06,2956.12,2915.36,2924.90,1868085
03-11-2025,2907.36,2947.06,2900.81,2936.37,2194877
04-11-2025,2881.72,2919.41,2868.04,2910.06,2670720
06-11-2025,2901.67,2914.30,2881.53,2881.63,2542721
07-11-2025,2883.27,2895.02,2853.10,2892.13,1830520
10-11-2025,2915.45,2937.33,2883.46,2884.42,1556656
11-11-2025,2936.46,2944.85,2908.52,2934.54,2806868
12-11-2025,3018.19,3022.62,2946.20,2948.99,4460315
13-11-2025,2993.03,3018.28,2989.47,3018.19,1740435
14-11-2025,2993.32,3000.17,2965.66,2977.90,2210794
17-11-2025,2989.66,3010.19,2974.63,2993.32,2232853
18-11-2025,2975.11,2992.36,2966.34,2989.47,2548350
19-11-2025,3033.51,3040.55,2971.64,2984.65,3151053
20-11-2025,3030.72,3049.70,3024.26,3033.80,2700767
21-11-2025,3036.31,3055.00,3021.46,3030.72,4177037
24-11-2025,3027.25,3063.58,3017.42,3043.44,6703764
25-11-2025,3006.04,3035.53,3002.00,3031.20,2737920
26-11-2025,3048.16,3062.71,3003.92,3005.66,2508527
27-11-2025,3022.81,3064.64,3011.63,3064.64,2836233
28-11-2025,3023.68,3033.12,3011.63,3026.09,1616690
01-12-2025,3019.73,3039.58,3008.94,3024.07,1747647
02-12-2025,3021.95,3029.94,3007.20,3017.42,2512003
03-12-2025,3064.64,3095.38,3025.13,3026.09,3952112
04-12-2025,3112.05,3132.10,3071.77,3078.13,5025905
05-12-2025,3120.73,3152.92,3105.50,3112.82,5244013
08-12-2025,3119.09,3141.64,3092.20,3125.35,2544725
09-12-2025,3091.91,3116.39,3065.79,3112.82,2734893
10-12-2025,3073.50,3108.01,3062.81,3108.01,1386849
11-12-2025,3076.11,3092.01,3038.71,3088.73,1914362
12-12-2025,3103.67,3106.08,3070.13,3081.70,1146554
15-12-2025,3113.02,3120.73,3081.31,3094.61,1562190
16-12-2025,3088.83,3103.19,3075.34,3103.19,1734623
17-12-2025,3101.07,3119.47,3084.39,3084.39,1376350
18-12-2025,3161.78,3168.53,3104.15,3110.90,2307422
19-12-2025,3162.94,3197.54,3159.85,3179.32,3902511
22-12-2025,3204.28,3207.85,3171.61,3189.92,2632816
23-12-2025,3189.92,3199.46,3174.02,3199.46,2365420
24-12-2025,3198.60,3206.40,3176.53,3184.24,1367708
26-12-2025,3161.01,3199.56,3153.11,3192.91,1176664
29-12-2025,3133.54,3168.72,3125.26,3161.01,2079473
30-12-2025,3129.02,3148.96,3121.98,3132.10,2807593
31-12-2025,3089.89,3128.24,3082.47,3122.46,3362634
01-01-2026,3110.32,3116.78,3082.18,3098.37,1255735
02-01-2026,3132.77,3136.24,3102.71,3116.68,1184324
05-01-2026,3099.43,3129.21,3075.24,3122.94,2341703
06-01-2026,3137.69,3144.82,3088.73,3093.55,2912325
07-01-2026,3176.04,3180.86,3106.27,3125.26,1989442
08-01-2026,3087.67,3167.66,3066.57,3167.66,4159336
09-01-2026,3091.43,3112.54,3075.24,3075.24,1938673
12-01-2026,3122.08,3134.03,3059.15,3086.80,2228342
13-01-2026,3149.45,3161.01,3094.03,3127.28,5645341
14-01-2026,3076.68,3141.74,3067.53,3141.74,3539511
15-01-2026,3076.68,3076.68,3076.68,3076.68,0
16-01-2026,3146.55,3161.46,3111.52,3159.01,4293470
19-01-2026,3104.26,3159.60,3092.97,3128.20,3387562
20-01-2026,3044.11,3100.73,3033.12,3092.48,4499273
21-01-2026,3064.03,3079.63,3024.19,3041.85,2015150
22-01-2026,3091.31,3100.73,3063.73,3090.91,2269827
23-01-2026,3103.18,3134.58,3092.88,3130.46,2068857
27-01-2026,3098.76,3115.44,3071.29,3115.44,4279874
28-01-2026,3140.07,3145.08,3111.13,3116.43,2751234
29-01-2026,3085.42,3140.07,3066.97,3140.07,2457641
30-01-2026,3065.30,3082.08,3034.00,3082.08,3022068
02-02-2026,3110.15,3138.01,3075.21,3138.01,2636272
03-02-2026,3164.80,3287.16,3126.53,3287.16,4366060
04-02-2026,2942.84,3061.48,2929.99,3061.48,10852595
05-02-2026,2935.39,2972.87,2916.55,2933.91,3521545
06-02-2026,2886.42,2929.01,2861.30,2920.77,4687389
09-02-2026,2892.90,2921.16,2882.40,2903.59,2380318
10-02-2026,2928.62,2955.11,2888.29,2894.47,3547763
11-02-2026,2855.22,2941.76,2849.72,2924.10,3363513
12-02-2026,2698.51,2825.98,2688.60,2815.97,10612156
13-02-2026,2641.70,2662.11,2536.51,2536.51,11168735
16-02-2026,2655.83,2668.78,2620.90,2649.35,2918730
17-02-2026,2666.43,2708.23,2644.64,2665.05,4209118
18-02-2026,2644.35,2678.79,2607.46,2678.79,2950820
19-02-2026,2627.67,2697.14,2616.58,2657.20,3238849
20-02-2026,2635.81,2651.91,2597.84,2616.97,2293482
23-02-2026,2626.10,2653.28,2610.30,2635.62,4699596
24-02-2026,2525.42,2597.84,2513.26,2591.46,7798833
25-02-2026,2579.98,2604.41,2546.32,2547.30,3621285
26-02-2026,2598.04,2620.90,2585.57,2600.29,3464267
27-02-2026,2587.93,2638.17,2576.84,2631.30,5083717
02-03-2026,2564.48,2574.58,2531.90,2543.38,3374385
04-03-2026,2539.26,2585.57,2532.00,2575.76,3446434
05-03-2026,2530.43,2560.55,2498.64,2551.23,2960636
06-03-2026,2509.63,2570.07,2505.70,2523.76,3998643
09-03-2026,2479.99,2511.98,2458.01,2482.54,3653428
10-03-2026,2465.96,2497.46,2443.39,2493.34,4323710
11-03-2026,2418.66,2473.71,2413.95,2461.05,2720664
12-03-2026,2396.59,2426.51,2390.31,2413.66,2752075
13-03-2026,2365.28,2400.02,2352.04,2391.29,2466488
16-03-2026,2364.01,2379.51,2321.72,2364.79,3807907
17-03-2026,2346.84,2374.61,2315.73,2374.61,2993367
18-03-2026,2395.02,2436.33,2364.79,2364.79,3082388
19-03-2026,2311.81,2378.53,2306.12,2371.66,2757060
20-03-2026,2345.76,2362.64,2319.85,2341.24,4206320
23-03-2026,2339.09,2361.65,2303.96,2320.64,3860515
24-03-2026,2353.80,2389.72,2334.47,2359.00,3420182
25-03-2026,2332.81,2376.18,2325.35,2355.86,5843778
27-03-2026,2344.97,2376.67,2340.26,2358.81,4979411
30-03-2026,2314.65,2353.02,2302.19,2330.55,6804756
01-04-2026,2363.03,2425.63,2352.92,2383.44,4132661
02-04-2026,2404.73,2423.57,2331.14,2341.24,5378361
06-04-2026,2427.50,2435.44,2402.28,2427.59,2572417
07-04-2026,2492.16,2496.18,2402.08,2414.84,4516550
08-04-2026,2511.20,2531.90,2492.45,2523.76,4769337
09-04-2026,2540.44,2556.14,2483.62,2506.09,5628261
10-04-2026,2476.95,2517.67,2454.18,2517.67,10480239
13-04-2026,2426.22,2457.91,2423.67,2443.20,3739587
15-04-2026,2506.98,2511.00,2446.63,2454.97,5261384
16-04-2026,2528.56,2545.34,2510.02,2523.75,3905403
17-04-2026,2533.08,2540.44,2507.96,2521.79,2718206
20-04-2026,2531.21,2545.34,2513.16,2538.57,2288558
21-04-2026,2561.53,2564.97,2511.98,2511.98,2719959
22-04-2026,2490.88,2531.61,2456.64,2531.61,5232045
23-04-2026,2474.50,2511.49,2469.10,2481.56,2509050
24-04-2026,2351.94,2458.01,2343.99,2441.33,5107719
27-04-2026,2401.69,2412.87,2351.94,2351.94,5853425
28-04-2026,2398.84,2440.35,2381.87,2398.16,4508363
29-04-2026,2428.28,2441.23,2401.69,2405.02,2835961
30-04-2026,2427.50,2444.27,2392.27,2432.50,3970446
01-05-2026,2427.50,2427.50,2427.50,2427.50,0
04-05-2026,2385.69,2451.44,2379.51,2447.22,2632358
05-05-2026,2381.77,2414.25,2366.95,2384.42,3385720
06-05-2026,2389.72,2424.65,2361.36,2396.10,3147628
07-05-2026,2356.35,2393.94,2353.02,2392.46,5829594
08-05-2026,2349.49,2361.85,2330.55,2353.02,3792199
11-05-2026,2348.01,2369.70,2326.53,2326.53,1975188
12-05-2026,2257.15,2330.45,2240.18,2330.45,6347884
13-05-2026,2230.17,2265.88,2226.44,2262.74,3171843
14-05-2026,2203.87,2222.51,2165.01,2222.51,5633313
15-05-2026,2221.53,2261.67,2209.76,2209.76,3410637
18-05-2026,2240.37,2249.89,2209.95,2221.53,3773336
19-05-2026,2283.45,2333.00,2254.01,2256.86,10394707
20-05-2026,2283.74,2298.07,2274.32,2280.31,2537422
21-05-2026,2283.55,2292.08,2270.59,2287.28,3299087
22-05-2026,2273.83,2296.11,2264.81,2287.37,2617262
25-05-2026,2295.61,2313.42,2280.50,2312.32,3298364
26-05-2026,2263.79,2315.21,2260.01,2295.61,3587597
27-05-2026,2271.74,2283.08,2248.57,2262.59,2653950
28-05-2026,2271.74,2271.74,2271.74,2271.74,0
29-05-2026,2246.58,2321.27,2222.81,2278.51,16331582
01-06-2026,2284.87,2322.27,2267.57,2271.55,7505095
02-06-2026,2433.56,2444.00,2303.57,2307.35,11306127
03-06-2026,2229.48,2379.95,2212.67,2379.95,15660062
04-06-2026,2228.78,2240.81,2204.51,2229.48,4867263
05-06-2026,2186.91,2259.41,2180.05,2250.56,5019717
08-06-2026,2139.67,2165.13,2131.61,2158.17,6536734
09-06-2026,2139.27,2162.15,2121.17,2162.15,4148655
10-06-2026,2142.15,2168.91,2133.10,2139.57,2848650
11-06-2026,2123.95,2142.85,2098.49,2115.40,3079815
12-06-2026,2149.61,2156.18,2126.34,2138.28,2124656
15-06-2026,2150.21,2180.05,2147.53,2180.05,3337083
16-06-2026,2187.01,2196.95,2148.82,2155.18,3079898
17-06-2026,2210.88,2218.83,2188.70,2196.95,2865010
18-06-2026,2191.29,2201.93,2170.10,2196.95,3735188
19-06-2026,2113.41,2126.34,2048.67,2093.52,13286502
22-06-2026,2116.20,2145.24,2109.43,2120.57,4566101
23-06-2026,2048.37,2102.47,2043.79,2099.49,6392736
24-06-2026,2097.50,2109.14,2049.76,2049.76,4747277
25-06-2026,2083.28,2136.78,2076.61,2121.97,4738903
26-06-2026,2083.28,2083.28,2083.28,2083.28,0
29-06-2026,2086.46,2093.52,2059.71,2078.60,3412470
30-06-2026,2020.42,2092.83,2007.79,2078.60,6848411
01-07-2026,1971.79,2040.81,1966.02,2028.78,4658295
02-07-2026,2056.82,2065.57,1991.58,1997.05,6040621
03-07-2026,2082.08,2105.06,2073.63,2088.55,4028819
06-07-2026,2046.38,2081.59,2039.42,2078.60,2567386
07-07-2026,2084.67,2111.12,2037.83,2038.82,4769048
08-07-2026,2046.28,2098.20,2037.63,2082.58,3666985
09-07-2026,2038.32,2053.74,2005.01,2046.28,3791498
10-07-2026,2057.72,2121.67,2053.34,2093.72,6714551
13-07-2026,2169.60,2192.88,2053.84,2063.68,12382622
14-07-2026,2188.60,2215.85,2167.12,2171.00,9546290
15-07-2026,2189.20,2202.90,2145.40,2174.10,5426489
16-07-2026,2201.00,2231.40,2187.80,2206.00,5197595
17-07-2026,2269.00,2275.00,2215.10,2224.80,5615138
20-07-2026,2251.10,2283.40,2245.10,2280.10,2202693
21-07-2026,2221.10,2259.90,2218.50,2245.10,2382160
22-07-2026,2208.30,2226.80,2201.00,2216.00,1599665
23-07-2026,2242.90,2250.00,2193.60,2204.00,2503539
24-07-2026,2254.30,2264.30,2205.10,2205.10,3211699
27-07-2026,2295.60,2315.00,2272.40,2286.00,4007292
28-07-2026,2398.00,2417.40,2323.00,2325.00,8248513
29-07-2026,2446.60,2475.50,2415.10,2440.00,7169419
30-07-2026,2431.80,2495.00,2423.00,2440.00,4901582
